r0,entropy
0.001,0
0.001001,0
0.001002,0
0.001003,0
0.00100401,0
0.00100501,0
0.00100602,0
0.00100702,0
0.00100803,0
0.00100904,0
0.00101005,0
0.00101106,0
0.00101207,0
0.00101308,0
0.00101409,0
0.00101511,0
0.00101612,0
0.00101714,0
0.00101815,0
0.00101917,0
0.00102019,0
0.00102121,0
0.00102223,0
0.00102325,0
0.00102428,0
0.0010253,0
0.00102633,0
0.00102735,0
0.00102838,0
0.00102941,0
0.00103044,0
0.00103147,0
0.0010325,0
0.00103353,0
0.00103457,0
0.0010356,0
0.00103664,0
0.00103767,0
0.00103871,0
0.00103975,0
0.00104079,0
0.00104183,0
0.00104287,0
0.00104392,0
0.00104496,0
0.001046,0
0.00104705,0
0.0010481,0
0.00104915,0
0.00105019,0
0.00105124,0
0.0010523,0
0.00105335,0
0.0010544,0
0.00105546,0
0.00105651,0
0.00105757,0
0.00105863,0
0.00105968,0
0.00106074,0
0.0010618,0
0.00106287,0
0.00106393,0
0.00106499,0
0.00106606,0
0.00106712,0
0.00106819,0
0.00106926,0
0.00107033,0
0.0010714,0
0.00107247,0
0.00107354,0
0.00107462,0
0.00107569,0
0.00107677,0
0.00107784,0
0.00107892,0
0.00108,0
0.00108108,0
0.00108216,0
0.00108324,0
0.00108433,0
0.00108541,0
0.0010865,0
0.00108758,0
0.00108867,0
0.00108976,0
0.00109085,0
0.00109194,0
0.00109303,0
0.00109413,0
0.00109522,0
0.00109631,0
0.00109741,0
0.00109851,0
0.00109961,0
0.00110071,0
0.00110181,0
0.00110291,0
0.00110401,0
0.00110512,0
0.00110622,0
0.00110733,0
0.00110843,0
0.00110954,0
0.00111065,0
0.00111176,0
0.00111287,0
0.00111399,0
0.0011151,0
0.00111622,0
0.00111733,0
0.00111845,0
0.00111957,0
0.00112069,0
0.00112181,0
0.00112293,0
0.00112405,0
0.00112518,0
0.0011263,0
0.00112743,0
0.00112856,0
0.00112969,0
0.00113081,0
0.00113195,0
0.00113308,0
0.00113421,0
0.00113534,0
0.00113648,0
0.00113762,0
0.00113875,0
0.00113989,0
0.00114103,0
0.00114217,0
0.00114332,0
0.00114446,0
0.0011456,0
0.00114675,0
0.0011479,0
0.00114904,0
0.00115019,0
0.00115134,0
0.00115249,0
0.00115365,0
0.0011548,0
0.00115596,0
0.00115711,0
0.00115827,0
0.00115943,0
0.00116059,0
0.00116175,0
0.00116291,0
0.00116407,0
0.00116524,0
0.0011664,0
0.00116757,0
0.00116874,0
0.0011699,0
0.00117107,0
0.00117224,0
0.00117342,0
0.00117459,0
0.00117577,0
0.00117694,0
0.00117812,0
0.0011793,0
0.00118048,0
0.00118166,0
0.00118284,0
0.00118402,0
0.0011852,0
0.00118639,0
0.00118758,0
0.00118876,0
0.00118995,0
0.00119114,0
0.00119233,0
0.00119353,0
0.00119472,0
0.00119591,0
0.00119711,0
0.00119831,0
0.00119951,0
0.0012007,0
0.00120191,0
0.00120311,0
0.00120431,0
0.00120551,0
0.00120672,0
0.00120793,0
0.00120913,0
0.00121034,0
0.00121155,0
0.00121277,0
0.00121398,0
0.00121519,0
0.00121641,0
0.00121762,0
0.00121884,0
0.00122006,0
0.00122128,0
0.0012225,0
0.00122372,0
0.00122495,0
0.00122617,0
0.0012274,0
0.00122863,0
0.00122986,0
0.00123109,0
0.00123232,0
0.00123355,0
0.00123478,0
0.00123602,0
0.00123725,0
0.00123849,0
0.00123973,0
0.00124097,0
0.00124221,0
0.00124345,0
0.0012447,0
0.00124594,0
0.00124719,0
0.00124843,0
0.00124968,0
0.00125093,0
0.00125218,0
0.00125343,0
0.00125469,0
0.00125594,0
0.0012572,0
0.00125846,0
0.00125971,0
0.00126097,0
0.00126223,0
0.0012635,0
0.00126476,0
0.00126603,0
0.00126729,0
0.00126856,0
0.00126983,0
0.0012711,0
0.00127237,0
0.00127364,0
0.00127491,0
0.00127619,0
0.00127746,0
0.00127874,0
0.00128002,0
0.0012813,0
0.00128258,0
0.00128387,0
0.00128515,0
0.00128643,0
0.00128772,0
0.00128901,0
0.0012903,0
0.00129159,0
0.00129288,0
0.00129417,0
0.00129547,0
0.00129676,0
0.00129806,0
0.00129936,0
0.00130066,0
0.00130196,0
0.00130326,0
0.00130456,0
0.00130587,0
0.00130717,0
0.00130848,0
0.00130979,0
0.0013111,0
0.00131241,0
0.00131372,0
0.00131503,0
0.00131635,0
0.00131767,0
0.00131898,0
0.0013203,0
0.00132162,0
0.00132294,0
0.00132427,0
0.00132559,0
0.00132692,0
0.00132824,0
0.00132957,0
0.0013309,0
0.00133223,0
0.00133357,0
0.0013349,0
0.00133623,0
0.00133757,0
0.00133891,0
0.00134025,0
0.00134159,0
0.00134293,0
0.00134427,0
0.00134562,0
0.00134696,0
0.00134831,0
0.00134966,0
0.00135101,0
0.00135236,0
0.00135371,0
0.00135506,0
0.00135642,0
0.00135777,0
0.00135913,0
0.00136049,0
0.00136185,0
0.00136321,0
0.00136458,0
0.00136594,0
0.00136731,0
0.00136867,0
0.00137004,0
0.00137141,0
0.00137279,0
0.00137416,0
0.00137553,0
0.00137691,0
0.00137828,0
0.00137966,0
0.00138104,0
0.00138242,0
0.00138381,0
0.00138519,0
0.00138657,0
0.00138796,0
0.00138935,0
0.00139074,0
0.00139213,0
0.00139352,0
0.00139492,0
0.00139631,0
0.00139771,0
0.0013991,0
0.0014005,0
0.0014019,0
0.00140331,0
0.00140471,0
0.00140611,0
0.00140752,0
0.00140893,0
0.00141034,0
0.00141175,0
0.00141316,0
0.00141457,0
0.00141599,0
0.0014174,0
0.00141882,0
0.00142024,0
0.00142166,0
0.00142308,0
0.0014245,0
0.00142593,0
0.00142735,0
0.00142878,0
0.00143021,0
0.00143164,0
0.00143307,0
0.0014345,0
0.00143594,0
0.00143738,0
0.00143881,0
0.00144025,0
0.00144169,0
0.00144313,0
0.00144458,0
0.00144602,0
0.00144747,0
0.00144891,0
0.00145036,0
0.00145181,0
0.00145327,0
0.00145472,0
0.00145617,0
0.00145763,0
0.00145909,0
0.00146055,0
0.00146201,0
0.00146347,0
0.00146493,0
0.0014664,0
0.00146786,0
0.00146933,0
0.0014708,0
0.00147227,0
0.00147374,0
0.00147522,0
0.00147669,0
0.00147817,0
0.00147965,0
0.00148113,0
0.00148261,0
0.00148409,0
0.00148558,0
0.00148706,0
0.00148855,0
0.00149004,0
0.00149153,0
0.00149302,0
0.00149451,0
0.00149601,0
0.0014975,0
0.001499,0
0.0015005,0
0.001502,0
0.0015035,0
0.001505,0
0.00150651,0
0.00150802,0
0.00150952,0
0.00151103,0
0.00151254,0
0.00151406,0
0.00151557,0
0.00151709,0
0.0015186,0
0.00152012,0
0.00152164,0
0.00152316,0
0.00152469,0
0.00152621,0
0.00152774,0
0.00152927,0
0.00153079,0
0.00153233,0
0.00153386,0
0.00153539,0
0.00153693,0
0.00153846,0
0.00154,0
0.00154154,0
0.00154308,0
0.00154463,0
0.00154617,0
0.00154772,0
0.00154927,0
0.00155082,0
0.00155237,0
0.00155392,0
0.00155547,0
0.00155703,0
0.00155858,0
0.00156014,0
0.0015617,0.00222222
0.00156327,0
0.00156483,0
0.00156639,0
0.00156796,0
0.00156953,0
0.0015711,0
0.00157267,0
0.00157424,0
0.00157582,0
0.00157739,0
0.00157897,0
0.00158055,0
0.00158213,0
0.00158371,0
0.00158529,0
0.00158688,0
0.00158847,0
0.00159005,0
0.00159164,0
0.00159324,0
0.00159483,0
0.00159642,0
0.00159802,0
0.00159962,0
0.00160122,0
0.00160282,0
0.00160442,0
0.00160603,0
0.00160763,0
0.00160924,0
0.00161085,0
0.00161246,0
0.00161407,0
0.00161569,0
0.0016173,0
0.00161892,0
0.00162054,0
0.00162216,0
0.00162378,0.00222222
0.00162541,0
0.00162703,0
0.00162866,0
0.00163029,0
0.00163192,0
0.00163355,0
0.00163518,0
0.00163682,0
0.00163845,0
0.00164009,0
0.00164173,0
0.00164337,0
0.00164502,0
0.00164666,0
0.00164831,0
0.00164996,0
0.00165161,0
0.00165326,0
0.00165491,0
0.00165657,0
0.00165822,0
0.00165988,0
0.00166154,0
0.0016632,0
0.00166487,0
0.00166653,0.00222222
0.0016682,0
0.00166987,0
0.00167154,0
0.00167321,0
0.00167488,0
0.00167656,0
0.00167823,0
0.00167991,0
0.00168159,0
0.00168327,0
0.00168496,0
0.00168664,0.00222222
0.00168833,0
0.00169002,0.00222222
0.00169171,0
0.0016934,0
0.00169509,0
0.00169679,0
0.00169848,0
0.00170018,0
0.00170188,0.00222222
0.00170358,0
0.00170529,0
0.00170699,0
0.0017087,0
0.00171041,0.00222222
0.00171212,0
0.00171383,0
0.00171554,0
0.00171726,0
0.00171898,0
0.0017207,0.00222222
0.00172242,0
0.00172414,0
0.00172586,0
0.00172759,0
0.00172932,0
0.00173105,0
0.00173278,0
0.00173451,0
0.00173624,0
0.00173798,0
0.00173972,0
0.00174146,0
0.0017432,0
0.00174494,0
0.00174669,0
0.00174843,0
0.00175018,0
0.00175193,0
0.00175368,0
0.00175544,0.00222222
0.00175719,0
0.00175895,0
0.00176071,0
0.00176247,0
0.00176423,0
0.001766,0.00222222
0.00176776,0
0.00176953,0.00222222
0.0017713,0
0.00177307,0
0.00177485,0
0.00177662,0
0.0017784,0
0.00178018,0.00222222
0.00178196,0
0.00178374,0
0.00178552,0.00222222
0.00178731,0.00222222
0.00178909,0
0.00179088,0
0.00179267,0
0.00179447,0
0.00179626,0
0.00179806,0
0.00179986,0
0.00180166,0
0.00180346,0
0.00180526,0
0.00180707,0
0.00180887,0
0.00181068,0
0.00181249,0
0.0018143,0
0.00181612,0
0.00181793,0
0.00181975,0.00222222
0.00182157,0
0.00182339,0
0.00182522,0
0.00182704,0
0.00182887,0
0.0018307,0
0.00183253,0
0.00183436,0
0.0018362,0.00222222
0.00183803,0
0.00183987,0.00222222
0.00184171,0
0.00184355,0
0.0018454,0.00444444
0.00184724,0
0.00184909,0
0.00185094,0
0.00185279,0
0.00185464,0
0.0018565,0
0.00185835,0
0.00186021,0
0.00186207,0
0.00186393,0
0.0018658,0
0.00186766,0
0.00186953,0
0.0018714,0.00222222
0.00187327,0.00444444
0.00187514,0
0.00187702,0
0.0018789,0
0.00188078,0.00222222
0.00188266,0
0.00188454,0
0.00188642,0
0.00188831,0.00222222
0.0018902,0
0.00189209,0
0.00189398,0
0.00189587,0
0.00189777,0
0.00189967,0.00222222
0.00190157,0
0.00190347,0.00222222
0.00190537,0
0.00190728,0
0.00190919,0
0.00191109,0.00222222
0.00191301,0
0.00191492,0
0.00191683,0
0.00191875,0.00222222
0.00192067,0
0.00192259,0
0.00192451,0.00222222
0.00192644,0.00444444
0.00192836,0
0.00193029,0.00444444
0.00193222,0
0.00193415,0.00222222
0.00193609,0
0.00193802,0
0.00193996,0.00444444
0.0019419,0
0.00194384,0
0.00194579,0
0.00194773,0
0.00194968,0.00444444
0.00195163,0.00222222
0.00195358,0
0.00195554,0
0.00195749,0.00222222
0.00195945,0.00222222
0.00196141,0.00666667
0.00196337,0.00444444
0.00196533,0
0.0019673,0
0.00196927,0
0.00197124,0.00222222
0.00197321,0.00444444
0.00197518,0.00222222
0.00197716,0
0.00197913,0
0.00198111,0
0.00198309,0.00222222
0.00198508,0
0.00198706,0
0.00198905,0.00666667
0.00199104,0.00222222
0.00199303,0
0.00199502,0
0.00199702,0.00222222
0.00199901,0.00222222
0.00200101,0.00222222
0.00200301,0
0.00200502,0
0.00200702,0
0.00200903,0
0.00201104,0
0.00201305,0
0.00201506,0
0.00201708,0
0.00201909,0.00222222
0.00202111,0
0.00202313,0.00444444
0.00202516,0.00666667
0.00202718,0.00444444
0.00202921,0.00222222
0.00203124,0
0.00203327,0
0.0020353,0
0.00203734,0
0.00203938,0.00222222
0.00204142,0.00444444
0.00204346,0.00222222
0.0020455,0
0.00204755,0.00666667
0.00204959,0
0.00205164,0
0.00205369,0.00222222
0.00205575,0
0.0020578,0.00444444
0.00205986,0.00444444
0.00206192,0
0.00206398,0.00444444
0.00206605,0.00222222
0.00206811,0.0111111
0.00207018,0.00222222
0.00207225,0.00888889
0.00207432,0.0111111
0.0020764,0.00222222
0.00207847,0.00444444
0.00208055,0.00444444
0.00208263,0.00222222
0.00208472,0.00888889
0.0020868,0
0.00208889,0.00444444
0.00209098,0.00444444
0.00209307,0.00222222
0.00209516,0.00888889
0.00209726,0.00444444
0.00209935,0.00444444
0.00210145,0.00444444
0.00210355,0.00222222
0.00210566,0.00222222
0.00210776,0.00222222
0.00210987,0.00444444
0.00211198,0.00222222
0.00211409,0.00444444
0.00211621,0
0.00211832,0
0.00212044,0.00222222
0.00212256,0.00444444
0.00212468,0.00888889
0.00212681,0
0.00212894,0.00444444
0.00213106,0.00222222
0.0021332,0.00222222
0.00213533,0
0.00213746,0.00222222
0.0021396,0
0.00214174,0.00444444
0.00214388,0.00222222
0.00214603,0.00222222
0.00214817,0.00666667
0.00215032,0.00444444
0.00215247,0.00666667
0.00215462,0.00444444
0.00215678,0.00444444
0.00215894,0.00666667
0.00216109,0
0.00216326,0.00444444
0.00216542,0.00444444
0.00216758,0.00888889
0.00216975,0
0.00217192,0.00222222
0.00217409,0.00222222
0.00217627,0.00222222
0.00217844,0.00222222
0.00218062,0.00444444
0.0021828,0.00888889
0.00218499,0
0.00218717,0.00444444
0.00218936,0
0.00219155,0.00666667
0.00219374,0.00222222
0.00219593,0.00444444
0.00219813,0.00222222
0.00220033,0.00444444
0.00220253,0.00444444
0.00220473,0.00888889
0.00220693,0.00222222
0.00220914,0.00444444
0.00221135,0.00444444
0.00221356,0.0133333
0.00221578,0.00444444
0.00221799,0.00666667
0.00222021,0.00222222
0.00222243,0.00666667
0.00222465,0.0133333
0.00222688,0.0133333
0.0022291,0.0133333
0.00223133,0.00444444
0.00223356,0.00222222
0.0022358,0.00222222
0.00223803,0
0.00224027,0.00444444
0.00224251,0.00888889
0.00224475,0.00444444
0.002247,0.00444444
0.00224925,0.00222222
0.00225149,0.00444444
0.00225375,0.00222222
0.002256,0.00444444
0.00225826,0.0133333
0.00226051,0
0.00226277,0.00666667
0.00226504,0.00222222
0.0022673,0.00444444
0.00226957,0.00222222
0.00227184,0.00222222
0.00227411,0.0133333
0.00227639,0.00666667
0.00227866,0.00888889
0.00228094,0.00888889
0.00228322,0.00222222
0.0022855,0.00444444
0.00228779,0
0.00229008,0.00222222
0.00229237,0.00222222
0.00229466,0.00222222
0.00229695,0.00444444
0.00229925,0.00444444
0.00230155,0.00666667
0.00230385,0.0133333
0.00230616,0.0177778
0.00230846,0.00666667
0.00231077,0.00888889
0.00231308,0.00666667
0.00231539,0.0177778
0.00231771,0.0155556
0.00232003,0.00222222
0.00232235,0.00222222
0.00232467,0.00222222
0.002327,0.0111111
0.00232932,0.00444444
0.00233165,0.00444444
0.00233398,0.00222222
0.00233632,0.00666667
0.00233865,0.00444444
0.00234099,0.00222222
0.00234333,0.00444444
0.00234568,0.00888889
0.00234802,0.00222222
0.00235037,0.00222222
0.00235272,0.0111111
0.00235507,0.00666667
0.00235743,0.0111111
0.00235979,0.00888889
0.00236215,0.0111111
0.00236451,0.0111111
0.00236687,0.00222222
0.00236924,0.00444444
0.00237161,0.00666667
0.00237398,0.00444444
0.00237635,0.00666667
0.00237873,0.00666667
0.00238111,0.00666667
0.00238349,0.0111111
0.00238587,0.00222222
0.00238826,0.00888889
0.00239065,0.0111111
0.00239304,0.00222222
0.00239543,0.0177778
0.00239783,0.00666667
0.00240022,0.00666667
0.00240262,0.00888889
0.00240503,0.00666667
0.00240743,0.00666667
0.00240984,0.00222222
0.00241225,0.00888889
0.00241466,0.00444444
0.00241708,0.00888889
0.00241949,0.00222222
0.00242191,0.00666667
0.00242434,0.00444444
0.00242676,0.00666667
0.00242919,0.00888889
0.00243162,0.00222222
0.00243405,0.0111111
0.00243648,0.0111111
0.00243892,0.00666667
0.00244136,0.00888889
0.0024438,0.00666667
0.00244624,0.00888889
0.00244869,0.0111111
0.00245114,0.00888889
0.00245359,0.0155556
0.00245604,0.00888889
0.0024585,0.00666667
0.00246096,0.00444444
0.00246342,0.00888889
0.00246588,0.00222222
0.00246835,0.0133333
0.00247081,0.00888889
0.00247329,0.00444444
0.00247576,0.00444444
0.00247823,0.00444444
0.00248071,0.00666667
0.00248319,0.0111111
0.00248568,0
0.00248816,0.00222222
0.00249065,0.0133333
0.00249314,0.00888889
0.00249563,0.00666667
0.00249813,0.0111111
0.00250063,0
0.00250313,0.00888889
0.00250563,0.00666667
0.00250814,0.00222222
0.00251065,0.00444444
0.00251316,0.0177778
0.00251567,0.00444444
0.00251818,0.00444444
0.0025207,0.00666667
0.00252322,0.00888889
0.00252575,0.00444444
0.00252827,0.00666667
0.0025308,0.0111111
0.00253333,0.00888889
0.00253587,0.00666667
0.0025384,0.00666667
0.00254094,0.0133333
0.00254348,0.00888889
0.00254602,0.0111111
0.00254857,0.00888889
0.00255112,0.00666667
0.00255367,0.0133333
0.00255622,0.00666667
0.00255878,0.00888889
0.00256134,0.0133333
0.0025639,0.02
0.00256646,0.00222222
0.00256903,0.00888889
0.0025716,0.0111111
0.00257417,0.0133333
0.00257674,0.0111111
0.00257932,0.00444444
0.0025819,0.0177778
0.00258448,0.00666667
0.00258707,0.00888889
0.00258965,0.00666667
0.00259224,0.00888889
0.00259484,0.00666667
0.00259743,0.00222222
0.00260003,0.0111111
0.00260263,0.00222222
0.00260523,0.0111111
0.00260784,0.00888889
0.00261044,0.0155556
0.00261305,0.0111111
0.00261567,0.0111111
0.00261828,0.0111111
0.0026209,0.0111111
0.00262352,0.00666667
0.00262615,0.00222222
0.00262877,0.00444444
0.0026314,0.0111111
0.00263403,0.0111111
0.00263667,0.00666667
0.0026393,0.0111111
0.00264194,0.00666667
0.00264458,0.00888889
0.00264723,0.00666667
0.00264988,0.00222222
0.00265253,0.00444444
0.00265518,0.0177778
0.00265783,0.00666667
0.00266049,0.0111111
0.00266315,0.0177778
0.00266581,0.00666667
0.00266848,0.00222222
0.00267115,0.00888889
0.00267382,0.0155556
0.00267649,0.00444444
0.00267917,0.00888889
0.00268185,0.0111111
0.00268453,0.00444444
0.00268722,0.00888889
0.0026899,0.00888889
0.00269259,0.0177778
0.00269529,0.00888889
0.00269798,0.00888889
0.00270068,0.0111111
0.00270338,0.00888889
0.00270608,0.00666667
0.00270879,0.0155556
0.0027115,0.0111111
0.00271421,0.00666667
0.00271692,0.0111111
0.00271964,0.0111111
0.00272236,0.00444444
0.00272508,0.0133333
0.00272781,0.0155556
0.00273054,0.0222222
0.00273327,0.00222222
0.002736,0.0111111
0.00273874,0.0133333
0.00274147,0
0.00274422,0.00444444
0.00274696,0.00666667
0.00274971,0.00666667
0.00275246,0.0111111
0.00275521,0.00222222
0.00275796,0.0155556
0.00276072,0.00444444
0.00276348,0.00666667
0.00276625,0.00888889
0.00276901,0.0155556
0.00277178,0.0111111
0.00277455,0.00888889
0.00277733,0.00888889
0.00278011,0.0133333
0.00278289,0.0111111
0.00278567,0.0155556
0.00278845,0
0.00279124,0.00888889
0.00279403,0.0111111
0.00279683,0.0155556
0.00279962,0.00666667
0.00280242,0.00888889
0.00280523,0.00666667
0.00280803,0.00444444
0.00281084,0.00444444
0.00281365,0.00222222
0.00281646,0.00666667
0.00281928,0.00666667
0.0028221,0.00888889
0.00282492,0.0133333
0.00282775,0.0111111
0.00283057,0.00666667
0.00283341,0.00888889
0.00283624,0.0111111
0.00283908,0.0155556
0.00284191,0.02
0.00284476,0.00444444
0.0028476,0.00666667
0.00285045,0.00666667
0.0028533,0.00666667
0.00285615,0.00888889
0.00285901,0.02
0.00286187,0.0222222
0.00286473,0.00444444
0.00286759,0.00888889
0.00287046,0.0111111
0.00287333,0.0111111
0.00287621,0.00666667
0.00287908,0.00888889
0.00288196,0.00666667
0.00288484,0.00666667
0.00288773,0.0155556
0.00289062,0.00444444
0.00289351,0.0111111
0.0028964,0.0111111
0.0028993,0.0111111
0.0029022,0.0133333
0.0029051,0.0177778
0.002908,0.00888889
0.00291091,0.0133333
0.00291382,0.0155556
0.00291674,0.0111111
0.00291965,0.00888889
0.00292257,0.00666667
0.00292549,0.00444444
0.00292842,0.0133333
0.00293135,0.00666667
0.00293428,0.0111111
0.00293721,0.0133333
0.00294015,0.00666667
0.00294309,0.0111111
0.00294603,0.00888889
0.00294898,0.00444444
0.00295193,0.00666667
0.00295488,0.0155556
0.00295784,0.0133333
0.00296079,0.00666667
0.00296375,0.00666667
0.00296672,0.00222222
0.00296968,0.00666667
0.00297265,0.00888889
0.00297563,0.0155556
0.0029786,0.0111111
0.00298158,0.0111111
0.00298456,0.00888889
0.00298755,0.0111111
0.00299054,0.0133333
0.00299353,0.00666667
0.00299652,0.00666667
0.00299952,0.0111111
0.00300252,0.00444444
0.00300552,0.0133333
0.00300852,0.00888889
0.00301153,0.0111111
0.00301454,0.0155556
0.00301756,0.0111111
0.00302058,0.00888889
0.0030236,0.00888889
0.00302662,0.0111111
0.00302965,0.00666667
0.00303268,0.0177778
0.00303571,0.0133333
0.00303874,0.0155556
0.00304178,0.0177778
0.00304482,0.00222222
0.00304787,0.00666667
0.00305092,0.0155556
0.00305397,0.0111111
0.00305702,0.00444444
0.00306008,0.00888889
0.00306314,0.00444444
0.0030662,0.00888889
0.00306927,0.0111111
0.00307234,0.0133333
0.00307541,0.0155556
0.00307849,0.00888889
0.00308156,0.00888889
0.00308465,0.02
0.00308773,0.00888889
0.00309082,0.00888889
0.00309391,0.00444444
0.003097,0.0111111
0.0031001,0.00888889
0.0031032,0.00888889
0.0031063,0.0111111
0.00310941,0.00888889
0.00311252,0.00666667
0.00311563,0.00666667
0.00311875,0.00444444
0.00312187,0.00888889
0.00312499,0.0133333
0.00312811,0.00666667
0.00313124,0.00444444
0.00313437,0.0111111
0.00313751,0.00888889
0.00314064,0.00888889
0.00314378,0.0155556
0.00314693,0.00666667
0.00315008,0.00444444
0.00315323,0.0155556
0.00315638,0.0133333
0.00315954,0.00444444
0.00316269,0.0133333
0.00316586,0.0222222
0.00316902,0.0266667
0.00317219,0.0177778
0.00317536,0.00888889
0.00317854,0.00888889
0.00318172,0.00888889
0.0031849,0.00888889
0.00318808,0.00444444
0.00319127,0.0177778
0.00319446,0.00666667
0.00319766,0.00888889
0.00320086,0.00666667
0.00320406,0.00666667
0.00320726,0.0155556
0.00321047,0.00222222
0.00321368,0.00444444
0.00321689,0.0222222
0.00322011,0.0111111
0.00322333,0.00666667
0.00322655,0.00666667
0.00322978,0.0155556
0.00323301,0.00444444
0.00323624,0.00888889
0.00323948,0.0111111
0.00324272,0.0111111
0.00324596,0.00888889
0.00324921,0.00888889
0.00325246,0.00444444
0.00325571,0.00444444
0.00325896,0.00666667
0.00326222,0.0155556
0.00326549,0.0111111
0.00326875,0.0111111
0.00327202,0.00444444
0.00327529,0.00666667
0.00327857,0.0155556
0.00328185,0.02
0.00328513,0.00666667
0.00328841,0.0155556
0.0032917,0.00444444
0.00329499,0.00444444
0.00329829,0.0133333
0.00330159,0.0133333
0.00330489,0.02
0.00330819,0.00888889
0.0033115,0.00666667
0.00331481,0.0111111
0.00331813,0.00888889
0.00332144,0.00444444
0.00332477,0.00444444
0.00332809,0.00888889
0.00333142,0.00444444
0.00333475,0.00888889
0.00333809,0.0111111
0.00334142,0.00222222
0.00334476,0.00888889
0.00334811,0.0111111
0.00335146,0.00666667
0.00335481,0.00888889
0.00335816,0.00222222
0.00336152,0.0155556
0.00336488,0.0133333
0.00336825,0.00444444
0.00337162,0.00222222
0.00337499,0.0155556
0.00337836,0.0133333
0.00338174,0.00888889
0.00338512,0.0111111
0.00338851,0.0111111
0.0033919,0.00666667
0.00339529,0.0111111
0.00339868,0.00444444
0.00340208,0.0111111
0.00340549,0.00444444
0.00340889,0.0111111
0.0034123,0.00888889
0.00341571,0.0111111
0.00341913,0.0133333
0.00342255,0.0133333
0.00342597,0.0155556
0.0034294,0.0133333
0.00343282,0.00666667
0.00343626,0.0111111
0.00343969,0.02
0.00344313,0.0177778
0.00344658,0.00888889
0.00345002,0.00444444
0.00345347,0.0111111
0.00345693,0.0155556
0.00346038,0.00666667
0.00346384,0.0222222
0.00346731,0.00666667
0.00347078,0.00666667
0.00347425,0.0133333
0.00347772,0.0133333
0.0034812,0.0155556
0.00348468,0.0111111
0.00348816,0.00888889
0.00349165,0.00444444
0.00349514,0.0111111
0.00349864,0.02
0.00350214,0.0177778
0.00350564,0.00444444
0.00350915,0.00666667
0.00351265,0.00666667
0.00351617,0.0111111
0.00351968,0.0111111
0.0035232,0.00666667
0.00352673,0.00888889
0.00353025,0.00666667
0.00353378,0.00444444
0.00353732,0.00888889
0.00354085,0.0133333
0.00354439,0.00666667
0.00354794,0.00666667
0.00355149,0.0111111
0.00355504,0.0111111
0.00355859,0.0111111
0.00356215,0.0133333
0.00356571,0.0155556
0.00356928,0.00888889
0.00357285,0.0155556
0.00357642,0.00666667
0.00358,0.0111111
0.00358358,0.0111111
0.00358716,0.00222222
0.00359075,0.0111111
0.00359434,0.0155556
0.00359793,0.00666667
0.00360153,0.0111111
0.00360513,0.0133333
0.00360874,0.0133333
0.00361235,0.0155556
0.00361596,0.00666667
0.00361958,0.00666667
0.0036232,0.0155556
0.00362682,0.00888889
0.00363045,0.0155556
0.00363408,0.00222222
0.00363771,0.00888889
0.00364135,0.02
0.00364499,0.0111111
0.00364863,0.0133333
0.00365228,0.02
0.00365594,0.00666667
0.00365959,0.0155556
0.00366325,0.00444444
0.00366691,0.00888889
0.00367058,0.0133333
0.00367425,0.0155556
0.00367793,0.00444444
0.0036816,0.0111111
0.00368529,0.0155556
0.00368897,0.00888889
0.00369266,0.0133333
0.00369635,0.00666667
0.00370005,0.00444444
0.00370375,0.00888889
0.00370745,0.00666667
0.00371116,0.00666667
0.00371487,0.00888889
0.00371859,0.00888889
0.0037223,0.0111111
0.00372603,0.0111111
0.00372975,0.00666667
0.00373348,0.0133333
0.00373722,0.00444444
0.00374095,0.00222222
0.00374469,0.00444444
0.00374844,0.00888889
0.00375219,0.0111111
0.00375594,0.00888889
0.0037597,0.00888889
0.00376346,0.0111111
0.00376722,0.00666667
0.00377099,0.00666667
0.00377476,0.00666667
0.00377853,0.00444444
0.00378231,0.00888889
0.00378609,0.00666667
0.00378988,0.0133333
0.00379367,0.0155556
0.00379746,0.0222222
0.00380126,0.00444444
0.00380506,0.0133333
0.00380887,0.00666667
0.00381267,0.00888889
0.00381649,0.0133333
0.0038203,0.00222222
0.00382412,0.00444444
0.00382795,0.0133333
0.00383178,0.00444444
0.00383561,0.00444444
0.00383944,0.00888889
0.00384328,0.0133333
0.00384713,0.0155556
0.00385097,0.00666667
0.00385482,0.0111111
0.00385868,0.00666667
0.00386254,0.0133333
0.0038664,0.00666667
0.00387027,0.00666667
0.00387414,0.00222222
0.00387801,0.00888889
0.00388189,0.00222222
0.00388577,0.0111111
0.00388966,0.0111111
0.00389355,0.00444444
0.00389744,0.00666667
0.00390134,0.0133333
0.00390524,0.0111111
0.00390914,0.0177778
0.00391305,0.00888889
0.00391697,0.00444444
0.00392088,0.00666667
0.0039248,0.00666667
0.00392873,0.00888889
0.00393266,0.0155556
0.00393659,0.00444444
0.00394053,0.00222222
0.00394447,0.00666667
0.00394841,0.00888889
0.00395236,0.00888889
0.00395631,0.00888889
0.00396027,0.00666667
0.00396423,0.00888889
0.00396819,0.00666667
0.00397216,0.00666667
0.00397613,0.0111111
0.00398011,0.0177778
0.00398409,0.00666667
0.00398807,0.0155556
0.00399206,0.0155556
0.00399605,0.0111111
0.00400005,0.00444444
0.00400405,0.00666667
0.00400805,0.00444444
0.00401206,0.00888889
0.00401607,0.00444444
0.00402009,0.0111111
0.00402411,0.0111111
0.00402813,0.00888889
0.00403216,0.00222222
0.0040362,0.00222222
0.00404023,0.00888889
0.00404427,0.00888889
0.00404832,0.00888889
0.00405236,0.00666667
0.00405642,0.00888889
0.00406047,0.00666667
0.00406453,0.0155556
0.0040686,0.00444444
0.00407267,0.00222222
0.00407674,0.0133333
0.00408082,0.0133333
0.0040849,0
0.00408898,0.00888889
0.00409307,0.00666667
0.00409716,0.0133333
0.00410126,0.00444444
0.00410536,0.00666667
0.00410947,0.0111111
0.00411358,0.00222222
0.00411769,0.00888889
0.00412181,0.00888889
0.00412593,0.00444444
0.00413006,0.0111111
0.00413419,0.00888889
0.00413832,0.00444444
0.00414246,0.00666667
0.0041466,0.00444444
0.00415075,0.00444444
0.0041549,0.0177778
0.00415905,0.00444444
0.00416321,0.00222222
0.00416738,0.00222222
0.00417154,0
0.00417571,0
0.00417989,0.00444444
0.00418407,0.0111111
0.00418825,0.00888889
0.00419244,0.00666667
0.00419663,0.00888889
0.00420083,0.0111111
0.00420503,0.0111111
0.00420924,0.0111111
0.00421345,0.0111111
0.00421766,0.00888889
0.00422188,0.00444444
0.0042261,0.0155556
0.00423033,0.00222222
0.00423456,0.00666667
0.00423879,0.0177778
0.00424303,0.0133333
0.00424727,0.00666667
0.00425152,0.00666667
0.00425577,0
0.00426003,0.00888889
0.00426429,0.00666667
0.00426855,0.0133333
0.00427282,0.00888889
0.00427709,0.0133333
0.00428137,0.00666667
0.00428565,0.00666667
0.00428994,0.00888889
0.00429423,0.00222222
0.00429852,0.00888889
0.00430282,0.00666667
0.00430712,0.00666667
0.00431143,0.0133333
0.00431574,0.00444444
0.00432006,0.0133333
0.00432438,0.0133333
0.0043287,0.0133333
0.00433303,0.00888889
0.00433736,0.00666667
0.0043417,0.00888889
0.00434604,0.00666667
0.00435039,0.00666667
0.00435474,0.00444444
0.00435909,0.00222222
0.00436345,0.00666667
0.00436782,0.00444444
0.00437218,0.00222222
0.00437656,0
0.00438093,0.00222222
0.00438531,0.00444444
0.0043897,0.00666667
0.00439409,0.0111111
0.00439848,0.00444444
0.00440288,0.0155556
0.00440728,0.00666667
0.00441169,0.00444444
0.0044161,0.00888889
0.00442052,0.00444444
0.00442494,0.0111111
0.00442936,0.00222222
0.00443379,0.00444444
0.00443823,0.00888889
0.00444267,0.0133333
0.00444711,0.00666667
0.00445156,0.00666667
0.00445601,0.00888889
0.00446046,0.0111111
0.00446492,0.00888889
0.00446939,0.00666667
0.00447386,0.0111111
0.00447833,0.00444444
0.00448281,0.00888889
0.00448729,0.0133333
0.00449178,0.00888889
0.00449627,0.00666667
0.00450077,0.00222222
0.00450527,0.0111111
0.00450977,0
0.00451428,0.00222222
0.0045188,0.00444444
0.00452332,0.0133333
0.00452784,0.00888889
0.00453237,0.00666667
0.0045369,0.00444444
0.00454144,0.0111111
0.00454598,0.0111111
0.00455052,0.00222222
0.00455508,0.00222222
0.00455963,0.00444444
0.00456419,0.0111111
0.00456875,0.00444444
0.00457332,0.00666667
0.0045779,0.00888889
0.00458247,0.00666667
0.00458706,0.0111111
0.00459164,0.0111111
0.00459624,0.00666667
0.00460083,0.00888889
0.00460543,0.00444444
0.00461004,0.00888889
0.00461465,0.00888889
0.00461926,0.00444444
0.00462388,0.0133333
0.00462851,0.00888889
0.00463313,0.00444444
0.00463777,0.0177778
0.0046424,0.0155556
0.00464705,0.0133333
0.00465169,0.02
0.00465635,0.00666667
0.004661,0.0177778
0.00466566,0.0155556
0.00467033,0.0155556
0.004675,0.0133333
0.00467967,0.0111111
0.00468435,0.0111111
0.00468904,0.00222222
0.00469373,0.0133333
0.00469842,0.00888889
0.00470312,0.00444444
0.00470782,0.0111111
0.00471253,0.00444444
0.00471724,0.00444444
0.00472196,0.00888889
0.00472668,0.0244444
0.00473141,0.00222222
0.00473614,0.00888889
0.00474088,0.00444444
0.00474562,0.00444444
0.00475036,0.00888889
0.00475511,0.00666667
0.00475987,0.0111111
0.00476463,0.00666667
0.00476939,0.00888889
0.00477416,0.0155556
0.00477894,0.00888889
0.00478372,0.00666667
0.0047885,0.0111111
0.00479329,0.00666667
0.00479808,0.00888889
0.00480288,0.00888889
0.00480768,0.00666667
0.00481249,0.00888889
0.0048173,0.0133333
0.00482212,0.0111111
0.00482694,0.0155556
0.00483177,0.00444444
0.0048366,0.0111111
0.00484144,0.00666667
0.00484628,0.00888889
0.00485112,0.00444444
0.00485598,0.00888889
0.00486083,0.0133333
0.00486569,0.00444444
0.00487056,0.0133333
0.00487543,0.0111111
0.0048803,0.0155556
0.00488518,0.00888889
0.00489007,0.00444444
0.00489496,0.0111111
0.00489985,0.00444444
0.00490475,0.00888889
0.00490966,0.0111111
0.00491457,0.00666667
0.00491948,0.00666667
0.0049244,0.00666667
0.00492933,0.00666667
0.00493426,0.0133333
0.00493919,0.00666667
0.00494413,0.00444444
0.00494907,0.0177778
0.00495402,0.00444444
0.00495898,0.0155556
0.00496394,0.00888889
0.0049689,0.00666667
0.00497387,0.0155556
0.00497884,0.0111111
0.00498382,0.0133333
0.00498881,0.0133333
0.00499379,0.00666667
0.00499879,0.00444444
0.00500379,0
0.00500879,0.0133333
0.0050138,0.00444444
0.00501881,0.00222222
0.00502383,0.0111111
0.00502886,0.00888889
0.00503388,0.00888889
0.00503892,0.0111111
0.00504396,0.00444444
0.005049,0.00222222
0.00505405,0.0133333
0.0050591,0.0133333
0.00506416,0.0133333
0.00506923,0.00444444
0.0050743,0.00444444
0.00507937,0.00666667
0.00508445,0.00666667
0.00508954,0.00666667
0.00509462,0.00888889
0.00509972,0.00444444
0.00510482,0.00888889
0.00510992,0.00888889
0.00511503,0.0133333
0.00512015,0.0177778
0.00512527,0.00222222
0.00513039,0.0111111
0.00513552,0.00444444
0.00514066,0.0111111
0.0051458,0.0111111
0.00515095,0.00444444
0.0051561,0.0111111
0.00516125,0.00666667
0.00516642,0.0111111
0.00517158,0.00888889
0.00517675,0.00666667
0.00518193,0.0133333
0.00518711,0.00666667
0.0051923,0.00444444
0.00519749,0.00222222
0.00520269,0.0133333
0.00520789,0.00888889
0.0052131,0.0133333
0.00521831,0.00666667
0.00522353,0.00666667
0.00522875,0.02
0.00523398,0.00666667
0.00523922,0.00666667
0.00524446,0.0111111
0.0052497,0.0111111
0.00525495,0.0177778
0.00526021,0.0177778
0.00526547,0.00888889
0.00527073,0.0111111
0.005276,0.00888889
0.00528128,0.00888889
0.00528656,0.00444444
0.00529185,0.00888889
0.00529714,0.0155556
0.00530243,0
0.00530774,0.00666667
0.00531304,0.00888889
0.00531836,0.00666667
0.00532368,0.0111111
0.005329,0.0111111
0.00533433,0.00888889
0.00533966,0.0133333
0.005345,0.0133333
0.00535035,0.00444444
0.0053557,0.0133333
0.00536105,0.00444444
0.00536641,0.0111111
0.00537178,0.00888889
0.00537715,0.0111111
0.00538253,0.00888889
0.00538791,0.00888889
0.0053933,0.0133333
0.00539869,0
0.00540409,0.0111111
0.0054095,0.00666667
0.00541491,0.00444444
0.00542032,0.00666667
0.00542574,0.00666667
0.00543117,0.00666667
0.0054366,0.00666667
0.00544203,0.00222222
0.00544748,0.0111111
0.00545292,0.0111111
0.00545838,0.0111111
0.00546384,0.0155556
0.0054693,0.00666667
0.00547477,0.00444444
0.00548024,0.0111111
0.00548572,0.00666667
0.00549121,0.0133333
0.0054967,0.0133333
0.0055022,0.00888889
0.0055077,0.00888889
0.00551321,0.0111111
0.00551872,0.0111111
0.00552424,0.00222222
0.00552976,0.00666667
0.00553529,0.00888889
0.00554083,0.00888889
0.00554637,0.00666667
0.00555192,0.00888889
0.00555747,0.0111111
0.00556303,0.02
0.00556859,0.00888889
0.00557416,0.00222222
0.00557973,0.0111111
0.00558531,0.00222222
0.0055909,0.00666667
0.00559649,0.0111111
0.00560208,0.00666667
0.00560769,0.0133333
0.00561329,0.0111111
0.00561891,0.00888889
0.00562453,0.00444444
0.00563015,0.00666667
0.00563578,0.0133333
0.00564142,0.00666667
0.00564706,0.0133333
0.0056527,0.0155556
0.00565836,0.00444444
0.00566402,0.00888889
0.00566968,0.0133333
0.00567535,0.0177778
0.00568102,0.00222222
0.00568671,0.00444444
0.00569239,0.00888889
0.00569808,0.0111111
0.00570378,0.00666667
0.00570949,0.0111111
0.0057152,0.00888889
0.00572091,0.0133333
0.00572663,0.00888889
0.00573236,0.02
0.00573809,0.00666667
0.00574383,0.00444444
0.00574957,0.0155556
0.00575532,0.00888889
0.00576108,0.0111111
0.00576684,0.02
0.00577261,0.00888889
0.00577838,0.00444444
0.00578416,0.0111111
0.00578994,0.0133333
0.00579573,0.0133333
0.00580153,0.00888889
0.00580733,0.00888889
0.00581314,0.0155556
0.00581895,0.0155556
0.00582477,0.02
0.00583059,0.00222222
0.00583642,0.00888889
0.00584226,0.0155556
0.0058481,0.0177778
0.00585395,0.0111111
0.0058598,0.0111111
0.00586566,0.00666667
0.00587153,0.0111111
0.0058774,0.00666667
0.00588328,0.00888889
0.00588916,0.00666667
0.00589505,0.00444444
0.00590095,0.00666667
0.00590685,0.0177778
0.00591275,0.00222222
0.00591867,0.0177778
0.00592458,0.00666667
0.00593051,0.0133333
0.00593644,0.00666667
0.00594238,0.00888889
0.00594832,0.00888889
0.00595427,0.0111111
0.00596022,0.00888889
0.00596618,0.0111111
0.00597215,0.0133333
0.00597812,0.0177778
0.0059841,0.00666667
0.00599008,0.0111111
0.00599607,0.0111111
0.00600207,0.0133333
0.00600807,0.00444444
0.00601408,0.0177778
0.00602009,0.0155556
0.00602611,0.0133333
0.00603214,0.0111111
0.00603817,0.00444444
0.00604421,0.00444444
0.00605025,0.00666667
0.0060563,0.0177778
0.00606236,0.0111111
0.00606842,0.00666667
0.00607449,0.00888889
0.00608056,0.00444444
0.00608665,0.00666667
0.00609273,0.0133333
0.00609882,0.0222222
0.00610492,0.0111111
0.00611103,0.0133333
0.00611714,0.00888889
0.00612326,0.00888889
0.00612938,0.0177778
0.00613551,0.0133333
0.00614164,0.0133333
0.00614779,0.00666667
0.00615393,0.0111111
0.00616009,0.00444444
0.00616625,0.0111111
0.00617241,0.00666667
0.00617859,0.0111111
0.00618477,0.00666667
0.00619095,0.00888889
0.00619714,0.00888889
0.00620334,0.0111111
0.00620954,0.0177778
0.00621575,0.00888889
0.00622197,0.0133333
0.00622819,0.0155556
0.00623442,0.0111111
0.00624065,0.0155556
0.00624689,0.0155556
0.00625314,0.0222222
0.00625939,0.00888889
0.00626565,0.00888889
0.00627192,0.0111111
0.00627819,0.02
0.00628447,0.0133333
0.00629075,0.0111111
0.00629704,0.0133333
0.00630334,0.00888889
0.00630964,0.00444444
0.00631595,0.00666667
0.00632227,0.0177778
0.00632859,0.0155556
0.00633492,0.00444444
0.00634125,0.0244444
0.0063476,0.00888889
0.00635394,0.00444444
0.0063603,0.0133333
0.00636666,0.02
0.00637302,0.02
0.0063794,0.0155556
0.00638578,0.0133333
0.00639216,0.0155556
0.00639855,0.00444444
0.00640495,0.0111111
0.00641136,0.0111111
0.00641777,0.00888889
0.00642419,0.00444444
0.00643061,0.00444444
0.00643704,0.0111111
0.00644348,0.0155556
0.00644992,0.0222222
0.00645637,0.0177778
0.00646283,0.00222222
0.00646929,0.0155556
0.00647576,0.0133333
0.00648224,0.0155556
0.00648872,0.0111111
0.00649521,0.00888889
0.0065017,0.0133333
0.0065082,0.00888889
0.00651471,0.00666667
0.00652123,0.0244444
0.00652775,0.00666667
0.00653428,0.0111111
0.00654081,0.00888889
0.00654735,0.00666667
0.0065539,0.00888889
0.00656045,0.0111111
0.00656701,0.00888889
0.00657358,0.00888889
0.00658015,0.0111111
0.00658673,0.0133333
0.00659332,0.00444444
0.00659991,0.0111111
0.00660651,0.0133333
0.00661312,0.0222222
0.00661973,0.00666667
0.00662635,0.0177778
0.00663298,0.0133333
0.00663961,0.0133333
0.00664625,0.0155556
0.0066529,0.0111111
0.00665955,0.00666667
0.00666621,0.0177778
0.00667288,0.0288889
0.00667955,0.0177778
0.00668623,0.00444444
0.00669292,0.00444444
0.00669961,0.0133333
0.00670631,0.02
0.00671301,0.0155556
0.00671973,0.0111111
0.00672645,0.0133333
0.00673317,0.02
0.00673991,0.00888889
0.00674665,0.02
0.00675339,0.0177778
0.00676015,0.02
0.00676691,0.0222222
0.00677367,0.02
0.00678045,0.0133333
0.00678723,0.02
0.00679402,0.00666667
0.00680081,0.00666667
0.00680761,0.0111111
0.00681442,0.0177778
0.00682123,0.00888889
0.00682805,0.02
0.00683488,0.0155556
0.00684172,0.0111111
0.00684856,0.0111111
0.00685541,0.0133333
0.00686226,0.02
0.00686912,0.0155556
0.00687599,0.0133333
0.00688287,0.0111111
0.00688975,0.02
0.00689664,0.00888889
0.00690354,0.0222222
0.00691044,0.00666667
0.00691735,0.0177778
0.00692427,0.0177778
0.00693119,0.00444444
0.00693813,0.00444444
0.00694506,0.00222222
0.00695201,0.00666667
0.00695896,0.00888889
0.00696592,0.0111111
0.00697289,0.00888889
0.00697986,0.00666667
0.00698684,0.00444444
0.00699383,0.0155556
0.00700082,0.0133333
0.00700782,0.0266667
0.00701483,0.0111111
0.00702184,0.0177778
0.00702886,0.0177778
0.00703589,0.0111111
0.00704293,0.0222222
0.00704997,0.00666667
0.00705702,0.00888889
0.00706408,0.0155556
0.00707114,0.0155556
0.00707821,0.0111111
0.00708529,0.00444444
0.00709238,0.0177778
0.00709947,0.00888889
0.00710657,0.00222222
0.00711368,0.00888889
0.00712079,0.0133333
0.00712791,0.0133333
0.00713504,0.0111111
0.00714217,0.00666667
0.00714932,0.00888889
0.00715647,0.0177778
0.00716362,0.0111111
0.00717079,0.00888889
0.00717796,0.0111111
0.00718513,0.0111111
0.00719232,0.0266667
0.00719951,0.0177778
0.00720671,0.00888889
0.00721392,0.0111111
0.00722113,0.0133333
0.00722835,0.00888889
0.00723558,0.00888889
0.00724282,0.0133333
0.00725006,0.0244444
0.00725731,0.00666667
0.00726457,0.0133333
0.00727183,0.00444444
0.0072791,0.0133333
0.00728638,0.0155556
0.00729367,0.0155556
0.00730096,0.0177778
0.00730826,0.0155556
0.00731557,0.00666667
0.00732289,0.0155556
0.00733021,0.0177778
0.00733754,0.02
0.00734488,0.0155556
0.00735222,0.00888889
0.00735957,0.0177778
0.00736693,0.02
0.0073743,0.0222222
0.00738168,0.0133333
0.00738906,0.0111111
0.00739645,0.00444444
0.00740384,0.00444444
0.00741125,0.0111111
0.00741866,0.0177778
0.00742608,0.0266667
0.0074335,0.00666667
0.00744094,0.0111111
0.00744838,0.02
0.00745583,0.00666667
0.00746328,0.0133333
0.00747074,0.02
0.00747822,0.0155556
0.00748569,0.0155556
0.00749318,0.0133333
0.00750067,0.0155556
0.00750817,0.0177778
0.00751568,0.0155556
0.0075232,0.00888889
0.00753072,0.0111111
0.00753825,0.0155556
0.00754579,0.0244444
0.00755333,0.00888889
0.00756089,0.0177778
0.00756845,0.0222222
0.00757602,0.0266667
0.00758359,0.0155556
0.00759118,0.0177778
0.00759877,0.0244444
0.00760637,0.0133333
0.00761397,0.0222222
0.00762159,0.0155556
0.00762921,0.0111111
0.00763684,0.00888889
0.00764448,0.0111111
0.00765212,0.00444444
0.00765977,0.0111111
0.00766743,0.0177778
0.0076751,0.0111111
0.00768277,0.02
0.00769046,0.0133333
0.00769815,0.0222222
0.00770585,0.00888889
0.00771355,0.0177778
0.00772126,0.00444444
0.00772899,0.0111111
0.00773672,0.0133333
0.00774445,0.0133333
0.0077522,0.02
0.00775995,0.0155556
0.00776771,0.0133333
0.00777548,0.0133333
0.00778325,0.0222222
0.00779103,0.0111111
0.00779883,0.0133333
0.00780662,0.0133333
0.00781443,0.0133333
0.00782225,0.0155556
0.00783007,0.0244444
0.0078379,0.0111111
0.00784574,0.0288889
0.00785358,0.0177778
0.00786144,0.00888889
0.0078693,0.00666667
0.00787717,0.0177778
0.00788504,0.00888889
0.00789293,0.0177778
0.00790082,0.0133333
0.00790872,0.0133333
0.00791663,0.0244444
0.00792455,0.00666667
0.00793247,0.02
0.0079404,0.0244444
0.00794834,0.0111111
0.00795629,0.0266667
0.00796425,0.00444444
0.00797221,0.0222222
0.00798019,0.0155556
0.00798817,0.0111111
0.00799615,0.0244444
0.00800415,0.0155556
0.00801215,0.0111111
0.00802017,0.0133333
0.00802819,0.0111111
0.00803621,0.0177778
0.00804425,0.0133333
0.0080523,0.0222222
0.00806035,0.0177778
0.00806841,0.00888889
0.00807648,0.00888889
0.00808455,0.0177778
0.00809264,0.00444444
0.00810073,0.0177778
0.00810883,0.0133333
0.00811694,0.0133333
0.00812506,0.0222222
0.00813318,0.02
0.00814131,0.0133333
0.00814946,0.0288889
0.00815761,0.0155556
0.00816576,0.00666667
0.00817393,0.0155556
0.0081821,0.00666667
0.00819029,0.0111111
0.00819848,0.0133333
0.00820667,0.00888889
0.00821488,0.0155556
0.0082231,0.00888889
0.00823132,0.02
0.00823955,0.00888889
0.00824779,0.00666667
0.00825604,0.0111111
0.00826429,0.0155556
0.00827256,0.02
0.00828083,0.00888889
0.00828911,0.0177778
0.0082974,0.0133333
0.0083057,0.00444444
0.008314,0.0266667
0.00832232,0.0177778
0.00833064,0.0311111
0.00833897,0.0155556
0.00834731,0.0288889
0.00835566,0.00444444
0.00836401,0.0244444
0.00837238,0.0333333
0.00838075,0.0222222
0.00838913,0.00666667
0.00839752,0.00444444
0.00840592,0.0177778
0.00841432,0.0311111
0.00842274,0.02
0.00843116,0.0155556
0.00843959,0.02
0.00844803,0.0222222
0.00845648,0.0155556
0.00846493,0.0133333
0.0084734,0.0133333
0.00848187,0.0266667
0.00849035,0.0222222
0.00849884,0.0222222
0.00850734,0.0155556
0.00851585,0.00888889
0.00852437,0.0133333
0.00853289,0.02
0.00854142,0.0288889
0.00854997,0.0155556
0.00855852,0.00888889
0.00856707,0.00666667
0.00857564,0.0266667
0.00858422,0.0155556
0.0085928,0.00888889
0.00860139,0.0111111
0.00860999,0.00888889
0.0086186,0.0155556
0.00862722,0.00888889
0.00863585,0.0155556
0.00864449,0.0155556
0.00865313,0.0133333
0.00866178,0.00444444
0.00867045,0.0111111
0.00867912,0.0155556
0.0086878,0.02
0.00869648,0.00666667
0.00870518,0.00666667
0.00871388,0.02
0.0087226,0.0244444
0.00873132,0.0222222
0.00874005,0.0288889
0.00874879,0.0177778
0.00875754,0.0133333
0.0087663,0.0177778
0.00877507,0.00666667
0.00878384,0.0222222
0.00879262,0.0155556
0.00880142,0.02
0.00881022,0.0133333
0.00881903,0.0111111
0.00882785,0.0133333
0.00883668,0.0111111
0.00884551,0.0133333
0.00885436,0.0133333
0.00886321,0.0266667
0.00887208,0.0133333
0.00888095,0.0311111
0.00888983,0.0133333
0.00889872,0.00888889
0.00890762,0.0222222
0.00891652,0.0266667
0.00892544,0.0177778
0.00893437,0.0177778
0.0089433,0.0177778
0.00895224,0.0111111
0.0089612,0.00888889
0.00897016,0.0111111
0.00897913,0.0155556
0.00898811,0.0133333
0.00899709,0.0177778
0.00900609,0.0177778
0.0090151,0.0155556
0.00902411,0.0244444
0.00903314,0.02
0.00904217,0.0244444
0.00905121,0.0288889
0.00906026,0.02
0.00906932,0.0111111
0.00907839,0.0244444
0.00908747,0.02
0.00909656,0.0111111
0.00910566,0.0177778
0.00911476,0.0155556
0.00912388,0.0177778
0.009133,0.0111111
0.00914213,0.0177778
0.00915128,0.0333333
0.00916043,0.0355556
0.00916959,0.00888889
0.00917876,0.00666667
0.00918794,0.0155556
0.00919712,0.0155556
0.00920632,0.0155556
0.00921553,0.02
0.00922474,0.02
0.00923397,0.0222222
0.0092432,0.0155556
0.00925244,0.0155556
0.0092617,0.0155556
0.00927096,0.0133333
0.00928023,0.00444444
0.00928951,0.0155556
0.0092988,0.02
0.0093081,0.0244444
0.00931741,0.0111111
0.00932672,0.0288889
0.00933605,0.0111111
0.00934539,0.0177778
0.00935473,0.0266667
0.00936409,0.02
0.00937345,0.0177778
0.00938282,0.0155556
0.00939221,0.0133333
0.0094016,0.0177778
0.009411,0.0177778
0.00942041,0.0222222
0.00942983,0.0155556
0.00943926,0.0155556
0.0094487,0.0222222
0.00945815,0.0155556
0.00946761,0.0155556
0.00947708,0.0133333
0.00948655,0.0133333
0.00949604,0.0155556
0.00950553,0.0244444
0.00951504,0.00888889
0.00952456,0.0133333
0.00953408,0.02
0.00954361,0.0222222
0.00955316,0.0311111
0.00956271,0.0133333
0.00957227,0.0177778
0.00958185,0.0155556
0.00959143,0.0266667
0.00960102,0.0266667
0.00961062,0.0133333
0.00962023,0.00888889
0.00962985,0.0222222
0.00963948,0.0222222
0.00964912,0.0311111
0.00965877,0.0111111
0.00966843,0.0155556
0.0096781,0.02
0.00968777,0.0177778
0.00969746,0.0177778
0.00970716,0.0177778
0.00971687,0.00222222
0.00972658,0.0222222
0.00973631,0.0266667
0.00974605,0.02
0.00975579,0.0177778
0.00976555,0.0155556
0.00977531,0.0333333
0.00978509,0.0133333
0.00979487,0.02
0.00980467,0.0133333
0.00981447,0.02
0.00982429,0.0155556
0.00983411,0.0222222
0.00984395,0.0288889
0.00985379,0.0155556
0.00986364,0.0177778
0.00987351,0.00888889
0.00988338,0.0133333
0.00989327,0.0177778
0.00990316,0.02
0.00991306,0.0244444
0.00992297,0.02
0.0099329,0.0266667
0.00994283,0.02
0.00995277,0.0133333
0.00996273,0.02
0.00997269,0.0111111
0.00998266,0.0133333
0.00999264,0.0177778
0.0100026,0.02
0.0100126,0.0155556
0.0100227,0.0244444
0.0100327,0.0155556
0.0100427,0.02
0.0100528,0.0133333
0.0100628,0.0111111
0.0100729,0.0155556
0.0100829,0.0244444
0.010093,0.0155556
0.0101031,0.0133333
0.0101132,0.0155556
0.0101233,0.00888889
0.0101335,0.0266667
0.0101436,0.0222222
0.0101537,0.0133333
0.0101639,0.0133333
0.010174,0.02
0.0101842,0.0155556
0.0101944,0.02
0.0102046,0.0133333
0.0102148,0.0133333
0.010225,0.00666667
0.0102352,0.0266667
0.0102455,0.0222222
0.0102557,0.00444444
0.010266,0.0111111
0.0102762,0.02
0.0102865,0.00888889
0.0102968,0.00888889
0.0103071,0.0266667
0.0103174,0.0133333
0.0103277,0.0177778
0.0103381,0.0177778
0.0103484,0.0111111
0.0103587,0.0133333
0.0103691,0.0222222
0.0103795,0.0111111
0.0103899,0.0155556
0.0104002,0.00888889
0.0104106,0.0133333
0.0104211,0.02
0.0104315,0.0377778
0.0104419,0.0111111
0.0104523,0.0177778
0.0104628,0.02
0.0104733,0.0177778
0.0104837,0.0155556
0.0104942,0.0155556
0.0105047,0.0155556
0.0105152,0.0133333
0.0105257,0.02
0.0105363,0.0133333
0.0105468,0.0177778
0.0105573,0.0111111
0.0105679,0.0222222
0.0105785,0.0222222
0.010589,0.00444444
0.0105996,0.0133333
0.0106102,0.0311111
0.0106208,0.0266667
0.0106315,0.0288889
0.0106421,0.0288889
0.0106527,0.02
0.0106634,0.00666667
0.0106741,0.0266667
0.0106847,0.0133333
0.0106954,0.0177778
0.0107061,0.0155556
0.0107168,0.02
0.0107275,0.02
0.0107383,0.0111111
0.010749,0.0111111
0.0107597,0.0133333
0.0107705,0.0155556
0.0107813,0.0222222
0.0107921,0.0222222
0.0108029,0.0133333
0.0108137,0.0222222
0.0108245,0.0177778
0.0108353,0.0133333
0.0108461,0.0133333
0.010857,0.0222222
0.0108678,0.0133333
0.0108787,0.0155556
0.0108896,0.0177778
0.0109005,0.0177778
0.0109114,0.02
0.0109223,0.0155556
0.0109332,0.0222222
0.0109441,0.0288889
0.0109551,0.02
0.010966,0.0222222
0.010977,0.0222222
0.010988,0.0177778
0.010999,0.0266667
0.01101,0.0177778
0.011021,0.0177778
0.011032,0.02
0.011043,0.0266667
0.0110541,0.0111111
0.0110651,0.02
0.0110762,0.0177778
0.0110873,0.0177778
0.0110984,0.0266667
0.0111095,0.0244444
0.0111206,0.00666667
0.0111317,0.0222222
0.0111428,0.0111111
0.011154,0.00666667
0.0111651,0.02
0.0111763,0.0133333
0.0111875,0.0333333
0.0111986,0.02
0.0112098,0.02
0.011221,0.00666667
0.0112323,0.0155556
0.0112435,0.0155556
0.0112547,0.00666667
0.011266,0.0222222
0.0112773,0.0155556
0.0112885,0.02
0.0112998,0.02
0.0113111,0.0177778
0.0113224,0.00666667
0.0113338,0.0177778
0.0113451,0.0133333
0.0113564,0.0222222
0.0113678,0.0133333
0.0113792,0.0133333
0.0113905,0.02
0.0114019,0.00888889
0.0114133,0.0177778
0.0114248,0.02
0.0114362,0.0111111
0.0114476,0.02
0.0114591,0.0222222
0.0114705,0.0333333
0.011482,0.0155556
0.0114935,0.0111111
0.011505,0.0377778
0.0115165,0.0177778
0.011528,0.0133333
0.0115395,0.02
0.0115511,0.0155556
0.0115626,0.0244444
0.0115742,0.0111111
0.0115857,0.0155556
0.0115973,0.0222222
0.0116089,0.0155556
0.0116205,0.0244444
0.0116322,0.0155556
0.0116438,0.02
0.0116554,0.00888889
0.0116671,0.02
0.0116788,0.0177778
0.0116904,0.0266667
0.0117021,0.0244444
0.0117138,0.0155556
0.0117255,0.0288889
0.0117373,0.0266667
0.011749,0.0177778
0.0117608,0.0111111
0.0117725,0.0244444
0.0117843,0.0177778
0.0117961,0.02
0.0118079,0.0244444
0.0118197,0.0133333
0.0118315,0.0222222
0.0118433,0.0155556
0.0118552,0.02
0.011867,0.02
0.0118789,0.00888889
0.0118908,0.0244444
0.0119027,0.0177778
0.0119146,0.0266667
0.0119265,0.0155556
0.0119384,0.0155556
0.0119503,0.0177778
0.0119623,0.0155556
0.0119743,0.0133333
0.0119862,0.0155556
0.0119982,0.0266667
0.0120102,0.0244444
0.0120222,0.0155556
0.0120342,0.00888889
0.0120463,0.0177778
0.0120583,0.02
0.0120704,0.0133333
0.0120825,0.0133333
0.0120945,0.0133333
0.0121066,0.02
0.0121187,0.00666667
0.0121309,0.0355556
0.012143,0.0177778
0.0121551,0.0311111
0.0121673,0.0222222
0.0121795,0.00666667
0.0121916,0.0155556
0.0122038,0.00888889
0.012216,0.02
0.0122282,0.0222222
0.0122405,0.0177778
0.0122527,0.0155556
0.012265,0.02
0.0122772,0.0266667
0.0122895,0.0111111
0.0123018,0.0111111
0.0123141,0.0222222
0.0123264,0.0222222
0.0123387,0.0133333
0.0123511,0.0133333
0.0123634,0.0133333
0.0123758,0.00888889
0.0123882,0.0133333
0.0124006,0.0111111
0.012413,0.0177778
0.0124254,0.02
0.0124378,0.0111111
0.0124502,0.0133333
0.0124627,0.02
0.0124751,0.0111111
0.0124876,0.0288889
0.0125001,0.00888889
0.0125126,0.0288889
0.0125251,0.0266667
0.0125376,0.02
0.0125502,0.0111111
0.0125627,0.0111111
0.0125753,0.0155556
0.0125879,0.0133333
0.0126005,0.0133333
0.0126131,0.0222222
0.0126257,0.0288889
0.0126383,0.0155556
0.0126509,0.0133333
0.0126636,0.00444444
0.0126763,0.02
0.0126889,0.0111111
0.0127016,0.0133333
0.0127143,0.0266667
0.012727,0.02
0.0127398,0.0155556
0.0127525,0.0177778
0.0127653,0.0155556
0.012778,0.0133333
0.0127908,0.0311111
0.0128036,0.0155556
0.0128164,0.0177778
0.0128292,0.02
0.012842,0.0111111
0.0128549,0.00222222
0.0128677,0.0288889
0.0128806,0.02
0.0128935,0.0133333
0.0129064,0.0244444
0.0129193,0.0177778
0.0129322,0.0133333
0.0129451,0.0266667
0.0129581,0.0288889
0.012971,0.00666667
0.012984,0.0244444
0.012997,0.02
0.01301,0.0222222
0.013023,0.00444444
0.013036,0.02
0.0130491,0.00666667
0.0130621,0.0177778
0.0130752,0.0133333
0.0130882,0.0177778
0.0131013,0.0288889
0.0131144,0.02
0.0131275,0.0222222
0.0131407,0.0133333
0.0131538,0.0222222
0.013167,0.0288889
0.0131801,0.0177778
0.0131933,0.00888889
0.0132065,0.00666667
0.0132197,0.0133333
0.0132329,0.00888889
0.0132462,0.00888889
0.0132594,0.0288889
0.0132727,0.0244444
0.0132859,0.0244444
0.0132992,0.00888889
0.0133125,0.0222222
0.0133258,0.0111111
0.0133392,0.0288889
0.0133525,0.0266667
0.0133659,0.00444444
0.0133792,0.0177778
0.0133926,0.0311111
0.013406,0.0111111
0.0134194,0.0111111
0.0134328,0.0266667
0.0134463,0.0111111
0.0134597,0.0111111
0.0134732,0.00666667
0.0134866,0.0311111
0.0135001,0.0133333
0.0135136,0.0155556
0.0135271,0.0266667
0.0135407,0.0133333
0.0135542,0.0111111
0.0135678,0.0155556
0.0135813,0.0222222
0.0135949,0.02
0.0136085,0.02
0.0136221,0.00888889
0.0136357,0.0133333
0.0136494,0.0133333
0.013663,0.0244444
0.0136767,0.0266667
0.0136904,0.00888889
0.013704,0.0266667
0.0137178,0.0111111
0.0137315,0.02
0.0137452,0.0133333
0.0137589,0.02
0.0137727,0.0111111
0.0137865,0.0311111
0.0138003,0.0133333
0.0138141,0.0155556
0.0138279,0.0177778
0.0138417,0.0222222
0.0138556,0.0111111
0.0138694,0.0244444
0.0138833,0.0155556
0.0138972,0.0111111
0.0139111,0.0244444
0.013925,0.00888889
0.0139389,0.0244444
0.0139528,0.0311111
0.0139668,0.0222222
0.0139807,0.0155556
0.0139947,0.02
0.0140087,0.02
0.0140227,0.02
0.0140368,0.0111111
0.0140508,0.0222222
0.0140648,0.0222222
0.0140789,0.0111111
0.014093,0.0133333
0.0141071,0.0222222
0.0141212,0.0133333
0.0141353,0.0155556
0.0141494,0.0222222
0.0141636,0.00888889
0.0141778,0.0177778
0.0141919,0.00444444
0.0142061,0.0111111
0.0142203,0.0155556
0.0142346,0.02
0.0142488,0.0222222
0.014263,0.0177778
0.0142773,0.02
0.0142916,0.0311111
0.0143059,0.0177778
0.0143202,0.02
0.0143345,0.0177778
0.0143488,0.0244444
0.0143632,0.0244444
0.0143775,0.0133333
0.0143919,0.0155556
0.0144063,0.0155556
0.0144207,0.0222222
0.0144351,0.0222222
0.0144496,0.0155556
0.014464,0.0111111
0.0144785,0.00666667
0.014493,0.0288889
0.0145075,0.0177778
0.014522,0.02
0.0145365,0.0177778
0.014551,0.0133333
0.0145656,0.0155556
0.0145801,0.0133333
0.0145947,0.02
0.0146093,0.00444444
0.0146239,0.0177778
0.0146385,0.0133333
0.0146532,0.0111111
0.0146678,0.0177778
0.0146825,0.0155556
0.0146972,0.0155556
0.0147119,0.0222222
0.0147266,0.0244444
0.0147413,0.02
0.0147561,0.00888889
0.0147708,0.00666667
0.0147856,0.0155556
0.0148004,0.00222222
0.0148152,0.0133333
0.01483,0.0111111
0.0148448,0.0288889
0.0148597,0.0177778
0.0148745,0.0133333
0.0148894,0.0222222
0.0149043,0.0288889
0.0149192,0.0133333
0.0149341,0.0177778
0.0149491,0.0355556
0.014964,0.0266667
0.014979,0.0155556
0.0149939,0.0244444
0.0150089,0.0133333
0.0150239,0.00666667
0.015039,0.00888889
0.015054,0.0288889
0.0150691,0.0177778
0.0150841,0.0333333
0.0150992,0.0133333
0.0151143,0.0244444
0.0151294,0.0155556
0.0151446,0.0111111
0.0151597,0.0244444
0.0151749,0.0355556
0.01519,0.02
0.0152052,0.00222222
0.0152204,0.02
0.0152357,0.00888889
0.0152509,0.0177778
0.0152661,0.02
0.0152814,0.00666667
0.0152967,0.0111111
0.015312,0.0133333
0.0153273,0.0266667
0.0153426,0.0222222
0.015358,0.00666667
0.0153733,0.0266667
0.0153887,0.0111111
0.0154041,0.0177778
0.0154195,0.0177778
0.0154349,0.0177778
0.0154503,0.0244444
0.0154658,0.0177778
0.0154813,0.00444444
0.0154967,0.0177778
0.0155122,0.0288889
0.0155278,0.0133333
0.0155433,0.0177778
0.0155588,0.0244444
0.0155744,0.0244444
0.01559,0.0111111
0.0156055,0.0266667
0.0156212,0.0222222
0.0156368,0.0155556
0.0156524,0.00888889
0.0156681,0.0111111
0.0156837,0.00888889
0.0156994,0.0177778
0.0157151,0.02
0.0157308,0.02
0.0157466,0.0155556
0.0157623,0.02
0.0157781,0.02
0.0157938,0.0155556
0.0158096,0.0155556
0.0158255,0.00888889
0.0158413,0.0222222
0.0158571,0.0177778
0.015873,0.02
0.0158888,0.0111111
0.0159047,0.0177778
0.0159206,0.0222222
0.0159366,0.0222222
0.0159525,0.0177778
0.0159685,0.02
0.0159844,0.00444444
0.0160004,0.0177778
0.0160164,0.0111111
0.0160324,0.0288889
0.0160485,0.0288889
0.0160645,0.0177778
0.0160806,0.0177778
0.0160966,0.0155556
0.0161127,0.0133333
0.0161289,0.0177778
0.016145,0.0266667
0.0161611,0.0177778
0.0161773,0.00888889
0.0161935,0.0333333
0.0162097,0.00888889
0.0162259,0.0222222
0.0162421,0.0222222
0.0162583,0.0311111
0.0162746,0.0266667
0.0162909,0.0133333
0.0163072,0.0177778
0.0163235,0.0222222
0.0163398,0.0111111
0.0163561,0.0266667
0.0163725,0.0222222
0.0163889,0.0311111
0.0164053,0.00888889
0.0164217,0.02
0.0164381,0.0244444
0.0164545,0.0222222
0.016471,0.02
0.0164874,0.0222222
0.0165039,0.02
0.0165204,0.0133333
0.016537,0.0155556
0.0165535,0.0266667
0.01657,0.0177778
0.0165866,0.0222222
0.0166032,0.0177778
0.0166198,0.0422222
0.0166364,0.0377778
0.0166531,0.0177778
0.0166697,0.0155556
0.0166864,0.02
0.0167031,0.0222222
0.0167198,0.0133333
0.0167365,0.0133333
0.0167532,0.0133333
0.01677,0.0288889
0.0167868,0.0111111
0.0168035,0.00666667
0.0168203,0.0155556
0.0168372,0.0222222
0.016854,0.0244444
0.0168709,0.0111111
0.0168877,0.0155556
0.0169046,0.0377778
0.0169215,0.0244444
0.0169384,0.0266667
0.0169554,0.0222222
0.0169723,0.02
0.0169893,0.0177778
0.0170063,0.0155556
0.0170233,0.0355556
0.0170403,0.0133333
0.0170574,0.00666667
0.0170744,0.0222222
0.0170915,0.0177778
0.0171086,0.0177778
0.0171257,0.0244444
0.0171428,0.0222222
0.01716,0.0133333
0.0171771,0.0111111
0.0171943,0.0244444
0.0172115,0.00888889
0.0172287,0.0311111
0.0172459,0.0133333
0.0172632,0.0266667
0.0172804,0.0266667
0.0172977,0.0244444
0.017315,0.0177778
0.0173323,0.0111111
0.0173497,0.0155556
0.017367,0.02
0.0173844,0.0111111
0.0174018,0.0111111
0.0174192,0.0311111
0.0174366,0.0222222
0.017454,0.02
0.0174715,0.0155556
0.017489,0.0311111
0.0175064,0.02
0.0175239,0.0177778
0.0175415,0.0244444
0.017559,0.00888889
0.0175766,0.0177778
0.0175941,0.0111111
0.0176117,0.0155556
0.0176294,0.0177778
0.017647,0.0177778
0.0176646,0.0377778
0.0176823,0.0266667
0.0177,0.0311111
0.0177177,0.00888889
0.0177354,0.0177778
0.0177531,0.0155556
0.0177709,0.0288889
0.0177887,0.0311111
0.0178064,0.0222222
0.0178243,0.02
0.0178421,0.0177778
0.0178599,0.0266667
0.0178778,0.0133333
0.0178957,0.0155556
0.0179136,0.0133333
0.0179315,0.0311111
0.0179494,0.0177778
0.0179673,0.0177778
0.0179853,0.0355556
0.0180033,0.0222222
0.0180213,0.0266667
0.0180393,0.0155556
0.0180574,0.0377778
0.0180754,0.0244444
0.0180935,0.0155556
0.0181116,0.0288889
0.0181297,0.0155556
0.0181478,0.0377778
0.018166,0.0377778
0.0181841,0.0222222
0.0182023,0.0222222
0.0182205,0.0111111
0.0182388,0.0333333
0.018257,0.02
0.0182752,0.0155556
0.0182935,0.02
0.0183118,0.0288889
0.0183301,0.0222222
0.0183485,0.0288889
0.0183668,0.0155556
0.0183852,0.0133333
0.0184036,0.0155556
0.018422,0.0466667
0.0184404,0.0155556
0.0184588,0.0133333
0.0184773,0.0222222
0.0184958,0.0155556
0.0185143,0.0266667
0.0185328,0.0288889
0.0185513,0.0133333
0.0185699,0.0333333
0.0185884,0.0311111
0.018607,0.0155556
0.0186256,0.0377778
0.0186442,0.0222222
0.0186629,0.0222222
0.0186816,0.02
0.0187002,0.0333333
0.0187189,0.0288889
0.0187377,0.0133333
0.0187564,0.0244444
0.0187751,0.0333333
0.0187939,0.02
0.0188127,0.0244444
0.0188315,0.0311111
0.0188504,0.0244444
0.0188692,0.0222222
0.0188881,0.0222222
0.018907,0.0266667
0.0189259,0.04
0.0189448,0.0133333
0.0189637,0.0266667
0.0189827,0.0177778
0.0190017,0.0155556
0.0190207,0.0266667
0.0190397,0.0222222
0.0190588,0.0155556
0.0190778,0.0177778
0.0190969,0.0311111
0.019116,0.0266667
0.0191351,0.0177778
0.0191542,0.0177778
0.0191734,0.0288889
0.0191926,0.0311111
0.0192118,0.0244444
0.019231,0.0155556
0.0192502,0.0355556
0.0192695,0.0311111
0.0192887,0.0288889
0.019308,0.0155556
0.0193273,0.0355556
0.0193466,0.0155556
0.019366,0.0333333
0.0193854,0.0155556
0.0194047,0.0177778
0.0194241,0.0244444
0.0194436,0.02
0.019463,0.0311111
0.0194825,0.0288889
0.019502,0.0222222
0.0195215,0.0155556
0.019541,0.0133333
0.0195605,0.0333333
0.0195801,0.0288889
0.0195997,0.0333333
0.0196193,0.0222222
0.0196389,0.0244444
0.0196585,0.0266667
0.0196782,0.0244444
0.0196979,0.0333333
0.0197176,0.0377778
0.0197373,0.00888889
0.019757,0.0177778
0.0197768,0.02
0.0197965,0.0311111
0.0198163,0.0222222
0.0198362,0.0222222
0.019856,0.0377778
0.0198759,0.02
0.0198957,0.0288889
0.0199156,0.0222222
0.0199355,0.0333333
0.0199555,0.0222222
0.0199754,0.0111111
0.0199954,0.02
0.0200154,0.0333333
0.0200354,0.02
0.0200555,0.0155556
0.0200755,0.0266667
0.0200956,0.0333333
0.0201157,0.0288889
0.0201358,0.0111111
0.0201559,0.02
0.0201761,0.0244444
0.0201963,0.0133333
0.0202165,0.0266667
0.0202367,0.0155556
0.0202569,0.0177778
0.0202772,0.0111111
0.0202974,0.02
0.0203177,0.04
0.0203381,0.02
0.0203584,0.0355556
0.0203788,0.0288889
0.0203991,0.0155556
0.0204195,0.0244444
0.02044,0.0244444
0.0204604,0.0222222
0.0204809,0.0244444
0.0205013,0.0333333
0.0205218,0.0355556
0.0205424,0.0244444
0.0205629,0.0222222
0.0205835,0.00888889
0.020604,0.0333333
0.0206247,0.0333333
0.0206453,0.0266667
0.0206659,0.0244444
0.0206866,0.02
0.0207073,0.02
0.020728,0.0177778
0.0207487,0.0222222
0.0207695,0.0333333
0.0207902,0.0266667
0.020811,0.0333333
0.0208318,0.0377778
0.0208527,0.0355556
0.0208735,0.0288889
0.0208944,0.0311111
0.0209153,0.0288889
0.0209362,0.0266667
0.0209571,0.0333333
0.0209781,0.0311111
0.0209991,0.0177778
0.0210201,0.0511111
0.0210411,0.0444444
0.0210621,0.0422222
0.0210832,0.0266667
0.0211043,0.0266667
0.0211254,0.0266667
0.0211465,0.0244444
0.0211676,0.0311111
0.0211888,0.0311111
0.02121,0.0266667
0.0212312,0.0244444
0.0212524,0.0244444
0.0212737,0.0422222
0.021295,0.0311111
0.0213163,0.0266667
0.0213376,0.02
0.0213589,0.02
0.0213803,0.0266667
0.0214017,0.0333333
0.0214231,0.0133333
0.0214445,0.0311111
0.0214659,0.0333333
0.0214874,0.0266667
0.0215089,0.02
0.0215304,0.0222222
0.0215519,0.0244444
0.0215735,0.0155556
0.021595,0.0244444
0.0216166,0.0311111
0.0216383,0.02
0.0216599,0.0466667
0.0216816,0.02
0.0217032,0.0266667
0.0217249,0.04
0.0217467,0.0266667
0.0217684,0.0288889
0.0217902,0.0222222
0.021812,0.0288889
0.0218338,0.0266667
0.0218556,0.0177778
0.0218775,0.0266667
0.0218994,0.0355556
0.0219213,0.0311111
0.0219432,0.0311111
0.0219651,0.0333333
0.0219871,0.0288889
0.0220091,0.0311111
0.0220311,0.0222222
0.0220531,0.02
0.0220752,0.0311111
0.0220972,0.0288889
0.0221193,0.0311111
0.0221415,0.0355556
0.0221636,0.0333333
0.0221858,0.0177778
0.0222079,0.0377778
0.0222302,0.0288889
0.0222524,0.0355556
0.0222746,0.0311111
0.0222969,0.0288889
0.0223192,0.0177778
0.0223415,0.0377778
0.0223639,0.0266667
0.0223862,0.0222222
0.0224086,0.0311111
0.022431,0.0177778
0.0224535,0.0266667
0.0224759,0.0511111
0.0224984,0.0355556
0.0225209,0.0311111
0.0225434,0.0311111
0.0225659,0.0355556
0.0225885,0.0177778
0.0226111,0.0177778
0.0226337,0.0422222
0.0226563,0.02
0.022679,0.0377778
0.0227017,0.0333333
0.0227244,0.0288889
0.0227471,0.0288889
0.0227699,0.0377778
0.0227926,0.0377778
0.0228154,0.0333333
0.0228382,0.0288889
0.0228611,0.0355556
0.0228839,0.0377778
0.0229068,0.0288889
0.0229297,0.0377778
0.0229527,0.0244444
0.0229756,0.0466667
0.0229986,0.0333333
0.0230216,0.0222222
0.0230446,0.0222222
0.0230676,0.0377778
0.0230907,0.0355556
0.0231138,0.0244444
0.0231369,0.0111111
0.0231601,0.0355556
0.0231832,0.0311111
0.0232064,0.0422222
0.0232296,0.0155556
0.0232528,0.0355556
0.0232761,0.0266667
0.0232994,0.0444444
0.0233227,0.0288889
0.023346,0.0355556
0.0233693,0.0244444
0.0233927,0.0266667
0.0234161,0.0288889
0.0234395,0.0155556
0.0234629,0.0266667
0.0234864,0.0311111
0.0235099,0.0266667
0.0235334,0.0444444
0.0235569,0.0355556
0.0235805,0.02
0.0236041,0.0222222
0.0236277,0.02
0.0236513,0.0377778
0.023675,0.0444444
0.0236986,0.0355556
0.0237223,0.0466667
0.0237461,0.0377778
0.0237698,0.0244444
0.0237936,0.0355556
0.0238174,0.02
0.0238412,0.0355556
0.023865,0.0222222
0.0238889,0.0333333
0.0239128,0.0222222
0.0239367,0.0333333
0.0239606,0.0311111
0.0239846,0.0222222
0.0240086,0.0288889
0.0240326,0.0244444
0.0240566,0.0444444
0.0240807,0.0288889
0.0241048,0.0244444
0.0241289,0.0177778
0.024153,0.0177778
0.0241771,0.0333333
0.0242013,0.0288889
0.0242255,0.0288889
0.0242497,0.0311111
0.024274,0.0311111
0.0242983,0.0355556
0.0243226,0.0377778
0.0243469,0.0377778
0.0243712,0.0333333
0.0243956,0.0288889
0.02442,0.0355556
0.0244444,0.0177778
0.0244689,0.0266667
0.0244933,0.0177778
0.0245178,0.0288889
0.0245423,0.0333333
0.0245669,0.06
0.0245915,0.0355556
0.024616,0.0333333
0.0246407,0.0244444
0.0246653,0.0422222
0.02469,0.0288889
0.0247147,0.0333333
0.0247394,0.0222222
0.0247641,0.0244444
0.0247889,0.0377778
0.0248137,0.0288889
0.0248385,0.04
0.0248633,0.0311111
0.0248882,0.0422222
0.0249131,0.0511111
0.024938,0.0288889
0.0249629,0.0333333
0.0249879,0.0355556
0.0250129,0.0288889
0.0250379,0.0222222
0.0250629,0.04
0.025088,0.0355556
0.0251131,0.0333333
0.0251382,0.0333333
0.0251633,0.0288889
0.0251885,0.02
0.0252137,0.0288889
0.0252389,0.0288889
0.0252641,0.0466667
0.0252894,0.0311111
0.0253147,0.04
0.02534,0.0311111
0.0253653,0.0377778
0.0253907,0.0155556
0.0254161,0.0444444
0.0254415,0.0266667
0.025467,0.0244444
0.0254924,0.0422222
0.0255179,0.02
0.0255434,0.0244444
0.025569,0.0244444
0.0255945,0.0222222
0.0256201,0.0333333
0.0256458,0.0266667
0.0256714,0.0466667
0.0256971,0.0355556
0.0257228,0.0377778
0.0257485,0.0244444
0.0257742,0.0377778
0.0258,0.0355556
0.0258258,0.0333333
0.0258516,0.0266667
0.0258775,0.0422222
0.0259034,0.0311111
0.0259293,0.0422222
0.0259552,0.0266667
0.0259812,0.0333333
0.0260071,0.0355556
0.0260331,0.04
0.0260592,0.0311111
0.0260852,0.0333333
0.0261113,0.0288889
0.0261374,0.0355556
0.0261636,0.0333333
0.0261897,0.0333333
0.0262159,0.0333333
0.0262421,0.0311111
0.0262684,0.0488889
0.0262947,0.0555556
0.0263209,0.0422222
0.0263473,0.04
0.0263736,0.04
0.0264,0.0266667
0.0264264,0.0333333
0.0264528,0.0244444
0.0264793,0.0288889
0.0265057,0.0311111
0.0265323,0.04
0.0265588,0.0466667
0.0265853,0.0533333
0.0266119,0.04
0.0266385,0.0266667
0.0266652,0.0488889
0.0266918,0.04
0.0267185,0.0355556
0.0267453,0.0266667
0.026772,0.04
0.0267988,0.0266667
0.0268256,0.0266667
0.0268524,0.0333333
0.0268792,0.0422222
0.0269061,0.0222222
0.026933,0.0444444
0.02696,0.0288889
0.0269869,0.0377778
0.0270139,0.0288889
0.0270409,0.0311111
0.027068,0.0422222
0.027095,0.0311111
0.0271221,0.0355556
0.0271493,0.0444444
0.0271764,0.0311111
0.0272036,0.0355556
0.0272308,0.0311111
0.027258,0.0311111
0.0272853,0.0355556
0.0273126,0.0222222
0.0273399,0.04
0.0273672,0.04
0.0273946,0.04
0.027422,0.0422222
0.0274494,0.0333333
0.0274768,0.0422222
0.0275043,0.0422222
0.0275318,0.02
0.0275594,0.0355556
0.0275869,0.0333333
0.0276145,0.0288889
0.0276421,0.0266667
0.0276698,0.0311111
0.0276974,0.0422222
0.0277251,0.0422222
0.0277529,0.0288889
0.0277806,0.0644444
0.0278084,0.0311111
0.0278362,0.0355556
0.027864,0.0177778
0.0278919,0.0177778
0.0279198,0.0377778
0.0279477,0.0311111
0.0279757,0.0511111
0.0280036,0.0266667
0.0280316,0.0311111
0.0280597,0.02
0.0280877,0.04
0.0281158,0.0222222
0.0281439,0.0511111
0.0281721,0.0422222
0.0282002,0.0244444
0.0282284,0.0288889
0.0282567,0.0288889
0.0282849,0.0355556
0.0283132,0.02
0.0283415,0.0488889
0.0283699,0.0444444
0.0283982,0.0333333
0.0284266,0.0333333
0.0284551,0.0377778
0.0284835,0.0422222
0.028512,0.0288889
0.0285405,0.0444444
0.0285691,0.0266667
0.0285976,0.0377778
0.0286262,0.0355556
0.0286548,0.0577778
0.0286835,0.0311111
0.0287122,0.04
0.0287409,0.0333333
0.0287696,0.0488889
0.0287984,0.0222222
0.0288272,0.0266667
0.028856,0.0311111
0.0288849,0.0422222
0.0289138,0.0266667
0.0289427,0.0355556
0.0289716,0.0333333
0.0290006,0.0422222
0.0290296,0.0155556
0.0290586,0.0511111
0.0290877,0.0288889
0.0291168,0.0466667
0.0291459,0.04
0.029175,0.0333333
0.0292042,0.0311111
0.0292334,0.0244444
0.0292627,0.0488889
0.0292919,0.0377778
0.0293212,0.0266667
0.0293505,0.0155556
0.0293799,0.0377778
0.0294093,0.0511111
0.0294387,0.0222222
0.0294681,0.04
0.0294976,0.0355556
0.0295271,0.0333333
0.0295566,0.0488889
0.0295862,0.0377778
0.0296157,0.0288889
0.0296454,0.0266667
0.029675,0.0355556
0.0297047,0.00888889
0.0297344,0.0266667
0.0297641,0.0511111
0.0297939,0.0288889
0.0298237,0.04
0.0298535,0.0311111
0.0298834,0.0355556
0.0299132,0.0355556
0.0299432,0.0244444
0.0299731,0.0311111
0.0300031,0.0377778
0.0300331,0.0422222
0.0300631,0.0377778
0.0300932,0.0466667
0.0301233,0.0377778
0.0301534,0.0444444
0.0301835,0.0422222
0.0302137,0.0177778
0.0302439,0.0244444
0.0302742,0.0444444
0.0303045,0.02
0.0303348,0.0288889
0.0303651,0.0333333
0.0303955,0.0311111
0.0304259,0.04
0.0304563,0.0177778
0.0304867,0.0177778
0.0305172,0.0355556
0.0305477,0.0355556
0.0305783,0.0422222
0.0306089,0.0288889
0.0306395,0.0377778
0.0306701,0.0244444
0.0307008,0.0377778
0.0307315,0.0377778
0.0307622,0.04
0.030793,0.0311111
0.0308238,0.0311111
0.0308546,0.0422222
0.0308854,0.0266667
0.0309163,0.0511111
0.0309473,0.04
0.0309782,0.0466667
0.0310092,0.0266667
0.0310402,0.0444444
0.0310712,0.0177778
0.0311023,0.0288889
0.0311334,0.0355556
0.0311645,0.0422222
0.0311957,0.0311111
0.0312269,0.0377778
0.0312581,0.0311111
0.0312894,0.0511111
0.0313207,0.0222222
0.031352,0.0288889
0.0313833,0.0288889
0.0314147,0.0244444
0.0314461,0.0377778
0.0314776,0.0288889
0.0315091,0.0266667
0.0315406,0.06
0.0315721,0.0488889
0.0316037,0.0488889
0.0316353,0.0377778
0.0316669,0.0444444
0.0316986,0.0422222
0.0317303,0.0377778
0.031762,0.0444444
0.0317938,0.0244444
0.0318256,0.0488889
0.0318574,0.0377778
0.0318893,0.0288889
0.0319211,0.0355556
0.0319531,0.04
0.031985,0.0377778
0.032017,0.0333333
0.032049,0.0644444
0.0320811,0.0377778
0.0321132,0.0333333
0.0321453,0.0533333
0.0321774,0.04
0.0322096,0.0288889
0.0322418,0.0311111
0.032274,0.02
0.0323063,0.0511111
0.0323386,0.0244444
0.032371,0.0333333
0.0324033,0.0244444
0.0324357,0.0222222
0.0324682,0.04
0.0325006,0.0377778
0.0325331,0.0244444
0.0325657,0.04
0.0325982,0.0333333
0.0326308,0.0377778
0.0326635,0.0422222
0.0326961,0.0377778
0.0327288,0.02
0.0327616,0.0244444
0.0327943,0.0244444
0.0328271,0.0244444
0.0328599,0.0311111
0.0328928,0.02
0.0329257,0.0311111
0.0329586,0.0333333
0.0329916,0.0488889
0.0330246,0.0311111
0.0330576,0.0555556
0.0330906,0.0311111
0.0331237,0.0422222
0.0331569,0.0444444
0.03319,0.0377778
0.0332232,0.0533333
0.0332564,0.0666667
0.0332897,0.0288889
0.033323,0.0355556
0.0333563,0.0355556
0.0333897,0.0333333
0.033423,0.0333333
0.0334565,0.0444444
0.0334899,0.0355556
0.0335234,0.0222222
0.0335569,0.04
0.0335905,0.0311111
0.0336241,0.04
0.0336577,0.0333333
0.0336914,0.0466667
0.0337251,0.0244444
0.0337588,0.0288889
0.0337925,0.04
0.0338263,0.0311111
0.0338602,0.0333333
0.033894,0.04
0.0339279,0.0577778
0.0339618,0.0422222
0.0339958,0.0288889
0.0340298,0.0355556
0.0340638,0.04
0.0340979,0.0355556
0.034132,0.0488889
0.0341661,0.0533333
0.0342003,0.0466667
0.0342345,0.0266667
0.0342687,0.04
0.034303,0.04
0.0343373,0.0466667
0.0343716,0.0311111
0.034406,0.0488889
0.0344404,0.0355556
0.0344749,0.0288889
0.0345093,0.04
0.0345438,0.0466667
0.0345784,0.0377778
0.034613,0.0355556
0.0346476,0.0177778
0.0346822,0.0377778
0.0347169,0.0466667
0.0347516,0.0288889
0.0347864,0.0333333
0.0348212,0.0488889
0.034856,0.0311111
0.0348908,0.04
0.0349257,0.0222222
0.0349607,0.0422222
0.0349956,0.0288889
0.0350306,0.0511111
0.0350656,0.0444444
0.0351007,0.0466667
0.0351358,0.0333333
0.0351709,0.0422222
0.0352061,0.0288889
0.0352413,0.0266667
0.0352766,0.0333333
0.0353118,0.0377778
0.0353471,0.0355556
0.0353825,0.0222222
0.0354179,0.0444444
0.0354533,0.0288889
0.0354887,0.0266667
0.0355242,0.0244444
0.0355598,0.0444444
0.0355953,0.0444444
0.0356309,0.0355556
0.0356665,0.0555556
0.0357022,0.0422222
0.0357379,0.0466667
0.0357737,0.0444444
0.0358094,0.0444444
0.0358452,0.04
0.0358811,0.04
0.035917,0.0288889
0.0359529,0.0422222
0.0359888,0.0422222
0.0360248,0.0311111
0.0360608,0.0444444
0.0360969,0.0422222
0.036133,0.0422222
0.0361691,0.0333333
0.0362053,0.0511111
0.0362415,0.04
0.0362778,0.0422222
0.036314,0.0244444
0.0363503,0.0222222
0.0363867,0.0377778
0.0364231,0.0244444
0.0364595,0.0422222
0.036496,0.0355556
0.0365325,0.0311111
0.036569,0.0266667
0.0366056,0.04
0.0366422,0.04
0.0366788,0.0311111
0.0367155,0.0355556
0.0367522,0.0444444
0.036789,0.0444444
0.0368257,0.0355556
0.0368626,0.0377778
0.0368994,0.0266667
0.0369363,0.04
0.0369733,0.0377778
0.0370102,0.0444444
0.0370473,0.02
0.0370843,0.0377778
0.0371214,0.0266667
0.0371585,0.0444444
0.0371957,0.0333333
0.0372329,0.0244444
0.0372701,0.0377778
0.0373074,0.0444444
0.0373447,0.0311111
0.037382,0.0288889
0.0374194,0.00888889
0.0374568,0.0488889
0.0374943,0.0155556
0.0375318,0.0311111
0.0375693,0.0288889
0.0376069,0.0266667
0.0376445,0.0355556
0.0376821,0.0288889
0.0377198,0.0333333
0.0377575,0.0311111
0.0377953,0.0422222
0.0378331,0.04
0.0378709,0.0355556
0.0379088,0.0266667
0.0379467,0.04
0.0379846,0.02
0.0380226,0.0377778
0.0380606,0.0377778
0.0380987,0.0311111
0.0381368,0.0222222
0.0381749,0.02
0.0382131,0.0244444
0.0382513,0.04
0.0382896,0.0266667
0.0383279,0.0444444
0.0383662,0.04
0.0384046,0.0355556
0.038443,0.0466667
0.0384814,0.0577778
0.0385199,0.0244444
0.0385584,0.0333333
0.038597,0.0355556
0.0386356,0.0555556
0.0386742,0.04
0.0387129,0.0333333
0.0387516,0.0377778
0.0387903,0.0222222
0.0388291,0.0444444
0.038868,0.0444444
0.0389068,0.0533333
0.0389457,0.04
0.0389847,0.0444444
0.0390237,0.0244444
0.0390627,0.04
0.0391017,0.0333333
0.0391409,0.0422222
0.03918,0.0333333
0.0392192,0.0222222
0.0392584,0.0244444
0.0392977,0.0444444
0.0393369,0.0466667
0.0393763,0.0222222
0.0394157,0.0155556
0.0394551,0.0355556
0.0394945,0.0311111
0.039534,0.0333333
0.0395736,0.04
0.0396131,0.0288889
0.0396527,0.0222222
0.0396924,0.0266667
0.0397321,0.0444444
0.0397718,0.0222222
0.0398116,0.0488889
0.0398514,0.0377778
0.0398913,0.02
0.0399312,0.0222222
0.0399711,0.0488889
0.0400111,0.0444444
0.0400511,0.0244444
0.0400911,0.0511111
0.0401312,0.0311111
0.0401713,0.0266667
0.0402115,0.0422222
0.0402517,0.0377778
0.040292,0.0422222
0.0403323,0.0511111
0.0403726,0.0466667
0.040413,0.0377778
0.0404534,0.0511111
0.0404938,0.0377778
0.0405343,0.0333333
0.0405749,0.0288889
0.0406154,0.0266667
0.0406561,0.0422222
0.0406967,0.0133333
0.0407374,0.0311111
0.0407781,0.04
0.0408189,0.0333333
0.0408597,0.0355556
0.0409006,0.0577778
0.0409415,0.0511111
0.0409824,0.0222222
0.0410234,0.0377778
0.0410644,0.0466667
0.0411055,0.04
0.0411466,0.0288889
0.0411878,0.04
0.041229,0.0422222
0.0412702,0.0288889
0.0413115,0.0333333
0.0413528,0.04
0.0413941,0.0466667
0.0414355,0.0422222
0.0414769,0.0311111
0.0415184,0.0333333
0.0415599,0.0311111
0.0416015,0.0444444
0.0416431,0.0355556
0.0416847,0.04
0.0417264,0.0444444
0.0417682,0.0511111
0.0418099,0.0266667
0.0418517,0.0288889
0.0418936,0.04
0.0419355,0.0377778
0.0419774,0.0444444
0.0420194,0.0266667
0.0420614,0.0177778
0.0421035,0.0533333
0.0421456,0.0311111
0.0421877,0.0466667
0.0422299,0.0377778
0.0422721,0.0311111
0.0423144,0.0466667
0.0423567,0.0355556
0.0423991,0.0133333
0.0424415,0.0288889
0.0424839,0.0222222
0.0425264,0.0222222
0.0425689,0.04
0.0426115,0.0311111
0.0426541,0.0355556
0.0426968,0.0311111
0.0427395,0.04
0.0427822,0.0333333
0.042825,0.0311111
0.0428678,0.0355556
0.0429107,0.02
0.0429536,0.0333333
0.0429965,0.0288889
0.0430395,0.0311111
0.0430826,0.0511111
0.0431257,0.0377778
0.0431688,0.04
0.043212,0.02
0.0432552,0.04
0.0432984,0.0377778
0.0433417,0.04
0.0433851,0.0422222
0.0434285,0.0355556
0.0434719,0.0266667
0.0435154,0.0311111
0.0435589,0.0533333
0.0436024,0.0422222
0.043646,0.0422222
0.0436897,0.0311111
0.0437334,0.0333333
0.0437771,0.0377778
0.0438209,0.0355556
0.0438647,0.0177778
0.0439086,0.0422222
0.0439525,0.0288889
0.0439964,0.0466667
0.0440404,0.06
0.0440845,0.0444444
0.0441285,0.0222222
0.0441727,0.0377778
0.0442168,0.0377778
0.0442611,0.0266667
0.0443053,0.0555556
0.0443496,0.0311111
0.044394,0.0355556
0.0444384,0.02
0.0444828,0.0311111
0.0445273,0.0355556
0.0445718,0.0377778
0.0446164,0.0355556
0.044661,0.0311111
0.0447057,0.0288889
0.0447504,0.0288889
0.0447951,0.04
0.0448399,0.0244444
0.0448848,0.04
0.0449296,0.0266667
0.0449746,0.0355556
0.0450195,0.0377778
0.0450646,0.0222222
0.0451096,0.0355556
0.0451547,0.04
0.0451999,0.0311111
0.0452451,0.0244444
0.0452903,0.0288889
0.0453356,0.0266667
0.045381,0.0222222
0.0454263,0.0222222
0.0454718,0.0444444
0.0455172,0.0266667
0.0455628,0.04
0.0456083,0.0422222
0.0456539,0.04
0.0456996,0.0333333
0.0457453,0.0311111
0.045791,0.0511111
0.0458368,0.0288889
0.0458827,0.0355556
0.0459285,0.0333333
0.0459745,0.0533333
0.0460204,0.0222222
0.0460665,0.0333333
0.0461125,0.0222222
0.0461586,0.0444444
0.0462048,0.0177778
0.046251,0.0377778
0.0462973,0.0244444
0.0463436,0.0444444
0.0463899,0.0288889
0.0464363,0.0266667
0.0464827,0.04
0.0465292,0.0222222
0.0465757,0.0177778
0.0466223,0.04
0.0466689,0.0311111
0.0467156,0.0333333
0.0467623,0.0288889
0.0468091,0.0222222
0.0468559,0.0377778
0.0469027,0.0333333
0.0469497,0.0311111
0.0469966,0.0311111
0.0470436,0.0377778
0.0470906,0.0466667
0.0471377,0.0288889
0.0471849,0.0533333
0.0472321,0.0533333
0.0472793,0.0422222
0.0473266,0.0355556
0.0473739,0.0533333
0.0474213,0.0311111
0.0474687,0.0377778
0.0475162,0.0444444
0.0475637,0.0577778
0.0476112,0.0422222
0.0476588,0.0377778
0.0477065,0.0533333
0.0477542,0.0488889
0.047802,0.04
0.0478498,0.0688889
0.0478976,0.0311111
0.0479455,0.0444444
0.0479935,0.0533333
0.0480415,0.0333333
0.0480895,0.0466667
0.0481376,0.0333333
0.0481857,0.0311111
0.0482339,0.04
0.0482821,0.04
0.0483304,0.0555556
0.0483788,0.0355556
0.0484271,0.0266667
0.0484756,0.0266667
0.048524,0.0355556
0.0485726,0.0288889
0.0486211,0.04
0.0486698,0.0311111
0.0487184,0.0266667
0.0487671,0.04
0.0488159,0.0533333
0.0488647,0.0244444
0.0489136,0.0266667
0.0489625,0.0311111
0.0490115,0.0466667
0.0490605,0.0288889
0.0491095,0.0466667
0.0491586,0.0244444
0.0492078,0.0466667
0.049257,0.0488889
0.0493063,0.0377778
0.0493556,0.0266667
0.0494049,0.0266667
0.0494543,0.04
0.0495038,0.0177778
0.0495533,0.0577778
0.0496029,0.0311111
0.0496525,0.0466667
0.0497021,0.0377778
0.0497518,0.0666667
0.0498016,0.0444444
0.0498514,0.04
0.0499012,0.0288889
0.0499511,0.04
0.0500011,0.0311111
0.0500511,0.0488889
0.0501011,0.0288889
0.0501512,0.0622222
0.0502014,0.0333333
0.0502516,0.0266667
0.0503018,0.04
0.0503521,0.0377778
0.0504025,0.04
0.0504529,0.0311111
0.0505033,0.0444444
0.0505538,0.0444444
0.0506044,0.0288889
0.050655,0.0311111
0.0507056,0.0622222
0.0507564,0.0244444
0.0508071,0.0377778
0.0508579,0.0311111
0.0509088,0.0488889
0.0509597,0.04
0.0510106,0.0333333
0.0510617,0.0488889
0.0511127,0.0333333
0.0511638,0.0333333
0.051215,0.0422222
0.0512662,0.0422222
0.0513175,0.0288889
0.0513688,0.0422222
0.0514202,0.0288889
0.0514716,0.0422222
0.0515231,0.0422222
0.0515746,0.0377778
0.0516261,0.0266667
0.0516778,0.0311111
0.0517295,0.0288889
0.0517812,0.0311111
0.051833,0.0444444
0.0518848,0.0288889
0.0519367,0.0377778
0.0519886,0.0288889
0.0520406,0.0444444
0.0520926,0.04
0.0521447,0.0288889
0.0521969,0.0488889
0.0522491,0.0377778
0.0523013,0.0333333
0.0523536,0.0533333
0.052406,0.04
0.0524584,0.0444444
0.0525109,0.0266667
0.0525634,0.0444444
0.0526159,0.0422222
0.0526685,0.04
0.0527212,0.0155556
0.0527739,0.0444444
0.0528267,0.0555556
0.0528795,0.0377778
0.0529324,0.0488889
0.0529853,0.0355556
0.0530383,0.0377778
0.0530914,0.0377778
0.0531445,0.0244444
0.0531976,0.0377778
0.0532508,0.04
0.0533041,0.0466667
0.0533574,0.0577778
0.0534107,0.0466667
0.0534641,0.0377778
0.0535176,0.0622222
0.0535711,0.0355556
0.0536247,0.0422222
0.0536783,0.0644444
0.053732,0.0555556
0.0537857,0.0355556
0.0538395,0.0466667
0.0538933,0.0377778
0.0539472,0.0466667
0.0540012,0.0577778
0.0540552,0.0444444
0.0541092,0.0244444
0.0541633,0.0288889
0.0542175,0.0488889
0.0542717,0.0466667
0.054326,0.0533333
0.0543803,0.0266667
0.0544347,0.0444444
0.0544891,0.0311111
0.0545436,0.0555556
0.0545982,0.0511111
0.0546528,0.0466667
0.0547074,0.0422222
0.0547621,0.0644444
0.0548169,0.0533333
0.0548717,0.04
0.0549266,0.0333333
0.0549815,0.0377778
0.0550365,0.0555556
0.0550915,0.0444444
0.0551466,0.0377778
0.0552018,0.0422222
0.055257,0.06
0.0553122,0.0555556
0.0553675,0.0444444
0.0554229,0.0466667
0.0554783,0.0466667
0.0555338,0.0422222
0.0555893,0.0555556
0.0556449,0.0444444
0.0557006,0.0644444
0.0557563,0.0244444
0.055812,0.0444444
0.0558678,0.04
0.0559237,0.0244444
0.0559796,0.0422222
0.0560356,0.0511111
0.0560916,0.0733333
0.0561477,0.0377778
0.0562039,0.0311111
0.0562601,0.0266667
0.0563163,0.0222222
0.0563727,0.0622222
0.056429,0.0355556
0.0564855,0.0444444
0.056542,0.0688889
0.0565985,0.0577778
0.0566551,0.0555556
0.0567117,0.0511111
0.0567685,0.0533333
0.0568252,0.0377778
0.0568821,0.04
0.0569389,0.0444444
0.0569959,0.04
0.0570529,0.0444444
0.0571099,0.0666667
0.057167,0.0444444
0.0572242,0.0466667
0.0572814,0.0533333
0.0573387,0.0355556
0.057396,0.0555556
0.0574534,0.0733333
0.0575109,0.0422222
0.0575684,0.04
0.057626,0.0377778
0.0576836,0.0555556
0.0577413,0.0511111
0.057799,0.0533333
0.0578568,0.04
0.0579147,0.0466667
0.0579726,0.0533333
0.0580306,0.0533333
0.0580886,0.0377778
0.0581467,0.0555556
0.0582048,0.0466667
0.058263,0.0422222
0.0583213,0.0355556
0.0583796,0.0511111
0.058438,0.0422222
0.0584964,0.04
0.0585549,0.0377778
0.0586135,0.0488889
0.0586721,0.0377778
0.0587308,0.0555556
0.0587895,0.0577778
0.0588483,0.06
0.0589071,0.0466667
0.0589661,0.0511111
0.059025,0.0422222
0.059084,0.0622222
0.0591431,0.0511111
0.0592023,0.0444444
0.0592615,0.04
0.0593207,0.0644444
0.0593801,0.0377778
0.0594394,0.0511111
0.0594989,0.0444444
0.0595584,0.0422222
0.0596179,0.0488889
0.0596775,0.0511111
0.0597372,0.0577778
0.059797,0.0622222
0.0598568,0.0288889
0.0599166,0.0555556
0.0599765,0.0444444
0.0600365,0.0511111
0.0600965,0.0511111
0.0601566,0.04
0.0602168,0.0644444
0.060277,0.0377778
0.0603373,0.0666667
0.0603976,0.0377778
0.060458,0.0533333
0.0605185,0.0711111
0.060579,0.04
0.0606396,0.0488889
0.0607002,0.0555556
0.0607609,0.0377778
0.0608217,0.0488889
0.0608825,0.0644444
0.0609434,0.0466667
0.0610043,0.0577778
0.0610653,0.0622222
0.0611264,0.0555556
0.0611875,0.0511111
0.0612487,0.0666667
0.06131,0.0422222
0.0613713,0.0466667
0.0614326,0.0533333
0.0614941,0.0533333
0.0615556,0.0533333
0.0616171,0.0488889
0.0616787,0.0644444
0.0617404,0.0444444
0.0618022,0.0377778
0.061864,0.0422222
0.0619258,0.0488889
0.0619878,0.0555556
0.0620497,0.0511111
0.0621118,0.0577778
0.0621739,0.0444444
0.0622361,0.06
0.0622983,0.04
0.0623606,0.0466667
0.062423,0.0444444
0.0624854,0.04
0.0625479,0.0355556
0.0626104,0.0511111
0.062673,0.0733333
0.0627357,0.0555556
0.0627984,0.0311111
0.0628612,0.0555556
0.0629241,0.0622222
0.062987,0.0844444
0.06305,0.0688889
0.0631131,0.0422222
0.0631762,0.0577778
0.0632394,0.0688889
0.0633026,0.0577778
0.0633659,0.0466667
0.0634293,0.0622222
0.0634927,0.0444444
0.0635562,0.0355556
0.0636197,0.06
0.0636834,0.0488889
0.063747,0.0444444
0.0638108,0.0266667
0.0638746,0.0466667
0.0639385,0.06
0.0640024,0.0555556
0.0640664,0.0711111
0.0641305,0.0644444
0.0641946,0.0355556
0.0642588,0.0644444
0.0643231,0.0488889
0.0643874,0.0511111
0.0644518,0.0666667
0.0645162,0.06
0.0645808,0.0444444
0.0646453,0.0511111
0.06471,0.0688889
0.0647747,0.0488889
0.0648395,0.04
0.0649043,0.0622222
0.0649692,0.0422222
0.0650342,0.0711111
0.0650992,0.0377778
0.0651643,0.0466667
0.0652295,0.0511111
0.0652947,0.0666667
0.06536,0.0644444
0.0654254,0.0488889
0.0654908,0.0466667
0.0655563,0.0666667
0.0656218,0.0666667
0.0656875,0.0511111
0.0657531,0.0466667
0.0658189,0.0755556
0.0658847,0.0577778
0.0659506,0.0355556
0.0660165,0.0577778
0.0660826,0.0422222
0.0661486,0.0355556
0.0662148,0.0644444
0.066281,0.0577778
0.0663473,0.0533333
0.0664136,0.06
0.06648,0.0777778
0.0665465,0.0488889
0.0666131,0.0511111
0.0666797,0.0666667
0.0667464,0.0555556
0.0668131,0.0511111
0.0668799,0.0466667
0.0669468,0.0555556
0.0670138,0.0466667
0.0670808,0.0511111
0.0671478,0.0555556
0.067215,0.0577778
0.0672822,0.0533333
0.0673495,0.0511111
0.0674168,0.0577778
0.0674843,0.0533333
0.0675517,0.0777778
0.0676193,0.04
0.0676869,0.0533333
0.0677546,0.0422222
0.0678224,0.0688889
0.0678902,0.04
0.0679581,0.0466667
0.068026,0.0533333
0.0680941,0.0577778
0.0681621,0.0688889
0.0682303,0.0511111
0.0682985,0.0733333
0.0683668,0.0577778
0.0684352,0.0755556
0.0685036,0.0622222
0.0685721,0.0622222
0.0686407,0.0488889
0.0687094,0.0711111
0.0687781,0.0688889
0.0688468,0.0511111
0.0689157,0.0622222
0.0689846,0.0666667
0.0690536,0.06
0.0691226,0.0622222
0.0691918,0.0644444
0.069261,0.0644444
0.0693302,0.0422222
0.0693996,0.0711111
0.069469,0.06
0.0695384,0.08
0.069608,0.0577778
0.0696776,0.0622222
0.0697472,0.0444444
0.069817,0.0688889
0.0698868,0.0377778
0.0699567,0.0733333
0.0700267,0.0666667
0.0700967,0.0711111
0.0701668,0.0488889
0.0702369,0.06
0.0703072,0.0533333
0.0703775,0.0733333
0.0704479,0.04
0.0705183,0.0466667
0.0705888,0.0777778
0.0706594,0.0711111
0.0707301,0.0488889
0.0708008,0.0555556
0.0708716,0.0533333
0.0709425,0.0688889
0.0710134,0.0488889
0.0710844,0.0777778
0.0711555,0.0866667
0.0712267,0.0666667
0.0712979,0.0466667
0.0713692,0.0533333
0.0714406,0.0577778
0.071512,0.0577778
0.0715835,0.08
0.0716551,0.0577778
0.0717268,0.0733333
0.0717985,0.08
0.0718703,0.06
0.0719422,0.08
0.0720141,0.06
0.0720861,0.0533333
0.0721582,0.0844444
0.0722304,0.04
0.0723026,0.0777778
0.0723749,0.0533333
0.0724473,0.0511111
0.0725197,0.0577778
0.0725922,0.0866667
0.0726648,0.0333333
0.0727375,0.06
0.0728102,0.0733333
0.072883,0.08
0.0729559,0.0533333
0.0730289,0.0577778
0.0731019,0.06
0.073175,0.08
0.0732482,0.0511111
0.0733214,0.0511111
0.0733948,0.08
0.0734681,0.0666667
0.0735416,0.0733333
0.0736152,0.0511111
0.0736888,0.0577778
0.0737625,0.0755556
0.0738362,0.0688889
0.0739101,0.0777778
0.073984,0.08
0.074058,0.0866667
0.074132,0.06
0.0742061,0.0533333
0.0742803,0.0755556
0.0743546,0.0488889
0.074429,0.0488889
0.0745034,0.0533333
0.0745779,0.0711111
0.0746525,0.0911111
0.0747271,0.0711111
0.0748019,0.0755556
0.0748767,0.06
0.0749516,0.0577778
0.0750265,0.0422222
0.0751015,0.0777778
0.0751766,0.0733333
0.0752518,0.0644444
0.0753271,0.0444444
0.0754024,0.0644444
0.0754778,0.0711111
0.0755533,0.0777778
0.0756288,0.0711111
0.0757044,0.0733333
0.0757802,0.0422222
0.0758559,0.0888889
0.0759318,0.0555556
0.0760077,0.0733333
0.0760837,0.06
0.0761598,0.06
0.076236,0.0644444
0.0763122,0.0577778
0.0763885,0.0533333
0.0764649,0.0688889
0.0765414,0.0711111
0.0766179,0.0777778
0.0766945,0.0622222
0.0767712,0.0577778
0.076848,0.0644444
0.0769248,0.0777778
0.0770018,0.0711111
0.0770788,0.06
0.0771559,0.0533333
0.077233,0.0733333
0.0773102,0.0533333
0.0773876,0.0622222
0.0774649,0.06
0.0775424,0.0911111
0.0776199,0.06
0.0776976,0.0577778
0.0777753,0.0888889
0.077853,0.0866667
0.0779309,0.0777778
0.0780088,0.08
0.0780868,0.0755556
0.0781649,0.0755556
0.0782431,0.0666667
0.0783213,0.06
0.0783996,0.0711111
0.078478,0.0666667
0.0785565,0.06
0.0786351,0.0511111
0.0787137,0.0688889
0.0787924,0.0822222
0.0788712,0.0688889
0.0789501,0.0822222
0.079029,0.0733333
0.0791081,0.06
0.0791872,0.0555556
0.0792664,0.0533333
0.0793456,0.06
0.079425,0.06
0.0795044,0.0822222
0.0795839,0.0622222
0.0796635,0.0622222
0.0797432,0.0711111
0.0798229,0.0666667
0.0799027,0.0666667
0.0799826,0.0622222
0.0800626,0.0733333
0.0801427,0.0844444
0.0802228,0.0666667
0.080303,0.0822222
0.0803833,0.0711111
0.0804637,0.0533333
0.0805442,0.0755556
0.0806247,0.0733333
0.0807054,0.0555556
0.0807861,0.08
0.0808668,0.0644444
0.0809477,0.0511111
0.0810287,0.0644444
0.0811097,0.0977778
0.0811908,0.08
0.081272,0.0822222
0.0813533,0.0666667
0.0814346,0.0466667
0.0815161,0.08
0.0815976,0.0866667
0.0816792,0.08
0.0817608,0.0666667
0.0818426,0.0555556
0.0819244,0.0622222
0.0820064,0.08
0.0820884,0.0644444
0.0821705,0.08
0.0822526,0.0666667
0.0823349,0.0777778
0.0824172,0.0622222
0.0824996,0.0755556
0.0825821,0.0688889
0.0826647,0.0733333
0.0827474,0.0622222
0.0828301,0.08
0.082913,0.0622222
0.0829959,0.0666667
0.0830789,0.0577778
0.083162,0.0777778
0.0832451,0.104444
0.0833284,0.0822222
0.0834117,0.0688889
0.0834951,0.0622222
0.0835786,0.0866667
0.0836622,0.0777778
0.0837458,0.08
0.0838296,0.0866667
0.0839134,0.08
0.0839973,0.04
0.0840813,0.0666667
0.0841654,0.0822222
0.0842496,0.0711111
0.0843338,0.0577778
0.0844182,0.0711111
0.0845026,0.06
0.0845871,0.0688889
0.0846717,0.0644444
0.0847563,0.0644444
0.0848411,0.08
0.0849259,0.0688889
0.0850109,0.0755556
0.0850959,0.0644444
0.085181,0.06
0.0852661,0.0666667
0.0853514,0.0688889
0.0854368,0.0577778
0.0855222,0.0711111
0.0856077,0.0688889
0.0856933,0.0533333
0.085779,0.0755556
0.0858648,0.0466667
0.0859507,0.0733333
0.0860366,0.0933333
0.0861227,0.0555556
0.0862088,0.0644444
0.086295,0.0777778
0.0863813,0.0622222
0.0864677,0.0733333
0.0865541,0.0622222
0.0866407,0.0822222
0.0867273,0.0755556
0.0868141,0.0466667
0.0869009,0.0777778
0.0869878,0.0755556
0.0870748,0.0711111
0.0871618,0.0622222
0.087249,0.0688889
0.0873362,0.0755556
0.0874236,0.0577778
0.087511,0.0933333
0.0875985,0.1
0.0876861,0.0533333
0.0877738,0.0755556
0.0878616,0.0533333
0.0879494,0.0622222
0.0880374,0.08
0.0881254,0.0622222
0.0882135,0.0511111
0.0883018,0.0555556
0.0883901,0.0466667
0.0884784,0.0644444
0.0885669,0.0488889
0.0886555,0.0688889
0.0887441,0.0666667
0.0888329,0.0955556
0.0889217,0.0733333
0.0890106,0.0888889
0.0890997,0.0733333
0.0891888,0.0688889
0.0892779,0.0666667
0.0893672,0.0688889
0.0894566,0.0666667
0.089546,0.0688889
0.0896356,0.0622222
0.0897252,0.0866667
0.089815,0.0755556
0.0899048,0.0577778
0.0899947,0.0822222
0.0900847,0.104444
0.0901748,0.08
0.0902649,0.0688889
0.0903552,0.0622222
0.0904455,0.0533333
0.090536,0.0688889
0.0906265,0.0711111
0.0907172,0.0577778
0.0908079,0.0711111
0.0908987,0.0555556
0.0909896,0.08
0.0910806,0.08
0.0911717,0.0644444
0.0912628,0.104444
0.0913541,0.0488889
0.0914454,0.0733333
0.0915369,0.0733333
0.0916284,0.0666667
0.0917201,0.0711111
0.0918118,0.0488889
0.0919036,0.0888889
0.0919955,0.0733333
0.0920875,0.0822222
0.0921796,0.0666667
0.0922717,0.0622222
0.092364,0.0688889
0.0924564,0.0666667
0.0925488,0.0711111
0.0926414,0.0555556
0.092734,0.0666667
0.0928268,0.0844444
0.0929196,0.0888889
0.0930125,0.0733333
0.0931055,0.0577778
0.0931986,0.0755556
0.0932918,0.08
0.0933851,0.0311111
0.0934785,0.1
0.093572,0.0644444
0.0936656,0.0755556
0.0937592,0.0888889
0.093853,0.0933333
0.0939468,0.0888889
0.0940408,0.0888889
0.0941348,0.0733333
0.094229,0.0555556
0.0943232,0.0688889
0.0944175,0.0688889
0.0945119,0.0733333
0.0946064,0.0577778
0.094701,0.0866667
0.0947957,0.0866667
0.0948905,0.0822222
0.0949854,0.0577778
0.0950804,0.0666667
0.0951755,0.0422222
0.0952707,0.0666667
0.0953659,0.102222
0.0954613,0.0711111
0.0955568,0.0711111
0.0956523,0.0644444
0.095748,0.0688889
0.0958437,0.0644444
0.0959396,0.0711111
0.0960355,0.0733333
0.0961315,0.0666667
0.0962277,0.0755556
0.0963239,0.0822222
0.0964202,0.0755556
0.0965166,0.08
0.0966132,0.0755556
0.0967098,0.0733333
0.0968065,0.0622222
0.0969033,0.0733333
0.0970002,0.0622222
0.0970972,0.08
0.0971943,0.0622222
0.0972915,0.102222
0.0973888,0.0688889
0.0974862,0.0844444
0.0975837,0.0933333
0.0976812,0.0555556
0.0977789,0.0666667
0.0978767,0.0688889
0.0979746,0.0777778
0.0980726,0.0688889
0.0981706,0.0644444
0.0982688,0.0622222
0.0983671,0.0577778
0.0984654,0.0755556
0.0985639,0.0911111
0.0986625,0.0777778
0.0987611,0.0822222
0.0988599,0.0844444
0.0989587,0.0777778
0.0990577,0.08
0.0991568,0.0822222
0.0992559,0.06
0.0993552,0.108889
0.0994545,0.08
0.099554,0.104444
0.0996535,0.0844444
0.0997532,0.0866667
0.0998529,0.0666667
0.0999528,0.0688889
0.100053,0.0844444
0.100153,0.0555556
0.100253,0.08
0.100353,0.0755556
0.100454,0.0644444
0.100554,0.0644444
0.100655,0.1
0.100755,0.0911111
0.100856,0.0666667
0.100957,0.0666667
0.101058,0.0711111
0.101159,0.0666667
0.10126,0.0733333
0.101361,0.0977778
0.101463,0.0733333
0.101564,0.102222
0.101666,0.0711111
0.101767,0.0777778
0.101869,0.0955556
0.101971,0.0688889
0.102073,0.0688889
0.102175,0.0666667
0.102277,0.0666667
0.102379,0.0733333
0.102482,0.0866667
0.102584,0.0644444
0.102687,0.0711111
0.10279,0.0555556
0.102892,0.08
0.102995,0.08
0.103098,0.0933333
0.103201,0.08
0.103305,0.0866667
0.103408,0.0577778
0.103511,0.0644444
0.103615,0.06
0.103718,0.0866667
0.103822,0.0555556
0.103926,0.0666667
0.10403,0.0555556
0.104134,0.0577778
0.104238,0.08
0.104342,0.0866667
0.104447,0.0733333
0.104551,0.0444444
0.104656,0.0844444
0.10476,0.0688889
0.104865,0.08
0.10497,0.0422222
0.105075,0.0866667
0.10518,0.08
0.105285,0.0711111
0.10539,0.0622222
0.105496,0.0777778
0.105601,0.0711111
0.105707,0.0666667
0.105813,0.0666667
0.105918,0.0777778
0.106024,0.06
0.10613,0.06
0.106236,0.0577778
0.106343,0.0644444
0.106449,0.0622222
0.106556,0.0822222
0.106662,0.0888889
0.106769,0.0688889
0.106875,0.0422222
0.106982,0.08
0.107089,0.0622222
0.107196,0.0533333
0.107304,0.06
0.107411,0.0955556
0.107518,0.0755556
0.107626,0.0911111
0.107733,0.0622222
0.107841,0.0733333
0.107949,0.0688889
0.108057,0.06
0.108165,0.0422222
0.108273,0.0688889
0.108382,0.0844444
0.10849,0.0822222
0.108598,0.0733333
0.108707,0.0622222
0.108816,0.0666667
0.108925,0.06
0.109033,0.0666667
0.109142,0.0844444
0.109252,0.0733333
0.109361,0.0577778
0.10947,0.0733333
0.10958,0.0866667
0.109689,0.0733333
0.109799,0.0577778
0.109909,0.0644444
0.110019,0.0555556
0.110129,0.128889
0.110239,0.0666667
0.110349,0.0733333
0.110459,0.0555556
0.11057,0.0755556
0.11068,0.0866667
0.110791,0.0688889
0.110902,0.0577778
0.111013,0.0733333
0.111124,0.0755556
0.111235,0.0866667
0.111346,0.08
0.111458,0.0844444
0.111569,0.0622222
0.111681,0.08
0.111792,0.0888889
0.111904,0.0533333
0.112016,0.0777778
0.112128,0.0933333
0.11224,0.08
0.112352,0.0688889
0.112465,0.104444
0.112577,0.0844444
0.11269,0.0844444
0.112802,0.0622222
0.112915,0.0755556
0.113028,0.0777778
0.113141,0.0666667
0.113254,0.0844444
0.113368,0.0866667
0.113481,0.0533333
0.113594,0.0755556
0.113708,0.0622222
0.113822,0.0777778
0.113936,0.0511111
0.114049,0.0711111
0.114163,0.0822222
0.114278,0.0911111
0.114392,0.0777778
0.114506,0.0688889
0.114621,0.0711111
0.114735,0.0755556
0.11485,0.0755556
0.114965,0.06
0.11508,0.0822222
0.115195,0.0688889
0.11531,0.0688889
0.115426,0.0533333
0.115541,0.1
0.115657,0.0644444
0.115772,0.1
0.115888,0.0622222
0.116004,0.0733333
0.11612,0.0777778
0.116236,0.0844444
0.116352,0.0644444
0.116469,0.08
0.116585,0.0844444
0.116702,0.0866667
0.116818,0.08
0.116935,0.0866667
0.117052,0.0733333
0.117169,0.0666667
0.117286,0.0622222
0.117404,0.0666667
0.117521,0.0777778
0.117639,0.0844444
0.117756,0.0688889
0.117874,0.0688889
0.117992,0.1
0.11811,0.0555556
0.118228,0.0755556
0.118346,0.08
0.118464,0.0577778
0.118583,0.0666667
0.118702,0.06
0.11882,0.0644444
0.118939,0.0622222
0.119058,0.0711111
0.119177,0.0822222
0.119296,0.0711111
0.119416,0.1
0.119535,0.0422222
0.119654,0.0711111
0.119774,0.0955556
0.119894,0.0888889
0.120014,0.0444444
0.120134,0.0733333
0.120254,0.0488889
0.120374,0.06
0.120495,0.0733333
0.120615,0.0866667
0.120736,0.0866667
0.120856,0.0866667
0.120977,0.0888889
0.121098,0.113333
0.121219,0.0644444
0.121341,0.0977778
0.121462,0.0577778
0.121583,0.0755556
0.121705,0.0933333
0.121827,0.0777778
0.121948,0.0355556
0.12207,0.0622222
0.122192,0.0422222
0.122315,0.0555556
0.122437,0.0622222
0.122559,0.06
0.122682,0.0755556
0.122805,0.0422222
0.122927,0.0911111
0.12305,0.0666667
0.123173,0.0666667
0.123297,0.0622222
0.12342,0.0511111
0.123543,0.0644444
0.123667,0.0755556
0.123791,0.0488889
0.123914,0.0688889
0.124038,0.0822222
0.124162,0.0911111
0.124286,0.0755556
0.124411,0.0866667
0.124535,0.106667
0.12466,0.0577778
0.124784,0.0577778
0.124909,0.0755556
0.125034,0.0622222
0.125159,0.0688889
0.125284,0.0888889
0.12541,0.0666667
0.125535,0.0711111
0.12566,0.06
0.125786,0.0644444
0.125912,0.0755556
0.126038,0.0533333
0.126164,0.0666667
0.12629,0.0777778
0.126416,0.0733333
0.126543,0.0844444
0.126669,0.0377778
0.126796,0.0644444
0.126923,0.0688889
0.12705,0.0666667
0.127177,0.0533333
0.127304,0.0622222
0.127431,0.0666667
0.127559,0.0844444
0.127686,0.0822222
0.127814,0.0888889
0.127942,0.0688889
0.12807,0.0711111
0.128198,0.06
0.128326,0.0711111
0.128454,0.1
0.128583,0.0622222
0.128711,0.0888889
0.12884,0.0555556
0.128969,0.0777778
0.129098,0.0755556
0.129227,0.08
0.129356,0.0688889
0.129485,0.0577778
0.129615,0.0844444
0.129745,0.0511111
0.129874,0.04
0.130004,0.0688889
0.130134,0.0533333
0.130264,0.0666667
0.130395,0.0755556
0.130525,0.0622222
0.130656,0.0666667
0.130786,0.0577778
0.130917,0.0755556
0.131048,0.0577778
0.131179,0.0888889
0.13131,0.0622222
0.131441,0.0622222
0.131573,0.0577778
0.131704,0.0511111
0.131836,0.0711111
0.131968,0.108889
0.1321,0.0644444
0.132232,0.0711111
0.132364,0.0888889
0.132497,0.0844444
0.132629,0.0622222
0.132762,0.0844444
0.132895,0.0422222
0.133027,0.0666667
0.13316,0.0822222
0.133294,0.0888889
0.133427,0.0733333
0.13356,0.0666667
0.133694,0.0622222
0.133828,0.04
0.133961,0.0777778
0.134095,0.0577778
0.134229,0.0577778
0.134364,0.0711111
0.134498,0.0822222
0.134633,0.0711111
0.134767,0.0777778
0.134902,0.0888889
0.135037,0.0755556
0.135172,0.0511111
0.135307,0.08
0.135442,0.0888889
0.135578,0.0822222
0.135713,0.0777778
0.135849,0.0888889
0.135985,0.0844444
0.136121,0.0777778
0.136257,0.0888889
0.136393,0.0755556
0.13653,0.0711111
0.136666,0.0711111
0.136803,0.0533333
0.13694,0.0533333
0.137077,0.0822222
0.137214,0.0733333
0.137351,0.0577778
0.137488,0.0666667
0.137626,0.0533333
0.137763,0.0533333
0.137901,0.0577778
0.138039,0.0622222
0.138177,0.0533333
0.138315,0.0777778
0.138454,0.102222
0.138592,0.0555556
0.138731,0.0488889
0.138869,0.0644444
0.139008,0.0911111
0.139147,0.0555556
0.139286,0.0511111
0.139426,0.0466667
0.139565,0.0733333
0.139705,0.0511111
0.139844,0.0622222
0.139984,0.0666667
0.140124,0.0711111
0.140264,0.0911111
0.140405,0.0888889
0.140545,0.08
0.140686,0.08
0.140826,0.0866667
0.140967,0.0622222
0.141108,0.0711111
0.141249,0.0911111
0.14139,0.1
0.141532,0.0711111
0.141673,0.0933333
0.141815,0.0822222
0.141957,0.0822222
0.142099,0.0933333
0.142241,0.0844444
0.142383,0.0777778
0.142525,0.06
0.142668,0.0533333
0.142811,0.0644444
0.142953,0.0688889
0.143096,0.0777778
0.14324,0.08
0.143383,0.0711111
0.143526,0.06
0.14367,0.102222
0.143813,0.08
0.143957,0.0755556
0.144101,0.0844444
0.144245,0.0888889
0.144389,0.06
0.144534,0.0777778
0.144678,0.0977778
0.144823,0.0488889
0.144968,0.0711111
0.145113,0.0711111
0.145258,0.0711111
0.145403,0.0622222
0.145549,0.0733333
0.145694,0.0933333
0.14584,0.0777778
0.145986,0.08
0.146132,0.06
0.146278,0.06
0.146424,0.0622222
0.146571,0.0755556
0.146717,0.108889
0.146864,0.0777778
0.147011,0.0888889
0.147158,0.08
0.147305,0.0711111
0.147452,0.0777778
0.1476,0.0955556
0.147747,0.0888889
0.147895,0.0822222
0.148043,0.0688889
0.148191,0.0666667
0.148339,0.0711111
0.148487,0.0555556
0.148636,0.0666667
0.148785,0.102222
0.148933,0.06
0.149082,0.0933333
0.149231,0.0688889
0.149381,0.0488889
0.14953,0.06
0.149679,0.06
0.149829,0.0911111
0.149979,0.0622222
0.150129,0.0711111
0.150279,0.102222
0.150429,0.0844444
0.15058,0.102222
0.15073,0.0866667
0.150881,0.0977778
0.151032,0.0822222
0.151183,0.0844444
0.151334,0.0688889
0.151486,0.0866667
0.151637,0.0911111
0.151789,0.0511111
0.15194,0.0644444
0.152092,0.106667
0.152244,0.0755556
0.152397,0.0733333
0.152549,0.0666667
0.152702,0.08
0.152854,0.117778
0.153007,0.111111
0.15316,0.0777778
0.153313,0.0777778
0.153467,0.0755556
0.15362,0.108889
0.153774,0.0933333
0.153928,0.1
0.154081,0.102222
0.154236,0.104444
0.15439,0.0888889
0.154544,0.0822222
0.154699,0.0844444
0.154853,0.0866667
0.155008,0.0822222
0.155163,0.0733333
0.155318,0.113333
0.155474,0.0844444
0.155629,0.0666667
0.155785,0.0688889
0.155941,0.0666667
0.156097,0.0911111
0.156253,0.1
0.156409,0.0777778
0.156565,0.0777778
0.156722,0.0933333
0.156879,0.104444
0.157036,0.0822222
0.157193,0.0844444
0.15735,0.0933333
0.157507,0.0711111
0.157665,0.0933333
0.157822,0.0777778
0.15798,0.0844444
0.158138,0.0911111
0.158296,0.0755556
0.158455,0.0777778
0.158613,0.0822222
0.158772,0.0933333
0.15893,0.0755556
0.159089,0.0533333
0.159248,0.104444
0.159408,0.08
0.159567,0.0888889
0.159727,0.0888889
0.159886,0.115556
0.160046,0.104444
0.160206,0.0755556
0.160366,0.0755556
0.160527,0.0888889
0.160687,0.0666667
0.160848,0.0688889
0.161009,0.0955556
0.16117,0.0688889
0.161331,0.0688889
0.161492,0.0711111
0.161654,0.0666667
0.161816,0.0866667
0.161977,0.0977778
0.162139,0.08
0.162301,0.106667
0.162464,0.0866667
0.162626,0.0866667
0.162789,0.0666667
0.162952,0.0888889
0.163115,0.0888889
0.163278,0.0822222
0.163441,0.0933333
0.163604,0.0933333
0.163768,0.0977778
0.163932,0.0933333
0.164096,0.135556
0.16426,0.0666667
0.164424,0.117778
0.164589,0.0555556
0.164753,0.0755556
0.164918,0.0644444
0.165083,0.08
0.165248,0.104444
0.165413,0.08
0.165579,0.102222
0.165744,0.0911111
0.16591,0.0822222
0.166076,0.08
0.166242,0.0822222
0.166408,0.106667
0.166575,0.106667
0.166741,0.104444
0.166908,0.0933333
0.167075,0.0688889
0.167242,0.1
0.167409,0.0666667
0.167576,0.113333
0.167744,0.108889
0.167912,0.0622222
0.16808,0.0711111
0.168248,0.0933333
0.168416,0.0777778
0.168584,0.08
0.168753,0.0666667
0.168922,0.0822222
0.169091,0.0955556
0.16926,0.0688889
0.169429,0.117778
0.169598,0.0933333
0.169768,0.0688889
0.169938,0.128889
0.170108,0.08
0.170278,0.0711111
0.170448,0.1
0.170619,0.115556
0.170789,0.111111
0.17096,0.0777778
0.171131,0.104444
0.171302,0.0822222
0.171473,0.104444
0.171645,0.108889
0.171817,0.104444
0.171988,0.0911111
0.17216,0.0866667
0.172332,0.0755556
0.172505,0.0644444
0.172677,0.0866667
0.17285,0.08
0.173023,0.0888889
0.173196,0.0755556
0.173369,0.111111
0.173542,0.0866667
0.173716,0.0844444
0.17389,0.106667
0.174064,0.12
0.174238,0.0844444
0.174412,0.0955556
0.174586,0.0888889
0.174761,0.108889
0.174936,0.0666667
0.175111,0.0977778
0.175286,0.115556
0.175461,0.111111
0.175636,0.113333
0.175812,0.128889
0.175988,0.102222
0.176164,0.133333
0.17634,0.0888889
0.176516,0.0977778
0.176693,0.102222
0.17687,0.0955556
0.177046,0.1
0.177224,0.0933333
0.177401,0.0955556
0.177578,0.0911111
0.177756,0.1
0.177933,0.102222
0.178111,0.0666667
0.17829,0.14
0.178468,0.0711111
0.178646,0.0844444
0.178825,0.133333
0.179004,0.122222
0.179183,0.1
0.179362,0.0777778
0.179541,0.106667
0.179721,0.133333
0.179901,0.102222
0.18008,0.0977778
0.180261,0.1
0.180441,0.0844444
0.180621,0.1
0.180802,0.104444
0.180983,0.111111
0.181164,0.0933333
0.181345,0.102222
0.181526,0.0911111
0.181708,0.0977778
0.181889,0.14
0.182071,0.0933333
0.182253,0.124444
0.182436,0.1
0.182618,0.08
0.182801,0.14
0.182983,0.111111
0.183166,0.0844444
0.18335,0.0888889
0.183533,0.0955556
0.183716,0.117778
0.1839,0.0911111
0.184084,0.108889
0.184268,0.117778
0.184452,0.113333
0.184637,0.0733333
0.184822,0.117778
0.185006,0.0955556
0.185191,0.104444
0.185377,0.0955556
0.185562,0.117778
0.185748,0.113333
0.185933,0.102222
0.186119,0.126667
0.186305,0.104444
0.186492,0.0866667
0.186678,0.102222
0.186865,0.115556
0.187052,0.131111
0.187239,0.0955556
0.187426,0.111111
0.187613,0.0866667
0.187801,0.106667
0.187989,0.113333
0.188177,0.104444
0.188365,0.122222
0.188553,0.08
0.188742,0.0866667
0.188931,0.08
0.18912,0.117778
0.189309,0.111111
0.189498,0.108889
0.189687,0.0933333
0.189877,0.0955556
0.190067,0.122222
0.190257,0.108889
0.190447,0.0955556
0.190638,0.106667
0.190828,0.0711111
0.191019,0.0911111
0.19121,0.111111
0.191401,0.108889
0.191593,0.104444
0.191784,0.106667
0.191976,0.113333
0.192168,0.108889
0.19236,0.0866667
0.192553,0.12
0.192745,0.111111
0.192938,0.135556
0.193131,0.117778
0.193324,0.113333
0.193517,0.0911111
0.193711,0.115556
0.193905,0.0933333
0.194099,0.14
0.194293,0.122222
0.194487,0.128889
0.194681,0.122222
0.194876,0.111111
0.195071,0.111111
0.195266,0.102222
0.195461,0.113333
0.195657,0.1
0.195852,0.126667
0.196048,0.128889
0.196244,0.0933333
0.196441,0.0933333
0.196637,0.108889
0.196834,0.0911111
0.197031,0.0755556
0.197228,0.137778
0.197425,0.0911111
0.197622,0.117778
0.19782,0.113333
0.198018,0.115556
0.198216,0.0933333
0.198414,0.0933333
0.198612,0.128889
0.198811,0.115556
0.19901,0.1
0.199209,0.117778
0.199408,0.117778
0.199607,0.166667
0.199807,0.0888889
0.200007,0.111111
0.200207,0.131111
0.200407,0.126667
0.200607,0.104444
0.200808,0.102222
0.201009,0.0977778
0.20121,0.102222
0.201411,0.128889
0.201612,0.108889
0.201814,0.157778
0.202016,0.117778
0.202218,0.106667
0.20242,0.137778
0.202623,0.131111
0.202825,0.102222
0.203028,0.113333
0.203231,0.122222
0.203434,0.133333
0.203638,0.122222
0.203841,0.108889
0.204045,0.115556
0.204249,0.128889
0.204453,0.131111
0.204658,0.133333
0.204863,0.0844444
0.205067,0.135556
0.205272,0.106667
0.205478,0.115556
0.205683,0.117778
0.205889,0.106667
0.206095,0.115556
0.206301,0.106667
0.206507,0.0955556
0.206714,0.131111
0.20692,0.124444
0.207127,0.115556
0.207334,0.16
0.207542,0.126667
0.207749,0.113333
0.207957,0.0866667
0.208165,0.111111
0.208373,0.113333
0.208582,0.102222
0.20879,0.1
0.208999,0.117778
0.209208,0.128889
0.209417,0.0911111
0.209627,0.115556
0.209836,0.106667
0.210046,0.133333
0.210256,0.0955556
0.210466,0.142222
0.210677,0.122222
0.210887,0.0977778
0.211098,0.168889
0.211309,0.126667
0.211521,0.106667
0.211732,0.115556
0.211944,0.108889
0.212156,0.122222
0.212368,0.135556
0.212581,0.113333
0.212793,0.144444
0.213006,0.151111
0.213219,0.108889
0.213432,0.124444
0.213646,0.162222
0.213859,0.126667
0.214073,0.117778
0.214287,0.115556
0.214501,0.117778
0.214716,0.14
0.214931,0.106667
0.215146,0.111111
0.215361,0.155556
0.215576,0.126667
0.215792,0.133333
0.216007,0.142222
0.216223,0.131111
0.21644,0.122222
0.216656,0.0977778
0.216873,0.137778
0.21709,0.1
0.217307,0.111111
0.217524,0.14
0.217742,0.102222
0.217959,0.126667
0.218177,0.106667
0.218395,0.148889
0.218614,0.162222
0.218832,0.142222
0.219051,0.137778
0.21927,0.12
0.21949,0.142222
0.219709,0.106667
0.219929,0.131111
0.220149,0.135556
0.220369,0.14
0.220589,0.148889
0.22081,0.106667
0.221031,0.126667
0.221252,0.126667
0.221473,0.117778
0.221694,0.133333
0.221916,0.131111
0.222138,0.113333
0.22236,0.151111
0.222582,0.131111
0.222805,0.117778
0.223028,0.14
0.223251,0.124444
0.223474,0.162222
0.223698,0.146667
0.223921,0.115556
0.224145,0.135556
0.224369,0.151111
0.224594,0.135556
0.224818,0.164444
0.225043,0.148889
0.225268,0.12
0.225493,0.137778
0.225719,0.128889
0.225945,0.16
0.226171,0.144444
0.226397,0.135556
0.226623,0.126667
0.22685,0.133333
0.227077,0.144444
0.227304,0.135556
0.227531,0.12
0.227759,0.137778
0.227986,0.153333
0.228214,0.108889
0.228443,0.115556
0.228671,0.148889
0.2289,0.126667
0.229129,0.153333
0.229358,0.157778
0.229587,0.113333
0.229817,0.128889
0.230046,0.117778
0.230277,0.113333
0.230507,0.146667
0.230737,0.131111
0.230968,0.14
0.231199,0.131111
0.23143,0.146667
0.231662,0.122222
0.231893,0.113333
0.232125,0.131111
0.232357,0.16
0.23259,0.124444
0.232822,0.122222
0.233055,0.144444
0.233288,0.137778
0.233521,0.128889
0.233755,0.148889
0.233989,0.16
0.234223,0.142222
0.234457,0.157778
0.234691,0.113333
0.234926,0.148889
0.235161,0.122222
0.235396,0.124444
0.235632,0.14
0.235867,0.151111
0.236103,0.151111
0.236339,0.144444
0.236575,0.146667
0.236812,0.14
0.237049,0.124444
0.237286,0.117778
0.237523,0.162222
0.237761,0.126667
0.237998,0.146667
0.238236,0.146667
0.238475,0.157778
0.238713,0.126667
0.238952,0.142222
0.239191,0.151111
0.23943,0.148889
0.239669,0.157778
0.239909,0.144444
0.240149,0.14
0.240389,0.151111
0.24063,0.133333
0.24087,0.117778
0.241111,0.166667
0.241352,0.14
0.241594,0.157778
0.241835,0.126667
0.242077,0.102222
0.242319,0.168889
0.242561,0.122222
0.242804,0.115556
0.243047,0.117778
0.24329,0.115556
0.243533,0.117778
0.243777,0.124444
0.24402,0.144444
0.244264,0.148889
0.244509,0.142222
0.244753,0.126667
0.244998,0.111111
0.245243,0.146667
0.245488,0.106667
0.245734,0.18
0.245979,0.14
0.246225,0.128889
0.246472,0.131111
0.246718,0.162222
0.246965,0.137778
0.247212,0.155556
0.247459,0.128889
0.247706,0.14
0.247954,0.128889
0.248202,0.155556
0.24845,0.164444
0.248699,0.14
0.248947,0.135556
0.249196,0.126667
0.249446,0.155556
0.249695,0.16
0.249945,0.128889
0.250195,0.133333
0.250445,0.117778
0.250695,0.153333
0.250946,0.117778
0.251197,0.151111
0.251448,0.142222
0.2517,0.182222
0.251951,0.142222
0.252203,0.151111
0.252455,0.168889
0.252708,0.133333
0.252961,0.142222
0.253214,0.148889
0.253467,0.142222
0.25372,0.124444
0.253974,0.142222
0.254228,0.113333
0.254482,0.137778
0.254737,0.184444
0.254991,0.146667
0.255246,0.117778
0.255502,0.173333
0.255757,0.133333
0.256013,0.128889
0.256269,0.144444
0.256525,0.146667
0.256782,0.155556
0.257038,0.168889
0.257296,0.137778
0.257553,0.16
0.25781,0.144444
0.258068,0.166667
0.258326,0.122222
0.258585,0.151111
0.258843,0.126667
0.259102,0.128889
0.259361,0.108889
0.25962,0.12
0.25988,0.133333
0.26014,0.14
0.2604,0.166667
0.260661,0.16
0.260921,0.131111
0.261182,0.155556
0.261443,0.128889
0.261705,0.137778
0.261966,0.155556
0.262228,0.115556
0.262491,0.133333
0.262753,0.151111
0.263016,0.113333
0.263279,0.108889
0.263542,0.151111
0.263806,0.155556
0.26407,0.153333
0.264334,0.16
0.264598,0.157778
0.264863,0.146667
0.265127,0.148889
0.265392,0.131111
0.265658,0.124444
0.265924,0.126667
0.266189,0.144444
0.266456,0.131111
0.266722,0.135556
0.266989,0.151111
0.267256,0.157778
0.267523,0.131111
0.267791,0.12
0.268058,0.148889
0.268326,0.144444
0.268595,0.128889
0.268863,0.146667
0.269132,0.135556
0.269401,0.137778
0.269671,0.126667
0.26994,0.164444
0.27021,0.12
0.270481,0.144444
0.270751,0.124444
0.271022,0.137778
0.271293,0.144444
0.271564,0.157778
0.271836,0.173333
0.272108,0.16
0.27238,0.151111
0.272652,0.142222
0.272925,0.126667
0.273198,0.146667
0.273471,0.14
0.273744,0.133333
0.274018,0.155556
0.274292,0.151111
0.274566,0.168889
0.274841,0.135556
0.275116,0.128889
0.275391,0.104444
0.275666,0.157778
0.275942,0.144444
0.276218,0.173333
0.276494,0.151111
0.276771,0.137778
0.277047,0.146667
0.277324,0.137778
0.277602,0.16
0.277879,0.131111
0.278157,0.155556
0.278435,0.133333
0.278714,0.157778
0.278992,0.137778
0.279271,0.122222
0.279551,0.142222
0.27983,0.153333
0.28011,0.14
0.28039,0.126667
0.280671,0.166667
0.280951,0.164444
0.281232,0.122222
0.281513,0.148889
0.281795,0.128889
0.282077,0.142222
0.282359,0.148889
0.282641,0.155556
0.282924,0.148889
0.283207,0.137778
0.28349,0.148889
0.283773,0.146667
0.284057,0.16
0.284341,0.135556
0.284626,0.151111
0.28491,0.124444
0.285195,0.108889
0.28548,0.146667
0.285766,0.131111
0.286052,0.111111
0.286338,0.131111
0.286624,0.135556
0.286911,0.128889
0.287198,0.148889
0.287485,0.148889
0.287772,0.124444
0.28806,0.131111
0.288348,0.155556
0.288636,0.171111
0.288925,0.157778
0.289214,0.14
0.289503,0.155556
0.289793,0.151111
0.290083,0.131111
0.290373,0.126667
0.290663,0.14
0.290954,0.128889
0.291245,0.164444
0.291536,0.131111
0.291827,0.115556
0.292119,0.148889
0.292411,0.155556
0.292704,0.128889
0.292996,0.12
0.293289,0.128889
0.293583,0.133333
0.293876,0.142222
0.29417,0.131111
0.294464,0.142222
0.294759,0.146667
0.295054,0.162222
0.295349,0.173333
0.295644,0.14
0.29594,0.164444
0.296236,0.155556
0.296532,0.166667
0.296828,0.117778
0.297125,0.146667
0.297422,0.153333
0.29772,0.106667
0.298017,0.12
0.298315,0.146667
0.298614,0.164444
0.298912,0.137778
0.299211,0.106667
0.29951,0.133333
0.29981,0.122222
0.30011,0.155556
0.30041,0.166667
0.30071,0.144444
0.301011,0.153333
0.301312,0.131111
0.301613,0.175556
0.301915,0.175556
0.302217,0.14
0.302519,0.142222
0.302822,0.148889
0.303124,0.171111
0.303428,0.146667
0.303731,0.12
0.304035,0.164444
0.304339,0.148889
0.304643,0.135556
0.304948,0.111111
0.305253,0.126667
0.305558,0.137778
0.305863,0.151111
0.306169,0.0911111
0.306476,0.102222
0.306782,0.155556
0.307089,0.157778
0.307396,0.157778
0.307703,0.14
0.308011,0.168889
0.308319,0.177778
0.308627,0.148889
0.308936,0.14
0.309245,0.153333
0.309554,0.168889
0.309864,0.164444
0.310174,0.122222
0.310484,0.157778
0.310794,0.14
0.311105,0.14
0.311416,0.122222
0.311728,0.131111
0.312039,0.16
0.312351,0.157778
0.312664,0.137778
0.312976,0.155556
0.313289,0.153333
0.313603,0.166667
0.313916,0.124444
0.31423,0.133333
0.314544,0.128889
0.314859,0.184444
0.315174,0.157778
0.315489,0.148889
0.315804,0.122222
0.31612,0.146667
0.316436,0.148889
0.316753,0.133333
0.317069,0.14
0.317387,0.135556
0.317704,0.148889
0.318022,0.157778
0.31834,0.148889
0.318658,0.144444
0.318977,0.162222
0.319296,0.12
0.319615,0.137778
0.319935,0.144444
0.320254,0.126667
0.320575,0.122222
0.320895,0.144444
0.321216,0.184444
0.321537,0.146667
0.321859,0.137778
0.322181,0.135556
0.322503,0.175556
0.322825,0.131111
0.323148,0.155556
0.323471,0.188889
0.323795,0.144444
0.324119,0.155556
0.324443,0.157778
0.324767,0.115556
0.325092,0.157778
0.325417,0.146667
0.325743,0.16
0.326068,0.153333
0.326394,0.142222
0.326721,0.135556
0.327048,0.137778
0.327375,0.131111
0.327702,0.195556
0.32803,0.135556
0.328358,0.135556
0.328686,0.166667
0.329015,0.113333
0.329344,0.14
0.329673,0.164444
0.330003,0.157778
0.330333,0.117778
0.330663,0.115556
0.330994,0.186667
0.331325,0.117778
0.331656,0.133333
0.331988,0.148889
0.33232,0.0933333
0.332652,0.151111
0.332985,0.126667
0.333318,0.128889
0.333651,0.162222
0.333985,0.102222
0.334319,0.155556
0.334653,0.162222
0.334988,0.144444
0.335323,0.144444
0.335658,0.146667
0.335994,0.168889
0.33633,0.135556
0.336666,0.122222
0.337003,0.146667
0.33734,0.12
0.337677,0.135556
0.338015,0.164444
0.338353,0.151111
0.338691,0.168889
0.33903,0.135556
0.339369,0.153333
0.339708,0.155556
0.340048,0.173333
0.340388,0.12
0.340728,0.144444
0.341069,0.104444
0.34141,0.155556
0.341751,0.146667
0.342093,0.157778
0.342435,0.12
0.342778,0.144444
0.34312,0.124444
0.343464,0.173333
0.343807,0.171111
0.344151,0.137778
0.344495,0.162222
0.344839,0.16
0.345184,0.131111
0.345529,0.162222
0.345875,0.117778
0.346221,0.131111
0.346567,0.133333
0.346914,0.144444
0.347261,0.162222
0.347608,0.146667
0.347955,0.117778
0.348303,0.135556
0.348652,0.164444
0.349,0.142222
0.349349,0.111111
0.349699,0.171111
0.350048,0.133333
0.350398,0.175556
0.350749,0.168889
0.3511,0.135556
0.351451,0.124444
0.351802,0.126667
0.352154,0.157778
0.352506,0.171111
0.352859,0.133333
0.353211,0.14
0.353565,0.146667
0.353918,0.168889
0.354272,0.142222
0.354626,0.171111
0.354981,0.168889
0.355336,0.144444
0.355691,0.135556
0.356047,0.137778
0.356403,0.168889
0.35676,0.135556
0.357116,0.131111
0.357473,0.128889
0.357831,0.133333
0.358189,0.0911111
0.358547,0.131111
0.358905,0.153333
0.359264,0.164444
0.359624,0.168889
0.359983,0.162222
0.360343,0.162222
0.360704,0.146667
0.361064,0.135556
0.361425,0.188889
0.361787,0.164444
0.362149,0.128889
0.362511,0.104444
0.362873,0.128889
0.363236,0.128889
0.363599,0.153333
0.363963,0.168889
0.364327,0.14
0.364691,0.177778
0.365056,0.171111
0.365421,0.148889
0.365786,0.1
0.366152,0.122222
0.366518,0.151111
0.366885,0.115556
0.367252,0.131111
0.367619,0.113333
0.367987,0.157778
0.368355,0.137778
0.368723,0.108889
0.369092,0.104444
0.369461,0.151111
0.36983,0.142222
0.3702,0.175556
0.37057,0.12
0.370941,0.142222
0.371312,0.117778
0.371683,0.173333
0.372055,0.128889
0.372427,0.151111
0.372799,0.124444
0.373172,0.131111
0.373545,0.133333
0.373919,0.153333
0.374293,0.126667
0.374667,0.144444
0.375042,0.146667
0.375417,0.146667
0.375792,0.197778
0.376168,0.142222
0.376544,0.144444
0.376921,0.151111
0.377297,0.175556
0.377675,0.144444
0.378052,0.153333
0.378431,0.148889
0.378809,0.102222
0.379188,0.131111
0.379567,0.18
0.379947,0.122222
0.380326,0.148889
0.380707,0.126667
0.381087,0.126667
0.381469,0.171111
0.38185,0.171111
0.382232,0.142222
0.382614,0.155556
0.382997,0.1
0.38338,0.164444
0.383763,0.144444
0.384147,0.137778
0.384531,0.182222
0.384916,0.131111
0.3853,0.146667
0.385686,0.148889
0.386071,0.137778
0.386458,0.153333
0.386844,0.133333
0.387231,0.162222
0.387618,0.153333
0.388006,0.148889
0.388394,0.151111
0.388782,0.142222
0.389171,0.131111
0.38956,0.166667
0.38995,0.18
0.39034,0.117778
0.39073,0.128889
0.391121,0.133333
0.391512,0.14
0.391903,0.122222
0.392295,0.115556
0.392687,0.142222
0.39308,0.08
0.393473,0.122222
0.393867,0.135556
0.394261,0.124444
0.394655,0.168889
0.395049,0.153333
0.395445,0.184444
0.39584,0.208889
0.396236,0.175556
0.396632,0.148889
0.397029,0.175556
0.397426,0.137778
0.397823,0.153333
0.398221,0.124444
0.398619,0.12
0.399018,0.16
0.399417,0.155556
0.399816,0.182222
0.400216,0.157778
0.400616,0.144444
0.401017,0.155556
0.401418,0.137778
0.401819,0.144444
0.402221,0.173333
0.402623,0.182222
0.403026,0.146667
0.403429,0.108889
0.403832,0.186667
0.404236,0.153333
0.40464,0.131111
0.405045,0.126667
0.40545,0.148889
0.405856,0.208889
0.406261,0.117778
0.406668,0.153333
0.407074,0.16
0.407481,0.113333
0.407889,0.131111
0.408297,0.124444
0.408705,0.144444
0.409114,0.146667
0.409523,0.157778
0.409932,0.133333
0.410342,0.173333
0.410753,0.133333
0.411164,0.124444
0.411575,0.126667
0.411986,0.146667
0.412398,0.12
0.412811,0.122222
0.413223,0.151111
0.413637,0.124444
0.41405,0.111111
0.414464,0.124444
0.414879,0.148889
0.415294,0.184444
0.415709,0.142222
0.416125,0.186667
0.416541,0.193333
0.416957,0.191111
0.417374,0.157778
0.417792,0.151111
0.41821,0.186667
0.418628,0.148889
0.419046,0.182222
0.419465,0.137778
0.419885,0.171111
0.420305,0.122222
0.420725,0.151111
0.421146,0.151111
0.421567,0.168889
0.421988,0.135556
0.42241,0.177778
0.422833,0.153333
0.423256,0.171111
0.423679,0.12
0.424103,0.168889
0.424527,0.142222
0.424951,0.148889
0.425376,0.166667
0.425802,0.104444
0.426227,0.162222
0.426654,0.168889
0.42708,0.173333
0.427507,0.157778
0.427935,0.173333
0.428363,0.155556
0.428791,0.153333
0.42922,0.0955556
0.429649,0.164444
0.430079,0.137778
0.430509,0.135556
0.430939,0.151111
0.43137,0.14
0.431802,0.173333
0.432234,0.171111
0.432666,0.137778
0.433098,0.08
0.433532,0.153333
0.433965,0.155556
0.434399,0.162222
0.434833,0.204444
0.435268,0.124444
0.435704,0.0911111
0.436139,0.153333
0.436575,0.144444
0.437012,0.197778
0.437449,0.162222
0.437886,0.142222
0.438324,0.175556
0.438763,0.151111
0.439201,0.168889
0.439641,0.117778
0.44008,0.151111
0.44052,0.166667
0.440961,0.124444
0.441402,0.148889
0.441843,0.177778
0.442285,0.14
0.442727,0.135556
0.44317,0.182222
0.443613,0.104444
0.444057,0.122222
0.444501,0.113333
0.444945,0.168889
0.44539,0.126667
0.445836,0.173333
0.446282,0.124444
0.446728,0.14
0.447175,0.162222
0.447622,0.188889
0.448069,0.16
0.448517,0.155556
0.448966,0.186667
0.449415,0.12
0.449864,0.175556
0.450314,0.135556
0.450765,0.128889
0.451215,0.115556
0.451666,0.182222
0.452118,0.177778
0.45257,0.204444
0.453023,0.16
0.453476,0.146667
0.453929,0.166667
0.454383,0.146667
0.454838,0.166667
0.455292,0.2
0.455748,0.155556
0.456204,0.184444
0.45666,0.184444
0.457116,0.171111
0.457574,0.151111
0.458031,0.168889
0.458489,0.144444
0.458948,0.186667
0.459407,0.166667
0.459866,0.144444
0.460326,0.168889
0.460786,0.184444
0.461247,0.133333
0.461708,0.157778
0.46217,0.131111
0.462632,0.188889
0.463095,0.18
0.463558,0.146667
0.464021,0.191111
0.464485,0.164444
0.46495,0.175556
0.465415,0.115556
0.46588,0.166667
0.466346,0.206667
0.466812,0.177778
0.467279,0.148889
0.467747,0.144444
0.468214,0.215556
0.468682,0.204444
0.469151,0.222222
0.46962,0.117778
0.47009,0.18
0.47056,0.102222
0.471031,0.157778
0.471502,0.157778
0.471973,0.146667
0.472445,0.171111
0.472918,0.18
0.47339,0.155556
0.473864,0.2
0.474338,0.171111
0.474812,0.153333
0.475287,0.182222
0.475762,0.208889
0.476238,0.166667
0.476714,0.195556
0.477191,0.148889
0.477668,0.126667
0.478146,0.173333
0.478624,0.117778
0.479102,0.162222
0.479582,0.133333
0.480061,0.162222
0.480541,0.186667
0.481022,0.148889
0.481503,0.193333
0.481984,0.182222
0.482466,0.168889
0.482949,0.155556
0.483432,0.191111
0.483915,0.197778
0.484399,0.135556
0.484883,0.155556
0.485368,0.115556
0.485854,0.197778
0.48634,0.195556
0.486826,0.2
0.487313,0.153333
0.4878,0.184444
0.488288,0.155556
0.488776,0.124444
0.489265,0.133333
0.489754,0.191111
0.490244,0.182222
0.490734,0.148889
0.491225,0.142222
0.491716,0.188889
0.492208,0.144444
0.4927,0.193333
0.493193,0.188889
0.493686,0.177778
0.49418,0.191111
0.494674,0.204444
0.495168,0.217778
0.495664,0.16
0.496159,0.197778
0.496655,0.164444
0.497152,0.188889
0.497649,0.213333
0.498147,0.16
0.498645,0.193333
0.499144,0.2
0.499643,0.175556
0.500143,0.14
0.500643,0.177778
0.501143,0.184444
0.501644,0.186667
0.502146,0.151111
0.502648,0.191111
0.503151,0.182222
0.503654,0.168889
0.504158,0.184444
0.504662,0.188889
0.505166,0.177778
0.505672,0.153333
0.506177,0.195556
0.506684,0.224444
0.50719,0.191111
0.507697,0.184444
0.508205,0.155556
0.508713,0.142222
0.509222,0.104444
0.509731,0.171111
0.510241,0.177778
0.510751,0.18
0.511262,0.144444
0.511773,0.22
0.512285,0.2
0.512797,0.173333
0.51331,0.237778
0.513823,0.164444
0.514337,0.177778
0.514852,0.16
0.515366,0.195556
0.515882,0.153333
0.516398,0.22
0.516914,0.148889
0.517431,0.188889
0.517948,0.202222
0.518466,0.18
0.518985,0.16
0.519504,0.171111
0.520023,0.197778
0.520543,0.197778
0.521064,0.202222
0.521585,0.213333
0.522106,0.175556
0.522629,0.257778
0.523151,0.226667
0.523674,0.217778
0.524198,0.175556
0.524722,0.197778
0.525247,0.191111
0.525772,0.213333
0.526298,0.22
0.526824,0.16
0.527351,0.164444
0.527878,0.208889
0.528406,0.204444
0.528935,0.211111
0.529464,0.197778
0.529993,0.206667
0.530523,0.177778
0.531054,0.211111
0.531585,0.155556
0.532116,0.16
0.532648,0.191111
0.533181,0.186667
0.533714,0.222222
0.534248,0.257778
0.534782,0.173333
0.535317,0.211111
0.535852,0.18
0.536388,0.224444
0.536925,0.191111
0.537461,0.233333
0.537999,0.204444
0.538537,0.217778
0.539075,0.188889
0.539615,0.193333
0.540154,0.193333
0.540694,0.197778
0.541235,0.2
0.541776,0.168889
0.542318,0.131111
0.54286,0.231111
0.543403,0.188889
0.543947,0.24
0.544491,0.217778
0.545035,0.2
0.54558,0.197778
0.546126,0.235556
0.546672,0.206667
0.547218,0.208889
0.547766,0.166667
0.548313,0.2
0.548862,0.235556
0.549411,0.22
0.54996,0.186667
0.55051,0.186667
0.55106,0.18
0.551612,0.184444
0.552163,0.222222
0.552715,0.2
0.553268,0.255556
0.553821,0.217778
0.554375,0.208889
0.55493,0.248889
0.555484,0.195556
0.55604,0.193333
0.556596,0.186667
0.557153,0.195556
0.55771,0.151111
0.558267,0.211111
0.558826,0.202222
0.559385,0.248889
0.559944,0.222222
0.560504,0.195556
0.561064,0.202222
0.561625,0.255556
0.562187,0.153333
0.562749,0.215556
0.563312,0.175556
0.563875,0.186667
0.564439,0.235556
0.565004,0.217778
0.565569,0.197778
0.566134,0.233333
0.5667,0.213333
0.567267,0.237778
0.567834,0.204444
0.568402,0.242222
0.568971,0.233333
0.569539,0.233333
0.570109,0.2
0.570679,0.215556
0.57125,0.246667
0.571821,0.235556
0.572393,0.237778
0.572965,0.206667
0.573538,0.262222
0.574112,0.186667
0.574686,0.24
0.575261,0.18
0.575836,0.208889
0.576412,0.268889
0.576988,0.235556
0.577565,0.224444
0.578143,0.213333
0.578721,0.235556
0.5793,0.213333
0.579879,0.204444
0.580459,0.235556
0.581039,0.188889
0.58162,0.242222
0.582202,0.233333
0.582784,0.233333
0.583367,0.206667
0.58395,0.184444
0.584534,0.217778
0.585119,0.226667
0.585704,0.235556
0.586289,0.237778
0.586876,0.233333
0.587463,0.253333
0.58805,0.204444
0.588638,0.244444
0.589227,0.208889
0.589816,0.197778
0.590406,0.237778
0.590996,0.233333
0.591587,0.222222
0.592179,0.253333
0.592771,0.195556
0.593364,0.222222
0.593957,0.228889
0.594551,0.24
0.595146,0.228889
0.595741,0.226667
0.596337,0.206667
0.596933,0.22
0.59753,0.231111
0.598127,0.257778
0.598725,0.268889
0.599324,0.211111
0.599923,0.248889
0.600523,0.231111
0.601124,0.211111
0.601725,0.206667
0.602327,0.213333
0.602929,0.2
0.603532,0.248889
0.604136,0.204444
0.60474,0.255556
0.605344,0.233333
0.60595,0.222222
0.606556,0.246667
0.607162,0.253333
0.607769,0.233333
0.608377,0.24
0.608986,0.222222
0.609595,0.235556
0.610204,0.262222
0.610814,0.251111
0.611425,0.255556
0.612037,0.215556
0.612649,0.224444
0.613261,0.233333
0.613875,0.246667
0.614488,0.224444
0.615103,0.246667
0.615718,0.248889
0.616334,0.231111
0.61695,0.253333
0.617567,0.215556
0.618185,0.286667
0.618803,0.197778
0.619422,0.242222
0.620041,0.235556
0.620661,0.246667
0.621282,0.246667
0.621903,0.268889
0.622525,0.237778
0.623147,0.215556
0.623771,0.264444
0.624394,0.248889
0.625019,0.275556
0.625644,0.213333
0.626269,0.244444
0.626896,0.255556
0.627523,0.222222
0.62815,0.26
0.628778,0.268889
0.629407,0.222222
0.630036,0.253333
0.630666,0.215556
0.631297,0.226667
0.631928,0.226667
0.63256,0.255556
0.633193,0.248889
0.633826,0.248889
0.63446,0.233333
0.635094,0.271111
0.635729,0.253333
0.636365,0.251111
0.637002,0.291111
0.637639,0.257778
0.638276,0.24
0.638915,0.248889
0.639553,0.251111
0.640193,0.237778
0.640833,0.282222
0.641474,0.24
0.642115,0.26
0.642758,0.255556
0.6434,0.231111
0.644044,0.284444
0.644688,0.277778
0.645332,0.22
0.645978,0.273333
0.646624,0.231111
0.64727,0.197778
0.647918,0.202222
0.648566,0.271111
0.649214,0.231111
0.649863,0.242222
0.650513,0.215556
0.651164,0.211111
0.651815,0.213333
0.652467,0.255556
0.653119,0.246667
0.653772,0.253333
0.654426,0.26
0.655081,0.217778
0.655736,0.253333
0.656391,0.266667
0.657048,0.237778
0.657705,0.188889
0.658362,0.253333
0.659021,0.233333
0.65968,0.3
0.66034,0.244444
0.661,0.28
0.661661,0.273333
0.662323,0.266667
0.662985,0.226667
0.663648,0.271111
0.664311,0.26
0.664976,0.242222
0.665641,0.248889
0.666306,0.264444
0.666973,0.288889
0.66764,0.255556
0.668307,0.291111
0.668976,0.284444
0.669645,0.282222
0.670314,0.291111
0.670985,0.237778
0.671656,0.284444
0.672327,0.224444
0.673,0.262222
0.673673,0.262222
0.674346,0.255556
0.675021,0.253333
0.675696,0.291111
0.676371,0.286667
0.677048,0.262222
0.677725,0.275556
0.678402,0.284444
0.679081,0.24
0.67976,0.28
0.68044,0.251111
0.68112,0.271111
0.681801,0.246667
0.682483,0.317778
0.683166,0.233333
0.683849,0.215556
0.684533,0.268889
0.685217,0.231111
0.685902,0.244444
0.686588,0.233333
0.687275,0.268889
0.687962,0.262222
0.68865,0.222222
0.689339,0.28
0.690028,0.266667
0.690718,0.246667
0.691409,0.257778
0.6921,0.264444
0.692792,0.284444
0.693485,0.215556
0.694179,0.302222
0.694873,0.208889
0.695568,0.308889
0.696263,0.3
0.696959,0.28
0.697656,0.253333
0.698354,0.264444
0.699052,0.255556
0.699751,0.288889
0.700451,0.328889
0.701152,0.293333
0.701853,0.242222
0.702555,0.302222
0.703257,0.271111
0.70396,0.244444
0.704664,0.242222
0.705369,0.251111
0.706074,0.275556
0.706781,0.295556
0.707487,0.266667
0.708195,0.295556
0.708903,0.306667
0.709612,0.246667
0.710322,0.233333
0.711032,0.3
0.711743,0.295556
0.712455,0.275556
0.713167,0.248889
0.71388,0.271111
0.714594,0.293333
0.715309,0.273333
0.716024,0.282222
0.71674,0.293333
0.717457,0.302222
0.718174,0.297778
0.718892,0.253333
0.719611,0.293333
0.720331,0.284444
0.721051,0.264444
0.721772,0.271111
0.722494,0.293333
0.723217,0.293333
0.72394,0.28
0.724664,0.255556
0.725388,0.262222
0.726114,0.282222
0.72684,0.286667
0.727567,0.291111
0.728294,0.297778
0.729023,0.273333
0.729752,0.277778
0.730481,0.257778
0.731212,0.284444
0.731943,0.273333
0.732675,0.253333
0.733408,0.237778
0.734141,0.26
0.734875,0.262222
0.73561,0.253333
0.736346,0.242222
0.737082,0.255556
0.737819,0.291111
0.738557,0.26
0.739295,0.297778
0.740035,0.28
0.740775,0.295556
0.741516,0.286667
0.742257,0.302222
0.742999,0.275556
0.743742,0.282222
0.744486,0.32
0.745231,0.235556
0.745976,0.251111
0.746722,0.257778
0.747469,0.264444
0.748216,0.275556
0.748964,0.228889
0.749713,0.275556
0.750463,0.273333
0.751213,0.271111
0.751965,0.291111
0.752717,0.273333
0.753469,0.28
0.754223,0.297778
0.754977,0.264444
0.755732,0.273333
0.756488,0.288889
0.757244,0.277778
0.758001,0.28
0.758759,0.277778
0.759518,0.277778
0.760278,0.268889
0.761038,0.308889
0.761799,0.24
0.762561,0.304444
0.763323,0.262222
0.764087,0.24
0.764851,0.253333
0.765616,0.244444
0.766381,0.242222
0.767148,0.288889
0.767915,0.286667
0.768683,0.313333
0.769451,0.284444
0.770221,0.26
0.770991,0.26
0.771762,0.264444
0.772534,0.288889
0.773306,0.237778
0.77408,0.286667
0.774854,0.268889
0.775629,0.251111
0.776404,0.237778
0.777181,0.288889
0.777958,0.308889
0.778736,0.295556
0.779514,0.291111
0.780294,0.324444
0.781074,0.268889
0.781855,0.228889
0.782637,0.262222
0.78342,0.257778
0.784203,0.293333
0.784987,0.282222
0.785772,0.295556
0.786558,0.275556
0.787345,0.277778
0.788132,0.308889
0.78892,0.224444
0.789709,0.264444
0.790499,0.253333
0.791289,0.308889
0.792081,0.304444
0.792873,0.268889
0.793666,0.251111
0.794459,0.248889
0.795254,0.262222
0.796049,0.295556
0.796845,0.268889
0.797642,0.271111
0.79844,0.297778
0.799238,0.284444
0.800037,0.246667
0.800837,0.302222
0.801638,0.275556
0.80244,0.264444
0.803242,0.231111
0.804045,0.268889
0.804849,0.255556
0.805654,0.242222
0.80646,0.271111
0.807266,0.228889
0.808074,0.273333
0.808882,0.235556
0.809691,0.26
0.8105,0.28
0.811311,0.262222
0.812122,0.262222
0.812934,0.284444
0.813747,0.246667
0.814561,0.293333
0.815375,0.275556
0.816191,0.271111
0.817007,0.304444
0.817824,0.26
0.818642,0.311111
0.819461,0.231111
0.82028,0.304444
0.8211,0.313333
0.821921,0.237778
0.822743,0.297778
0.823566,0.3
0.82439,0.282222
0.825214,0.264444
0.826039,0.253333
0.826865,0.288889
0.827692,0.297778
0.82852,0.257778
0.829348,0.257778
0.830178,0.275556
0.831008,0.291111
0.831839,0.251111
0.832671,0.246667
0.833503,0.26
0.834337,0.26
0.835171,0.271111
0.836006,0.228889
0.836842,0.262222
0.837679,0.262222
0.838517,0.273333
0.839355,0.24
0.840195,0.3
0.841035,0.273333
0.841876,0.3
0.842718,0.302222
0.843561,0.235556
0.844404,0.268889
0.845249,0.242222
0.846094,0.266667
0.84694,0.282222
0.847787,0.24
0.848635,0.337778
0.849483,0.257778
0.850333,0.24
0.851183,0.295556
0.852034,0.253333
0.852886,0.246667
0.853739,0.286667
0.854593,0.28
0.855448,0.266667
0.856303,0.257778
0.857159,0.224444
0.858016,0.275556
0.858874,0.268889
0.859733,0.262222
0.860593,0.242222
0.861454,0.257778
0.862315,0.251111
0.863177,0.28
0.864041,0.262222
0.864905,0.273333
0.86577,0.262222
0.866635,0.237778
0.867502,0.257778
0.868369,0.271111
0.869238,0.275556
0.870107,0.293333
0.870977,0.268889
0.871848,0.291111
0.87272,0.217778
0.873593,0.26
0.874466,0.291111
0.875341,0.264444
0.876216,0.255556
0.877092,0.228889
0.877969,0.257778
0.878847,0.264444
0.879726,0.248889
0.880606,0.286667
0.881487,0.231111
0.882368,0.251111
0.88325,0.24
0.884134,0.215556
0.885018,0.271111
0.885903,0.291111
0.886789,0.246667
0.887676,0.273333
0.888563,0.188889
0.889452,0.271111
0.890341,0.24
0.891232,0.268889
0.892123,0.262222
0.893015,0.266667
0.893908,0.291111
0.894802,0.271111
0.895697,0.255556
0.896592,0.277778
0.897489,0.271111
0.898386,0.217778
0.899285,0.282222
0.900184,0.231111
0.901084,0.268889
0.901985,0.28
0.902887,0.235556
0.90379,0.264444
0.904694,0.275556
0.905599,0.237778
0.906504,0.262222
0.907411,0.246667
0.908318,0.271111
0.909227,0.242222
0.910136,0.248889
0.911046,0.224444
0.911957,0.257778
0.912869,0.237778
0.913782,0.286667
0.914696,0.246667
0.91561,0.271111
0.916526,0.271111
0.917442,0.228889
0.91836,0.235556
0.919278,0.286667
0.920197,0.237778
0.921118,0.251111
0.922039,0.184444
0.922961,0.228889
0.923884,0.266667
0.924808,0.262222
0.925732,0.264444
0.926658,0.164444
0.927585,0.237778
0.928512,0.228889
0.929441,0.22
0.93037,0.233333
0.931301,0.257778
0.932232,0.248889
0.933164,0.282222
0.934097,0.264444
0.935032,0.275556
0.935967,0.242222
0.936903,0.268889
0.937839,0.26
0.938777,0.255556
0.939716,0.253333
0.940656,0.235556
0.941596,0.253333
0.942538,0.251111
0.943481,0.24
0.944424,0.266667
0.945368,0.191111
0.946314,0.193333
0.94726,0.257778
0.948207,0.237778
0.949156,0.284444
0.950105,0.197778
0.951055,0.268889
0.952006,0.22
0.952958,0.177778
0.953911,0.231111
0.954865,0.262222
0.95582,0.217778
0.956776,0.208889
0.957732,0.217778
0.95869,0.228889
0.959649,0.2
0.960608,0.211111
0.961569,0.251111
0.962531,0.264444
0.963493,0.24
0.964457,0.253333
0.965421,0.293333
0.966386,0.24
0.967353,0.253333
0.96832,0.226667
0.969288,0.255556
0.970258,0.228889
0.971228,0.244444
0.972199,0.193333
0.973171,0.217778
0.974145,0.257778
0.975119,0.244444
0.976094,0.251111
0.97707,0.284444
0.978047,0.237778
0.979025,0.291111
0.980004,0.206667
0.980984,0.204444
0.981965,0.268889
0.982947,0.255556
0.98393,0.255556
0.984914,0.251111
0.985899,0.224444
0.986885,0.191111
0.987872,0.251111
0.98886,0.215556
0.989848,0.206667
0.990838,0.208889
0.991829,0.242222
0.992821,0.197778
0.993814,0.253333
0.994808,0.246667
0.995802,0.244444
0.996798,0.222222
0.997795,0.231111
0.998793,0.231111
0.999792,0.208889
