r,theta,mass
0,0,0.00441713
0,0.01,0.00425619
0,0.02,0.00442562
0,0.03,0.00397801
0,0.04,0.00407403
0,0.05,0.00382565
0,0.06,0.00435048
0,0.07,0.00377346
0,0.08,0.00360032
0,0.09,0.00354679
0,0.1,0.00419982
0,0.11,0.00524116
0,0.12,0.00451396
0,0.13,0.00471512
0,0.14,0.0038402
0,0.15,0.00386971
0,0.16,0.00379064
0,0.17,0.00440161
0,0.18,0.00448281
0,0.19,0.00382806
0,0.2,0.00441054
0,0.21,0.00524935
0,0.22,0.00422194
0,0.23,0.00389659
0,0.24,0.00433166
0,0.25,0.00444539
0,0.26,0.0039856
0,0.27,0.00450618
0,0.28,0.00339386
0,0.29,0.00416927
0,0.3,0.00412666
0,0.31,0.00398803
0,0.32,0.00414037
0,0.33,0.00545219
0,0.34,0.0043693
0,0.35,0.00406895
0,0.36,0.00371736
0,0.37,0.00336322
0,0.38,0.00437949
0,0.39,0.00386877
0,0.4,0.00408169
0,0.41,0.00410976
0,0.42,0.00410056
0,0.43,0.00454542
0,0.44,0.00390996
0,0.45,0.00432
0,0.46,0.00358534
0,0.47,0.00507858
0,0.48,0.00442474
0,0.49,0.00438831
0,0.5,0.00465168
0,0.51,0.00409781
0,0.52,0.00361508
0,0.53,0.00354872
0,0.54,0.00449493
0,0.55,0.00388342
0,0.56,0.00363287
0,0.57,0.00491241
0,0.58,0.00366755
0,0.59,0.00382942
0,0.6,0.00439505
0,0.61,0.00356778
0,0.62,0.00327279
0,0.63,0.00440083
0,0.64,0.00438833
0,0.65,0.00322961
0,0.66,0.00361428
0,0.67,0.00458699
0,0.68,0.0052103
0,0.69,0.00460739
0,0.7,0.00345624
0,0.71,0.00461569
0,0.72,0.0045425
0,0.73,0.00414532
0,0.74,0.00396134
0,0.75,0.00444058
0,0.76,0.00422082
0,0.77,0.00369905
0,0.78,0.00378357
0.01,0,0.0042629
0.01,0.01,0.00476535
0.01,0.02,0.00528158
0.01,0.03,0.00491562
0.01,0.04,0.00462839
0.01,0.05,0.00477675
0.01,0.06,0.00484214
0.01,0.07,0.00473067
0.01,0.08,0.00468695
0.01,0.09,0.00496588
0.01,0.1,0.00438051
0.01,0.11,0.00494815
0.01,0.12,0.0045414
0.01,0.13,0.00550198
0.01,0.14,0.00537662
0.01,0.15,0.00444503
0.01,0.16,0.00468312
0.01,0.17,0.00459881
0.01,0.18,0.00537552
0.01,0.19,0.00441961
0.01,0.2,0.00430263
0.01,0.21,0.00477645
0.01,0.22,0.00460208
0.01,0.23,0.00462309
0.01,0.24,0.00589495
0.01,0.25,0.00482731
0.01,0.26,0.00508787
0.01,0.27,0.00420732
0.01,0.28,0.00547905
0.01,0.29,0.00493482
0.01,0.3,0.00532752
0.01,0.31,0.0055352
0.01,0.32,0.0047414
0.01,0.33,0.00471232
0.01,0.34,0.00526912
0.01,0.35,0.00515904
0.01,0.36,0.00604635
0.01,0.37,0.00540659
0.01,0.38,0.00553483
0.01,0.39,0.0047391
0.01,0.4,0.00554898
0.01,0.41,0.004565
0.01,0.42,0.00427453
0.01,0.43,0.00538795
0.01,0.44,0.00593851
0.01,0.45,0.00458121
0.01,0.46,0.00487923
0.01,0.47,0.00482932
0.01,0.48,0.00421511
0.01,0.49,0.00499552
0.01,0.5,0.00464867
0.01,0.51,0.00498263
0.01,0.52,0.00489758
0.01,0.53,0.004594
0.01,0.54,0.00539843
0.01,0.55,0.00577423
0.01,0.56,0.00515038
0.01,0.57,0.00541779
0.01,0.58,0.00500799
0.01,0.59,0.00484026
0.01,0.6,0.00498544
0.01,0.61,0.0046639
0.01,0.62,0.00478032
0.01,0.63,0.0042919
0.01,0.64,0.00497966
0.01,0.65,0.00469816
0.01,0.66,0.0047143
0.01,0.67,0.00500046
0.01,0.68,0.00455189
0.01,0.69,0.00449467
0.01,0.7,0.00464215
0.01,0.71,0.00470488
0.01,0.72,0.0044878
0.01,0.73,0.00453446
0.01,0.74,0.00534624
0.01,0.75,0.00456402
0.01,0.76,0.00485503
0.01,0.77,0.00520197
0.01,0.78,0.00519306
0.02,0,0.00529847
0.02,0.01,0.00519954
0.02,0.02,0.00594361
0.02,0.03,0.00553154
0.02,0.04,0.00564287
0.02,0.05,0.00579038
0.02,0.06,0.00658407
0.02,0.07,0.00671646
0.02,0.08,0.00555522
0.02,0.09,0.00596801
0.02,0.1,0.00571786
0.02,0.11,0.00580939
0.02,0.12,0.00581879
0.02,0.13,0.00537274
0.02,0.14,0.00595804
0.02,0.15,0.00557604
0.02,0.16,0.00603832
0.02,0.17,0.00501994
0.02,0.18,0.00551687
0.02,0.19,0.00603978
0.02,0.2,0.00532515
0.02,0.21,0.00552869
0.02,0.22,0.00544315
0.02,0.23,0.00498559
0.02,0.24,0.00528573
0.02,0.25,0.00591417
0.02,0.26,0.00595943
0.02,0.27,0.00588504
0.02,0.28,0.0048817
0.02,0.29,0.00533526
0.02,0.3,0.00506447
0.02,0.31,0.00578174
0.02,0.32,0.00659193
0.02,0.33,0.00596724
0.02,0.34,0.00541663
0.02,0.35,0.00515432
0.02,0.36,0.00577002
0.02,0.37,0.00571691
0.02,0.38,0.00551239
0.02,0.39,0.00680084
0.02,0.4,0.00568383
0.02,0.41,0.00513339
0.02,0.42,0.00540326
0.02,0.43,0.00602687
0.02,0.44,0.00520031
0.02,0.45,0.00519125
0.02,0.46,0.0056608
0.02,0.47,0.00522686
0.02,0.48,0.00506988
0.02,0.49,0.00560038
0.02,0.5,0.00588701
0.02,0.51,0.00575615
0.02,0.52,0.00577673
0.02,0.53,0.00606691
0.02,0.54,0.00629229
0.02,0.55,0.0057987
0.02,0.56,0.00527293
0.02,0.57,0.00565727
0.02,0.58,0.00499696
0.02,0.59,0.00482582
0.02,0.6,0.00594525
0.02,0.61,0.00590373
0.02,0.62,0.00671571
0.02,0.63,0.00565129
0.02,0.64,0.00576731
0.02,0.65,0.00562957
0.02,0.66,0.00627319
0.02,0.67,0.00520972
0.02,0.68,0.00486785
0.02,0.69,0.00686962
0.02,0.7,0.00579002
0.02,0.71,0.00490656
0.02,0.72,0.00564674
0.02,0.73,0.00618849
0.02,0.74,0.00587479
0.02,0.75,0.00637029
0.02,0.76,0.00511937
0.02,0.77,0.00566288
0.02,0.78,0.0059194
0.03,0,0.00705168
0.03,0.01,0.00619556
0.03,0.02,0.00616945
0.03,0.03,0.00737003
0.03,0.04,0.00704135
0.03,0.05,0.00752006
0.03,0.06,0.00620039
0.03,0.07,0.00666156
0.03,0.08,0.00568559
0.03,0.09,0.00586572
0.03,0.1,0.00720124
0.03,0.11,0.00659968
0.03,0.12,0.00681852
0.03,0.13,0.00586509
0.03,0.14,0.00635032
0.03,0.15,0.00598639
0.03,0.16,0.00712691
0.03,0.17,0.00710587
0.03,0.18,0.00724384
0.03,0.19,0.00634519
0.03,0.2,0.00645937
0.03,0.21,0.00735759
0.03,0.22,0.0067881
0.03,0.23,0.00670461
0.03,0.24,0.00600798
0.03,0.25,0.00703955
0.03,0.26,0.00713678
0.03,0.27,0.00657132
0.03,0.28,0.00739812
0.03,0.29,0.00640945
0.03,0.3,0.00743037
0.03,0.31,0.00644377
0.03,0.32,0.0067233
0.03,0.33,0.00662764
0.03,0.34,0.00624143
0.03,0.35,0.00710615
0.03,0.36,0.00654263
0.03,0.37,0.0064008
0.03,0.38,0.00718345
0.03,0.39,0.00687043
0.03,0.4,0.006416
0.03,0.41,0.00725429
0.03,0.42,0.00665514
0.03,0.43,0.00650428
0.03,0.44,0.00639204
0.03,0.45,0.00664387
0.03,0.46,0.00666035
0.03,0.47,0.00609888
0.03,0.48,0.00613183
0.03,0.49,0.00706245
0.03,0.5,0.00716067
0.03,0.51,0.00870769
0.03,0.52,0.00675458
0.03,0.53,0.00576043
0.03,0.54,0.00677193
0.03,0.55,0.00639676
0.03,0.56,0.00739931
0.03,0.57,0.00706442
0.03,0.58,0.00682201
0.03,0.59,0.00718853
0.03,0.6,0.00690675
0.03,0.61,0.00658111
0.03,0.62,0.00680725
0.03,0.63,0.0060221
0.03,0.64,0.00628495
0.03,0.65,0.00834052
0.03,0.66,0.00702734
0.03,0.67,0.00677935
0.03,0.68,0.00616059
0.03,0.69,0.00720198
0.03,0.7,0.00750553
0.03,0.71,0.0057448
0.03,0.72,0.0067075
0.03,0.73,0.00599616
0.03,0.74,0.00643927
0.03,0.75,0.00642074
0.03,0.76,0.00625275
0.03,0.77,0.00662918
0.03,0.78,0.00678494
0.04,0,0.00717259
0.04,0.01,0.00834279
0.04,0.02,0.00776495
0.04,0.03,0.00726225
0.04,0.04,0.00751828
0.04,0.05,0.00743294
0.04,0.06,0.00843899
0.04,0.07,0.00864086
0.04,0.08,0.00810007
0.04,0.09,0.00758912
0.04,0.1,0.00823844
0.04,0.11,0.00744014
0.04,0.12,0.00728519
0.04,0.13,0.00760835
0.04,0.14,0.00855879
0.04,0.15,0.00840625
0.04,0.16,0.00894927
0.04,0.17,0.00743509
0.04,0.18,0.00848631
0.04,0.19,0.00823736
0.04,0.2,0.00739131
0.04,0.21,0.00845866
0.04,0.22,0.00714185
0.04,0.23,0.0080548
0.04,0.24,0.00787744
0.04,0.25,0.007114
0.04,0.26,0.00846714
0.04,0.27,0.00814871
0.04,0.28,0.00719427
0.04,0.29,0.00757807
0.04,0.3,0.00897089
0.04,0.31,0.00622197
0.04,0.32,0.00800878
0.04,0.33,0.00793326
0.04,0.34,0.00832762
0.04,0.35,0.00762651
0.04,0.36,0.00804934
0.04,0.37,0.00827193
0.04,0.38,0.00739991
0.04,0.39,0.00720432
0.04,0.4,0.00844542
0.04,0.41,0.00862945
0.04,0.42,0.00802717
0.04,0.43,0.00746071
0.04,0.44,0.00800658
0.04,0.45,0.00788303
0.04,0.46,0.0076223
0.04,0.47,0.00762593
0.04,0.48,0.00765196
0.04,0.49,0.00794074
0.04,0.5,0.00755411
0.04,0.51,0.00809487
0.04,0.52,0.00779834
0.04,0.53,0.00829375
0.04,0.54,0.00738197
0.04,0.55,0.00702843
0.04,0.56,0.00800714
0.04,0.57,0.00779108
0.04,0.58,0.00766786
0.04,0.59,0.00823212
0.04,0.6,0.00766192
0.04,0.61,0.00718671
0.04,0.62,0.00819912
0.04,0.63,0.00798711
0.04,0.64,0.00736773
0.04,0.65,0.00792878
0.04,0.66,0.007004
0.04,0.67,0.00815568
0.04,0.68,0.00896082
0.04,0.69,0.0071363
0.04,0.7,0.00851051
0.04,0.71,0.00762293
0.04,0.72,0.00799784
0.04,0.73,0.00797145
0.04,0.74,0.00786618
0.04,0.75,0.00806186
0.04,0.76,0.00743459
0.04,0.77,0.0089788
0.04,0.78,0.00709927
0.05,0,0.0103243
0.05,0.01,0.00919964
0.05,0.02,0.00876321
0.05,0.03,0.00963114
0.05,0.04,0.00860944
0.05,0.05,0.00817628
0.05,0.06,0.00937949
0.05,0.07,0.00887584
0.05,0.08,0.00862267
0.05,0.09,0.0086503
0.05,0.1,0.00877856
0.05,0.11,0.0093758
0.05,0.12,0.00926999
0.05,0.13,0.00962275
0.05,0.14,0.00997257
0.05,0.15,0.00861381
0.05,0.16,0.00955191
0.05,0.17,0.0105585
0.05,0.18,0.00926269
0.05,0.19,0.0093201
0.05,0.2,0.00956042
0.05,0.21,0.00897055
0.05,0.22,0.00891134
0.05,0.23,0.0088537
0.05,0.24,0.00832384
0.05,0.25,0.00910996
0.05,0.26,0.00912186
0.05,0.27,0.0102006
0.05,0.28,0.00875475
0.05,0.29,0.0105053
0.05,0.3,0.0088995
0.05,0.31,0.00851113
0.05,0.32,0.00888542
0.05,0.33,0.00980574
0.05,0.34,0.0101543
0.05,0.35,0.00987292
0.05,0.36,0.0101602
0.05,0.37,0.00881655
0.05,0.38,0.00852373
0.05,0.39,0.00909998
0.05,0.4,0.00777741
0.05,0.41,0.00909301
0.05,0.42,0.0102964
0.05,0.43,0.00927126
0.05,0.44,0.0100497
0.05,0.45,0.00944921
0.05,0.46,0.00843221
0.05,0.47,0.00965416
0.05,0.48,0.0096408
0.05,0.49,0.00882431
0.05,0.5,0.0102725
0.05,0.51,0.00856034
0.05,0.52,0.0101912
0.05,0.53,0.00946711
0.05,0.54,0.00966376
0.05,0.55,0.00855895
0.05,0.56,0.00812451
0.05,0.57,0.00831337
0.05,0.58,0.00907676
0.05,0.59,0.0092053
0.05,0.6,0.00903706
0.05,0.61,0.00914702
0.05,0.62,0.00813652
0.05,0.63,0.00821209
0.05,0.64,0.00922291
0.05,0.65,0.00932395
0.05,0.66,0.00914845
0.05,0.67,0.00933503
0.05,0.68,0.00948968
0.05,0.69,0.00884314
0.05,0.7,0.00914239
0.05,0.71,0.00977565
0.05,0.72,0.00837427
0.05,0.73,0.00842913
0.05,0.74,0.00812531
0.05,0.75,0.00844665
0.05,0.76,0.0088688
0.05,0.77,0.00954678
0.05,0.78,0.00887039
0.06,0,0.00990595
0.06,0.01,0.0107549
0.06,0.02,0.00910002
0.06,0.03,0.0109073
0.06,0.04,0.0105748
0.06,0.05,0.0101612
0.06,0.06,0.0106322
0.06,0.07,0.0107973
0.06,0.08,0.0110818
0.06,0.09,0.0107353
0.06,0.1,0.0104445
0.06,0.11,0.0113897
0.06,0.12,0.00993814
0.06,0.13,0.0103165
0.06,0.14,0.010429
0.06,0.15,0.0104033
0.06,0.16,0.0109774
0.06,0.17,0.0119465
0.06,0.18,0.0108436
0.06,0.19,0.0113566
0.06,0.2,0.0115951
0.06,0.21,0.0115533
0.06,0.22,0.00935735
0.06,0.23,0.00993918
0.06,0.24,0.0104643
0.06,0.25,0.0127805
0.06,0.26,0.0109658
0.06,0.27,0.0105253
0.06,0.28,0.00945038
0.06,0.29,0.0104615
0.06,0.3,0.0103035
0.06,0.31,0.0104067
0.06,0.32,0.0101849
0.06,0.33,0.0103863
0.06,0.34,0.0105359
0.06,0.35,0.01141
0.06,0.36,0.0104556
0.06,0.37,0.011906
0.06,0.38,0.0117262
0.06,0.39,0.00998654
0.06,0.4,0.00909897
0.06,0.41,0.0104194
0.06,0.42,0.0108264
0.06,0.43,0.0100708
0.06,0.44,0.0106709
0.06,0.45,0.0110697
0.06,0.46,0.00961463
0.06,0.47,0.0104653
0.06,0.48,0.0100967
0.06,0.49,0.0102199
0.06,0.5,0.0107146
0.06,0.51,0.0103276
0.06,0.52,0.0109163
0.06,0.53,0.0108942
0.06,0.54,0.0106753
0.06,0.55,0.0112526
0.06,0.56,0.0104758
0.06,0.57,0.0105601
0.06,0.58,0.00926891
0.06,0.59,0.00974889
0.06,0.6,0.01132
0.06,0.61,0.0114456
0.06,0.62,0.0107278
0.06,0.63,0.0111722
0.06,0.64,0.0116514
0.06,0.65,0.00988701
0.06,0.66,0.0119904
0.06,0.67,0.0103772
0.06,0.68,0.0113007
0.06,0.69,0.00990744
0.06,0.7,0.0099412
0.06,0.71,0.0113086
0.06,0.72,0.00963763
0.06,0.73,0.0118216
0.06,0.74,0.0110434
0.06,0.75,0.0116737
0.06,0.76,0.00898591
0.06,0.77,0.010117
0.06,0.78,0.0104831
0.07,0,0.0118736
0.07,0.01,0.0119556
0.07,0.02,0.0133563
0.07,0.03,0.0138063
0.07,0.04,0.0112227
0.07,0.05,0.0127548
0.07,0.06,0.0123509
0.07,0.07,0.0129281
0.07,0.08,0.011719
0.07,0.09,0.0122996
0.07,0.1,0.0133594
0.07,0.11,0.0108662
0.07,0.12,0.0120865
0.07,0.13,0.0115069
0.07,0.14,0.0111765
0.07,0.15,0.0113234
0.07,0.16,0.0130875
0.07,0.17,0.0130102
0.07,0.18,0.0119844
0.07,0.19,0.0120368
0.07,0.2,0.0121466
0.07,0.21,0.0135014
0.07,0.22,0.0117076
0.07,0.23,0.0118665
0.07,0.24,0.0118586
0.07,0.25,0.0112811
0.07,0.26,0.0115613
0.07,0.27,0.0114266
0.07,0.28,0.0140014
0.07,0.29,0.0131926
0.07,0.3,0.012184
0.07,0.31,0.0126613
0.07,0.32,0.0118486
0.07,0.33,0.0121849
0.07,0.34,0.0119044
0.07,0.35,0.012202
0.07,0.36,0.0133951
0.07,0.37,0.0141348
0.07,0.38,0.0122727
0.07,0.39,0.0124946
0.07,0.4,0.0127708
0.07,0.41,0.0118388
0.07,0.42,0.0113145
0.07,0.43,0.0133708
0.07,0.44,0.0119972
0.07,0.45,0.0121405
0.07,0.46,0.0115423
0.07,0.47,0.0115041
0.07,0.48,0.0116616
0.07,0.49,0.0120373
0.07,0.5,0.0137773
0.07,0.51,0.0127843
0.07,0.52,0.0117229
0.07,0.53,0.0120229
0.07,0.54,0.0122407
0.07,0.55,0.012378
0.07,0.56,0.0122214
0.07,0.57,0.0120189
0.07,0.58,0.0133899
0.07,0.59,0.0115356
0.07,0.6,0.0135986
0.07,0.61,0.0123778
0.07,0.62,0.012859
0.07,0.63,0.0112657
0.07,0.64,0.0115142
0.07,0.65,0.0118797
0.07,0.66,0.0135414
0.07,0.67,0.0116516
0.07,0.68,0.0111376
0.07,0.69,0.012241
0.07,0.7,0.0131061
0.07,0.71,0.0116126
0.07,0.72,0.0115499
0.07,0.73,0.0127591
0.07,0.74,0.012125
0.07,0.75,0.0118668
0.07,0.76,0.0112269
0.07,0.77,0.0118948
0.07,0.78,0.0122813
0.08,0,0.0124346
0.08,0.01,0.0136374
0.08,0.02,0.0120537
0.08,0.03,0.0131759
0.08,0.04,0.0114916
0.08,0.05,0.0131426
0.08,0.06,0.0119057
0.08,0.07,0.0146527
0.08,0.08,0.0139276
0.08,0.09,0.0150303
0.08,0.1,0.0129256
0.08,0.11,0.0134459
0.08,0.12,0.0132324
0.08,0.13,0.0128218
0.08,0.14,0.0147817
0.08,0.15,0.0141283
0.08,0.16,0.0145794
0.08,0.17,0.0125067
0.08,0.18,0.0124514
0.08,0.19,0.0144142
0.08,0.2,0.0135069
0.08,0.21,0.0126068
0.08,0.22,0.0136914
0.08,0.23,0.0130635
0.08,0.24,0.0130459
0.08,0.25,0.014799
0.08,0.26,0.0148158
0.08,0.27,0.0145757
0.08,0.28,0.0131556
0.08,0.29,0.0133583
0.08,0.3,0.0159908
0.08,0.31,0.0135274
0.08,0.32,0.014512
0.08,0.33,0.0135437
0.08,0.34,0.013687
0.08,0.35,0.014662
0.08,0.36,0.0135633
0.08,0.37,0.0139069
0.08,0.38,0.0129391
0.08,0.39,0.0139499
0.08,0.4,0.0152059
0.08,0.41,0.0134682
0.08,0.42,0.0139789
0.08,0.43,0.0147726
0.08,0.44,0.0144086
0.08,0.45,0.0131138
0.08,0.46,0.0134941
0.08,0.47,0.0142028
0.08,0.48,0.0150973
0.08,0.49,0.0135209
0.08,0.5,0.0145087
0.08,0.51,0.0140575
0.08,0.52,0.0133105
0.08,0.53,0.0134501
0.08,0.54,0.0121256
0.08,0.55,0.0160789
0.08,0.56,0.0128169
0.08,0.57,0.0147562
0.08,0.58,0.0130544
0.08,0.59,0.0135051
0.08,0.6,0.0127857
0.08,0.61,0.0148743
0.08,0.62,0.01304
0.08,0.63,0.0129135
0.08,0.64,0.0132705
0.08,0.65,0.0140356
0.08,0.66,0.0152535
0.08,0.67,0.0141544
0.08,0.68,0.0138142
0.08,0.69,0.0116934
0.08,0.7,0.0127642
0.08,0.71,0.0134186
0.08,0.72,0.012635
0.08,0.73,0.0136052
0.08,0.74,0.0125264
0.08,0.75,0.0129382
0.08,0.76,0.012748
0.08,0.77,0.0131565
0.08,0.78,0.0126259
0.09,0,0.0137139
0.09,0.01,0.0140729
0.09,0.02,0.0153778
0.09,0.03,0.01508
0.09,0.04,0.0138845
0.09,0.05,0.0122403
0.09,0.06,0.0139171
0.09,0.07,0.0141693
0.09,0.08,0.0137025
0.09,0.09,0.0149784
0.09,0.1,0.0160478
0.09,0.11,0.0150356
0.09,0.12,0.0146727
0.09,0.13,0.0143788
0.09,0.14,0.0147362
0.09,0.15,0.0147978
0.09,0.16,0.0156637
0.09,0.17,0.0147632
0.09,0.18,0.0139258
0.09,0.19,0.0142459
0.09,0.2,0.0141052
0.09,0.21,0.014606
0.09,0.22,0.0155636
0.09,0.23,0.0138534
0.09,0.24,0.0158432
0.09,0.25,0.016123
0.09,0.26,0.0165696
0.09,0.27,0.0150431
0.09,0.28,0.0176614
0.09,0.29,0.0158818
0.09,0.3,0.0166797
0.09,0.31,0.0158108
0.09,0.32,0.015539
0.09,0.33,0.0156842
0.09,0.34,0.0162
0.09,0.35,0.0160149
0.09,0.36,0.0154521
0.09,0.37,0.0157668
0.09,0.38,0.0147358
0.09,0.39,0.0171703
0.09,0.4,0.0161405
0.09,0.41,0.0154447
0.09,0.42,0.0148664
0.09,0.43,0.0158172
0.09,0.44,0.0171466
0.09,0.45,0.0162849
0.09,0.46,0.0159111
0.09,0.47,0.0158155
0.09,0.48,0.0159096
0.09,0.49,0.0156056
0.09,0.5,0.0155452
0.09,0.51,0.0144737
0.09,0.52,0.0153125
0.09,0.53,0.0155442
0.09,0.54,0.0160938
0.09,0.55,0.015562
0.09,0.56,0.0153702
0.09,0.57,0.0155276
0.09,0.58,0.0148429
0.09,0.59,0.0169046
0.09,0.6,0.0153962
0.09,0.61,0.0167507
0.09,0.62,0.0153264
0.09,0.63,0.0149715
0.09,0.64,0.0152507
0.09,0.65,0.0138853
0.09,0.66,0.0147924
0.09,0.67,0.0133315
0.09,0.68,0.0149143
0.09,0.69,0.0140598
0.09,0.7,0.0134263
0.09,0.71,0.0151174
0.09,0.72,0.0139235
0.09,0.73,0.0149902
0.09,0.74,0.0139201
0.09,0.75,0.0133304
0.09,0.76,0.014075
0.09,0.77,0.0141695
0.09,0.78,0.0138289
0.1,0,0.0137174
0.1,0.01,0.0152512
0.1,0.02,0.0142258
0.1,0.03,0.0149826
0.1,0.04,0.0131584
0.1,0.05,0.0157227
0.1,0.06,0.0152188
0.1,0.07,0.0164748
0.1,0.08,0.0157043
0.1,0.09,0.0150906
0.1,0.1,0.0167266
0.1,0.11,0.0143481
0.1,0.12,0.0157786
0.1,0.13,0.0153343
0.1,0.14,0.0170846
0.1,0.15,0.0151441
0.1,0.16,0.0174059
0.1,0.17,0.0176077
0.1,0.18,0.0179063
0.1,0.19,0.017061
0.1,0.2,0.0160092
0.1,0.21,0.0171501
0.1,0.22,0.0162569
0.1,0.23,0.0166595
0.1,0.24,0.0175997
0.1,0.25,0.0181354
0.1,0.26,0.017189
0.1,0.27,0.0178239
0.1,0.28,0.0189076
0.1,0.29,0.0188633
0.1,0.3,0.0170613
0.1,0.31,0.0175947
0.1,0.32,0.0163647
0.1,0.33,0.0175175
0.1,0.34,0.0182652
0.1,0.35,0.0167229
0.1,0.36,0.0178723
0.1,0.37,0.01797
0.1,0.38,0.0188768
0.1,0.39,0.0155265
0.1,0.4,0.017553
0.1,0.41,0.0184231
0.1,0.42,0.0169672
0.1,0.43,0.0166537
0.1,0.44,0.0178764
0.1,0.45,0.017897
0.1,0.46,0.016921
0.1,0.47,0.0171518
0.1,0.48,0.0180901
0.1,0.49,0.0188498
0.1,0.5,0.0171999
0.1,0.51,0.0170988
0.1,0.52,0.0172579
0.1,0.53,0.0163445
0.1,0.54,0.0177974
0.1,0.55,0.0164832
0.1,0.56,0.015679
0.1,0.57,0.0171409
0.1,0.58,0.014783
0.1,0.59,0.0164645
0.1,0.6,0.0165924
0.1,0.61,0.0166311
0.1,0.62,0.0138005
0.1,0.63,0.0170984
0.1,0.64,0.0159145
0.1,0.65,0.0158847
0.1,0.66,0.015067
0.1,0.67,0.0156716
0.1,0.68,0.0169359
0.1,0.69,0.0162047
0.1,0.7,0.0158898
0.1,0.71,0.014591
0.1,0.72,0.0153792
0.1,0.73,0.0140887
0.1,0.74,0.0159681
0.1,0.75,0.017507
0.1,0.76,0.0152982
0.1,0.77,0.0145881
0.1,0.78,0.013065
0.11,0,0.0139979
0.11,0.01,0.0146276
0.11,0.02,0.0155979
0.11,0.03,0.0164495
0.11,0.04,0.0158243
0.11,0.05,0.0152453
0.11,0.06,0.0177306
0.11,0.07,0.0163595
0.11,0.08,0.0158078
0.11,0.09,0.0155133
0.11,0.1,0.0165599
0.11,0.11,0.0171163
0.11,0.12,0.0172663
0.11,0.13,0.0184568
0.11,0.14,0.015916
0.11,0.15,0.0182051
0.11,0.16,0.0176976
0.11,0.17,0.0176601
0.11,0.18,0.0185704
0.11,0.19,0.0187785
0.11,0.2,0.0175475
0.11,0.21,0.0176856
0.11,0.22,0.0198914
0.11,0.23,0.0179332
0.11,0.24,0.018844
0.11,0.25,0.0194125
0.11,0.26,0.0196637
0.11,0.27,0.0201179
0.11,0.28,0.018794
0.11,0.29,0.0193477
0.11,0.3,0.0212959
0.11,0.31,0.0201835
0.11,0.32,0.0190701
0.11,0.33,0.0184417
0.11,0.34,0.0212162
0.11,0.35,0.0178208
0.11,0.36,0.0196769
0.11,0.37,0.0190914
0.11,0.38,0.018673
0.11,0.39,0.0198368
0.11,0.4,0.0188126
0.11,0.41,0.0194423
0.11,0.42,0.0205623
0.11,0.43,0.0191521
0.11,0.44,0.0189041
0.11,0.45,0.0189022
0.11,0.46,0.0176398
0.11,0.47,0.0194481
0.11,0.48,0.019994
0.11,0.49,0.0188746
0.11,0.5,0.0188673
0.11,0.51,0.0178471
0.11,0.52,0.0183308
0.11,0.53,0.0174096
0.11,0.54,0.0176724
0.11,0.55,0.0202295
0.11,0.56,0.0181786
0.11,0.57,0.0174553
0.11,0.58,0.0183792
0.11,0.59,0.0199193
0.11,0.6,0.0184078
0.11,0.61,0.0178143
0.11,0.62,0.0182248
0.11,0.63,0.0161972
0.11,0.64,0.0182785
0.11,0.65,0.0177839
0.11,0.66,0.0162653
0.11,0.67,0.0161923
0.11,0.68,0.016231
0.11,0.69,0.015009
0.11,0.7,0.0176841
0.11,0.71,0.0184124
0.11,0.72,0.0177547
0.11,0.73,0.0179682
0.11,0.74,0.0158308
0.11,0.75,0.0154952
0.11,0.76,0.015307
0.11,0.77,0.0167687
0.11,0.78,0.0161417
0.12,0,0.0153619
0.12,0.01,0.0149684
0.12,0.02,0.0159954
0.12,0.03,0.0153494
0.12,0.04,0.0167315
0.12,0.05,0.0172909
0.12,0.06,0.0147732
0.12,0.07,0.017604
0.12,0.08,0.0172256
0.12,0.09,0.0163857
0.12,0.1,0.018607
0.12,0.11,0.0173145
0.12,0.12,0.0179276
0.12,0.13,0.0188562
0.12,0.14,0.0191742
0.12,0.15,0.0174456
0.12,0.16,0.0195103
0.12,0.17,0.0182659
0.12,0.18,0.0211655
0.12,0.19,0.0194873
0.12,0.2,0.0188865
0.12,0.21,0.0171457
0.12,0.22,0.0202693
0.12,0.23,0.0196197
0.12,0.24,0.0213365
0.12,0.25,0.0192865
0.12,0.26,0.0203137
0.12,0.27,0.0205492
0.12,0.28,0.021111
0.12,0.29,0.0200561
0.12,0.3,0.0198854
0.12,0.31,0.0198972
0.12,0.32,0.0212655
0.12,0.33,0.0200724
0.12,0.34,0.0208671
0.12,0.35,0.0207334
0.12,0.36,0.0217214
0.12,0.37,0.0209373
0.12,0.38,0.0202687
0.12,0.39,0.0184693
0.12,0.4,0.0208007
0.12,0.41,0.021102
0.12,0.42,0.0221064
0.12,0.43,0.021385
0.12,0.44,0.0208384
0.12,0.45,0.0214675
0.12,0.46,0.019212
0.12,0.47,0.0212706
0.12,0.48,0.0215702
0.12,0.49,0.0208927
0.12,0.5,0.0197909
0.12,0.51,0.0200381
0.12,0.52,0.0201049
0.12,0.53,0.0197554
0.12,0.54,0.0201529
0.12,0.55,0.0177201
0.12,0.56,0.0203858
0.12,0.57,0.0206603
0.12,0.58,0.0189768
0.12,0.59,0.0196669
0.12,0.6,0.0186562
0.12,0.61,0.0202328
0.12,0.62,0.0192112
0.12,0.63,0.0179005
0.12,0.64,0.0199797
0.12,0.65,0.0183546
0.12,0.66,0.0170077
0.12,0.67,0.0176458
0.12,0.68,0.0174339
0.12,0.69,0.0178651
0.12,0.7,0.0179608
0.12,0.71,0.0171418
0.12,0.72,0.0157478
0.12,0.73,0.0157178
0.12,0.74,0.0159088
0.12,0.75,0.0171533
0.12,0.76,0.0163975
0.12,0.77,0.0175721
0.12,0.78,0.0164824
0.13,0,0.0159648
0.13,0.01,0.0174371
0.13,0.02,0.0166548
0.13,0.03,0.0170204
0.13,0.04,0.017598
0.13,0.05,0.0174824
0.13,0.06,0.0168682
0.13,0.07,0.0182783
0.13,0.08,0.0183663
0.13,0.09,0.0180383
0.13,0.1,0.0186511
0.13,0.11,0.0194745
0.13,0.12,0.0190779
0.13,0.13,0.0203567
0.13,0.14,0.0190424
0.13,0.15,0.0212072
0.13,0.16,0.0189506
0.13,0.17,0.0202474
0.13,0.18,0.0207161
0.13,0.19,0.0215199
0.13,0.2,0.0203863
0.13,0.21,0.0218545
0.13,0.22,0.0226077
0.13,0.23,0.0211694
0.13,0.24,0.0213585
0.13,0.25,0.022788
0.13,0.26,0.0207246
0.13,0.27,0.0236799
0.13,0.28,0.0216548
0.13,0.29,0.0218759
0.13,0.3,0.0220816
0.13,0.31,0.0207121
0.13,0.32,0.0205716
0.13,0.33,0.0228752
0.13,0.34,0.0248362
0.13,0.35,0.0215208
0.13,0.36,0.0229966
0.13,0.37,0.023971
0.13,0.38,0.0222833
0.13,0.39,0.0229718
0.13,0.4,0.0223375
0.13,0.41,0.022372
0.13,0.42,0.022116
0.13,0.43,0.0240177
0.13,0.44,0.0212652
0.13,0.45,0.0212736
0.13,0.46,0.0235077
0.13,0.47,0.0233997
0.13,0.48,0.0200834
0.13,0.49,0.0207782
0.13,0.5,0.0218141
0.13,0.51,0.0224558
0.13,0.52,0.0216443
0.13,0.53,0.0199711
0.13,0.54,0.0215467
0.13,0.55,0.0208737
0.13,0.56,0.0200243
0.13,0.57,0.0203097
0.13,0.58,0.0214255
0.13,0.59,0.0205852
0.13,0.6,0.0165869
0.13,0.61,0.0206992
0.13,0.62,0.0219155
0.13,0.63,0.0195206
0.13,0.64,0.0176743
0.13,0.65,0.0186116
0.13,0.66,0.0168815
0.13,0.67,0.0182615
0.13,0.68,0.0180756
0.13,0.69,0.0193635
0.13,0.7,0.0178452
0.13,0.71,0.0194323
0.13,0.72,0.0174207
0.13,0.73,0.0173667
0.13,0.74,0.0175947
0.13,0.75,0.0176169
0.13,0.76,0.0149235
0.13,0.77,0.0178649
0.13,0.78,0.0155129
0.14,0,0.0152641
0.14,0.01,0.015662
0.14,0.02,0.0170939
0.14,0.03,0.0163454
0.14,0.04,0.017628
0.14,0.05,0.0183655
0.14,0.06,0.0164181
0.14,0.07,0.017192
0.14,0.08,0.0184465
0.14,0.09,0.0198314
0.14,0.1,0.0165268
0.14,0.11,0.0177841
0.14,0.12,0.0193241
0.14,0.13,0.0209065
0.14,0.14,0.0199619
0.14,0.15,0.0189939
0.14,0.16,0.0198421
0.14,0.17,0.0202208
0.14,0.18,0.0212318
0.14,0.19,0.0224994
0.14,0.2,0.0219833
0.14,0.21,0.0225739
0.14,0.22,0.021146
0.14,0.23,0.0217704
0.14,0.24,0.0208432
0.14,0.25,0.0224044
0.14,0.26,0.0219477
0.14,0.27,0.0226249
0.14,0.28,0.0225491
0.14,0.29,0.0232827
0.14,0.3,0.022996
0.14,0.31,0.0232178
0.14,0.32,0.0235609
0.14,0.33,0.024783
0.14,0.34,0.0231872
0.14,0.35,0.0220813
0.14,0.36,0.0229432
0.14,0.37,0.0231103
0.14,0.38,0.025141
0.14,0.39,0.0247206
0.14,0.4,0.0259883
0.14,0.41,0.0241267
0.14,0.42,0.0225076
0.14,0.43,0.0243962
0.14,0.44,0.0235675
0.14,0.45,0.0234639
0.14,0.46,0.0222041
0.14,0.47,0.0219604
0.14,0.48,0.0242704
0.14,0.49,0.0234001
0.14,0.5,0.0234749
0.14,0.51,0.0244248
0.14,0.52,0.0207468
0.14,0.53,0.0234196
0.14,0.54,0.0223061
0.14,0.55,0.0212546
0.14,0.56,0.0212923
0.14,0.57,0.0233707
0.14,0.58,0.0199897
0.14,0.59,0.0231156
0.14,0.6,0.0200157
0.14,0.61,0.0212677
0.14,0.62,0.0203284
0.14,0.63,0.0195442
0.14,0.64,0.0192122
0.14,0.65,0.0189477
0.14,0.66,0.0191888
0.14,0.67,0.0169144
0.14,0.68,0.0186607
0.14,0.69,0.0180769
0.14,0.7,0.0169024
0.14,0.71,0.0177502
0.14,0.72,0.0191565
0.14,0.73,0.016734
0.14,0.74,0.0183069
0.14,0.75,0.0170083
0.14,0.76,0.0168373
0.14,0.77,0.0170859
0.14,0.78,0.0169318
0.15,0,0.0165275
0.15,0.01,0.0177416
0.15,0.02,0.0169513
0.15,0.03,0.0173162
0.15,0.04,0.0167157
0.15,0.05,0.0175915
0.15,0.06,0.017315
0.15,0.07,0.0187044
0.15,0.08,0.0191863
0.15,0.09,0.0193379
0.15,0.1,0.0204796
0.15,0.11,0.019477
0.15,0.12,0.0194986
0.15,0.13,0.0210006
0.15,0.14,0.0204669
0.15,0.15,0.0203206
0.15,0.16,0.0192199
0.15,0.17,0.0200167
0.15,0.18,0.0215415
0.15,0.19,0.0224525
0.15,0.2,0.0223319
0.15,0.21,0.0229025
0.15,0.22,0.0238543
0.15,0.23,0.0240184
0.15,0.24,0.0228482
0.15,0.25,0.0231341
0.15,0.26,0.0242907
0.15,0.27,0.0238957
0.15,0.28,0.0243241
0.15,0.29,0.0245302
0.15,0.3,0.0247023
0.15,0.31,0.0236598
0.15,0.32,0.0238626
0.15,0.33,0.0252441
0.15,0.34,0.023438
0.15,0.35,0.0271118
0.15,0.36,0.0244967
0.15,0.37,0.0248994
0.15,0.38,0.0261374
0.15,0.39,0.0253817
0.15,0.4,0.0260793
0.15,0.41,0.0264405
0.15,0.42,0.0254169
0.15,0.43,0.0247873
0.15,0.44,0.0252468
0.15,0.45,0.0244663
0.15,0.46,0.0229963
0.15,0.47,0.0243504
0.15,0.48,0.0261624
0.15,0.49,0.0237404
0.15,0.5,0.0277446
0.15,0.51,0.0241335
0.15,0.52,0.0244505
0.15,0.53,0.0228145
0.15,0.54,0.023158
0.15,0.55,0.0252284
0.15,0.56,0.0233816
0.15,0.57,0.0216962
0.15,0.58,0.0224307
0.15,0.59,0.0223816
0.15,0.6,0.0214973
0.15,0.61,0.0215234
0.15,0.62,0.0194074
0.15,0.63,0.0210908
0.15,0.64,0.0211918
0.15,0.65,0.0206266
0.15,0.66,0.022646
0.15,0.67,0.0196401
0.15,0.68,0.0181726
0.15,0.69,0.0190521
0.15,0.7,0.0192245
0.15,0.71,0.0188815
0.15,0.72,0.0183258
0.15,0.73,0.0184802
0.15,0.74,0.0169052
0.15,0.75,0.0163023
0.15,0.76,0.0161372
0.15,0.77,0.0179179
0.15,0.78,0.0158017
0.16,0,0.0171696
0.16,0.01,0.0172433
0.16,0.02,0.0169261
0.16,0.03,0.0167275
0.16,0.04,0.018505
0.16,0.05,0.018
0.16,0.06,0.0168989
0.16,0.07,0.0173858
0.16,0.08,0.0185553
0.16,0.09,0.0193599
0.16,0.1,0.017459
0.16,0.11,0.0195244
0.16,0.12,0.0208447
0.16,0.13,0.0202569
0.16,0.14,0.0215655
0.16,0.15,0.0209984
0.16,0.16,0.0214535
0.16,0.17,0.0205938
0.16,0.18,0.0234002
0.16,0.19,0.0259404
0.16,0.2,0.0235765
0.16,0.21,0.0247612
0.16,0.22,0.0231442
0.16,0.23,0.0261185
0.16,0.24,0.0240682
0.16,0.25,0.0263196
0.16,0.26,0.0259724
0.16,0.27,0.0272291
0.16,0.28,0.0240614
0.16,0.29,0.0240786
0.16,0.3,0.0246588
0.16,0.31,0.0238062
0.16,0.32,0.0250945
0.16,0.33,0.0248259
0.16,0.34,0.0259163
0.16,0.35,0.0257731
0.16,0.36,0.0259404
0.16,0.37,0.0271665
0.16,0.38,0.0259685
0.16,0.39,0.026418
0.16,0.4,0.0251966
0.16,0.41,0.0272466
0.16,0.42,0.0260444
0.16,0.43,0.026339
0.16,0.44,0.0269177
0.16,0.45,0.0265692
0.16,0.46,0.0262278
0.16,0.47,0.025566
0.16,0.48,0.0267324
0.16,0.49,0.0240498
0.16,0.5,0.026926
0.16,0.51,0.0270275
0.16,0.52,0.0251412
0.16,0.53,0.0237597
0.16,0.54,0.0240166
0.16,0.55,0.0252626
0.16,0.56,0.0230308
0.16,0.57,0.0240265
0.16,0.58,0.0240667
0.16,0.59,0.0237968
0.16,0.6,0.022969
0.16,0.61,0.0233938
0.16,0.62,0.021536
0.16,0.63,0.0221335
0.16,0.64,0.0196937
0.16,0.65,0.0204775
0.16,0.66,0.0207176
0.16,0.67,0.019995
0.16,0.68,0.0200073
0.16,0.69,0.0206173
0.16,0.7,0.0206944
0.16,0.71,0.0183898
0.16,0.72,0.017988
0.16,0.73,0.0194919
0.16,0.74,0.0171277
0.16,0.75,0.018885
0.16,0.76,0.0157318
0.16,0.77,0.017475
0.16,0.78,0.0156166
0.17,0,0.0177792
0.17,0.01,0.0177644
0.17,0.02,0.0162425
0.17,0.03,0.0169912
0.17,0.04,0.0186339
0.17,0.05,0.01849
0.17,0.06,0.0169254
0.17,0.07,0.0203025
0.17,0.08,0.0205943
0.17,0.09,0.0218262
0.17,0.1,0.0205149
0.17,0.11,0.020475
0.17,0.12,0.0207287
0.17,0.13,0.0222337
0.17,0.14,0.0216959
0.17,0.15,0.0223295
0.17,0.16,0.0219165
0.17,0.17,0.0225254
0.17,0.18,0.0235661
0.17,0.19,0.0231266
0.17,0.2,0.0243337
0.17,0.21,0.0250763
0.17,0.22,0.026381
0.17,0.23,0.0239742
0.17,0.24,0.024724
0.17,0.25,0.0241277
0.17,0.26,0.0250607
0.17,0.27,0.0282884
0.17,0.28,0.0273902
0.17,0.29,0.0259011
0.17,0.3,0.0267858
0.17,0.31,0.0256309
0.17,0.32,0.0262927
0.17,0.33,0.0278143
0.17,0.34,0.0276516
0.17,0.35,0.0253059
0.17,0.36,0.0273854
0.17,0.37,0.0286761
0.17,0.38,0.0273013
0.17,0.39,0.0288893
0.17,0.4,0.0286392
0.17,0.41,0.028708
0.17,0.42,0.025676
0.17,0.43,0.0262947
0.17,0.44,0.0285214
0.17,0.45,0.0276957
0.17,0.46,0.0291832
0.17,0.47,0.0267678
0.17,0.48,0.026292
0.17,0.49,0.0277248
0.17,0.5,0.0276527
0.17,0.51,0.0264577
0.17,0.52,0.0256512
0.17,0.53,0.0257099
0.17,0.54,0.0244025
0.17,0.55,0.0246625
0.17,0.56,0.0259473
0.17,0.57,0.0220579
0.17,0.58,0.0246539
0.17,0.59,0.0232342
0.17,0.6,0.0232933
0.17,0.61,0.0256641
0.17,0.62,0.0236338
0.17,0.63,0.0220734
0.17,0.64,0.0230995
0.17,0.65,0.021616
0.17,0.66,0.020746
0.17,0.67,0.0200425
0.17,0.68,0.0201212
0.17,0.69,0.0189655
0.17,0.7,0.0189435
0.17,0.71,0.0188938
0.17,0.72,0.0186756
0.17,0.73,0.0177703
0.17,0.74,0.0159976
0.17,0.75,0.0188047
0.17,0.76,0.0173486
0.17,0.77,0.0157122
0.17,0.78,0.0161814
0.18,0,0.0172709
0.18,0.01,0.016567
0.18,0.02,0.0167766
0.18,0.03,0.0174355
0.18,0.04,0.0183415
0.18,0.05,0.0178311
0.18,0.06,0.0195425
0.18,0.07,0.019203
0.18,0.08,0.0190082
0.18,0.09,0.0209963
0.18,0.1,0.020192
0.18,0.11,0.0203119
0.18,0.12,0.0209235
0.18,0.13,0.022664
0.18,0.14,0.0234172
0.18,0.15,0.0209531
0.18,0.16,0.0215185
0.18,0.17,0.0227067
0.18,0.18,0.0244855
0.18,0.19,0.0256363
0.18,0.2,0.0245417
0.18,0.21,0.0243801
0.18,0.22,0.0241359
0.18,0.23,0.0267
0.18,0.24,0.0250551
0.18,0.25,0.0277501
0.18,0.26,0.0264475
0.18,0.27,0.0255404
0.18,0.28,0.0258498
0.18,0.29,0.0281934
0.18,0.3,0.0272638
0.18,0.31,0.0286278
0.18,0.32,0.0286094
0.18,0.33,0.0292168
0.18,0.34,0.0287575
0.18,0.35,0.0301166
0.18,0.36,0.0272508
0.18,0.37,0.0273469
0.18,0.38,0.030519
0.18,0.39,0.0283256
0.18,0.4,0.0263159
0.18,0.41,0.0299682
0.18,0.42,0.0314282
0.18,0.43,0.0285225
0.18,0.44,0.0292876
0.18,0.45,0.0279681
0.18,0.46,0.0287455
0.18,0.47,0.0278851
0.18,0.48,0.0280806
0.18,0.49,0.0274078
0.18,0.5,0.0269851
0.18,0.51,0.0267339
0.18,0.52,0.0252856
0.18,0.53,0.0255331
0.18,0.54,0.0259922
0.18,0.55,0.0260709
0.18,0.56,0.0254065
0.18,0.57,0.0248544
0.18,0.58,0.0229028
0.18,0.59,0.0246022
0.18,0.6,0.0241266
0.18,0.61,0.0238396
0.18,0.62,0.0213861
0.18,0.63,0.0220982
0.18,0.64,0.0238886
0.18,0.65,0.0217004
0.18,0.66,0.0224571
0.18,0.67,0.0216408
0.18,0.68,0.0209836
0.18,0.69,0.0198132
0.18,0.7,0.0216754
0.18,0.71,0.0189822
0.18,0.72,0.018622
0.18,0.73,0.0189394
0.18,0.74,0.0181543
0.18,0.75,0.0178042
0.18,0.76,0.0170865
0.18,0.77,0.0164888
0.18,0.78,0.0189393
0.19,0,0.0158483
0.19,0.01,0.0169542
0.19,0.02,0.0152768
0.19,0.03,0.0164893
0.19,0.04,0.0170539
0.19,0.05,0.0182353
0.19,0.06,0.0197497
0.19,0.07,0.0185679
0.19,0.08,0.0191952
0.19,0.09,0.0193936
0.19,0.1,0.0216748
0.19,0.11,0.0228013
0.19,0.12,0.0212471
0.19,0.13,0.02141
0.19,0.14,0.0228312
0.19,0.15,0.0254522
0.19,0.16,0.0222134
0.19,0.17,0.0227114
0.19,0.18,0.0247529
0.19,0.19,0.0246747
0.19,0.2,0.0265708
0.19,0.21,0.0238588
0.19,0.22,0.024007
0.19,0.23,0.0263144
0.19,0.24,0.0272216
0.19,0.25,0.0273583
0.19,0.26,0.0283197
0.19,0.27,0.0292842
0.19,0.28,0.0264153
0.19,0.29,0.0281887
0.19,0.3,0.0285479
0.19,0.31,0.0300189
0.19,0.32,0.0269453
0.19,0.33,0.0285571
0.19,0.34,0.0276099
0.19,0.35,0.0311109
0.19,0.36,0.0305714
0.19,0.37,0.0271213
0.19,0.38,0.0299463
0.19,0.39,0.0285366
0.19,0.4,0.0293643
0.19,0.41,0.0293575
0.19,0.42,0.0331074
0.19,0.43,0.0274581
0.19,0.44,0.0279638
0.19,0.45,0.0271887
0.19,0.46,0.0284556
0.19,0.47,0.0282768
0.19,0.48,0.0280886
0.19,0.49,0.0288091
0.19,0.5,0.0286215
0.19,0.51,0.0262052
0.19,0.52,0.0279783
0.19,0.53,0.0263009
0.19,0.54,0.0275881
0.19,0.55,0.0255086
0.19,0.56,0.0261716
0.19,0.57,0.0250837
0.19,0.58,0.0260974
0.19,0.59,0.0252149
0.19,0.6,0.0267323
0.19,0.61,0.0253636
0.19,0.62,0.0248066
0.19,0.63,0.0235366
0.19,0.64,0.0229552
0.19,0.65,0.0226712
0.19,0.66,0.019813
0.19,0.67,0.0228848
0.19,0.68,0.0199572
0.19,0.69,0.0182996
0.19,0.7,0.0192778
0.19,0.71,0.0186427
0.19,0.72,0.0199748
0.19,0.73,0.0182862
0.19,0.74,0.0192677
0.19,0.75,0.0173453
0.19,0.76,0.0153448
0.19,0.77,0.0159112
0.19,0.78,0.0164044
0.2,0,0.0165952
0.2,0.01,0.0149777
0.2,0.02,0.0173741
0.2,0.03,0.017358
0.2,0.04,0.0183065
0.2,0.05,0.0183757
0.2,0.06,0.0189746
0.2,0.07,0.0195214
0.2,0.08,0.0193239
0.2,0.09,0.0219075
0.2,0.1,0.0195406
0.2,0.11,0.0220843
0.2,0.12,0.0214917
0.2,0.13,0.0212973
0.2,0.14,0.0212108
0.2,0.15,0.0226676
0.2,0.16,0.0238687
0.2,0.17,0.0239301
0.2,0.18,0.0231513
0.2,0.19,0.0268829
0.2,0.2,0.026567
0.2,0.21,0.0251668
0.2,0.22,0.0259597
0.2,0.23,0.0269971
0.2,0.24,0.0273397
0.2,0.25,0.0288812
0.2,0.26,0.0294656
0.2,0.27,0.0280425
0.2,0.28,0.0308719
0.2,0.29,0.0288898
0.2,0.3,0.0292828
0.2,0.31,0.0293689
0.2,0.32,0.0288097
0.2,0.33,0.0298435
0.2,0.34,0.0289965
0.2,0.35,0.0298576
0.2,0.36,0.0298649
0.2,0.37,0.0316136
0.2,0.38,0.0301685
0.2,0.39,0.0320501
0.2,0.4,0.0300568
0.2,0.41,0.0294468
0.2,0.42,0.0314153
0.2,0.43,0.0272032
0.2,0.44,0.0313148
0.2,0.45,0.0294328
0.2,0.46,0.029681
0.2,0.47,0.0300954
0.2,0.48,0.0294828
0.2,0.49,0.0307147
0.2,0.5,0.0274298
0.2,0.51,0.031478
0.2,0.52,0.0275709
0.2,0.53,0.0276916
0.2,0.54,0.0262317
0.2,0.55,0.0285655
0.2,0.56,0.0260134
0.2,0.57,0.0270627
0.2,0.58,0.0276312
0.2,0.59,0.027064
0.2,0.6,0.0258998
0.2,0.61,0.0245451
0.2,0.62,0.0249895
0.2,0.63,0.0218449
0.2,0.64,0.0231774
0.2,0.65,0.022341
0.2,0.66,0.0218275
0.2,0.67,0.0220102
0.2,0.68,0.0202566
0.2,0.69,0.0203919
0.2,0.7,0.0210518
0.2,0.71,0.021604
0.2,0.72,0.0192816
0.2,0.73,0.0197894
0.2,0.74,0.0180989
0.2,0.75,0.018975
0.2,0.76,0.0171109
0.2,0.77,0.0167924
0.2,0.78,0.0167858
0.21,0,0.0162376
0.21,0.01,0.0174506
0.21,0.02,0.0171738
0.21,0.03,0.0173279
0.21,0.04,0.0178466
0.21,0.05,0.0193814
0.21,0.06,0.0174529
0.21,0.07,0.0196823
0.21,0.08,0.020093
0.21,0.09,0.0205034
0.21,0.1,0.0214223
0.21,0.11,0.0199445
0.21,0.12,0.0215215
0.21,0.13,0.0236521
0.21,0.14,0.02116
0.21,0.15,0.0223335
0.21,0.16,0.023241
0.21,0.17,0.0252744
0.21,0.18,0.0256309
0.21,0.19,0.0272303
0.21,0.2,0.0256804
0.21,0.21,0.0273317
0.21,0.22,0.0273493
0.21,0.23,0.0254706
0.21,0.24,0.0289644
0.21,0.25,0.0282391
0.21,0.26,0.0295391
0.21,0.27,0.0289954
0.21,0.28,0.0291113
0.21,0.29,0.0294271
0.21,0.3,0.0291479
0.21,0.31,0.0297719
0.21,0.32,0.0278608
0.21,0.33,0.029771
0.21,0.34,0.0308299
0.21,0.35,0.0300857
0.21,0.36,0.0309255
0.21,0.37,0.0301968
0.21,0.38,0.0296596
0.21,0.39,0.0329921
0.21,0.4,0.0318674
0.21,0.41,0.0286205
0.21,0.42,0.0310223
0.21,0.43,0.0330075
0.21,0.44,0.029937
0.21,0.45,0.0292812
0.21,0.46,0.0291055
0.21,0.47,0.0298424
0.21,0.48,0.0289233
0.21,0.49,0.030318
0.21,0.5,0.0282907
0.21,0.51,0.0286038
0.21,0.52,0.031106
0.21,0.53,0.0274261
0.21,0.54,0.0255049
0.21,0.55,0.0277233
0.21,0.56,0.0277326
0.21,0.57,0.0276358
0.21,0.58,0.0256174
0.21,0.59,0.0269065
0.21,0.6,0.0261622
0.21,0.61,0.0254524
0.21,0.62,0.0238324
0.21,0.63,0.0232301
0.21,0.64,0.0218185
0.21,0.65,0.0231288
0.21,0.66,0.0214208
0.21,0.67,0.022329
0.21,0.68,0.022307
0.21,0.69,0.0217557
0.21,0.7,0.0193508
0.21,0.71,0.0196199
0.21,0.72,0.018925
0.21,0.73,0.0195459
0.21,0.74,0.0180533
0.21,0.75,0.0182149
0.21,0.76,0.0174077
0.21,0.77,0.0181979
0.21,0.78,0.0153965
0.22,0,0.0155097
0.22,0.01,0.0151208
0.22,0.02,0.017961
0.22,0.03,0.0186127
0.22,0.04,0.0189313
0.22,0.05,0.0173057
0.22,0.06,0.0206922
0.22,0.07,0.0205747
0.22,0.08,0.0207697
0.22,0.09,0.0206452
0.22,0.1,0.0216149
0.22,0.11,0.0221858
0.22,0.12,0.0239365
0.22,0.13,0.023092
0.22,0.14,0.0236698
0.22,0.15,0.025349
0.22,0.16,0.0242902
0.22,0.17,0.025985
0.22,0.18,0.0281621
0.22,0.19,0.0254763
0.22,0.2,0.0261094
0.22,0.21,0.0266194
0.22,0.22,0.0270321
0.22,0.23,0.0271972
0.22,0.24,0.0270923
0.22,0.25,0.0278341
0.22,0.26,0.0287261
0.22,0.27,0.0287419
0.22,0.28,0.0285733
0.22,0.29,0.0282851
0.22,0.3,0.0300031
0.22,0.31,0.0288218
0.22,0.32,0.0317397
0.22,0.33,0.031159
0.22,0.34,0.0297171
0.22,0.35,0.0301737
0.22,0.36,0.0289778
0.22,0.37,0.0310185
0.22,0.38,0.0329932
0.22,0.39,0.0314611
0.22,0.4,0.0311208
0.22,0.41,0.0324548
0.22,0.42,0.0305994
0.22,0.43,0.0317167
0.22,0.44,0.030186
0.22,0.45,0.0308046
0.22,0.46,0.0307634
0.22,0.47,0.029937
0.22,0.48,0.0304296
0.22,0.49,0.0292884
0.22,0.5,0.0286278
0.22,0.51,0.0308039
0.22,0.52,0.0298333
0.22,0.53,0.0277619
0.22,0.54,0.0277465
0.22,0.55,0.0287218
0.22,0.56,0.0280992
0.22,0.57,0.0287293
0.22,0.58,0.0270261
0.22,0.59,0.0266159
0.22,0.6,0.0250705
0.22,0.61,0.0257537
0.22,0.62,0.0260436
0.22,0.63,0.0231313
0.22,0.64,0.0247327
0.22,0.65,0.0221217
0.22,0.66,0.0216359
0.22,0.67,0.0214125
0.22,0.68,0.0228834
0.22,0.69,0.0212973
0.22,0.7,0.0202402
0.22,0.71,0.0207796
0.22,0.72,0.0190383
0.22,0.73,0.0184476
0.22,0.74,0.0184996
0.22,0.75,0.017506
0.22,0.76,0.0165814
0.22,0.77,0.01729
0.22,0.78,0.01615
0.23,0,0.0163362
0.23,0.01,0.0166978
0.23,0.02,0.0182321
0.23,0.03,0.0200392
0.23,0.04,0.0184828
0.23,0.05,0.0181012
0.23,0.06,0.0190751
0.23,0.07,0.0203607
0.23,0.08,0.0204095
0.23,0.09,0.0208681
0.23,0.1,0.0214858
0.23,0.11,0.0216187
0.23,0.12,0.0233587
0.23,0.13,0.0233123
0.23,0.14,0.0247446
0.23,0.15,0.0224565
0.23,0.16,0.0239225
0.23,0.17,0.0252112
0.23,0.18,0.0257699
0.23,0.19,0.0265723
0.23,0.2,0.0264679
0.23,0.21,0.028637
0.23,0.22,0.028185
0.23,0.23,0.027945
0.23,0.24,0.0288881
0.23,0.25,0.0302426
0.23,0.26,0.0281897
0.23,0.27,0.028859
0.23,0.28,0.0323729
0.23,0.29,0.0289401
0.23,0.3,0.0312389
0.23,0.31,0.0317606
0.23,0.32,0.0313887
0.23,0.33,0.0300492
0.23,0.34,0.0323536
0.23,0.35,0.0303715
0.23,0.36,0.0335713
0.23,0.37,0.0316778
0.23,0.38,0.0305117
0.23,0.39,0.0331239
0.23,0.4,0.0290301
0.23,0.41,0.0322181
0.23,0.42,0.0322856
0.23,0.43,0.0308034
0.23,0.44,0.0298141
0.23,0.45,0.0309883
0.23,0.46,0.032879
0.23,0.47,0.031612
0.23,0.48,0.0305014
0.23,0.49,0.0304669
0.23,0.5,0.0291248
0.23,0.51,0.0291735
0.23,0.52,0.0318675
0.23,0.53,0.0283098
0.23,0.54,0.0260505
0.23,0.55,0.0285752
0.23,0.56,0.0278536
0.23,0.57,0.0267327
0.23,0.58,0.0261339
0.23,0.59,0.025522
0.23,0.6,0.0256706
0.23,0.61,0.0241418
0.23,0.62,0.0242661
0.23,0.63,0.0240258
0.23,0.64,0.0252217
0.23,0.65,0.0245639
0.23,0.66,0.0217666
0.23,0.67,0.0228188
0.23,0.68,0.0224201
0.23,0.69,0.0220831
0.23,0.7,0.021245
0.23,0.71,0.021597
0.23,0.72,0.0188865
0.23,0.73,0.0195574
0.23,0.74,0.0169074
0.23,0.75,0.0171042
0.23,0.76,0.0187037
0.23,0.77,0.0179494
0.23,0.78,0.0174643
0.24,0,0.0165381
0.24,0.01,0.0175589
0.24,0.02,0.0176503
0.24,0.03,0.0182255
0.24,0.04,0.0193021
0.24,0.05,0.0193866
0.24,0.06,0.0186774
0.24,0.07,0.0206417
0.24,0.08,0.0219844
0.24,0.09,0.0230091
0.24,0.1,0.0211712
0.24,0.11,0.0217422
0.24,0.12,0.0219136
0.24,0.13,0.0239861
0.24,0.14,0.0249922
0.24,0.15,0.0239543
0.24,0.16,0.0244701
0.24,0.17,0.0248418
0.24,0.18,0.0283617
0.24,0.19,0.0255148
0.24,0.2,0.0271958
0.24,0.21,0.0301665
0.24,0.22,0.0276535
0.24,0.23,0.0279216
0.24,0.24,0.0298186
0.24,0.25,0.0290772
0.24,0.26,0.0305534
0.24,0.27,0.0318494
0.24,0.28,0.0284717
0.24,0.29,0.0307297
0.24,0.3,0.0311644
0.24,0.31,0.0320566
0.24,0.32,0.0296235
0.24,0.33,0.0311315
0.24,0.34,0.0320669
0.24,0.35,0.0302953
0.24,0.36,0.0301299
0.24,0.37,0.0293886
0.24,0.38,0.0309614
0.24,0.39,0.0322676
0.24,0.4,0.0316137
0.24,0.41,0.0311127
0.24,0.42,0.0327077
0.24,0.43,0.0315447
0.24,0.44,0.0319827
0.24,0.45,0.0328373
0.24,0.46,0.0300261
0.24,0.47,0.0300275
0.24,0.48,0.0320997
0.24,0.49,0.0311266
0.24,0.5,0.0294464
0.24,0.51,0.0310175
0.24,0.52,0.0299278
0.24,0.53,0.0285829
0.24,0.54,0.028942
0.24,0.55,0.0304602
0.24,0.56,0.0275749
0.24,0.57,0.0290046
0.24,0.58,0.0279248
0.24,0.59,0.0267029
0.24,0.6,0.0274159
0.24,0.61,0.0239702
0.24,0.62,0.0254349
0.24,0.63,0.0237253
0.24,0.64,0.023189
0.24,0.65,0.0231892
0.24,0.66,0.0227697
0.24,0.67,0.020745
0.24,0.68,0.0212172
0.24,0.69,0.0242914
0.24,0.7,0.0229331
0.24,0.71,0.0225071
0.24,0.72,0.0204221
0.24,0.73,0.0189007
0.24,0.74,0.018959
0.24,0.75,0.0173421
0.24,0.76,0.0185177
0.24,0.77,0.0172649
0.24,0.78,0.0159403
0.25,0,0.0161339
0.25,0.01,0.01679
0.25,0.02,0.0172477
0.25,0.03,0.0174381
0.25,0.04,0.0182964
0.25,0.05,0.0181916
0.25,0.06,0.019051
0.25,0.07,0.0212716
0.25,0.08,0.0211827
0.25,0.09,0.0211646
0.25,0.1,0.0225082
0.25,0.11,0.022332
0.25,0.12,0.0221032
0.25,0.13,0.0246494
0.25,0.14,0.0238354
0.25,0.15,0.024333
0.25,0.16,0.0237685
0.25,0.17,0.026272
0.25,0.18,0.0275419
0.25,0.19,0.0270355
0.25,0.2,0.0270873
0.25,0.21,0.0282981
0.25,0.22,0.0293777
0.25,0.23,0.0277611
0.25,0.24,0.028967
0.25,0.25,0.0314787
0.25,0.26,0.0282271
0.25,0.27,0.0325228
0.25,0.28,0.0303799
0.25,0.29,0.0303387
0.25,0.3,0.0311266
0.25,0.31,0.032724
0.25,0.32,0.0307534
0.25,0.33,0.0321444
0.25,0.34,0.0313452
0.25,0.35,0.0327773
0.25,0.36,0.0325331
0.25,0.37,0.0312632
0.25,0.38,0.032257
0.25,0.39,0.0324625
0.25,0.4,0.0315164
0.25,0.41,0.0309539
0.25,0.42,0.0311439
0.25,0.43,0.0320166
0.25,0.44,0.0312307
0.25,0.45,0.0334912
0.25,0.46,0.0307209
0.25,0.47,0.0300455
0.25,0.48,0.029699
0.25,0.49,0.0307778
0.25,0.5,0.0331873
0.25,0.51,0.0300531
0.25,0.52,0.0308121
0.25,0.53,0.029777
0.25,0.54,0.0290599
0.25,0.55,0.029075
0.25,0.56,0.0302233
0.25,0.57,0.0261958
0.25,0.58,0.0275849
0.25,0.59,0.0272609
0.25,0.6,0.0266602
0.25,0.61,0.0253379
0.25,0.62,0.0256689
0.25,0.63,0.0249083
0.25,0.64,0.0246631
0.25,0.65,0.0245485
0.25,0.66,0.024116
0.25,0.67,0.022471
0.25,0.68,0.0215548
0.25,0.69,0.021241
0.25,0.7,0.0201611
0.25,0.71,0.0200655
0.25,0.72,0.0213549
0.25,0.73,0.0183869
0.25,0.74,0.0193569
0.25,0.75,0.0195694
0.25,0.76,0.0175573
0.25,0.77,0.0171988
0.25,0.78,0.0172209
0.26,0,0.0168546
0.26,0.01,0.0166759
0.26,0.02,0.0168806
0.26,0.03,0.0181013
0.26,0.04,0.0178364
0.26,0.05,0.0183018
0.26,0.06,0.0204981
0.26,0.07,0.0217668
0.26,0.08,0.0189974
0.26,0.09,0.0217941
0.26,0.1,0.0231417
0.26,0.11,0.0236122
0.26,0.12,0.0224363
0.26,0.13,0.0240321
0.26,0.14,0.0243071
0.26,0.15,0.0251481
0.26,0.16,0.024007
0.26,0.17,0.0250165
0.26,0.18,0.0278434
0.26,0.19,0.0293067
0.26,0.2,0.0282543
0.26,0.21,0.029995
0.26,0.22,0.0300563
0.26,0.23,0.0318748
0.26,0.24,0.0298176
0.26,0.25,0.0313606
0.26,0.26,0.0304122
0.26,0.27,0.0327897
0.26,0.28,0.0313509
0.26,0.29,0.0311732
0.26,0.3,0.0328157
0.26,0.31,0.031023
0.26,0.32,0.0322359
0.26,0.33,0.0319939
0.26,0.34,0.0324584
0.26,0.35,0.0316378
0.26,0.36,0.0328316
0.26,0.37,0.0342295
0.26,0.38,0.0319352
0.26,0.39,0.0301054
0.26,0.4,0.031545
0.26,0.41,0.0321205
0.26,0.42,0.0323726
0.26,0.43,0.0313071
0.26,0.44,0.0315651
0.26,0.45,0.031228
0.26,0.46,0.0316846
0.26,0.47,0.0323946
0.26,0.48,0.0311681
0.26,0.49,0.0311168
0.26,0.5,0.0307669
0.26,0.51,0.0320913
0.26,0.52,0.032027
0.26,0.53,0.0298424
0.26,0.54,0.0303541
0.26,0.55,0.028924
0.26,0.56,0.0306673
0.26,0.57,0.0272517
0.26,0.58,0.0284385
0.26,0.59,0.0256492
0.26,0.6,0.0277597
0.26,0.61,0.0276305
0.26,0.62,0.0280472
0.26,0.63,0.0252793
0.26,0.64,0.0250143
0.26,0.65,0.0221546
0.26,0.66,0.0212731
0.26,0.67,0.0219136
0.26,0.68,0.0216847
0.26,0.69,0.0219316
0.26,0.7,0.0212533
0.26,0.71,0.0194951
0.26,0.72,0.0189114
0.26,0.73,0.0175978
0.26,0.74,0.0188058
0.26,0.75,0.0164718
0.26,0.76,0.0172235
0.26,0.77,0.0185279
0.26,0.78,0.0177408
0.27,0,0.0167203
0.27,0.01,0.0160445
0.27,0.02,0.0173051
0.27,0.03,0.0191891
0.27,0.04,0.0202838
0.27,0.05,0.01984
0.27,0.06,0.0212856
0.27,0.07,0.0208459
0.27,0.08,0.0210099
0.27,0.09,0.0211896
0.27,0.1,0.0223257
0.27,0.11,0.0236494
0.27,0.12,0.0231606
0.27,0.13,0.0243862
0.27,0.14,0.0261553
0.27,0.15,0.0255776
0.27,0.16,0.027473
0.27,0.17,0.0280673
0.27,0.18,0.0261011
0.27,0.19,0.0270775
0.27,0.2,0.0293968
0.27,0.21,0.0277755
0.27,0.22,0.0285379
0.27,0.23,0.0306557
0.27,0.24,0.0316246
0.27,0.25,0.0313583
0.27,0.26,0.0310535
0.27,0.27,0.0305282
0.27,0.28,0.0301601
0.27,0.29,0.0336262
0.27,0.3,0.0351491
0.27,0.31,0.0311024
0.27,0.32,0.0319864
0.27,0.33,0.0332642
0.27,0.34,0.0349385
0.27,0.35,0.0333219
0.27,0.36,0.0333864
0.27,0.37,0.0340838
0.27,0.38,0.0306611
0.27,0.39,0.033051
0.27,0.4,0.0342345
0.27,0.41,0.0327956
0.27,0.42,0.0310437
0.27,0.43,0.031577
0.27,0.44,0.0324379
0.27,0.45,0.0332497
0.27,0.46,0.0347724
0.27,0.47,0.0313332
0.27,0.48,0.0324963
0.27,0.49,0.0319497
0.27,0.5,0.0311664
0.27,0.51,0.031042
0.27,0.52,0.0314332
0.27,0.53,0.0322625
0.27,0.54,0.031031
0.27,0.55,0.0295558
0.27,0.56,0.0265754
0.27,0.57,0.0272602
0.27,0.58,0.0298529
0.27,0.59,0.0258205
0.27,0.6,0.0290297
0.27,0.61,0.0270979
0.27,0.62,0.0265316
0.27,0.63,0.0239916
0.27,0.64,0.0251452
0.27,0.65,0.027385
0.27,0.66,0.0259571
0.27,0.67,0.0237508
0.27,0.68,0.0244662
0.27,0.69,0.0221989
0.27,0.7,0.0225476
0.27,0.71,0.0190522
0.27,0.72,0.0186907
0.27,0.73,0.0214517
0.27,0.74,0.019471
0.27,0.75,0.0193718
0.27,0.76,0.0162137
0.27,0.77,0.0177825
0.27,0.78,0.0180846
0.28,0,0.0163433
0.28,0.01,0.016728
0.28,0.02,0.0156364
0.28,0.03,0.0176061
0.28,0.04,0.0193254
0.28,0.05,0.0188241
0.28,0.06,0.0196144
0.28,0.07,0.0223322
0.28,0.08,0.0213195
0.28,0.09,0.0216884
0.28,0.1,0.0228256
0.28,0.11,0.0238126
0.28,0.12,0.0225171
0.28,0.13,0.0238859
0.28,0.14,0.0277882
0.28,0.15,0.0253656
0.28,0.16,0.0274611
0.28,0.17,0.0274344
0.28,0.18,0.0256696
0.28,0.19,0.0282897
0.28,0.2,0.0293124
0.28,0.21,0.0293586
0.28,0.22,0.0296112
0.28,0.23,0.0303993
0.28,0.24,0.0312005
0.28,0.25,0.0303676
0.28,0.26,0.0327837
0.28,0.27,0.0289786
0.28,0.28,0.0312084
0.28,0.29,0.0311278
0.28,0.3,0.0328673
0.28,0.31,0.0327234
0.28,0.32,0.0309398
0.28,0.33,0.032508
0.28,0.34,0.0329458
0.28,0.35,0.0331306
0.28,0.36,0.0320705
0.28,0.37,0.0321085
0.28,0.38,0.0353003
0.28,0.39,0.0342699
0.28,0.4,0.0334387
0.28,0.41,0.034881
0.28,0.42,0.0342648
0.28,0.43,0.0317047
0.28,0.44,0.0322919
0.28,0.45,0.0318793
0.28,0.46,0.032874
0.28,0.47,0.0336834
0.28,0.48,0.0310023
0.28,0.49,0.0290861
0.28,0.5,0.0327612
0.28,0.51,0.0293617
0.28,0.52,0.0333216
0.28,0.53,0.0294785
0.28,0.54,0.0299845
0.28,0.55,0.0304766
0.28,0.56,0.0305427
0.28,0.57,0.0288128
0.28,0.58,0.0292605
0.28,0.59,0.0285102
0.28,0.6,0.0267863
0.28,0.61,0.0263143
0.28,0.62,0.0254487
0.28,0.63,0.0262052
0.28,0.64,0.0252578
0.28,0.65,0.0255836
0.28,0.66,0.0248684
0.28,0.67,0.0244271
0.28,0.68,0.0221552
0.28,0.69,0.0215064
0.28,0.7,0.022298
0.28,0.71,0.0217256
0.28,0.72,0.0187662
0.28,0.73,0.0197273
0.28,0.74,0.0185783
0.28,0.75,0.0173277
0.28,0.76,0.0172785
0.28,0.77,0.0173457
0.28,0.78,0.0163339
0.29,0,0.0154149
0.29,0.01,0.0160892
0.29,0.02,0.0177187
0.29,0.03,0.0187744
0.29,0.04,0.0202842
0.29,0.05,0.0188427
0.29,0.06,0.0202482
0.29,0.07,0.0191451
0.29,0.08,0.0220021
0.29,0.09,0.0207886
0.29,0.1,0.0232772
0.29,0.11,0.0253136
0.29,0.12,0.0247701
0.29,0.13,0.0259041
0.29,0.14,0.0253382
0.29,0.15,0.0248252
0.29,0.16,0.0267151
0.29,0.17,0.0296586
0.29,0.18,0.0290584
0.29,0.19,0.0268541
0.29,0.2,0.0310596
0.29,0.21,0.0273757
0.29,0.22,0.0298564
0.29,0.23,0.0292024
0.29,0.24,0.0310024
0.29,0.25,0.0311308
0.29,0.26,0.0310272
0.29,0.27,0.0334625
0.29,0.28,0.0307731
0.29,0.29,0.0309751
0.29,0.3,0.0336039
0.29,0.31,0.0314303
0.29,0.32,0.0327704
0.29,0.33,0.0312782
0.29,0.34,0.0322099
0.29,0.35,0.0326021
0.29,0.36,0.0329306
0.29,0.37,0.0330043
0.29,0.38,0.0332402
0.29,0.39,0.0321407
0.29,0.4,0.0321147
0.29,0.41,0.0348593
0.29,0.42,0.0319149
0.29,0.43,0.0323024
0.29,0.44,0.0315153
0.29,0.45,0.0324563
0.29,0.46,0.0353085
0.29,0.47,0.0327039
0.29,0.48,0.0318805
0.29,0.49,0.0315221
0.29,0.5,0.0339351
0.29,0.51,0.0307113
0.29,0.52,0.03193
0.29,0.53,0.0301937
0.29,0.54,0.0306374
0.29,0.55,0.0299888
0.29,0.56,0.0271399
0.29,0.57,0.0283602
0.29,0.58,0.028693
0.29,0.59,0.027459
0.29,0.6,0.0283173
0.29,0.61,0.0278383
0.29,0.62,0.0276096
0.29,0.63,0.0245806
0.29,0.64,0.025113
0.29,0.65,0.0227585
0.29,0.66,0.0237795
0.29,0.67,0.0240263
0.29,0.68,0.0245802
0.29,0.69,0.0225366
0.29,0.7,0.0218413
0.29,0.71,0.0218206
0.29,0.72,0.0201962
0.29,0.73,0.0203968
0.29,0.74,0.0199884
0.29,0.75,0.017484
0.29,0.76,0.0176712
0.29,0.77,0.0171937
0.29,0.78,0.0164721
0.3,0,0.0162015
0.3,0.01,0.0171997
0.3,0.02,0.0168823
0.3,0.03,0.0189046
0.3,0.04,0.0180607
0.3,0.05,0.0210588
0.3,0.06,0.0209044
0.3,0.07,0.0203016
0.3,0.08,0.022313
0.3,0.09,0.0229952
0.3,0.1,0.0239892
0.3,0.11,0.0239017
0.3,0.12,0.024492
0.3,0.13,0.0252427
0.3,0.14,0.0283277
0.3,0.15,0.0275917
0.3,0.16,0.0279407
0.3,0.17,0.0299326
0.3,0.18,0.0291777
0.3,0.19,0.0281742
0.3,0.2,0.0285588
0.3,0.21,0.0282964
0.3,0.22,0.0288671
0.3,0.23,0.0313075
0.3,0.24,0.0318926
0.3,0.25,0.0321802
0.3,0.26,0.0315208
0.3,0.27,0.0319706
0.3,0.28,0.0319514
0.3,0.29,0.0334821
0.3,0.3,0.0322635
0.3,0.31,0.0311396
0.3,0.32,0.0326802
0.3,0.33,0.031793
0.3,0.34,0.0327694
0.3,0.35,0.0329218
0.3,0.36,0.0344268
0.3,0.37,0.0349542
0.3,0.38,0.0326917
0.3,0.39,0.0324985
0.3,0.4,0.0343441
0.3,0.41,0.0345825
0.3,0.42,0.0329518
0.3,0.43,0.0349771
0.3,0.44,0.0313021
0.3,0.45,0.0308887
0.3,0.46,0.0309248
0.3,0.47,0.0318946
0.3,0.48,0.0312533
0.3,0.49,0.0316589
0.3,0.5,0.0321728
0.3,0.51,0.0305328
0.3,0.52,0.0320185
0.3,0.53,0.0291811
0.3,0.54,0.0334253
0.3,0.55,0.0325551
0.3,0.56,0.0318483
0.3,0.57,0.0302931
0.3,0.58,0.0299777
0.3,0.59,0.0278408
0.3,0.6,0.0298203
0.3,0.61,0.0269486
0.3,0.62,0.0282552
0.3,0.63,0.0266205
0.3,0.64,0.0258688
0.3,0.65,0.0252368
0.3,0.66,0.0260452
0.3,0.67,0.0238376
0.3,0.68,0.0253187
0.3,0.69,0.0252943
0.3,0.7,0.0205069
0.3,0.71,0.0210616
0.3,0.72,0.0201983
0.3,0.73,0.020092
0.3,0.74,0.0210561
0.3,0.75,0.0195851
0.3,0.76,0.0174353
0.3,0.77,0.0169549
0.3,0.78,0.0176163
0.31,0,0.0170334
0.31,0.01,0.0177989
0.31,0.02,0.0174002
0.31,0.03,0.0174852
0.31,0.04,0.018721
0.31,0.05,0.0194546
0.31,0.06,0.0216881
0.31,0.07,0.0223879
0.31,0.08,0.0223533
0.31,0.09,0.0241659
0.31,0.1,0.0233374
0.31,0.11,0.0247338
0.31,0.12,0.0262991
0.31,0.13,0.0282506
0.31,0.14,0.0256019
0.31,0.15,0.0283285
0.31,0.16,0.0277061
0.31,0.17,0.0276516
0.31,0.18,0.0303187
0.31,0.19,0.0308589
0.31,0.2,0.0301133
0.31,0.21,0.0289426
0.31,0.22,0.0302434
0.31,0.23,0.0309021
0.31,0.24,0.0302955
0.31,0.25,0.0325613
0.31,0.26,0.0342825
0.31,0.27,0.032336
0.31,0.28,0.033402
0.31,0.29,0.0329123
0.31,0.3,0.0314374
0.31,0.31,0.0317681
0.31,0.32,0.0317527
0.31,0.33,0.0324944
0.31,0.34,0.0315959
0.31,0.35,0.0346149
0.31,0.36,0.03254
0.31,0.37,0.0341778
0.31,0.38,0.0340765
0.31,0.39,0.0347793
0.31,0.4,0.035127
0.31,0.41,0.0318733
0.31,0.42,0.0344986
0.31,0.43,0.0315252
0.31,0.44,0.0336759
0.31,0.45,0.0329183
0.31,0.46,0.0325695
0.31,0.47,0.0323413
0.31,0.48,0.0330128
0.31,0.49,0.0305223
0.31,0.5,0.0325771
0.31,0.51,0.0320605
0.31,0.52,0.0314464
0.31,0.53,0.0315578
0.31,0.54,0.032018
0.31,0.55,0.0328978
0.31,0.56,0.0292212
0.31,0.57,0.0311785
0.31,0.58,0.0301951
0.31,0.59,0.0298007
0.31,0.6,0.028775
0.31,0.61,0.0294552
0.31,0.62,0.0291638
0.31,0.63,0.0281253
0.31,0.64,0.0275021
0.31,0.65,0.0253978
0.31,0.66,0.024975
0.31,0.67,0.0258661
0.31,0.68,0.0255829
0.31,0.69,0.0247971
0.31,0.7,0.0232067
0.31,0.71,0.0215769
0.31,0.72,0.0209948
0.31,0.73,0.0192887
0.31,0.74,0.0210592
0.31,0.75,0.019266
0.31,0.76,0.0181534
0.31,0.77,0.0180066
0.31,0.78,0.0173109
0.32,0,0.0172013
0.32,0.01,0.0170434
0.32,0.02,0.0178592
0.32,0.03,0.0184233
0.32,0.04,0.0185689
0.32,0.05,0.020564
0.32,0.06,0.0202164
0.32,0.07,0.0212458
0.32,0.08,0.0214439
0.32,0.09,0.0239343
0.32,0.1,0.02169
0.32,0.11,0.0243763
0.32,0.12,0.0246908
0.32,0.13,0.026048
0.32,0.14,0.0273188
0.32,0.15,0.0277597
0.32,0.16,0.0276375
0.32,0.17,0.0300853
0.32,0.18,0.0281119
0.32,0.19,0.0308884
0.32,0.2,0.0296272
0.32,0.21,0.0306104
0.32,0.22,0.0298917
0.32,0.23,0.0310484
0.32,0.24,0.0302193
0.32,0.25,0.0323705
0.32,0.26,0.031838
0.32,0.27,0.0309821
0.32,0.28,0.0310526
0.32,0.29,0.0321841
0.32,0.3,0.0309842
0.32,0.31,0.0307383
0.32,0.32,0.0327965
0.32,0.33,0.0336429
0.32,0.34,0.03194
0.32,0.35,0.0319277
0.32,0.36,0.0308807
0.32,0.37,0.0312646
0.32,0.38,0.0344245
0.32,0.39,0.0346218
0.32,0.4,0.0328492
0.32,0.41,0.0328801
0.32,0.42,0.0335522
0.32,0.43,0.0337668
0.32,0.44,0.0325262
0.32,0.45,0.0332145
0.32,0.46,0.0330735
0.32,0.47,0.0319987
0.32,0.48,0.0324751
0.32,0.49,0.0312318
0.32,0.5,0.0304021
0.32,0.51,0.0332711
0.32,0.52,0.0321754
0.32,0.53,0.0344287
0.32,0.54,0.0322023
0.32,0.55,0.0315282
0.32,0.56,0.0305713
0.32,0.57,0.0294171
0.32,0.58,0.0322231
0.32,0.59,0.0295197
0.32,0.6,0.0289509
0.32,0.61,0.0292007
0.32,0.62,0.028406
0.32,0.63,0.0272236
0.32,0.64,0.027376
0.32,0.65,0.0274647
0.32,0.66,0.0243027
0.32,0.67,0.0259911
0.32,0.68,0.0242972
0.32,0.69,0.0227082
0.32,0.7,0.0229665
0.32,0.71,0.0221382
0.32,0.72,0.0228296
0.32,0.73,0.0201027
0.32,0.74,0.0189961
0.32,0.75,0.0188491
0.32,0.76,0.0171767
0.32,0.77,0.0172159
0.32,0.78,0.0168121
0.33,0,0.0170731
0.33,0.01,0.0177438
0.33,0.02,0.0189269
0.33,0.03,0.018809
0.33,0.04,0.0196214
0.33,0.05,0.0207315
0.33,0.06,0.0216649
0.33,0.07,0.020885
0.33,0.08,0.0217301
0.33,0.09,0.0230667
0.33,0.1,0.0252867
0.33,0.11,0.0252047
0.33,0.12,0.0261573
0.33,0.13,0.0277474
0.33,0.14,0.0269568
0.33,0.15,0.0282215
0.33,0.16,0.0269049
0.33,0.17,0.0273754
0.33,0.18,0.0291165
0.33,0.19,0.0293004
0.33,0.2,0.0290905
0.33,0.21,0.0296558
0.33,0.22,0.0332782
0.33,0.23,0.0286355
0.33,0.24,0.0314614
0.33,0.25,0.0344437
0.33,0.26,0.0318431
0.33,0.27,0.0332668
0.33,0.28,0.0344385
0.33,0.29,0.0307624
0.33,0.3,0.0336191
0.33,0.31,0.0329474
0.33,0.32,0.0339416
0.33,0.33,0.0317614
0.33,0.34,0.0334794
0.33,0.35,0.032984
0.33,0.36,0.0325734
0.33,0.37,0.0328098
0.33,0.38,0.0324812
0.33,0.39,0.0334499
0.33,0.4,0.0349615
0.33,0.41,0.0313976
0.33,0.42,0.0339276
0.33,0.43,0.033856
0.33,0.44,0.0326229
0.33,0.45,0.0334157
0.33,0.46,0.0327857
0.33,0.47,0.0318944
0.33,0.48,0.0328286
0.33,0.49,0.0332342
0.33,0.5,0.0317562
0.33,0.51,0.032708
0.33,0.52,0.0313365
0.33,0.53,0.0341891
0.33,0.54,0.032696
0.33,0.55,0.0299429
0.33,0.56,0.0307176
0.33,0.57,0.0324899
0.33,0.58,0.030851
0.33,0.59,0.02901
0.33,0.6,0.0300094
0.33,0.61,0.029124
0.33,0.62,0.0291778
0.33,0.63,0.0298776
0.33,0.64,0.0284431
0.33,0.65,0.0261097
0.33,0.66,0.0244597
0.33,0.67,0.0257565
0.33,0.68,0.0247641
0.33,0.69,0.024603
0.33,0.7,0.0222608
0.33,0.71,0.0218132
0.33,0.72,0.022123
0.33,0.73,0.0194283
0.33,0.74,0.0192792
0.33,0.75,0.0181878
0.33,0.76,0.0193154
0.33,0.77,0.0174607
0.33,0.78,0.0156364
0.34,0,0.016271
0.34,0.01,0.0184552
0.34,0.02,0.0174865
0.34,0.03,0.0184873
0.34,0.04,0.0205669
0.34,0.05,0.0209375
0.34,0.06,0.0218495
0.34,0.07,0.0216598
0.34,0.08,0.0214305
0.34,0.09,0.0241665
0.34,0.1,0.0248199
0.34,0.11,0.0246024
0.34,0.12,0.0233883
0.34,0.13,0.0251248
0.34,0.14,0.026986
0.34,0.15,0.0306568
0.34,0.16,0.028867
0.34,0.17,0.0309196
0.34,0.18,0.029521
0.34,0.19,0.0308901
0.34,0.2,0.0318898
0.34,0.21,0.03129
0.34,0.22,0.0319741
0.34,0.23,0.0301137
0.34,0.24,0.0291275
0.34,0.25,0.0310928
0.34,0.26,0.0319328
0.34,0.27,0.0331949
0.34,0.28,0.0335457
0.34,0.29,0.0318967
0.34,0.3,0.0310792
0.34,0.31,0.0338679
0.34,0.32,0.0322347
0.34,0.33,0.0346145
0.34,0.34,0.031499
0.34,0.35,0.0330293
0.34,0.36,0.034767
0.34,0.37,0.0311856
0.34,0.38,0.0323232
0.34,0.39,0.0319582
0.34,0.4,0.0313555
0.34,0.41,0.0324245
0.34,0.42,0.0340522
0.34,0.43,0.0324866
0.34,0.44,0.0347569
0.34,0.45,0.0317286
0.34,0.46,0.0336204
0.34,0.47,0.0317938
0.34,0.48,0.0340117
0.34,0.49,0.0313353
0.34,0.5,0.0340048
0.34,0.51,0.0306269
0.34,0.52,0.0335268
0.34,0.53,0.0314281
0.34,0.54,0.0333817
0.34,0.55,0.0306857
0.34,0.56,0.0320574
0.34,0.57,0.0299418
0.34,0.58,0.0317546
0.34,0.59,0.0299288
0.34,0.6,0.029105
0.34,0.61,0.0290117
0.34,0.62,0.0288093
0.34,0.63,0.0285064
0.34,0.64,0.0276732
0.34,0.65,0.027408
0.34,0.66,0.02458
0.34,0.67,0.0262982
0.34,0.68,0.0256822
0.34,0.69,0.0236427
0.34,0.7,0.0219094
0.34,0.71,0.0206374
0.34,0.72,0.0212408
0.34,0.73,0.0207854
0.34,0.74,0.0178828
0.34,0.75,0.0177847
0.34,0.76,0.0195208
0.34,0.77,0.0173968
0.34,0.78,0.0170177
0.35,0,0.0161925
0.35,0.01,0.0170815
0.35,0.02,0.0178361
0.35,0.03,0.017993
0.35,0.04,0.019863
0.35,0.05,0.0216324
0.35,0.06,0.0209807
0.35,0.07,0.022047
0.35,0.08,0.0218371
0.35,0.09,0.0237182
0.35,0.1,0.0273652
0.35,0.11,0.0262606
0.35,0.12,0.0249867
0.35,0.13,0.0254214
0.35,0.14,0.0276341
0.35,0.15,0.028833
0.35,0.16,0.0284947
0.35,0.17,0.0280191
0.35,0.18,0.028629
0.35,0.19,0.030803
0.35,0.2,0.0300329
0.35,0.21,0.0306773
0.35,0.22,0.0320171
0.35,0.23,0.0324615
0.35,0.24,0.0336381
0.35,0.25,0.0331135
0.35,0.26,0.0333937
0.35,0.27,0.0338448
0.35,0.28,0.031646
0.35,0.29,0.0325545
0.35,0.3,0.0327091
0.35,0.31,0.0337823
0.35,0.32,0.034427
0.35,0.33,0.0327486
0.35,0.34,0.0346154
0.35,0.35,0.0314728
0.35,0.36,0.0342504
0.35,0.37,0.0333718
0.35,0.38,0.0314551
0.35,0.39,0.031181
0.35,0.4,0.0333469
0.35,0.41,0.0360114
0.35,0.42,0.0345427
0.35,0.43,0.0344574
0.35,0.44,0.0332723
0.35,0.45,0.0305719
0.35,0.46,0.0319092
0.35,0.47,0.0349834
0.35,0.48,0.0322418
0.35,0.49,0.0350559
0.35,0.5,0.0325445
0.35,0.51,0.0322681
0.35,0.52,0.0314365
0.35,0.53,0.0326311
0.35,0.54,0.0335961
0.35,0.55,0.0312631
0.35,0.56,0.0316715
0.35,0.57,0.0314138
0.35,0.58,0.0325965
0.35,0.59,0.0284876
0.35,0.6,0.0316174
0.35,0.61,0.0307525
0.35,0.62,0.0288306
0.35,0.63,0.028846
0.35,0.64,0.026582
0.35,0.65,0.0275846
0.35,0.66,0.0290508
0.35,0.67,0.0256235
0.35,0.68,0.0233206
0.35,0.69,0.0230106
0.35,0.7,0.0222973
0.35,0.71,0.0209028
0.35,0.72,0.0204073
0.35,0.73,0.0194048
0.35,0.74,0.0195423
0.35,0.75,0.0180802
0.35,0.76,0.0179065
0.35,0.77,0.0187259
0.35,0.78,0.0168617
0.36,0,0.0172605
0.36,0.01,0.0175342
0.36,0.02,0.017546
0.36,0.03,0.0180708
0.36,0.04,0.0208528
0.36,0.05,0.0194536
0.36,0.06,0.0212602
0.36,0.07,0.0240169
0.36,0.08,0.0233713
0.36,0.09,0.0252875
0.36,0.1,0.0239985
0.36,0.11,0.0252872
0.36,0.12,0.0262112
0.36,0.13,0.0273396
0.36,0.14,0.0270463
0.36,0.15,0.0280654
0.36,0.16,0.0309244
0.36,0.17,0.0275704
0.36,0.18,0.0296759
0.36,0.19,0.0297274
0.36,0.2,0.0319519
0.36,0.21,0.0319835
0.36,0.22,0.0327196
0.36,0.23,0.0324718
0.36,0.24,0.0336888
0.36,0.25,0.0339005
0.36,0.26,0.0328183
0.36,0.27,0.0323078
0.36,0.28,0.0342439
0.36,0.29,0.0332876
0.36,0.3,0.0330277
0.36,0.31,0.03254
0.36,0.32,0.034376
0.36,0.33,0.0313625
0.36,0.34,0.0339768
0.36,0.35,0.0335021
0.36,0.36,0.0314091
0.36,0.37,0.0348884
0.36,0.38,0.032855
0.36,0.39,0.0347153
0.36,0.4,0.0311723
0.36,0.41,0.0341827
0.36,0.42,0.0327602
0.36,0.43,0.0313312
0.36,0.44,0.0323288
0.36,0.45,0.0328274
0.36,0.46,0.0319007
0.36,0.47,0.0341357
0.36,0.48,0.032341
0.36,0.49,0.0332128
0.36,0.5,0.0333906
0.36,0.51,0.0331346
0.36,0.52,0.0325486
0.36,0.53,0.0317202
0.36,0.54,0.0320149
0.36,0.55,0.0320411
0.36,0.56,0.0318216
0.36,0.57,0.0329527
0.36,0.58,0.0297759
0.36,0.59,0.0326291
0.36,0.6,0.0307972
0.36,0.61,0.0311711
0.36,0.62,0.0304621
0.36,0.63,0.0290969
0.36,0.64,0.027442
0.36,0.65,0.027302
0.36,0.66,0.0269494
0.36,0.67,0.0276089
0.36,0.68,0.0251259
0.36,0.69,0.0239111
0.36,0.7,0.0227268
0.36,0.71,0.0228416
0.36,0.72,0.0218555
0.36,0.73,0.019
0.36,0.74,0.0213279
0.36,0.75,0.0190502
0.36,0.76,0.0165912
0.36,0.77,0.0179427
0.36,0.78,0.0172344
0.37,0,0.0165123
0.37,0.01,0.0167649
0.37,0.02,0.0179676
0.37,0.03,0.0179093
0.37,0.04,0.018493
0.37,0.05,0.0199127
0.37,0.06,0.0197285
0.37,0.07,0.0209812
0.37,0.08,0.0238159
0.37,0.09,0.0226474
0.37,0.1,0.0236963
0.37,0.11,0.0251306
0.37,0.12,0.0255659
0.37,0.13,0.0294273
0.37,0.14,0.0289226
0.37,0.15,0.0267605
0.37,0.16,0.0290029
0.37,0.17,0.0302884
0.37,0.18,0.0317844
0.37,0.19,0.0297309
0.37,0.2,0.0307635
0.37,0.21,0.0293803
0.37,0.22,0.0322171
0.37,0.23,0.0320851
0.37,0.24,0.0311798
0.37,0.25,0.0331359
0.37,0.26,0.0348003
0.37,0.27,0.0339454
0.37,0.28,0.0313328
0.37,0.29,0.0306135
0.37,0.3,0.0303049
0.37,0.31,0.0324785
0.37,0.32,0.0328747
0.37,0.33,0.0317436
0.37,0.34,0.0347362
0.37,0.35,0.0329692
0.37,0.36,0.0329026
0.37,0.37,0.0329135
0.37,0.38,0.0318861
0.37,0.39,0.0342922
0.37,0.4,0.0331841
0.37,0.41,0.0317734
0.37,0.42,0.0327867
0.37,0.43,0.0309761
0.37,0.44,0.0331462
0.37,0.45,0.0332968
0.37,0.46,0.0328778
0.37,0.47,0.0351884
0.37,0.48,0.0350445
0.37,0.49,0.0302386
0.37,0.5,0.0315655
0.37,0.51,0.0321903
0.37,0.52,0.0334333
0.37,0.53,0.0317008
0.37,0.54,0.0310217
0.37,0.55,0.0331458
0.37,0.56,0.0335004
0.37,0.57,0.0319579
0.37,0.58,0.0316626
0.37,0.59,0.0321943
0.37,0.6,0.0298449
0.37,0.61,0.0300611
0.37,0.62,0.029486
0.37,0.63,0.0289895
0.37,0.64,0.0301752
0.37,0.65,0.0281597
0.37,0.66,0.0256311
0.37,0.67,0.0249981
0.37,0.68,0.0272957
0.37,0.69,0.0241956
0.37,0.7,0.0250856
0.37,0.71,0.0220119
0.37,0.72,0.0207938
0.37,0.73,0.0214287
0.37,0.74,0.0197465
0.37,0.75,0.0182182
0.37,0.76,0.0182259
0.37,0.77,0.0179289
0.37,0.78,0.0179183
0.38,0,0.0171766
0.38,0.01,0.0166468
0.38,0.02,0.0173641
0.38,0.03,0.0195873
0.38,0.04,0.0178168
0.38,0.05,0.0191694
0.38,0.06,0.0217465
0.38,0.07,0.0243359
0.38,0.08,0.0239615
0.38,0.09,0.0229779
0.38,0.1,0.0269454
0.38,0.11,0.0280623
0.38,0.12,0.0287722
0.38,0.13,0.0291648
0.38,0.14,0.0295246
0.38,0.15,0.0310727
0.38,0.16,0.0292639
0.38,0.17,0.0313651
0.38,0.18,0.0312888
0.38,0.19,0.0315439
0.38,0.2,0.0295529
0.38,0.21,0.0308092
0.38,0.22,0.0315758
0.38,0.23,0.0309669
0.38,0.24,0.0304314
0.38,0.25,0.033389
0.38,0.26,0.0325901
0.38,0.27,0.0323223
0.38,0.28,0.035161
0.38,0.29,0.0330715
0.38,0.3,0.0326762
0.38,0.31,0.0343832
0.38,0.32,0.0346575
0.38,0.33,0.03123
0.38,0.34,0.0335573
0.38,0.35,0.0332589
0.38,0.36,0.032503
0.38,0.37,0.0330748
0.38,0.38,0.0319192
0.38,0.39,0.032011
0.38,0.4,0.0340924
0.38,0.41,0.032252
0.38,0.42,0.0330367
0.38,0.43,0.0329576
0.38,0.44,0.0320069
0.38,0.45,0.0334851
0.38,0.46,0.0347398
0.38,0.47,0.0321471
0.38,0.48,0.0335078
0.38,0.49,0.0320039
0.38,0.5,0.0337664
0.38,0.51,0.0312762
0.38,0.52,0.0316512
0.38,0.53,0.0330544
0.38,0.54,0.0332155
0.38,0.55,0.0339916
0.38,0.56,0.0322805
0.38,0.57,0.0328029
0.38,0.58,0.0312017
0.38,0.59,0.0313929
0.38,0.6,0.0306479
0.38,0.61,0.0299204
0.38,0.62,0.0308795
0.38,0.63,0.029491
0.38,0.64,0.027651
0.38,0.65,0.0266876
0.38,0.66,0.0278662
0.38,0.67,0.0264579
0.38,0.68,0.0252741
0.38,0.69,0.0246699
0.38,0.7,0.0229067
0.38,0.71,0.0222706
0.38,0.72,0.0199502
0.38,0.73,0.0201767
0.38,0.74,0.0186471
0.38,0.75,0.020606
0.38,0.76,0.0178729
0.38,0.77,0.0178775
0.38,0.78,0.0159865
0.39,0,0.0158989
0.39,0.01,0.0179371
0.39,0.02,0.0165616
0.39,0.03,0.0169855
0.39,0.04,0.0198921
0.39,0.05,0.0205349
0.39,0.06,0.0219952
0.39,0.07,0.0207105
0.39,0.08,0.0231541
0.39,0.09,0.0249117
0.39,0.1,0.0251941
0.39,0.11,0.0265443
0.39,0.12,0.0268782
0.39,0.13,0.0296046
0.39,0.14,0.0297182
0.39,0.15,0.0293612
0.39,0.16,0.031037
0.39,0.17,0.0281969
0.39,0.18,0.0305575
0.39,0.19,0.0326968
0.39,0.2,0.0303862
0.39,0.21,0.0323388
0.39,0.22,0.0326654
0.39,0.23,0.0319422
0.39,0.24,0.0313679
0.39,0.25,0.0324183
0.39,0.26,0.0326753
0.39,0.27,0.0324802
0.39,0.28,0.0331947
0.39,0.29,0.0324944
0.39,0.3,0.0352433
0.39,0.31,0.0330986
0.39,0.32,0.0298707
0.39,0.33,0.0340653
0.39,0.34,0.032977
0.39,0.35,0.0336827
0.39,0.36,0.0341197
0.39,0.37,0.0320103
0.39,0.38,0.0301402
0.39,0.39,0.0350774
0.39,0.4,0.0342787
0.39,0.41,0.0334356
0.39,0.42,0.0329595
0.39,0.43,0.0344664
0.39,0.44,0.033881
0.39,0.45,0.0309636
0.39,0.46,0.0317307
0.39,0.47,0.03393
0.39,0.48,0.0340671
0.39,0.49,0.0333589
0.39,0.5,0.0314677
0.39,0.51,0.0333157
0.39,0.52,0.0333725
0.39,0.53,0.0326974
0.39,0.54,0.0323247
0.39,0.55,0.0317699
0.39,0.56,0.0319398
0.39,0.57,0.0324177
0.39,0.58,0.0316405
0.39,0.59,0.0305478
0.39,0.6,0.0294688
0.39,0.61,0.0331493
0.39,0.62,0.029364
0.39,0.63,0.0280885
0.39,0.64,0.0284871
0.39,0.65,0.0275936
0.39,0.66,0.0267133
0.39,0.67,0.0275202
0.39,0.68,0.0238931
0.39,0.69,0.024792
0.39,0.7,0.0246596
0.39,0.71,0.0238742
0.39,0.72,0.0216524
0.39,0.73,0.0213795
0.39,0.74,0.0200359
0.39,0.75,0.0197066
0.39,0.76,0.0185357
0.39,0.77,0.0173277
0.39,0.78,0.0165574
0.4,0,0.0155921
0.4,0.01,0.0178834
0.4,0.02,0.0183039
0.4,0.03,0.020141
0.4,0.04,0.0190992
0.4,0.05,0.0195278
0.4,0.06,0.0217465
0.4,0.07,0.0225397
0.4,0.08,0.0249395
0.4,0.09,0.0260274
0.4,0.1,0.0258579
0.4,0.11,0.0265724
0.4,0.12,0.0252453
0.4,0.13,0.0279296
0.4,0.14,0.0312963
0.4,0.15,0.029342
0.4,0.16,0.0313493
0.4,0.17,0.031402
0.4,0.18,0.0303555
0.4,0.19,0.0320633
0.4,0.2,0.0327626
0.4,0.21,0.0334306
0.4,0.22,0.0330458
0.4,0.23,0.0322349
0.4,0.24,0.031581
0.4,0.25,0.034655
0.4,0.26,0.0339366
0.4,0.27,0.0335293
0.4,0.28,0.0327916
0.4,0.29,0.0320919
0.4,0.3,0.03214
0.4,0.31,0.0316393
0.4,0.32,0.0337037
0.4,0.33,0.0334345
0.4,0.34,0.0307093
0.4,0.35,0.0307196
0.4,0.36,0.0340388
0.4,0.37,0.0318251
0.4,0.38,0.0314594
0.4,0.39,0.0334059
0.4,0.4,0.0323419
0.4,0.41,0.0328622
0.4,0.42,0.0320382
0.4,0.43,0.035149
0.4,0.44,0.0318808
0.4,0.45,0.0341467
0.4,0.46,0.0325995
0.4,0.47,0.0304557
0.4,0.48,0.033788
0.4,0.49,0.0327647
0.4,0.5,0.03384
0.4,0.51,0.0326079
0.4,0.52,0.0338921
0.4,0.53,0.0325304
0.4,0.54,0.0310978
0.4,0.55,0.0337239
0.4,0.56,0.0310385
0.4,0.57,0.0309027
0.4,0.58,0.0295494
0.4,0.59,0.0322098
0.4,0.6,0.0312406
0.4,0.61,0.0296653
0.4,0.62,0.032187
0.4,0.63,0.0301389
0.4,0.64,0.0299478
0.4,0.65,0.0271146
0.4,0.66,0.0282526
0.4,0.67,0.0266752
0.4,0.68,0.0265267
0.4,0.69,0.0250423
0.4,0.7,0.0240799
0.4,0.71,0.0222808
0.4,0.72,0.0215947
0.4,0.73,0.0209797
0.4,0.74,0.0212099
0.4,0.75,0.0182822
0.4,0.76,0.0184835
0.4,0.77,0.0184279
0.4,0.78,0.0168364
0.41,0,0.0162423
0.41,0.01,0.0170233
0.41,0.02,0.018376
0.41,0.03,0.0196547
0.41,0.04,0.0197892
0.41,0.05,0.0216035
0.41,0.06,0.0225726
0.41,0.07,0.024285
0.41,0.08,0.0235339
0.41,0.09,0.0260626
0.41,0.1,0.0253615
0.41,0.11,0.0258644
0.41,0.12,0.0276414
0.41,0.13,0.0289841
0.41,0.14,0.0295459
0.41,0.15,0.0291071
0.41,0.16,0.0285054
0.41,0.17,0.032803
0.41,0.18,0.0309399
0.41,0.19,0.0328784
0.41,0.2,0.0336283
0.41,0.21,0.0314957
0.41,0.22,0.0335773
0.41,0.23,0.0327023
0.41,0.24,0.0347298
0.41,0.25,0.0343468
0.41,0.26,0.0315218
0.41,0.27,0.0335398
0.41,0.28,0.0332522
0.41,0.29,0.0342709
0.41,0.3,0.0327819
0.41,0.31,0.0325314
0.41,0.32,0.0326226
0.41,0.33,0.0325812
0.41,0.34,0.0341135
0.41,0.35,0.0327824
0.41,0.36,0.0329913
0.41,0.37,0.0324359
0.41,0.38,0.0326155
0.41,0.39,0.0332065
0.41,0.4,0.0329981
0.41,0.41,0.0324426
0.41,0.42,0.031131
0.41,0.43,0.0341677
0.41,0.44,0.0317801
0.41,0.45,0.032557
0.41,0.46,0.0338907
0.41,0.47,0.033037
0.41,0.48,0.0328349
0.41,0.49,0.0339916
0.41,0.5,0.0323725
0.41,0.51,0.0335236
0.41,0.52,0.0344081
0.41,0.53,0.0327446
0.41,0.54,0.0329184
0.41,0.55,0.0308848
0.41,0.56,0.0313793
0.41,0.57,0.0328706
0.41,0.58,0.0294182
0.41,0.59,0.0316563
0.41,0.6,0.0325709
0.41,0.61,0.031602
0.41,0.62,0.032007
0.41,0.63,0.0303483
0.41,0.64,0.0295334
0.41,0.65,0.0274484
0.41,0.66,0.0271723
0.41,0.67,0.02638
0.41,0.68,0.025643
0.41,0.69,0.0244089
0.41,0.7,0.0244935
0.41,0.71,0.0226462
0.41,0.72,0.022586
0.41,0.73,0.0201724
0.41,0.74,0.0193286
0.41,0.75,0.0171478
0.41,0.76,0.0195813
0.41,0.77,0.0169391
0.41,0.78,0.016122
0.42,0,0.0157067
0.42,0.01,0.0182224
0.42,0.02,0.0174208
0.42,0.03,0.0196864
0.42,0.04,0.020358
0.42,0.05,0.0214559
0.42,0.06,0.0203683
0.42,0.07,0.0228227
0.42,0.08,0.0241601
0.42,0.09,0.0256627
0.42,0.1,0.0269754
0.42,0.11,0.0275332
0.42,0.12,0.0287783
0.42,0.13,0.0304458
0.42,0.14,0.0288814
0.42,0.15,0.0320282
0.42,0.16,0.0341846
0.42,0.17,0.0326152
0.42,0.18,0.0322384
0.42,0.19,0.0327219
0.42,0.2,0.0329123
0.42,0.21,0.0342191
0.42,0.22,0.032839
0.42,0.23,0.0328134
0.42,0.24,0.0339694
0.42,0.25,0.0331738
0.42,0.26,0.0320533
0.42,0.27,0.0320979
0.42,0.28,0.0327791
0.42,0.29,0.0328265
0.42,0.3,0.0341924
0.42,0.31,0.0339656
0.42,0.32,0.0339993
0.42,0.33,0.0331494
0.42,0.34,0.0341187
0.42,0.35,0.0330436
0.42,0.36,0.0352164
0.42,0.37,0.0328488
0.42,0.38,0.0327823
0.42,0.39,0.0321088
0.42,0.4,0.0332095
0.42,0.41,0.0326234
0.42,0.42,0.0321223
0.42,0.43,0.0335272
0.42,0.44,0.029348
0.42,0.45,0.0341597
0.42,0.46,0.0330416
0.42,0.47,0.033539
0.42,0.48,0.0339508
0.42,0.49,0.0320085
0.42,0.5,0.0330196
0.42,0.51,0.0316287
0.42,0.52,0.0314035
0.42,0.53,0.0336429
0.42,0.54,0.0319372
0.42,0.55,0.0334362
0.42,0.56,0.0316315
0.42,0.57,0.0328437
0.42,0.58,0.0328099
0.42,0.59,0.0311533
0.42,0.6,0.0323443
0.42,0.61,0.0309447
0.42,0.62,0.0290839
0.42,0.63,0.0298916
0.42,0.64,0.0277883
0.42,0.65,0.0296447
0.42,0.66,0.0299109
0.42,0.67,0.0274845
0.42,0.68,0.0264494
0.42,0.69,0.0251174
0.42,0.7,0.0264026
0.42,0.71,0.0240467
0.42,0.72,0.0223288
0.42,0.73,0.0219458
0.42,0.74,0.021106
0.42,0.75,0.0211148
0.42,0.76,0.0196358
0.42,0.77,0.0175259
0.42,0.78,0.0176343
0.43,0,0.0172289
0.43,0.01,0.016566
0.43,0.02,0.0192838
0.43,0.03,0.0202248
0.43,0.04,0.0193534
0.43,0.05,0.0201737
0.43,0.06,0.0224713
0.43,0.07,0.0238843
0.43,0.08,0.0260864
0.43,0.09,0.0252996
0.43,0.1,0.0272507
0.43,0.11,0.0281594
0.43,0.12,0.0269123
0.43,0.13,0.0316938
0.43,0.14,0.0294872
0.43,0.15,0.0284595
0.43,0.16,0.0301185
0.43,0.17,0.0310782
0.43,0.18,0.0325339
0.43,0.19,0.031901
0.43,0.2,0.0342304
0.43,0.21,0.0331306
0.43,0.22,0.0351483
0.43,0.23,0.0313821
0.43,0.24,0.0302468
0.43,0.25,0.0324364
0.43,0.26,0.030012
0.43,0.27,0.0334283
0.43,0.28,0.0333876
0.43,0.29,0.0332922
0.43,0.3,0.0320448
0.43,0.31,0.032336
0.43,0.32,0.032288
0.43,0.33,0.0353859
0.43,0.34,0.0323891
0.43,0.35,0.0326096
0.43,0.36,0.0334548
0.43,0.37,0.0353537
0.43,0.38,0.0332476
0.43,0.39,0.0346929
0.43,0.4,0.0336758
0.43,0.41,0.0312485
0.43,0.42,0.0342161
0.43,0.43,0.0314518
0.43,0.44,0.0313816
0.43,0.45,0.0317931
0.43,0.46,0.0317367
0.43,0.47,0.0328339
0.43,0.48,0.0314042
0.43,0.49,0.0315077
0.43,0.5,0.0332112
0.43,0.51,0.0322225
0.43,0.52,0.0320864
0.43,0.53,0.0324877
0.43,0.54,0.0329906
0.43,0.55,0.0304067
0.43,0.56,0.0336989
0.43,0.57,0.0303068
0.43,0.58,0.0335353
0.43,0.59,0.0311098
0.43,0.6,0.0324191
0.43,0.61,0.0315039
0.43,0.62,0.0304143
0.43,0.63,0.0288639
0.43,0.64,0.0294767
0.43,0.65,0.0284146
0.43,0.66,0.0295122
0.43,0.67,0.0283212
0.43,0.68,0.0260665
0.43,0.69,0.0261622
0.43,0.7,0.0243007
0.43,0.71,0.0242922
0.43,0.72,0.0217691
0.43,0.73,0.0227957
0.43,0.74,0.019201
0.43,0.75,0.0185527
0.43,0.76,0.0179948
0.43,0.77,0.0178821
0.43,0.78,0.0154836
0.44,0,0.0165795
0.44,0.01,0.0169581
0.44,0.02,0.0191975
0.44,0.03,0.020583
0.44,0.04,0.0190792
0.44,0.05,0.0206105
0.44,0.06,0.0226285
0.44,0.07,0.0232975
0.44,0.08,0.0242278
0.44,0.09,0.0245099
0.44,0.1,0.0290063
0.44,0.11,0.0272886
0.44,0.12,0.0289812
0.44,0.13,0.0314963
0.44,0.14,0.0309368
0.44,0.15,0.0307815
0.44,0.16,0.0320755
0.44,0.17,0.031797
0.44,0.18,0.0301853
0.44,0.19,0.032521
0.44,0.2,0.0314727
0.44,0.21,0.0316772
0.44,0.22,0.0295545
0.44,0.23,0.0313369
0.44,0.24,0.0332072
0.44,0.25,0.0330194
0.44,0.26,0.0339626
0.44,0.27,0.0339556
0.44,0.28,0.0332818
0.44,0.29,0.0328521
0.44,0.3,0.032967
0.44,0.31,0.0329598
0.44,0.32,0.0307441
0.44,0.33,0.0316662
0.44,0.34,0.032769
0.44,0.35,0.0321236
0.44,0.36,0.0329793
0.44,0.37,0.0337584
0.44,0.38,0.0318801
0.44,0.39,0.0333578
0.44,0.4,0.0359808
0.44,0.41,0.0331229
0.44,0.42,0.0317182
0.44,0.43,0.0333754
0.44,0.44,0.0319763
0.44,0.45,0.0305832
0.44,0.46,0.0334568
0.44,0.47,0.0357411
0.44,0.48,0.0297853
0.44,0.49,0.0345579
0.44,0.5,0.0331029
0.44,0.51,0.0304937
0.44,0.52,0.0352369
0.44,0.53,0.0350953
0.44,0.54,0.0319041
0.44,0.55,0.0307074
0.44,0.56,0.0324002
0.44,0.57,0.0348095
0.44,0.58,0.0324289
0.44,0.59,0.033889
0.44,0.6,0.032817
0.44,0.61,0.03173
0.44,0.62,0.0336248
0.44,0.63,0.0289124
0.44,0.64,0.0295074
0.44,0.65,0.0305357
0.44,0.66,0.0281837
0.44,0.67,0.0286579
0.44,0.68,0.026329
0.44,0.69,0.024147
0.44,0.7,0.0248787
0.44,0.71,0.0249268
0.44,0.72,0.0219069
0.44,0.73,0.0194234
0.44,0.74,0.0187825
0.44,0.75,0.0204549
0.44,0.76,0.018678
0.44,0.77,0.0171775
0.44,0.78,0.0163005
0.45,0,0.0178459
0.45,0.01,0.0173937
0.45,0.02,0.0194454
0.45,0.03,0.0187526
0.45,0.04,0.0203253
0.45,0.05,0.0209203
0.45,0.06,0.0211871
0.45,0.07,0.0219435
0.45,0.08,0.0244387
0.45,0.09,0.0273642
0.45,0.1,0.0281663
0.45,0.11,0.0284815
0.45,0.12,0.0298659
0.45,0.13,0.0281478
0.45,0.14,0.0321014
0.45,0.15,0.0308455
0.45,0.16,0.0289845
0.45,0.17,0.0335817
0.45,0.18,0.0317543
0.45,0.19,0.0343958
0.45,0.2,0.0324123
0.45,0.21,0.0339996
0.45,0.22,0.0332453
0.45,0.23,0.0334803
0.45,0.24,0.0342027
0.45,0.25,0.0334679
0.45,0.26,0.0332196
0.45,0.27,0.0318515
0.45,0.28,0.0336481
0.45,0.29,0.0329598
0.45,0.3,0.0327759
0.45,0.31,0.0322694
0.45,0.32,0.0327491
0.45,0.33,0.0337882
0.45,0.34,0.0323755
0.45,0.35,0.0321143
0.45,0.36,0.0331243
0.45,0.37,0.0334555
0.45,0.38,0.0319077
0.45,0.39,0.0339919
0.45,0.4,0.0317206
0.45,0.41,0.034181
0.45,0.42,0.0333204
0.45,0.43,0.0339819
0.45,0.44,0.0338045
0.45,0.45,0.0330405
0.45,0.46,0.034278
0.45,0.47,0.0323461
0.45,0.48,0.0351993
0.45,0.49,0.031715
0.45,0.5,0.0308581
0.45,0.51,0.0342025
0.45,0.52,0.0351138
0.45,0.53,0.0331591
0.45,0.54,0.0326203
0.45,0.55,0.0329974
0.45,0.56,0.0339661
0.45,0.57,0.0314756
0.45,0.58,0.0317448
0.45,0.59,0.031875
0.45,0.6,0.0322514
0.45,0.61,0.0307658
0.45,0.62,0.0307637
0.45,0.63,0.0291117
0.45,0.64,0.0319608
0.45,0.65,0.0316279
0.45,0.66,0.0288653
0.45,0.67,0.0277211
0.45,0.68,0.0261933
0.45,0.69,0.0251022
0.45,0.7,0.0249975
0.45,0.71,0.0254116
0.45,0.72,0.0220369
0.45,0.73,0.0216203
0.45,0.74,0.0189534
0.45,0.75,0.0197322
0.45,0.76,0.017525
0.45,0.77,0.0178769
0.45,0.78,0.0164691
0.46,0,0.016085
0.46,0.01,0.0176111
0.46,0.02,0.0178773
0.46,0.03,0.0183503
0.46,0.04,0.0208602
0.46,0.05,0.0224733
0.46,0.06,0.0238296
0.46,0.07,0.0246753
0.46,0.08,0.0254263
0.46,0.09,0.0249692
0.46,0.1,0.0274136
0.46,0.11,0.0263762
0.46,0.12,0.0266688
0.46,0.13,0.0292694
0.46,0.14,0.0297725
0.46,0.15,0.0309444
0.46,0.16,0.0318816
0.46,0.17,0.0307079
0.46,0.18,0.0303358
0.46,0.19,0.0332751
0.46,0.2,0.0306918
0.46,0.21,0.0327948
0.46,0.22,0.0325246
0.46,0.23,0.0333182
0.46,0.24,0.0314813
0.46,0.25,0.0332581
0.46,0.26,0.0323497
0.46,0.27,0.030099
0.46,0.28,0.032886
0.46,0.29,0.0323062
0.46,0.3,0.0320031
0.46,0.31,0.0344659
0.46,0.32,0.0317923
0.46,0.33,0.0340286
0.46,0.34,0.0321244
0.46,0.35,0.0331337
0.46,0.36,0.0320452
0.46,0.37,0.0326547
0.46,0.38,0.0335806
0.46,0.39,0.0333725
0.46,0.4,0.0333837
0.46,0.41,0.0322028
0.46,0.42,0.0347447
0.46,0.43,0.0339862
0.46,0.44,0.0309581
0.46,0.45,0.0312688
0.46,0.46,0.0321164
0.46,0.47,0.0317321
0.46,0.48,0.0342195
0.46,0.49,0.0331448
0.46,0.5,0.0337576
0.46,0.51,0.0332175
0.46,0.52,0.0319436
0.46,0.53,0.0336472
0.46,0.54,0.0318122
0.46,0.55,0.0334172
0.46,0.56,0.0336644
0.46,0.57,0.0335771
0.46,0.58,0.0314615
0.46,0.59,0.0331365
0.46,0.6,0.0320484
0.46,0.61,0.0323061
0.46,0.62,0.0311313
0.46,0.63,0.0312317
0.46,0.64,0.0303412
0.46,0.65,0.0287931
0.46,0.66,0.0279511
0.46,0.67,0.0269836
0.46,0.68,0.0274454
0.46,0.69,0.0269917
0.46,0.7,0.0270872
0.46,0.71,0.0243573
0.46,0.72,0.0240183
0.46,0.73,0.0226929
0.46,0.74,0.0226613
0.46,0.75,0.0191258
0.46,0.76,0.0180944
0.46,0.77,0.0179111
0.46,0.78,0.0168194
0.47,0,0.0163682
0.47,0.01,0.0177101
0.47,0.02,0.0189069
0.47,0.03,0.0184909
0.47,0.04,0.0213942
0.47,0.05,0.0218389
0.47,0.06,0.0234076
0.47,0.07,0.0244973
0.47,0.08,0.0250215
0.47,0.09,0.027121
0.47,0.1,0.0277716
0.47,0.11,0.0277178
0.47,0.12,0.0290617
0.47,0.13,0.0290692
0.47,0.14,0.0288521
0.47,0.15,0.0323774
0.47,0.16,0.0302004
0.47,0.17,0.033515
0.47,0.18,0.0322977
0.47,0.19,0.031048
0.47,0.2,0.0352043
0.47,0.21,0.0315774
0.47,0.22,0.0333348
0.47,0.23,0.0327833
0.47,0.24,0.0334537
0.47,0.25,0.0319215
0.47,0.26,0.0324612
0.47,0.27,0.0338469
0.47,0.28,0.0323621
0.47,0.29,0.0322186
0.47,0.3,0.0320847
0.47,0.31,0.0334696
0.47,0.32,0.034669
0.47,0.33,0.0338799
0.47,0.34,0.0334149
0.47,0.35,0.033596
0.47,0.36,0.034541
0.47,0.37,0.0334246
0.47,0.38,0.0342827
0.47,0.39,0.0332019
0.47,0.4,0.0316632
0.47,0.41,0.0350796
0.47,0.42,0.032768
0.47,0.43,0.034944
0.47,0.44,0.0314291
0.47,0.45,0.0347049
0.47,0.46,0.0329464
0.47,0.47,0.0333409
0.47,0.48,0.0318462
0.47,0.49,0.0347171
0.47,0.5,0.0324958
0.47,0.51,0.0316495
0.47,0.52,0.0318977
0.47,0.53,0.0318209
0.47,0.54,0.0345784
0.47,0.55,0.0325028
0.47,0.56,0.0304373
0.47,0.57,0.034303
0.47,0.58,0.0362493
0.47,0.59,0.0325873
0.47,0.6,0.0306647
0.47,0.61,0.0306372
0.47,0.62,0.0320464
0.47,0.63,0.0301153
0.47,0.64,0.0317378
0.47,0.65,0.0279112
0.47,0.66,0.0296964
0.47,0.67,0.0274909
0.47,0.68,0.0269305
0.47,0.69,0.0261543
0.47,0.7,0.0272013
0.47,0.71,0.0238058
0.47,0.72,0.0218274
0.47,0.73,0.0209525
0.47,0.74,0.0227455
0.47,0.75,0.0205786
0.47,0.76,0.0192962
0.47,0.77,0.0179898
0.47,0.78,0.0177596
0.48,0,0.0165487
0.48,0.01,0.0176306
0.48,0.02,0.0182227
0.48,0.03,0.0209229
0.48,0.04,0.0198777
0.48,0.05,0.0231884
0.48,0.06,0.0225376
0.48,0.07,0.0238953
0.48,0.08,0.0240576
0.48,0.09,0.0264957
0.48,0.1,0.0262075
0.48,0.11,0.0272927
0.48,0.12,0.0289704
0.48,0.13,0.0301996
0.48,0.14,0.031663
0.48,0.15,0.0306127
0.48,0.16,0.0302624
0.48,0.17,0.0317222
0.48,0.18,0.0328979
0.48,0.19,0.0340599
0.48,0.2,0.0341355
0.48,0.21,0.0311143
0.48,0.22,0.0329495
0.48,0.23,0.0325257
0.48,0.24,0.0355896
0.48,0.25,0.0326352
0.48,0.26,0.0331309
0.48,0.27,0.0323545
0.48,0.28,0.0349815
0.48,0.29,0.032402
0.48,0.3,0.0341096
0.48,0.31,0.0331935
0.48,0.32,0.0325706
0.48,0.33,0.0309698
0.48,0.34,0.032185
0.48,0.35,0.0331497
0.48,0.36,0.0330279
0.48,0.37,0.0354759
0.48,0.38,0.0332022
0.48,0.39,0.0315919
0.48,0.4,0.0327482
0.48,0.41,0.0325999
0.48,0.42,0.0319892
0.48,0.43,0.0332061
0.48,0.44,0.0318263
0.48,0.45,0.0349896
0.48,0.46,0.0327598
0.48,0.47,0.0326516
0.48,0.48,0.0347515
0.48,0.49,0.0329511
0.48,0.5,0.0326175
0.48,0.51,0.0324576
0.48,0.52,0.0328434
0.48,0.53,0.031876
0.48,0.54,0.0322036
0.48,0.55,0.0321027
0.48,0.56,0.0344489
0.48,0.57,0.0319893
0.48,0.58,0.0323082
0.48,0.59,0.0337755
0.48,0.6,0.033492
0.48,0.61,0.0322038
0.48,0.62,0.0316115
0.48,0.63,0.0326988
0.48,0.64,0.0296275
0.48,0.65,0.0304623
0.48,0.66,0.0289265
0.48,0.67,0.0273483
0.48,0.68,0.0291683
0.48,0.69,0.0257423
0.48,0.7,0.0253766
0.48,0.71,0.0236798
0.48,0.72,0.0228126
0.48,0.73,0.0225653
0.48,0.74,0.0212036
0.48,0.75,0.0197333
0.48,0.76,0.0181004
0.48,0.77,0.019133
0.48,0.78,0.0161706
0.49,0,0.0165663
0.49,0.01,0.0175075
0.49,0.02,0.0198181
0.49,0.03,0.0183421
0.49,0.04,0.021153
0.49,0.05,0.0226611
0.49,0.06,0.0230418
0.49,0.07,0.0233671
0.49,0.08,0.0258232
0.49,0.09,0.0274447
0.49,0.1,0.0274327
0.49,0.11,0.0279647
0.49,0.12,0.0304843
0.49,0.13,0.0308029
0.49,0.14,0.0288685
0.49,0.15,0.0329059
0.49,0.16,0.0297381
0.49,0.17,0.0312666
0.49,0.18,0.0338592
0.49,0.19,0.0320495
0.49,0.2,0.034065
0.49,0.21,0.0305812
0.49,0.22,0.0339417
0.49,0.23,0.0312894
0.49,0.24,0.0298717
0.49,0.25,0.0320721
0.49,0.26,0.0319133
0.49,0.27,0.0338772
0.49,0.28,0.0331468
0.49,0.29,0.0308138
0.49,0.3,0.0329898
0.49,0.31,0.0332119
0.49,0.32,0.0344163
0.49,0.33,0.0314247
0.49,0.34,0.0337609
0.49,0.35,0.0342926
0.49,0.36,0.0347325
0.49,0.37,0.0337437
0.49,0.38,0.0331039
0.49,0.39,0.032695
0.49,0.4,0.0346323
0.49,0.41,0.0332395
0.49,0.42,0.0322935
0.49,0.43,0.0317332
0.49,0.44,0.0314642
0.49,0.45,0.0329739
0.49,0.46,0.0326237
0.49,0.47,0.032262
0.49,0.48,0.0316172
0.49,0.49,0.0303284
0.49,0.5,0.0336106
0.49,0.51,0.0341904
0.49,0.52,0.0326159
0.49,0.53,0.0345367
0.49,0.54,0.0329844
0.49,0.55,0.0334015
0.49,0.56,0.034061
0.49,0.57,0.0328544
0.49,0.58,0.033036
0.49,0.59,0.0338183
0.49,0.6,0.0325598
0.49,0.61,0.0319275
0.49,0.62,0.0325473
0.49,0.63,0.0304749
0.49,0.64,0.0297254
0.49,0.65,0.0312345
0.49,0.66,0.027729
0.49,0.67,0.0281849
0.49,0.68,0.0265087
0.49,0.69,0.0263137
0.49,0.7,0.0261965
0.49,0.71,0.0264737
0.49,0.72,0.0247076
0.49,0.73,0.0226842
0.49,0.74,0.0228107
0.49,0.75,0.0194735
0.49,0.76,0.0190557
0.49,0.77,0.0188114
0.49,0.78,0.0164197
0.5,0,0.0176831
0.5,0.01,0.0184469
0.5,0.02,0.018947
0.5,0.03,0.0187017
0.5,0.04,0.0185119
0.5,0.05,0.0209867
0.5,0.06,0.0243213
0.5,0.07,0.024353
0.5,0.08,0.025839
0.5,0.09,0.0262437
0.5,0.1,0.0276736
0.5,0.11,0.0275404
0.5,0.12,0.0295096
0.5,0.13,0.031548
0.5,0.14,0.03116
0.5,0.15,0.0303836
0.5,0.16,0.0323397
0.5,0.17,0.0320598
0.5,0.18,0.0303471
0.5,0.19,0.0341038
0.5,0.2,0.0315635
0.5,0.21,0.0319046
0.5,0.22,0.0311637
0.5,0.23,0.0336689
0.5,0.24,0.0326172
0.5,0.25,0.0337499
0.5,0.26,0.0353806
0.5,0.27,0.0332286
0.5,0.28,0.0333008
0.5,0.29,0.0317853
0.5,0.3,0.0312276
0.5,0.31,0.0339236
0.5,0.32,0.0331391
0.5,0.33,0.0322373
0.5,0.34,0.0325575
0.5,0.35,0.0317975
0.5,0.36,0.0317866
0.5,0.37,0.0343635
0.5,0.38,0.0309837
0.5,0.39,0.0332095
0.5,0.4,0.0326351
0.5,0.41,0.0334652
0.5,0.42,0.0318234
0.5,0.43,0.0315124
0.5,0.44,0.0323231
0.5,0.45,0.0328006
0.5,0.46,0.0321352
0.5,0.47,0.0327413
0.5,0.48,0.0321969
0.5,0.49,0.0296425
0.5,0.5,0.0330706
0.5,0.51,0.0326066
0.5,0.52,0.0316884
0.5,0.53,0.0327875
0.5,0.54,0.0337369
0.5,0.55,0.0344938
0.5,0.56,0.0328335
0.5,0.57,0.0321587
0.5,0.58,0.0317004
0.5,0.59,0.0339354
0.5,0.6,0.0325608
0.5,0.61,0.0321645
0.5,0.62,0.0323365
0.5,0.63,0.0308958
0.5,0.64,0.0299504
0.5,0.65,0.030566
0.5,0.66,0.0285907
0.5,0.67,0.0286718
0.5,0.68,0.0265867
0.5,0.69,0.0262081
0.5,0.7,0.0240799
0.5,0.71,0.0237012
0.5,0.72,0.022047
0.5,0.73,0.0222838
0.5,0.74,0.0229917
0.5,0.75,0.0206447
0.5,0.76,0.0193615
0.5,0.77,0.0178624
0.5,0.78,0.0188226
0.51,0,0.0159909
0.51,0.01,0.0195887
0.51,0.02,0.0168542
0.51,0.03,0.0190387
0.51,0.04,0.0214106
0.51,0.05,0.0222752
0.51,0.06,0.0237576
0.51,0.07,0.0254091
0.51,0.08,0.0241726
0.51,0.09,0.0281912
0.51,0.1,0.0286443
0.51,0.11,0.0294067
0.51,0.12,0.0295823
0.51,0.13,0.0289909
0.51,0.14,0.0292373
0.51,0.15,0.0308749
0.51,0.16,0.0334525
0.51,0.17,0.030865
0.51,0.18,0.033852
0.51,0.19,0.0320297
0.51,0.2,0.0326401
0.51,0.21,0.0332067
0.51,0.22,0.0341801
0.51,0.23,0.0325849
0.51,0.24,0.0341908
0.51,0.25,0.0312069
0.51,0.26,0.0322469
0.51,0.27,0.0332016
0.51,0.28,0.033038
0.51,0.29,0.0301822
0.51,0.3,0.0349811
0.51,0.31,0.0323315
0.51,0.32,0.0322763
0.51,0.33,0.0352887
0.51,0.34,0.0346089
0.51,0.35,0.0323095
0.51,0.36,0.0340949
0.51,0.37,0.0332659
0.51,0.38,0.0330133
0.51,0.39,0.0336237
0.51,0.4,0.0334009
0.51,0.41,0.0328184
0.51,0.42,0.0335467
0.51,0.43,0.0338138
0.51,0.44,0.032752
0.51,0.45,0.033034
0.51,0.46,0.0319449
0.51,0.47,0.0334201
0.51,0.48,0.0351578
0.51,0.49,0.0340577
0.51,0.5,0.0333147
0.51,0.51,0.0336603
0.51,0.52,0.0336282
0.51,0.53,0.0347878
0.51,0.54,0.0346334
0.51,0.55,0.0325782
0.51,0.56,0.0335254
0.51,0.57,0.0345443
0.51,0.58,0.031528
0.51,0.59,0.0323426
0.51,0.6,0.0330729
0.51,0.61,0.0320928
0.51,0.62,0.0315089
0.51,0.63,0.0313617
0.51,0.64,0.0311527
0.51,0.65,0.0304195
0.51,0.66,0.031112
0.51,0.67,0.0282289
0.51,0.68,0.0288799
0.51,0.69,0.0285215
0.51,0.7,0.0279061
0.51,0.71,0.0246268
0.51,0.72,0.0259446
0.51,0.73,0.0240587
0.51,0.74,0.0212194
0.51,0.75,0.0188795
0.51,0.76,0.0179406
0.51,0.77,0.0190407
0.51,0.78,0.0171
0.52,0,0.0165056
0.52,0.01,0.018192
0.52,0.02,0.0208
0.52,0.03,0.0207636
0.52,0.04,0.0206327
0.52,0.05,0.0215137
0.52,0.06,0.0246992
0.52,0.07,0.0256093
0.52,0.08,0.0283397
0.52,0.09,0.0259587
0.52,0.1,0.02984
0.52,0.11,0.0297362
0.52,0.12,0.0302656
0.52,0.13,0.0292427
0.52,0.14,0.0339232
0.52,0.15,0.0316982
0.52,0.16,0.0325932
0.52,0.17,0.0314734
0.52,0.18,0.0322299
0.52,0.19,0.0336868
0.52,0.2,0.0323773
0.52,0.21,0.0316423
0.52,0.22,0.0333668
0.52,0.23,0.0350262
0.52,0.24,0.0314186
0.52,0.25,0.0337937
0.52,0.26,0.0353819
0.52,0.27,0.0316142
0.52,0.28,0.0312334
0.52,0.29,0.0322817
0.52,0.3,0.0321388
0.52,0.31,0.0323775
0.52,0.32,0.0314849
0.52,0.33,0.032788
0.52,0.34,0.0326639
0.52,0.35,0.0340118
0.52,0.36,0.0335866
0.52,0.37,0.0329547
0.52,0.38,0.0320562
0.52,0.39,0.0339762
0.52,0.4,0.031392
0.52,0.41,0.0351628
0.52,0.42,0.0337363
0.52,0.43,0.0335585
0.52,0.44,0.031208
0.52,0.45,0.0335811
0.52,0.46,0.0330508
0.52,0.47,0.0334632
0.52,0.48,0.0346524
0.52,0.49,0.0310713
0.52,0.5,0.032509
0.52,0.51,0.0333311
0.52,0.52,0.0314649
0.52,0.53,0.0331737
0.52,0.54,0.0345837
0.52,0.55,0.0332157
0.52,0.56,0.0327158
0.52,0.57,0.0322441
0.52,0.58,0.0341615
0.52,0.59,0.0324428
0.52,0.6,0.0323751
0.52,0.61,0.0336313
0.52,0.62,0.033595
0.52,0.63,0.0313443
0.52,0.64,0.0311828
0.52,0.65,0.029664
0.52,0.66,0.0314714
0.52,0.67,0.0292353
0.52,0.68,0.0274258
0.52,0.69,0.0259057
0.52,0.7,0.0264772
0.52,0.71,0.0231432
0.52,0.72,0.0219819
0.52,0.73,0.0239573
0.52,0.74,0.0224024
0.52,0.75,0.0216054
0.52,0.76,0.019415
0.52,0.77,0.0187454
0.52,0.78,0.0187105
0.53,0,0.0165849
0.53,0.01,0.0188731
0.53,0.02,0.0183067
0.53,0.03,0.0189068
0.53,0.04,0.020937
0.53,0.05,0.0240611
0.53,0.06,0.0237513
0.53,0.07,0.0256874
0.53,0.08,0.0261009
0.53,0.09,0.0267173
0.53,0.1,0.0270547
0.53,0.11,0.0284729
0.53,0.12,0.0280117
0.53,0.13,0.0312748
0.53,0.14,0.0300272
0.53,0.15,0.0291558
0.53,0.16,0.0296163
0.53,0.17,0.0325093
0.53,0.18,0.0316009
0.53,0.19,0.032914
0.53,0.2,0.0311852
0.53,0.21,0.0327996
0.53,0.22,0.0334868
0.53,0.23,0.0314289
0.53,0.24,0.0339003
0.53,0.25,0.0356948
0.53,0.26,0.0330027
0.53,0.27,0.0322779
0.53,0.28,0.0310729
0.53,0.29,0.0345866
0.53,0.3,0.0321015
0.53,0.31,0.0341876
0.53,0.32,0.0331284
0.53,0.33,0.032117
0.53,0.34,0.0332096
0.53,0.35,0.0325212
0.53,0.36,0.0322892
0.53,0.37,0.0340826
0.53,0.38,0.0347434
0.53,0.39,0.0348728
0.53,0.4,0.0330956
0.53,0.41,0.0338384
0.53,0.42,0.0335937
0.53,0.43,0.0335127
0.53,0.44,0.0325575
0.53,0.45,0.0324173
0.53,0.46,0.030729
0.53,0.47,0.0331609
0.53,0.48,0.0313782
0.53,0.49,0.0325869
0.53,0.5,0.0353387
0.53,0.51,0.0330256
0.53,0.52,0.0328243
0.53,0.53,0.0318841
0.53,0.54,0.0342275
0.53,0.55,0.0347332
0.53,0.56,0.0327816
0.53,0.57,0.0323412
0.53,0.58,0.0340926
0.53,0.59,0.0324766
0.53,0.6,0.0339166
0.53,0.61,0.0317038
0.53,0.62,0.0308239
0.53,0.63,0.0310841
0.53,0.64,0.0318275
0.53,0.65,0.0304794
0.53,0.66,0.0294754
0.53,0.67,0.0297555
0.53,0.68,0.0287598
0.53,0.69,0.027906
0.53,0.7,0.0270142
0.53,0.71,0.0235821
0.53,0.72,0.0243926
0.53,0.73,0.022457
0.53,0.74,0.0226559
0.53,0.75,0.0197117
0.53,0.76,0.0193032
0.53,0.77,0.0187575
0.53,0.78,0.0173784
0.54,0,0.0164919
0.54,0.01,0.0166019
0.54,0.02,0.0181242
0.54,0.03,0.0192798
0.54,0.04,0.0223242
0.54,0.05,0.0217065
0.54,0.06,0.0230737
0.54,0.07,0.0255346
0.54,0.08,0.0269753
0.54,0.09,0.0272342
0.54,0.1,0.0288101
0.54,0.11,0.0296936
0.54,0.12,0.0312759
0.54,0.13,0.0287074
0.54,0.14,0.0323969
0.54,0.15,0.0297568
0.54,0.16,0.0308859
0.54,0.17,0.0321714
0.54,0.18,0.0311549
0.54,0.19,0.0340779
0.54,0.2,0.0327388
0.54,0.21,0.031205
0.54,0.22,0.0350392
0.54,0.23,0.03448
0.54,0.24,0.0315456
0.54,0.25,0.0337336
0.54,0.26,0.0332176
0.54,0.27,0.0320667
0.54,0.28,0.033005
0.54,0.29,0.0334926
0.54,0.3,0.0330226
0.54,0.31,0.0334655
0.54,0.32,0.0335349
0.54,0.33,0.0310922
0.54,0.34,0.033119
0.54,0.35,0.0336094
0.54,0.36,0.0332452
0.54,0.37,0.0330511
0.54,0.38,0.0343674
0.54,0.39,0.0333048
0.54,0.4,0.0343979
0.54,0.41,0.0307916
0.54,0.42,0.0361272
0.54,0.43,0.0313201
0.54,0.44,0.0322065
0.54,0.45,0.0326564
0.54,0.46,0.0338693
0.54,0.47,0.0310271
0.54,0.48,0.030443
0.54,0.49,0.0318016
0.54,0.5,0.0320661
0.54,0.51,0.0315877
0.54,0.52,0.0351501
0.54,0.53,0.0332912
0.54,0.54,0.0331963
0.54,0.55,0.0324524
0.54,0.56,0.0339819
0.54,0.57,0.0342742
0.54,0.58,0.0323625
0.54,0.59,0.0342385
0.54,0.6,0.0324685
0.54,0.61,0.0297107
0.54,0.62,0.0322141
0.54,0.63,0.0300079
0.54,0.64,0.0329043
0.54,0.65,0.0302118
0.54,0.66,0.0306056
0.54,0.67,0.0293642
0.54,0.68,0.0281705
0.54,0.69,0.0307788
0.54,0.7,0.0282089
0.54,0.71,0.0262034
0.54,0.72,0.0256596
0.54,0.73,0.0228093
0.54,0.74,0.0237799
0.54,0.75,0.0210272
0.54,0.76,0.0195601
0.54,0.77,0.0174183
0.54,0.78,0.0191754
0.55,0,0.0176247
0.55,0.01,0.0169413
0.55,0.02,0.0185619
0.55,0.03,0.0205272
0.55,0.04,0.0215954
0.55,0.05,0.0250078
0.55,0.06,0.0257057
0.55,0.07,0.0248668
0.55,0.08,0.0265884
0.55,0.09,0.0268239
0.55,0.1,0.0306529
0.55,0.11,0.0303734
0.55,0.12,0.0294302
0.55,0.13,0.0312162
0.55,0.14,0.0322496
0.55,0.15,0.0329444
0.55,0.16,0.0309735
0.55,0.17,0.0335537
0.55,0.18,0.0311475
0.55,0.19,0.0322245
0.55,0.2,0.0335884
0.55,0.21,0.0327158
0.55,0.22,0.0333051
0.55,0.23,0.0308408
0.55,0.24,0.0329092
0.55,0.25,0.0337874
0.55,0.26,0.0322438
0.55,0.27,0.0323332
0.55,0.28,0.0325051
0.55,0.29,0.031011
0.55,0.3,0.0321888
0.55,0.31,0.0309637
0.55,0.32,0.0328075
0.55,0.33,0.033582
0.55,0.34,0.0313876
0.55,0.35,0.0334879
0.55,0.36,0.0331653
0.55,0.37,0.0337333
0.55,0.38,0.0333901
0.55,0.39,0.0315817
0.55,0.4,0.0346625
0.55,0.41,0.0335744
0.55,0.42,0.0331122
0.55,0.43,0.0339915
0.55,0.44,0.0331705
0.55,0.45,0.033019
0.55,0.46,0.0335398
0.55,0.47,0.032715
0.55,0.48,0.0313508
0.55,0.49,0.0345694
0.55,0.5,0.0336362
0.55,0.51,0.0330422
0.55,0.52,0.0332494
0.55,0.53,0.0332158
0.55,0.54,0.0326091
0.55,0.55,0.0330888
0.55,0.56,0.0340591
0.55,0.57,0.0342747
0.55,0.58,0.0321425
0.55,0.59,0.0355591
0.55,0.6,0.0341898
0.55,0.61,0.0324643
0.55,0.62,0.0340518
0.55,0.63,0.0312011
0.55,0.64,0.0298131
0.55,0.65,0.0333665
0.55,0.66,0.0326031
0.55,0.67,0.0292675
0.55,0.68,0.0295651
0.55,0.69,0.0291179
0.55,0.7,0.0283933
0.55,0.71,0.0269025
0.55,0.72,0.0241406
0.55,0.73,0.0226577
0.55,0.74,0.0213857
0.55,0.75,0.0209514
0.55,0.76,0.0197063
0.55,0.77,0.0173229
0.55,0.78,0.0166366
0.56,0,0.0173282
0.56,0.01,0.0178091
0.56,0.02,0.0195369
0.56,0.03,0.0197461
0.56,0.04,0.022479
0.56,0.05,0.0228899
0.56,0.06,0.0248689
0.56,0.07,0.026066
0.56,0.08,0.0251019
0.56,0.09,0.0267858
0.56,0.1,0.0290103
0.56,0.11,0.0296966
0.56,0.12,0.0294451
0.56,0.13,0.0303417
0.56,0.14,0.0330476
0.56,0.15,0.0291044
0.56,0.16,0.0324508
0.56,0.17,0.0322202
0.56,0.18,0.0322785
0.56,0.19,0.0326019
0.56,0.2,0.0307276
0.56,0.21,0.0334196
0.56,0.22,0.032732
0.56,0.23,0.0344108
0.56,0.24,0.0313076
0.56,0.25,0.0334776
0.56,0.26,0.0312508
0.56,0.27,0.0322846
0.56,0.28,0.0336558
0.56,0.29,0.0338982
0.56,0.3,0.0314967
0.56,0.31,0.0327925
0.56,0.32,0.0317382
0.56,0.33,0.0333444
0.56,0.34,0.0327076
0.56,0.35,0.032499
0.56,0.36,0.0340911
0.56,0.37,0.0346169
0.56,0.38,0.0331415
0.56,0.39,0.0340833
0.56,0.4,0.0326017
0.56,0.41,0.0328032
0.56,0.42,0.0308968
0.56,0.43,0.031761
0.56,0.44,0.0334239
0.56,0.45,0.0330416
0.56,0.46,0.0325912
0.56,0.47,0.0322026
0.56,0.48,0.0329757
0.56,0.49,0.0337072
0.56,0.5,0.0331981
0.56,0.51,0.0324883
0.56,0.52,0.0336554
0.56,0.53,0.0327341
0.56,0.54,0.0341325
0.56,0.55,0.0324156
0.56,0.56,0.0339643
0.56,0.57,0.0308914
0.56,0.58,0.0343389
0.56,0.59,0.0321731
0.56,0.6,0.0337045
0.56,0.61,0.0316009
0.56,0.62,0.0345763
0.56,0.63,0.031731
0.56,0.64,0.0311687
0.56,0.65,0.0309892
0.56,0.66,0.0315744
0.56,0.67,0.0289286
0.56,0.68,0.03136
0.56,0.69,0.0289898
0.56,0.7,0.0263239
0.56,0.71,0.0240085
0.56,0.72,0.0243984
0.56,0.73,0.0230918
0.56,0.74,0.0224914
0.56,0.75,0.0211701
0.56,0.76,0.0199989
0.56,0.77,0.0189398
0.56,0.78,0.0169048
0.57,0,0.0151645
0.57,0.01,0.0183336
0.57,0.02,0.019158
0.57,0.03,0.0202899
0.57,0.04,0.0222775
0.57,0.05,0.021671
0.57,0.06,0.0254144
0.57,0.07,0.0260738
0.57,0.08,0.0241086
0.57,0.09,0.0296356
0.57,0.1,0.0300121
0.57,0.11,0.0303044
0.57,0.12,0.0310613
0.57,0.13,0.03048
0.57,0.14,0.0320441
0.57,0.15,0.0352303
0.57,0.16,0.0320556
0.57,0.17,0.0329662
0.57,0.18,0.0333251
0.57,0.19,0.0350983
0.57,0.2,0.0327209
0.57,0.21,0.0335431
0.57,0.22,0.0318044
0.57,0.23,0.0323692
0.57,0.24,0.033616
0.57,0.25,0.0313456
0.57,0.26,0.0339419
0.57,0.27,0.0318469
0.57,0.28,0.0324311
0.57,0.29,0.0315534
0.57,0.3,0.0335089
0.57,0.31,0.0351352
0.57,0.32,0.0320603
0.57,0.33,0.0341476
0.57,0.34,0.032915
0.57,0.35,0.0313108
0.57,0.36,0.0337801
0.57,0.37,0.033001
0.57,0.38,0.0316232
0.57,0.39,0.0326611
0.57,0.4,0.0325449
0.57,0.41,0.0332168
0.57,0.42,0.0350958
0.57,0.43,0.0307147
0.57,0.44,0.033061
0.57,0.45,0.0325335
0.57,0.46,0.0298918
0.57,0.47,0.0339859
0.57,0.48,0.033315
0.57,0.49,0.0338781
0.57,0.5,0.0312583
0.57,0.51,0.0334397
0.57,0.52,0.0328718
0.57,0.53,0.0330642
0.57,0.54,0.0316598
0.57,0.55,0.0327742
0.57,0.56,0.0326381
0.57,0.57,0.0328317
0.57,0.58,0.0341686
0.57,0.59,0.0365734
0.57,0.6,0.0324472
0.57,0.61,0.0326404
0.57,0.62,0.0299541
0.57,0.63,0.0352458
0.57,0.64,0.0333772
0.57,0.65,0.0303925
0.57,0.66,0.0292857
0.57,0.67,0.0301403
0.57,0.68,0.0302055
0.57,0.69,0.027939
0.57,0.7,0.0269379
0.57,0.71,0.0257824
0.57,0.72,0.024792
0.57,0.73,0.023943
0.57,0.74,0.023108
0.57,0.75,0.0202331
0.57,0.76,0.0186602
0.57,0.77,0.0179838
0.57,0.78,0.0165252
0.58,0,0.016044
0.58,0.01,0.015917
0.58,0.02,0.0183893
0.58,0.03,0.0205396
0.58,0.04,0.0229852
0.58,0.05,0.022307
0.58,0.06,0.0252832
0.58,0.07,0.0249036
0.58,0.08,0.0273179
0.58,0.09,0.0294274
0.58,0.1,0.0283665
0.58,0.11,0.0303701
0.58,0.12,0.0310155
0.58,0.13,0.0320561
0.58,0.14,0.0334615
0.58,0.15,0.0324189
0.58,0.16,0.0320377
0.58,0.17,0.0323177
0.58,0.18,0.0336021
0.58,0.19,0.032417
0.58,0.2,0.0315953
0.58,0.21,0.034673
0.58,0.22,0.0313946
0.58,0.23,0.0319416
0.58,0.24,0.0335188
0.58,0.25,0.0334721
0.58,0.26,0.035364
0.58,0.27,0.0336817
0.58,0.28,0.0325884
0.58,0.29,0.0333999
0.58,0.3,0.0313485
0.58,0.31,0.0333616
0.58,0.32,0.0328657
0.58,0.33,0.0342854
0.58,0.34,0.0308775
0.58,0.35,0.0330111
0.58,0.36,0.0338343
0.58,0.37,0.0310768
0.58,0.38,0.0327878
0.58,0.39,0.0331269
0.58,0.4,0.0315166
0.58,0.41,0.0318885
0.58,0.42,0.0330157
0.58,0.43,0.0312141
0.58,0.44,0.0341224
0.58,0.45,0.0315766
0.58,0.46,0.0322402
0.58,0.47,0.0331054
0.58,0.48,0.0308191
0.58,0.49,0.0347572
0.58,0.5,0.032059
0.58,0.51,0.0322959
0.58,0.52,0.0327482
0.58,0.53,0.0323797
0.58,0.54,0.0313963
0.58,0.55,0.0321425
0.58,0.56,0.0329978
0.58,0.57,0.0335255
0.58,0.58,0.0348387
0.58,0.59,0.0328506
0.58,0.6,0.0326015
0.58,0.61,0.0322795
0.58,0.62,0.0315469
0.58,0.63,0.0333816
0.58,0.64,0.0325444
0.58,0.65,0.0315
0.58,0.66,0.0305349
0.58,0.67,0.0310998
0.58,0.68,0.0301454
0.58,0.69,0.0300394
0.58,0.7,0.0273932
0.58,0.71,0.0254067
0.58,0.72,0.0256833
0.58,0.73,0.0251263
0.58,0.74,0.0207652
0.58,0.75,0.0214227
0.58,0.76,0.0194363
0.58,0.77,0.0196508
0.58,0.78,0.0177505
0.59,0,0.0165243
0.59,0.01,0.0178572
0.59,0.02,0.0192912
0.59,0.03,0.0189476
0.59,0.04,0.020112
0.59,0.05,0.0235786
0.59,0.06,0.025221
0.59,0.07,0.0256664
0.59,0.08,0.0260472
0.59,0.09,0.0281913
0.59,0.1,0.0315351
0.59,0.11,0.0297615
0.59,0.12,0.0311498
0.59,0.13,0.0304905
0.59,0.14,0.0334928
0.59,0.15,0.0318977
0.59,0.16,0.0325845
0.59,0.17,0.0332686
0.59,0.18,0.0317069
0.59,0.19,0.032811
0.59,0.2,0.0340351
0.59,0.21,0.0328621
0.59,0.22,0.0325331
0.59,0.23,0.0349388
0.59,0.24,0.0329228
0.59,0.25,0.0349017
0.59,0.26,0.0310586
0.59,0.27,0.0330793
0.59,0.28,0.0336212
0.59,0.29,0.0329056
0.59,0.3,0.0311175
0.59,0.31,0.0350059
0.59,0.32,0.0346528
0.59,0.33,0.0351056
0.59,0.34,0.0318734
0.59,0.35,0.0322292
0.59,0.36,0.0337316
0.59,0.37,0.0336388
0.59,0.38,0.0343868
0.59,0.39,0.0344124
0.59,0.4,0.034083
0.59,0.41,0.0312107
0.59,0.42,0.0347233
0.59,0.43,0.0328136
0.59,0.44,0.0343921
0.59,0.45,0.0332354
0.59,0.46,0.0329309
0.59,0.47,0.0321571
0.59,0.48,0.032241
0.59,0.49,0.0343848
0.59,0.5,0.0311053
0.59,0.51,0.0322078
0.59,0.52,0.0343932
0.59,0.53,0.0333819
0.59,0.54,0.0317356
0.59,0.55,0.0324682
0.59,0.56,0.0338072
0.59,0.57,0.0317231
0.59,0.58,0.033966
0.59,0.59,0.0330467
0.59,0.6,0.0297601
0.59,0.61,0.0341418
0.59,0.62,0.0341477
0.59,0.63,0.0333244
0.59,0.64,0.0301308
0.59,0.65,0.0300508
0.59,0.66,0.0318688
0.59,0.67,0.0318037
0.59,0.68,0.0307013
0.59,0.69,0.0270387
0.59,0.7,0.0293783
0.59,0.71,0.0255785
0.59,0.72,0.0250967
0.59,0.73,0.0245904
0.59,0.74,0.0226484
0.59,0.75,0.0207031
0.59,0.76,0.0179641
0.59,0.77,0.017322
0.59,0.78,0.0181849
0.6,0,0.01627
0.6,0.01,0.0170693
0.6,0.02,0.0181294
0.6,0.03,0.019928
0.6,0.04,0.0211509
0.6,0.05,0.0232373
0.6,0.06,0.0258344
0.6,0.07,0.0254235
0.6,0.08,0.0286092
0.6,0.09,0.0286125
0.6,0.1,0.0294908
0.6,0.11,0.0300032
0.6,0.12,0.0307253
0.6,0.13,0.0311498
0.6,0.14,0.0300201
0.6,0.15,0.0330504
0.6,0.16,0.0342276
0.6,0.17,0.0324725
0.6,0.18,0.0323329
0.6,0.19,0.0340655
0.6,0.2,0.0320408
0.6,0.21,0.0337666
0.6,0.22,0.0310883
0.6,0.23,0.0337727
0.6,0.24,0.0318174
0.6,0.25,0.0318326
0.6,0.26,0.031794
0.6,0.27,0.0336245
0.6,0.28,0.0329346
0.6,0.29,0.0350558
0.6,0.3,0.0316783
0.6,0.31,0.0331282
0.6,0.32,0.0336108
0.6,0.33,0.0343507
0.6,0.34,0.0324441
0.6,0.35,0.0306143
0.6,0.36,0.0341682
0.6,0.37,0.0343983
0.6,0.38,0.032312
0.6,0.39,0.0327527
0.6,0.4,0.0316578
0.6,0.41,0.0355968
0.6,0.42,0.0338946
0.6,0.43,0.0360344
0.6,0.44,0.0332751
0.6,0.45,0.0324331
0.6,0.46,0.0338965
0.6,0.47,0.0332749
0.6,0.48,0.0337118
0.6,0.49,0.0338027
0.6,0.5,0.0329764
0.6,0.51,0.032202
0.6,0.52,0.0329227
0.6,0.53,0.0342545
0.6,0.54,0.0313342
0.6,0.55,0.0335251
0.6,0.56,0.0329307
0.6,0.57,0.0347861
0.6,0.58,0.0325272
0.6,0.59,0.0313839
0.6,0.6,0.033842
0.6,0.61,0.0309093
0.6,0.62,0.0345812
0.6,0.63,0.0344302
0.6,0.64,0.0322913
0.6,0.65,0.0332896
0.6,0.66,0.0315835
0.6,0.67,0.0315137
0.6,0.68,0.0300139
0.6,0.69,0.0294163
0.6,0.7,0.0255155
0.6,0.71,0.0277686
0.6,0.72,0.0239615
0.6,0.73,0.0230246
0.6,0.74,0.0230018
0.6,0.75,0.0215072
0.6,0.76,0.0204169
0.6,0.77,0.0188541
0.6,0.78,0.0163383
0.61,0,0.0161847
0.61,0.01,0.0170359
0.61,0.02,0.0197737
0.61,0.03,0.0211297
0.61,0.04,0.0208186
0.61,0.05,0.0257251
0.61,0.06,0.0244425
0.61,0.07,0.0266383
0.61,0.08,0.0282648
0.61,0.09,0.0310479
0.61,0.1,0.0302503
0.61,0.11,0.0316945
0.61,0.12,0.0311761
0.61,0.13,0.0314222
0.61,0.14,0.0326104
0.61,0.15,0.0326784
0.61,0.16,0.0319728
0.61,0.17,0.0338544
0.61,0.18,0.0305046
0.61,0.19,0.0334606
0.61,0.2,0.0321683
0.61,0.21,0.0321874
0.61,0.22,0.0350379
0.61,0.23,0.0349117
0.61,0.24,0.0336745
0.61,0.25,0.0326053
0.61,0.26,0.032645
0.61,0.27,0.0342378
0.61,0.28,0.0306511
0.61,0.29,0.0341074
0.61,0.3,0.0344027
0.61,0.31,0.0325634
0.61,0.32,0.0352447
0.61,0.33,0.0323808
0.61,0.34,0.0345627
0.61,0.35,0.0324928
0.61,0.36,0.0347064
0.61,0.37,0.0322526
0.61,0.38,0.034506
0.61,0.39,0.032413
0.61,0.4,0.0356541
0.61,0.41,0.0332783
0.61,0.42,0.0324076
0.61,0.43,0.0335462
0.61,0.44,0.0335369
0.61,0.45,0.0340963
0.61,0.46,0.0318393
0.61,0.47,0.0329817
0.61,0.48,0.0350659
0.61,0.49,0.0327882
0.61,0.5,0.0341984
0.61,0.51,0.0319653
0.61,0.52,0.0355408
0.61,0.53,0.0324883
0.61,0.54,0.0322293
0.61,0.55,0.0325122
0.61,0.56,0.0330369
0.61,0.57,0.0342958
0.61,0.58,0.0349656
0.61,0.59,0.0333458
0.61,0.6,0.0334018
0.61,0.61,0.0322991
0.61,0.62,0.0306274
0.61,0.63,0.0326067
0.61,0.64,0.0337231
0.61,0.65,0.0339652
0.61,0.66,0.0301854
0.61,0.67,0.0294241
0.61,0.68,0.0282681
0.61,0.69,0.0295355
0.61,0.7,0.0284299
0.61,0.71,0.0272203
0.61,0.72,0.0255059
0.61,0.73,0.0236128
0.61,0.74,0.0230394
0.61,0.75,0.0202788
0.61,0.76,0.0200946
0.61,0.77,0.0180327
0.61,0.78,0.0174812
0.62,0,0.0175197
0.62,0.01,0.017514
0.62,0.02,0.0193804
0.62,0.03,0.0218068
0.62,0.04,0.0227469
0.62,0.05,0.0223213
0.62,0.06,0.0256052
0.62,0.07,0.0266143
0.62,0.08,0.0281753
0.62,0.09,0.0295421
0.62,0.1,0.0309799
0.62,0.11,0.0314971
0.62,0.12,0.0318886
0.62,0.13,0.0317062
0.62,0.14,0.0320084
0.62,0.15,0.0315307
0.62,0.16,0.0330537
0.62,0.17,0.0344677
0.62,0.18,0.0317863
0.62,0.19,0.0337204
0.62,0.2,0.0326949
0.62,0.21,0.0313152
0.62,0.22,0.033591
0.62,0.23,0.0335977
0.62,0.24,0.0338465
0.62,0.25,0.0321961
0.62,0.26,0.0337075
0.62,0.27,0.0336643
0.62,0.28,0.0332582
0.62,0.29,0.0343278
0.62,0.3,0.0315917
0.62,0.31,0.0315298
0.62,0.32,0.0327656
0.62,0.33,0.0337277
0.62,0.34,0.0330858
0.62,0.35,0.0306777
0.62,0.36,0.0327293
0.62,0.37,0.0342538
0.62,0.38,0.0325692
0.62,0.39,0.0315171
0.62,0.4,0.0339903
0.62,0.41,0.0332235
0.62,0.42,0.0349264
0.62,0.43,0.0345541
0.62,0.44,0.0325507
0.62,0.45,0.0333399
0.62,0.46,0.0335253
0.62,0.47,0.0341829
0.62,0.48,0.0317542
0.62,0.49,0.0334435
0.62,0.5,0.0332171
0.62,0.51,0.034057
0.62,0.52,0.0334261
0.62,0.53,0.0344802
0.62,0.54,0.0344815
0.62,0.55,0.0333543
0.62,0.56,0.0348275
0.62,0.57,0.0352055
0.62,0.58,0.0356331
0.62,0.59,0.0320831
0.62,0.6,0.0336565
0.62,0.61,0.0322963
0.62,0.62,0.0318848
0.62,0.63,0.032014
0.62,0.64,0.0336618
0.62,0.65,0.0321226
0.62,0.66,0.0303768
0.62,0.67,0.0322268
0.62,0.68,0.029737
0.62,0.69,0.0278586
0.62,0.7,0.0308498
0.62,0.71,0.0278789
0.62,0.72,0.0252315
0.62,0.73,0.0226339
0.62,0.74,0.022793
0.62,0.75,0.0196582
0.62,0.76,0.019504
0.62,0.77,0.0188096
0.62,0.78,0.0174788
0.63,0,0.0178827
0.63,0.01,0.0186065
0.63,0.02,0.0202882
0.63,0.03,0.0202417
0.63,0.04,0.0224447
0.63,0.05,0.024767
0.63,0.06,0.026662
0.63,0.07,0.0264291
0.63,0.08,0.0279044
0.63,0.09,0.0279404
0.63,0.1,0.0287098
0.63,0.11,0.0326329
0.63,0.12,0.0312621
0.63,0.13,0.0336353
0.63,0.14,0.0325553
0.63,0.15,0.0325645
0.63,0.16,0.0337198
0.63,0.17,0.0316151
0.63,0.18,0.0323072
0.63,0.19,0.032785
0.63,0.2,0.033444
0.63,0.21,0.0353336
0.63,0.22,0.0339422
0.63,0.23,0.0333328
0.63,0.24,0.0320545
0.63,0.25,0.033181
0.63,0.26,0.033961
0.63,0.27,0.0330578
0.63,0.28,0.0314308
0.63,0.29,0.0331552
0.63,0.3,0.033324
0.63,0.31,0.0340889
0.63,0.32,0.0329671
0.63,0.33,0.0329657
0.63,0.34,0.0323872
0.63,0.35,0.0314371
0.63,0.36,0.0342627
0.63,0.37,0.0340861
0.63,0.38,0.03321
0.63,0.39,0.0328568
0.63,0.4,0.0323437
0.63,0.41,0.0335162
0.63,0.42,0.0320464
0.63,0.43,0.0339113
0.63,0.44,0.030056
0.63,0.45,0.0352596
0.63,0.46,0.0327266
0.63,0.47,0.0335848
0.63,0.48,0.0336295
0.63,0.49,0.0344608
0.63,0.5,0.0324971
0.63,0.51,0.0313675
0.63,0.52,0.0329415
0.63,0.53,0.0313362
0.63,0.54,0.0332155
0.63,0.55,0.0318124
0.63,0.56,0.0331319
0.63,0.57,0.0331169
0.63,0.58,0.0345397
0.63,0.59,0.0350775
0.63,0.6,0.0319766
0.63,0.61,0.0325583
0.63,0.62,0.0349786
0.63,0.63,0.0317052
0.63,0.64,0.0325351
0.63,0.65,0.032527
0.63,0.66,0.0334871
0.63,0.67,0.0302497
0.63,0.68,0.031757
0.63,0.69,0.0290207
0.63,0.7,0.0266181
0.63,0.71,0.0281244
0.63,0.72,0.0262805
0.63,0.73,0.0254849
0.63,0.74,0.0235962
0.63,0.75,0.0224135
0.63,0.76,0.0206216
0.63,0.77,0.0201814
0.63,0.78,0.01633
0.64,0,0.0154786
0.64,0.01,0.019244
0.64,0.02,0.019612
0.64,0.03,0.0216121
0.64,0.04,0.0226633
0.64,0.05,0.0222532
0.64,0.06,0.0252997
0.64,0.07,0.0276641
0.64,0.08,0.0290349
0.64,0.09,0.0293581
0.64,0.1,0.032017
0.64,0.11,0.031093
0.64,0.12,0.031476
0.64,0.13,0.032816
0.64,0.14,0.0309035
0.64,0.15,0.0317365
0.64,0.16,0.0336264
0.64,0.17,0.033307
0.64,0.18,0.035149
0.64,0.19,0.0353129
0.64,0.2,0.0327363
0.64,0.21,0.0336882
0.64,0.22,0.0309261
0.64,0.23,0.0341711
0.64,0.24,0.0348996
0.64,0.25,0.0338695
0.64,0.26,0.0339019
0.64,0.27,0.0323683
0.64,0.28,0.0338989
0.64,0.29,0.0333163
0.64,0.3,0.033234
0.64,0.31,0.0351327
0.64,0.32,0.0336887
0.64,0.33,0.0313282
0.64,0.34,0.0337737
0.64,0.35,0.0318835
0.64,0.36,0.0330843
0.64,0.37,0.0320755
0.64,0.38,0.0334639
0.64,0.39,0.0337692
0.64,0.4,0.0324567
0.64,0.41,0.0347404
0.64,0.42,0.0346969
0.64,0.43,0.0336474
0.64,0.44,0.0322388
0.64,0.45,0.0333589
0.64,0.46,0.0324549
0.64,0.47,0.0329387
0.64,0.48,0.0317348
0.64,0.49,0.0331688
0.64,0.5,0.0339726
0.64,0.51,0.0317376
0.64,0.52,0.0333382
0.64,0.53,0.032976
0.64,0.54,0.0329476
0.64,0.55,0.0346926
0.64,0.56,0.0315076
0.64,0.57,0.0322025
0.64,0.58,0.0322192
0.64,0.59,0.035183
0.64,0.6,0.0327954
0.64,0.61,0.03189
0.64,0.62,0.0327979
0.64,0.63,0.0332245
0.64,0.64,0.0317841
0.64,0.65,0.0327866
0.64,0.66,0.0312679
0.64,0.67,0.0306506
0.64,0.68,0.0320226
0.64,0.69,0.0295876
0.64,0.7,0.0268965
0.64,0.71,0.0280825
0.64,0.72,0.0264201
0.64,0.73,0.0237416
0.64,0.74,0.0231215
0.64,0.75,0.0212927
0.64,0.76,0.0201065
0.64,0.77,0.0183617
0.64,0.78,0.0179357
0.65,0,0.0164989
0.65,0.01,0.0188811
0.65,0.02,0.0186314
0.65,0.03,0.0191459
0.65,0.04,0.0223788
0.65,0.05,0.0244405
0.65,0.06,0.0257781
0.65,0.07,0.0282627
0.65,0.08,0.0260384
0.65,0.09,0.0282347
0.65,0.1,0.0333599
0.65,0.11,0.0305484
0.65,0.12,0.033483
0.65,0.13,0.0299137
0.65,0.14,0.033196
0.65,0.15,0.031623
0.65,0.16,0.0323031
0.65,0.17,0.0321947
0.65,0.18,0.0328968
0.65,0.19,0.0332432
0.65,0.2,0.0334773
0.65,0.21,0.0347816
0.65,0.22,0.0332602
0.65,0.23,0.0344651
0.65,0.24,0.0312165
0.65,0.25,0.0336565
0.65,0.26,0.0331082
0.65,0.27,0.0325669
0.65,0.28,0.0351992
0.65,0.29,0.0332448
0.65,0.3,0.0341863
0.65,0.31,0.0326781
0.65,0.32,0.0319288
0.65,0.33,0.034906
0.65,0.34,0.0303016
0.65,0.35,0.0353697
0.65,0.36,0.0307857
0.65,0.37,0.0319791
0.65,0.38,0.0337247
0.65,0.39,0.0326602
0.65,0.4,0.0343127
0.65,0.41,0.03426
0.65,0.42,0.0337182
0.65,0.43,0.0332073
0.65,0.44,0.0324777
0.65,0.45,0.0321606
0.65,0.46,0.032681
0.65,0.47,0.0339708
0.65,0.48,0.0339287
0.65,0.49,0.0323924
0.65,0.5,0.0350011
0.65,0.51,0.0329372
0.65,0.52,0.0336389
0.65,0.53,0.0342775
0.65,0.54,0.0347755
0.65,0.55,0.0324405
0.65,0.56,0.032867
0.65,0.57,0.0322886
0.65,0.58,0.0328104
0.65,0.59,0.0329143
0.65,0.6,0.031854
0.65,0.61,0.0303524
0.65,0.62,0.0328563
0.65,0.63,0.0322687
0.65,0.64,0.032373
0.65,0.65,0.0320352
0.65,0.66,0.0310458
0.65,0.67,0.032679
0.65,0.68,0.0312613
0.65,0.69,0.0277241
0.65,0.7,0.0271779
0.65,0.71,0.0290202
0.65,0.72,0.0236965
0.65,0.73,0.024554
0.65,0.74,0.0219744
0.65,0.75,0.0206606
0.65,0.76,0.0186568
0.65,0.77,0.0180793
0.65,0.78,0.0178505
0.66,0,0.015809
0.66,0.01,0.0177783
0.66,0.02,0.0189978
0.66,0.03,0.0224416
0.66,0.04,0.0217336
0.66,0.05,0.025742
0.66,0.06,0.0274803
0.66,0.07,0.0261398
0.66,0.08,0.0280889
0.66,0.09,0.0300612
0.66,0.1,0.0307308
0.66,0.11,0.0301993
0.66,0.12,0.0314928
0.66,0.13,0.0342358
0.66,0.14,0.0330622
0.66,0.15,0.0332855
0.66,0.16,0.0328327
0.66,0.17,0.0318206
0.66,0.18,0.0332713
0.66,0.19,0.0350973
0.66,0.2,0.0353351
0.66,0.21,0.0333334
0.66,0.22,0.0337397
0.66,0.23,0.0330262
0.66,0.24,0.0340932
0.66,0.25,0.0313777
0.66,0.26,0.033104
0.66,0.27,0.0340957
0.66,0.28,0.0311582
0.66,0.29,0.0322019
0.66,0.3,0.0335318
0.66,0.31,0.0319566
0.66,0.32,0.0323767
0.66,0.33,0.0350053
0.66,0.34,0.0328445
0.66,0.35,0.0307112
0.66,0.36,0.0325677
0.66,0.37,0.0328397
0.66,0.38,0.0348326
0.66,0.39,0.0325029
0.66,0.4,0.0327087
0.66,0.41,0.0326281
0.66,0.42,0.0335001
0.66,0.43,0.0318675
0.66,0.44,0.0334739
0.66,0.45,0.0334596
0.66,0.46,0.03178
0.66,0.47,0.0341363
0.66,0.48,0.0347776
0.66,0.49,0.0325824
0.66,0.5,0.0341888
0.66,0.51,0.0338372
0.66,0.52,0.0296736
0.66,0.53,0.0314421
0.66,0.54,0.0325187
0.66,0.55,0.0307931
0.66,0.56,0.0330259
0.66,0.57,0.0334854
0.66,0.58,0.0333729
0.66,0.59,0.0341121
0.66,0.6,0.0333303
0.66,0.61,0.0330774
0.66,0.62,0.0321932
0.66,0.63,0.0326623
0.66,0.64,0.0308325
0.66,0.65,0.0323009
0.66,0.66,0.0313433
0.66,0.67,0.0323618
0.66,0.68,0.0306373
0.66,0.69,0.0317207
0.66,0.7,0.0306938
0.66,0.71,0.0271466
0.66,0.72,0.0255551
0.66,0.73,0.0237932
0.66,0.74,0.0253335
0.66,0.75,0.0222234
0.66,0.76,0.0212521
0.66,0.77,0.0186348
0.66,0.78,0.0184331
0.67,0,0.0175051
0.67,0.01,0.0180699
0.67,0.02,0.020109
0.67,0.03,0.0210023
0.67,0.04,0.0243401
0.67,0.05,0.0229027
0.67,0.06,0.0253679
0.67,0.07,0.0266791
0.67,0.08,0.0283919
0.67,0.09,0.02807
0.67,0.1,0.0309827
0.67,0.11,0.0300179
0.67,0.12,0.0296905
0.67,0.13,0.0318002
0.67,0.14,0.0326775
0.67,0.15,0.0359283
0.67,0.16,0.0347401
0.67,0.17,0.0329816
0.67,0.18,0.0328009
0.67,0.19,0.0352925
0.67,0.2,0.031701
0.67,0.21,0.0334276
0.67,0.22,0.0347414
0.67,0.23,0.033554
0.67,0.24,0.0307157
0.67,0.25,0.0327066
0.67,0.26,0.0328292
0.67,0.27,0.0319815
0.67,0.28,0.0334286
0.67,0.29,0.0334388
0.67,0.3,0.0329139
0.67,0.31,0.035961
0.67,0.32,0.0333318
0.67,0.33,0.0308115
0.67,0.34,0.0328276
0.67,0.35,0.034769
0.67,0.36,0.0320815
0.67,0.37,0.0330336
0.67,0.38,0.0332929
0.67,0.39,0.0328223
0.67,0.4,0.0313764
0.67,0.41,0.0311543
0.67,0.42,0.0325962
0.67,0.43,0.031783
0.67,0.44,0.0342785
0.67,0.45,0.0340185
0.67,0.46,0.0344167
0.67,0.47,0.035214
0.67,0.48,0.033312
0.67,0.49,0.0329045
0.67,0.5,0.0342995
0.67,0.51,0.0326475
0.67,0.52,0.0336569
0.67,0.53,0.0313829
0.67,0.54,0.0306222
0.67,0.55,0.0337377
0.67,0.56,0.0340069
0.67,0.57,0.0328415
0.67,0.58,0.0305537
0.67,0.59,0.0319967
0.67,0.6,0.0324606
0.67,0.61,0.0315698
0.67,0.62,0.0319042
0.67,0.63,0.0338682
0.67,0.64,0.0309965
0.67,0.65,0.0312027
0.67,0.66,0.0310621
0.67,0.67,0.0308907
0.67,0.68,0.0324457
0.67,0.69,0.0292636
0.67,0.7,0.0289684
0.67,0.71,0.0289384
0.67,0.72,0.0254805
0.67,0.73,0.0254969
0.67,0.74,0.0227159
0.67,0.75,0.0222085
0.67,0.76,0.0179319
0.67,0.77,0.018459
0.67,0.78,0.0168753
0.68,0,0.0170198
0.68,0.01,0.0170338
0.68,0.02,0.0201964
0.68,0.03,0.0196684
0.68,0.04,0.023894
0.68,0.05,0.025331
0.68,0.06,0.0269207
0.68,0.07,0.027229
0.68,0.08,0.0282494
0.68,0.09,0.0274464
0.68,0.1,0.0316351
0.68,0.11,0.0298776
0.68,0.12,0.0306124
0.68,0.13,0.0327291
0.68,0.14,0.0331616
0.68,0.15,0.03244
0.68,0.16,0.033635
0.68,0.17,0.0334017
0.68,0.18,0.0328523
0.68,0.19,0.0353196
0.68,0.2,0.0352708
0.68,0.21,0.0334698
0.68,0.22,0.0313378
0.68,0.23,0.0313446
0.68,0.24,0.0335857
0.68,0.25,0.0331104
0.68,0.26,0.0331284
0.68,0.27,0.0337636
0.68,0.28,0.0316814
0.68,0.29,0.0339916
0.68,0.3,0.0314326
0.68,0.31,0.0350216
0.68,0.32,0.0321656
0.68,0.33,0.0357163
0.68,0.34,0.034231
0.68,0.35,0.0328818
0.68,0.36,0.0329284
0.68,0.37,0.0325641
0.68,0.38,0.0320976
0.68,0.39,0.0322034
0.68,0.4,0.0332367
0.68,0.41,0.0341821
0.68,0.42,0.0330074
0.68,0.43,0.0323786
0.68,0.44,0.0341675
0.68,0.45,0.0308534
0.68,0.46,0.0320772
0.68,0.47,0.0328716
0.68,0.48,0.0330797
0.68,0.49,0.0338917
0.68,0.5,0.0359101
0.68,0.51,0.0331129
0.68,0.52,0.0350683
0.68,0.53,0.0318969
0.68,0.54,0.0318145
0.68,0.55,0.0328988
0.68,0.56,0.0333768
0.68,0.57,0.0342082
0.68,0.58,0.0316097
0.68,0.59,0.0335416
0.68,0.6,0.0327087
0.68,0.61,0.0330639
0.68,0.62,0.0340298
0.68,0.63,0.0294031
0.68,0.64,0.0326198
0.68,0.65,0.0337008
0.68,0.66,0.0316311
0.68,0.67,0.0316399
0.68,0.68,0.0304573
0.68,0.69,0.029542
0.68,0.7,0.0310493
0.68,0.71,0.0299257
0.68,0.72,0.0275151
0.68,0.73,0.0247941
0.68,0.74,0.0215241
0.68,0.75,0.0219941
0.68,0.76,0.0200788
0.68,0.77,0.017253
0.68,0.78,0.0159862
0.69,0,0.017985
0.69,0.01,0.0181705
0.69,0.02,0.0192809
0.69,0.03,0.0205816
0.69,0.04,0.0214156
0.69,0.05,0.0270742
0.69,0.06,0.028185
0.69,0.07,0.0280427
0.69,0.08,0.0287834
0.69,0.09,0.0300253
0.69,0.1,0.0310318
0.69,0.11,0.0313967
0.69,0.12,0.0293561
0.69,0.13,0.0338005
0.69,0.14,0.0324901
0.69,0.15,0.0325023
0.69,0.16,0.0325316
0.69,0.17,0.0312988
0.69,0.18,0.0333728
0.69,0.19,0.0321729
0.69,0.2,0.0334247
0.69,0.21,0.0344525
0.69,0.22,0.0342396
0.69,0.23,0.0332068
0.69,0.24,0.0339757
0.69,0.25,0.0300255
0.69,0.26,0.0327202
0.69,0.27,0.0345597
0.69,0.28,0.0343785
0.69,0.29,0.0320833
0.69,0.3,0.0317321
0.69,0.31,0.0342018
0.69,0.32,0.0329852
0.69,0.33,0.032024
0.69,0.34,0.033433
0.69,0.35,0.0343049
0.69,0.36,0.0324964
0.69,0.37,0.0342001
0.69,0.38,0.0332448
0.69,0.39,0.0322583
0.69,0.4,0.0319567
0.69,0.41,0.032623
0.69,0.42,0.03246
0.69,0.43,0.0308371
0.69,0.44,0.0319288
0.69,0.45,0.0336564
0.69,0.46,0.0371553
0.69,0.47,0.0340514
0.69,0.48,0.0340647
0.69,0.49,0.034217
0.69,0.5,0.0335425
0.69,0.51,0.0329484
0.69,0.52,0.0311618
0.69,0.53,0.0341224
0.69,0.54,0.0317673
0.69,0.55,0.0348108
0.69,0.56,0.0315245
0.69,0.57,0.0330188
0.69,0.58,0.0323588
0.69,0.59,0.0340125
0.69,0.6,0.0295135
0.69,0.61,0.0330634
0.69,0.62,0.0323894
0.69,0.63,0.0339656
0.69,0.64,0.0323304
0.69,0.65,0.0317964
0.69,0.66,0.0310034
0.69,0.67,0.0337786
0.69,0.68,0.0320751
0.69,0.69,0.0299929
0.69,0.7,0.028804
0.69,0.71,0.0269354
0.69,0.72,0.0259008
0.69,0.73,0.0273727
0.69,0.74,0.0230589
0.69,0.75,0.0228504
0.69,0.76,0.0178974
0.69,0.77,0.0172821
0.69,0.78,0.0167106
0.7,0,0.0173287
0.7,0.01,0.0165804
0.7,0.02,0.0205796
0.7,0.03,0.0197434
0.7,0.04,0.0228795
0.7,0.05,0.0236111
0.7,0.06,0.0261169
0.7,0.07,0.0270433
0.7,0.08,0.029695
0.7,0.09,0.0315533
0.7,0.1,0.0298864
0.7,0.11,0.0297367
0.7,0.12,0.0313137
0.7,0.13,0.0326891
0.7,0.14,0.0334825
0.7,0.15,0.0324058
0.7,0.16,0.0334715
0.7,0.17,0.0329455
0.7,0.18,0.0323635
0.7,0.19,0.0314674
0.7,0.2,0.0326278
0.7,0.21,0.031573
0.7,0.22,0.0324741
0.7,0.23,0.0315235
0.7,0.24,0.0323864
0.7,0.25,0.0335076
0.7,0.26,0.033194
0.7,0.27,0.0312779
0.7,0.28,0.0329929
0.7,0.29,0.0349567
0.7,0.3,0.0338475
0.7,0.31,0.0317098
0.7,0.32,0.0314744
0.7,0.33,0.0330272
0.7,0.34,0.0345932
0.7,0.35,0.0330098
0.7,0.36,0.0324392
0.7,0.37,0.0324776
0.7,0.38,0.0315955
0.7,0.39,0.0336319
0.7,0.4,0.0333215
0.7,0.41,0.0354174
0.7,0.42,0.0332465
0.7,0.43,0.030515
0.7,0.44,0.0328232
0.7,0.45,0.0332393
0.7,0.46,0.0321102
0.7,0.47,0.0337855
0.7,0.48,0.036999
0.7,0.49,0.0343847
0.7,0.5,0.0333059
0.7,0.51,0.0318864
0.7,0.52,0.033296
0.7,0.53,0.0305926
0.7,0.54,0.0358321
0.7,0.55,0.0324963
0.7,0.56,0.0330625
0.7,0.57,0.0326701
0.7,0.58,0.0333995
0.7,0.59,0.0349595
0.7,0.6,0.0351215
0.7,0.61,0.0326138
0.7,0.62,0.0335957
0.7,0.63,0.032939
0.7,0.64,0.0304804
0.7,0.65,0.0339667
0.7,0.66,0.0297143
0.7,0.67,0.0316893
0.7,0.68,0.0335874
0.7,0.69,0.0289606
0.7,0.7,0.028953
0.7,0.71,0.0271037
0.7,0.72,0.0267779
0.7,0.73,0.02441
0.7,0.74,0.0246005
0.7,0.75,0.0229156
0.7,0.76,0.0211157
0.7,0.77,0.0205253
0.7,0.78,0.0163176
0.71,0,0.0170231
0.71,0.01,0.0173288
0.71,0.02,0.0187629
0.71,0.03,0.0228939
0.71,0.04,0.0231342
0.71,0.05,0.0247839
0.71,0.06,0.0275177
0.71,0.07,0.0285423
0.71,0.08,0.0290415
0.71,0.09,0.0294211
0.71,0.1,0.0313906
0.71,0.11,0.0293381
0.71,0.12,0.0322122
0.71,0.13,0.0310917
0.71,0.14,0.0319375
0.71,0.15,0.0343077
0.71,0.16,0.0315131
0.71,0.17,0.0322077
0.71,0.18,0.0326636
0.71,0.19,0.0322473
0.71,0.2,0.0311649
0.71,0.21,0.0323637
0.71,0.22,0.0336528
0.71,0.23,0.031069
0.71,0.24,0.0307002
0.71,0.25,0.0341766
0.71,0.26,0.0322309
0.71,0.27,0.0329097
0.71,0.28,0.0321316
0.71,0.29,0.0347726
0.71,0.3,0.0330281
0.71,0.31,0.0327491
0.71,0.32,0.0305521
0.71,0.33,0.0331597
0.71,0.34,0.0343266
0.71,0.35,0.0335227
0.71,0.36,0.0323627
0.71,0.37,0.0320675
0.71,0.38,0.0341988
0.71,0.39,0.0333775
0.71,0.4,0.0323192
0.71,0.41,0.0324915
0.71,0.42,0.0316565
0.71,0.43,0.030437
0.71,0.44,0.031546
0.71,0.45,0.0326733
0.71,0.46,0.0338497
0.71,0.47,0.0309348
0.71,0.48,0.0335805
0.71,0.49,0.0314728
0.71,0.5,0.0336987
0.71,0.51,0.0323091
0.71,0.52,0.033878
0.71,0.53,0.0335446
0.71,0.54,0.0329794
0.71,0.55,0.0320946
0.71,0.56,0.0309718
0.71,0.57,0.0357524
0.71,0.58,0.0323016
0.71,0.59,0.0322474
0.71,0.6,0.0349721
0.71,0.61,0.0303625
0.71,0.62,0.0316371
0.71,0.63,0.0328928
0.71,0.64,0.0319798
0.71,0.65,0.0327559
0.71,0.66,0.0307195
0.71,0.67,0.030031
0.71,0.68,0.0305632
0.71,0.69,0.029692
0.71,0.7,0.0292973
0.71,0.71,0.028366
0.71,0.72,0.026557
0.71,0.73,0.0240257
0.71,0.74,0.0236643
0.71,0.75,0.0204381
0.71,0.76,0.020209
0.71,0.77,0.0180329
0.71,0.78,0.0172899
0.72,0,0.0152609
0.72,0.01,0.0170965
0.72,0.02,0.0187669
0.72,0.03,0.0210448
0.72,0.04,0.0250195
0.72,0.05,0.0247116
0.72,0.06,0.0234797
0.72,0.07,0.0267981
0.72,0.08,0.0310321
0.72,0.09,0.0312229
0.72,0.1,0.0325261
0.72,0.11,0.0309106
0.72,0.12,0.0330151
0.72,0.13,0.0320744
0.72,0.14,0.0328463
0.72,0.15,0.034466
0.72,0.16,0.032325
0.72,0.17,0.0312495
0.72,0.18,0.0322902
0.72,0.19,0.0331575
0.72,0.2,0.0341227
0.72,0.21,0.0342102
0.72,0.22,0.033765
0.72,0.23,0.0335712
0.72,0.24,0.0340647
0.72,0.25,0.0317932
0.72,0.26,0.0356363
0.72,0.27,0.0330674
0.72,0.28,0.0331408
0.72,0.29,0.033566
0.72,0.3,0.0327664
0.72,0.31,0.0333474
0.72,0.32,0.0325322
0.72,0.33,0.0325625
0.72,0.34,0.0352187
0.72,0.35,0.031851
0.72,0.36,0.0328731
0.72,0.37,0.0334688
0.72,0.38,0.0304734
0.72,0.39,0.0315463
0.72,0.4,0.0327798
0.72,0.41,0.0331859
0.72,0.42,0.032343
0.72,0.43,0.035573
0.72,0.44,0.0329017
0.72,0.45,0.0319643
0.72,0.46,0.0338749
0.72,0.47,0.0326906
0.72,0.48,0.0338639
0.72,0.49,0.0344636
0.72,0.5,0.0350402
0.72,0.51,0.0317518
0.72,0.52,0.0323861
0.72,0.53,0.03541
0.72,0.54,0.0342093
0.72,0.55,0.033174
0.72,0.56,0.0330748
0.72,0.57,0.0341279
0.72,0.58,0.031977
0.72,0.59,0.0334643
0.72,0.6,0.0332623
0.72,0.61,0.0330147
0.72,0.62,0.0334776
0.72,0.63,0.0355168
0.72,0.64,0.0306472
0.72,0.65,0.0345604
0.72,0.66,0.0323611
0.72,0.67,0.0332804
0.72,0.68,0.0323387
0.72,0.69,0.0318578
0.72,0.7,0.0294852
0.72,0.71,0.0265455
0.72,0.72,0.0274222
0.72,0.73,0.0260272
0.72,0.74,0.0248568
0.72,0.75,0.022613
0.72,0.76,0.0206204
0.72,0.77,0.0205684
0.72,0.78,0.0170681
0.73,0,0.0169932
0.73,0.01,0.018395
0.73,0.02,0.0188313
0.73,0.03,0.0219335
0.73,0.04,0.0219302
0.73,0.05,0.0270002
0.73,0.06,0.0279698
0.73,0.07,0.0274874
0.73,0.08,0.0295498
0.73,0.09,0.0307019
0.73,0.1,0.0330725
0.73,0.11,0.0329133
0.73,0.12,0.0327715
0.73,0.13,0.029795
0.73,0.14,0.034323
0.73,0.15,0.0343041
0.73,0.16,0.0320569
0.73,0.17,0.0313183
0.73,0.18,0.0335901
0.73,0.19,0.0324508
0.73,0.2,0.0343503
0.73,0.21,0.0309341
0.73,0.22,0.0317748
0.73,0.23,0.0355509
0.73,0.24,0.0341579
0.73,0.25,0.034497
0.73,0.26,0.0333668
0.73,0.27,0.0334523
0.73,0.28,0.0319092
0.73,0.29,0.033123
0.73,0.3,0.0339191
0.73,0.31,0.0321731
0.73,0.32,0.0303622
0.73,0.33,0.0334561
0.73,0.34,0.0322174
0.73,0.35,0.0330367
0.73,0.36,0.0334765
0.73,0.37,0.0304212
0.73,0.38,0.0335054
0.73,0.39,0.0361769
0.73,0.4,0.0349895
0.73,0.41,0.0331316
0.73,0.42,0.0334425
0.73,0.43,0.0325586
0.73,0.44,0.0323762
0.73,0.45,0.0336585
0.73,0.46,0.0323933
0.73,0.47,0.0350901
0.73,0.48,0.0323258
0.73,0.49,0.0327269
0.73,0.5,0.0348955
0.73,0.51,0.0334865
0.73,0.52,0.0341424
0.73,0.53,0.0318153
0.73,0.54,0.0335392
0.73,0.55,0.0323016
0.73,0.56,0.0334117
0.73,0.57,0.0326292
0.73,0.58,0.033223
0.73,0.59,0.0331252
0.73,0.6,0.0345471
0.73,0.61,0.0309139
0.73,0.62,0.0311361
0.73,0.63,0.0298804
0.73,0.64,0.0311356
0.73,0.65,0.0332451
0.73,0.66,0.0347626
0.73,0.67,0.0325939
0.73,0.68,0.030878
0.73,0.69,0.0315154
0.73,0.7,0.0286143
0.73,0.71,0.0309195
0.73,0.72,0.0275356
0.73,0.73,0.0259306
0.73,0.74,0.023264
0.73,0.75,0.0207061
0.73,0.76,0.0200694
0.73,0.77,0.0189189
0.73,0.78,0.0184811
0.74,0,0.0163859
0.74,0.01,0.0184636
0.74,0.02,0.0205635
0.74,0.03,0.0225094
0.74,0.04,0.0222738
0.74,0.05,0.0253837
0.74,0.06,0.0279088
0.74,0.07,0.028088
0.74,0.08,0.029896
0.74,0.09,0.030215
0.74,0.1,0.0315221
0.74,0.11,0.0320707
0.74,0.12,0.0301436
0.74,0.13,0.0314868
0.74,0.14,0.0346881
0.74,0.15,0.0329779
0.74,0.16,0.0340213
0.74,0.17,0.0329505
0.74,0.18,0.0321263
0.74,0.19,0.032704
0.74,0.2,0.0335245
0.74,0.21,0.0331551
0.74,0.22,0.0348648
0.74,0.23,0.0329205
0.74,0.24,0.0358248
0.74,0.25,0.0322559
0.74,0.26,0.0342371
0.74,0.27,0.03278
0.74,0.28,0.0328548
0.74,0.29,0.0313103
0.74,0.3,0.0330406
0.74,0.31,0.0334234
0.74,0.32,0.0332118
0.74,0.33,0.0327772
0.74,0.34,0.0337392
0.74,0.35,0.0312124
0.74,0.36,0.0336971
0.74,0.37,0.0309935
0.74,0.38,0.0335525
0.74,0.39,0.0327531
0.74,0.4,0.0334649
0.74,0.41,0.0334554
0.74,0.42,0.0307743
0.74,0.43,0.0323661
0.74,0.44,0.0315891
0.74,0.45,0.0334793
0.74,0.46,0.0317562
0.74,0.47,0.0324421
0.74,0.48,0.0333705
0.74,0.49,0.0322422
0.74,0.5,0.0344617
0.74,0.51,0.0312674
0.74,0.52,0.0318345
0.74,0.53,0.0330291
0.74,0.54,0.0330186
0.74,0.55,0.0343016
0.74,0.56,0.0316177
0.74,0.57,0.0307773
0.74,0.58,0.0332912
0.74,0.59,0.0334558
0.74,0.6,0.0349796
0.74,0.61,0.0335157
0.74,0.62,0.0328657
0.74,0.63,0.0334224
0.74,0.64,0.0305198
0.74,0.65,0.0351531
0.74,0.66,0.0315719
0.74,0.67,0.0318879
0.74,0.68,0.0315684
0.74,0.69,0.0330657
0.74,0.7,0.0278123
0.74,0.71,0.0308814
0.74,0.72,0.0272723
0.74,0.73,0.0270998
0.74,0.74,0.0226069
0.74,0.75,0.0233689
0.74,0.76,0.0197758
0.74,0.77,0.0198105
0.74,0.78,0.0166588
0.75,0,0.0157697
0.75,0.01,0.0186177
0.75,0.02,0.0187577
0.75,0.03,0.0210473
0.75,0.04,0.0240261
0.75,0.05,0.0244127
0.75,0.06,0.0271342
0.75,0.07,0.0282062
0.75,0.08,0.0302188
0.75,0.09,0.0276757
0.75,0.1,0.0311874
0.75,0.11,0.0317104
0.75,0.12,0.0327513
0.75,0.13,0.0321394
0.75,0.14,0.0357216
0.75,0.15,0.0332257
0.75,0.16,0.0341758
0.75,0.17,0.0315975
0.75,0.18,0.0335451
0.75,0.19,0.03162
0.75,0.2,0.0318916
0.75,0.21,0.0344887
0.75,0.22,0.0312404
0.75,0.23,0.0325058
0.75,0.24,0.0319993
0.75,0.25,0.0328856
0.75,0.26,0.0308002
0.75,0.27,0.0302115
0.75,0.28,0.0334986
0.75,0.29,0.0322472
0.75,0.3,0.0319724
0.75,0.31,0.0341611
0.75,0.32,0.0346177
0.75,0.33,0.034488
0.75,0.34,0.0329413
0.75,0.35,0.0334065
0.75,0.36,0.0335637
0.75,0.37,0.0324967
0.75,0.38,0.0334179
0.75,0.39,0.0326094
0.75,0.4,0.029162
0.75,0.41,0.0333789
0.75,0.42,0.0340126
0.75,0.43,0.03079
0.75,0.44,0.032605
0.75,0.45,0.0336706
0.75,0.46,0.0336128
0.75,0.47,0.0323994
0.75,0.48,0.0337829
0.75,0.49,0.0317984
0.75,0.5,0.0322386
0.75,0.51,0.0321594
0.75,0.52,0.0340255
0.75,0.53,0.0324524
0.75,0.54,0.0349231
0.75,0.55,0.0318742
0.75,0.56,0.0342109
0.75,0.57,0.0317147
0.75,0.58,0.0344649
0.75,0.59,0.034308
0.75,0.6,0.0342522
0.75,0.61,0.0329738
0.75,0.62,0.0334623
0.75,0.63,0.0324603
0.75,0.64,0.0331117
0.75,0.65,0.0338043
0.75,0.66,0.0329415
0.75,0.67,0.0304176
0.75,0.68,0.0318634
0.75,0.69,0.0290355
0.75,0.7,0.029313
0.75,0.71,0.029199
0.75,0.72,0.0270345
0.75,0.73,0.0261653
0.75,0.74,0.0241445
0.75,0.75,0.0220733
0.75,0.76,0.0213871
0.75,0.77,0.0178079
0.75,0.78,0.014914
0.76,0,0.0158636
0.76,0.01,0.0178741
0.76,0.02,0.0188866
0.76,0.03,0.0228887
0.76,0.04,0.0236311
0.76,0.05,0.0249065
0.76,0.06,0.0271151
0.76,0.07,0.026373
0.76,0.08,0.0302693
0.76,0.09,0.0314117
0.76,0.1,0.0311985
0.76,0.11,0.0322752
0.76,0.12,0.0350143
0.76,0.13,0.0314498
0.76,0.14,0.0324105
0.76,0.15,0.0330212
0.76,0.16,0.0314783
0.76,0.17,0.0334277
0.76,0.18,0.0327788
0.76,0.19,0.0325556
0.76,0.2,0.033393
0.76,0.21,0.0323853
0.76,0.22,0.0345911
0.76,0.23,0.0356883
0.76,0.24,0.0324274
0.76,0.25,0.0325422
0.76,0.26,0.0337682
0.76,0.27,0.0333341
0.76,0.28,0.0349506
0.76,0.29,0.0322381
0.76,0.3,0.0335688
0.76,0.31,0.031076
0.76,0.32,0.0327142
0.76,0.33,0.0348327
0.76,0.34,0.0335999
0.76,0.35,0.0328968
0.76,0.36,0.0344499
0.76,0.37,0.0327428
0.76,0.38,0.0320142
0.76,0.39,0.03484
0.76,0.4,0.0341796
0.76,0.41,0.0328598
0.76,0.42,0.0311772
0.76,0.43,0.0333692
0.76,0.44,0.0333985
0.76,0.45,0.0313827
0.76,0.46,0.0330714
0.76,0.47,0.0364412
0.76,0.48,0.0321689
0.76,0.49,0.0335991
0.76,0.5,0.0323761
0.76,0.51,0.0331728
0.76,0.52,0.0323157
0.76,0.53,0.0333601
0.76,0.54,0.0320801
0.76,0.55,0.0344672
0.76,0.56,0.0321338
0.76,0.57,0.0330465
0.76,0.58,0.0350569
0.76,0.59,0.034987
0.76,0.6,0.0326453
0.76,0.61,0.0319505
0.76,0.62,0.0322689
0.76,0.63,0.0332759
0.76,0.64,0.030667
0.76,0.65,0.0318326
0.76,0.66,0.0326156
0.76,0.67,0.0313062
0.76,0.68,0.0321601
0.76,0.69,0.0323692
0.76,0.7,0.0307254
0.76,0.71,0.0287597
0.76,0.72,0.0276225
0.76,0.73,0.0250721
0.76,0.74,0.0238043
0.76,0.75,0.02202
0.76,0.76,0.0212875
0.76,0.77,0.0182394
0.76,0.78,0.0177308
0.77,0,0.0171804
0.77,0.01,0.0195025
0.77,0.02,0.0206337
0.77,0.03,0.0224254
0.77,0.04,0.0231651
0.77,0.05,0.0252826
0.77,0.06,0.0270541
0.77,0.07,0.0304648
0.77,0.08,0.0280538
0.77,0.09,0.0314819
0.77,0.1,0.031282
0.77,0.11,0.0325282
0.77,0.12,0.0338441
0.77,0.13,0.0337428
0.77,0.14,0.0335012
0.77,0.15,0.0320068
0.77,0.16,0.033337
0.77,0.17,0.0331374
0.77,0.18,0.0341318
0.77,0.19,0.0328805
0.77,0.2,0.0344298
0.77,0.21,0.0330157
0.77,0.22,0.0341323
0.77,0.23,0.0328377
0.77,0.24,0.0308983
0.77,0.25,0.0316344
0.77,0.26,0.0336848
0.77,0.27,0.0321564
0.77,0.28,0.0338328
0.77,0.29,0.0324039
0.77,0.3,0.0314355
0.77,0.31,0.0333823
0.77,0.32,0.0340852
0.77,0.33,0.0327149
0.77,0.34,0.0325442
0.77,0.35,0.0328941
0.77,0.36,0.0312446
0.77,0.37,0.0334291
0.77,0.38,0.030956
0.77,0.39,0.0338653
0.77,0.4,0.0344158
0.77,0.41,0.0337279
0.77,0.42,0.0319857
0.77,0.43,0.032156
0.77,0.44,0.0344885
0.77,0.45,0.0312278
0.77,0.46,0.033907
0.77,0.47,0.0321322
0.77,0.48,0.0328805
0.77,0.49,0.0359565
0.77,0.5,0.0345885
0.77,0.51,0.0335862
0.77,0.52,0.0337621
0.77,0.53,0.0337546
0.77,0.54,0.0326721
0.77,0.55,0.031454
0.77,0.56,0.0333959
0.77,0.57,0.0308777
0.77,0.58,0.0323224
0.77,0.59,0.033318
0.77,0.6,0.0353186
0.77,0.61,0.0337417
0.77,0.62,0.033655
0.77,0.63,0.0307049
0.77,0.64,0.0348348
0.77,0.65,0.0337534
0.77,0.66,0.0339761
0.77,0.67,0.0318269
0.77,0.68,0.0318223
0.77,0.69,0.0323645
0.77,0.7,0.0291748
0.77,0.71,0.0292668
0.77,0.72,0.0277736
0.77,0.73,0.0264529
0.77,0.74,0.0248702
0.77,0.75,0.0201554
0.77,0.76,0.0203577
0.77,0.77,0.0174953
0.77,0.78,0.0171936
0.78,0,0.0176209
0.78,0.01,0.0176351
0.78,0.02,0.0211105
0.78,0.03,0.0225682
0.78,0.04,0.0244806
0.78,0.05,0.0247903
0.78,0.06,0.0262432
0.78,0.07,0.0268864
0.78,0.08,0.0292417
0.78,0.09,0.0318634
0.78,0.1,0.0328182
0.78,0.11,0.0300397
0.78,0.12,0.0344866
0.78,0.13,0.0324595
0.78,0.14,0.0325317
0.78,0.15,0.0321547
0.78,0.16,0.0348191
0.78,0.17,0.0342473
0.78,0.18,0.0323341
0.78,0.19,0.033333
0.78,0.2,0.0339364
0.78,0.21,0.0333203
0.78,0.22,0.0335523
0.78,0.23,0.0344011
0.78,0.24,0.033678
0.78,0.25,0.0317344
0.78,0.26,0.0326079
0.78,0.27,0.0319661
0.78,0.28,0.0331995
0.78,0.29,0.0329175
0.78,0.3,0.0333788
0.78,0.31,0.0326976
0.78,0.32,0.0336138
0.78,0.33,0.031561
0.78,0.34,0.0334822
0.78,0.35,0.032771
0.78,0.36,0.03374
0.78,0.37,0.0333757
0.78,0.38,0.033153
0.78,0.39,0.0347135
0.78,0.4,0.0336618
0.78,0.41,0.0338093
0.78,0.42,0.0324661
0.78,0.43,0.0315259
0.78,0.44,0.0338224
0.78,0.45,0.0323871
0.78,0.46,0.0330445
0.78,0.47,0.0323843
0.78,0.48,0.0345112
0.78,0.49,0.0330078
0.78,0.5,0.0322961
0.78,0.51,0.0326081
0.78,0.52,0.033973
0.78,0.53,0.0331331
0.78,0.54,0.0325876
0.78,0.55,0.0327894
0.78,0.56,0.0334232
0.78,0.57,0.0335953
0.78,0.58,0.0354239
0.78,0.59,0.0327712
0.78,0.6,0.0331907
0.78,0.61,0.0321075
0.78,0.62,0.0342452
0.78,0.63,0.03268
0.78,0.64,0.0309075
0.78,0.65,0.0321832
0.78,0.66,0.0327908
0.78,0.67,0.0326407
0.78,0.68,0.0361815
0.78,0.69,0.0326159
0.78,0.7,0.0306162
0.78,0.71,0.0272678
0.78,0.72,0.0264482
0.78,0.73,0.0286236
0.78,0.74,0.0238677
0.78,0.75,0.0221011
0.78,0.76,0.0209275
0.78,0.77,0.0186928
0.78,0.78,0.0166921
0.79,0,0.0177482
0.79,0.01,0.0196124
0.79,0.02,0.0194278
0.79,0.03,0.0209055
0.79,0.04,0.0231383
0.79,0.05,0.0248818
0.79,0.06,0.0265132
0.79,0.07,0.0297623
0.79,0.08,0.0294877
0.79,0.09,0.0295587
0.79,0.1,0.030934
0.79,0.11,0.0310105
0.79,0.12,0.0327584
0.79,0.13,0.0337916
0.79,0.14,0.0321786
0.79,0.15,0.0328524
0.79,0.16,0.0322732
0.79,0.17,0.0334884
0.79,0.18,0.0323962
0.79,0.19,0.0310428
0.79,0.2,0.0324939
0.79,0.21,0.032649
0.79,0.22,0.0341189
0.79,0.23,0.0339308
0.79,0.24,0.0344069
0.79,0.25,0.0330059
0.79,0.26,0.0324243
0.79,0.27,0.032553
0.79,0.28,0.0318486
0.79,0.29,0.0338816
0.79,0.3,0.0346226
0.79,0.31,0.0342328
0.79,0.32,0.0320469
0.79,0.33,0.0343398
0.79,0.34,0.0348162
0.79,0.35,0.0335937
0.79,0.36,0.0321751
0.79,0.37,0.0345992
0.79,0.38,0.0344262
0.79,0.39,0.0356531
0.79,0.4,0.0347635
0.79,0.41,0.0326818
0.79,0.42,0.0341711
0.79,0.43,0.0335131
0.79,0.44,0.0337969
0.79,0.45,0.0299996
0.79,0.46,0.0322343
0.79,0.47,0.0334704
0.79,0.48,0.0333613
0.79,0.49,0.0329352
0.79,0.5,0.033711
0.79,0.51,0.0334324
0.79,0.52,0.0325621
0.79,0.53,0.0333279
0.79,0.54,0.0328054
0.79,0.55,0.0337212
0.79,0.56,0.0336868
0.79,0.57,0.034002
0.79,0.58,0.0353599
0.79,0.59,0.0332575
0.79,0.6,0.0340466
0.79,0.61,0.034233
0.79,0.62,0.0338941
0.79,0.63,0.0343562
0.79,0.64,0.0330465
0.79,0.65,0.0322273
0.79,0.66,0.0330162
0.79,0.67,0.033386
0.79,0.68,0.0298555
0.79,0.69,0.0296624
0.79,0.7,0.0297533
0.79,0.71,0.0295546
0.79,0.72,0.027131
0.79,0.73,0.0258703
0.79,0.74,0.0242298
0.79,0.75,0.0235061
0.79,0.76,0.0207117
0.79,0.77,0.017395
0.79,0.78,0.0160191
0.8,0,0.0152341
0.8,0.01,0.0163675
0.8,0.02,0.0197731
0.8,0.03,0.0226796
0.8,0.04,0.0244743
0.8,0.05,0.0244373
0.8,0.06,0.0279292
0.8,0.07,0.0306194
0.8,0.08,0.0289461
0.8,0.09,0.0325308
0.8,0.1,0.032527
0.8,0.11,0.034017
0.8,0.12,0.0321347
0.8,0.13,0.0319119
0.8,0.14,0.0336163
0.8,0.15,0.031953
0.8,0.16,0.0311738
0.8,0.17,0.0317259
0.8,0.18,0.031802
0.8,0.19,0.0349125
0.8,0.2,0.0332236
0.8,0.21,0.0348215
0.8,0.22,0.0298707
0.8,0.23,0.0314559
0.8,0.24,0.033652
0.8,0.25,0.032004
0.8,0.26,0.0334983
0.8,0.27,0.0335399
0.8,0.28,0.0332852
0.8,0.29,0.0322894
0.8,0.3,0.0306951
0.8,0.31,0.033704
0.8,0.32,0.0329868
0.8,0.33,0.0336617
0.8,0.34,0.0340129
0.8,0.35,0.0311925
0.8,0.36,0.0315514
0.8,0.37,0.0314055
0.8,0.38,0.0322091
0.8,0.39,0.0320954
0.8,0.4,0.0312503
0.8,0.41,0.0350297
0.8,0.42,0.0337436
0.8,0.43,0.0341732
0.8,0.44,0.0322034
0.8,0.45,0.0322321
0.8,0.46,0.0328271
0.8,0.47,0.035178
0.8,0.48,0.0316467
0.8,0.49,0.0337037
0.8,0.5,0.0322417
0.8,0.51,0.0331014
0.8,0.52,0.0343747
0.8,0.53,0.0324714
0.8,0.54,0.032999
0.8,0.55,0.0323507
0.8,0.56,0.0344419
0.8,0.57,0.0328649
0.8,0.58,0.0319442
0.8,0.59,0.0317806
0.8,0.6,0.0329745
0.8,0.61,0.0323949
0.8,0.62,0.0334305
0.8,0.63,0.0317741
0.8,0.64,0.0334948
0.8,0.65,0.0337685
0.8,0.66,0.0339589
0.8,0.67,0.034833
0.8,0.68,0.0321168
0.8,0.69,0.0310816
0.8,0.7,0.0313863
0.8,0.71,0.0296954
0.8,0.72,0.0243788
0.8,0.73,0.0265135
0.8,0.74,0.0234218
0.8,0.75,0.0222522
0.8,0.76,0.0201753
0.8,0.77,0.0182596
0.8,0.78,0.0164243
0.81,0,0.0175876
0.81,0.01,0.0188831
0.81,0.02,0.0213633
0.81,0.03,0.0225459
0.81,0.04,0.0246487
0.81,0.05,0.0276403
0.81,0.06,0.0285375
0.81,0.07,0.029355
0.81,0.08,0.0295701
0.81,0.09,0.0323736
0.81,0.1,0.0305556
0.81,0.11,0.0339664
0.81,0.12,0.031545
0.81,0.13,0.0328684
0.81,0.14,0.0339294
0.81,0.15,0.0339297
0.81,0.16,0.0324607
0.81,0.17,0.0339984
0.81,0.18,0.0343433
0.81,0.19,0.0333389
0.81,0.2,0.0331855
0.81,0.21,0.0327438
0.81,0.22,0.0333867
0.81,0.23,0.0334724
0.81,0.24,0.0333855
0.81,0.25,0.0314099
0.81,0.26,0.0332664
0.81,0.27,0.0328232
0.81,0.28,0.0332152
0.81,0.29,0.0335631
0.81,0.3,0.0322707
0.81,0.31,0.0329194
0.81,0.32,0.0328816
0.81,0.33,0.0342235
0.81,0.34,0.0314823
0.81,0.35,0.0345583
0.81,0.36,0.0341913
0.81,0.37,0.0318463
0.81,0.38,0.0339397
0.81,0.39,0.0324477
0.81,0.4,0.0336486
0.81,0.41,0.0321495
0.81,0.42,0.0325354
0.81,0.43,0.034796
0.81,0.44,0.0338605
0.81,0.45,0.0318748
0.81,0.46,0.0322838
0.81,0.47,0.0342055
0.81,0.48,0.0328319
0.81,0.49,0.0335397
0.81,0.5,0.0323085
0.81,0.51,0.0337863
0.81,0.52,0.0344178
0.81,0.53,0.0331934
0.81,0.54,0.0314374
0.81,0.55,0.0338388
0.81,0.56,0.0327735
0.81,0.57,0.0334483
0.81,0.58,0.0360452
0.81,0.59,0.0331034
0.81,0.6,0.0345666
0.81,0.61,0.0334142
0.81,0.62,0.0320681
0.81,0.63,0.0314198
0.81,0.64,0.0315264
0.81,0.65,0.0349423
0.81,0.66,0.0321225
0.81,0.67,0.0316262
0.81,0.68,0.0327425
0.81,0.69,0.0310568
0.81,0.7,0.0310537
0.81,0.71,0.0278317
0.81,0.72,0.0280965
0.81,0.73,0.0285572
0.81,0.74,0.0239565
0.81,0.75,0.0219006
0.81,0.76,0.0217769
0.81,0.77,0.0192248
0.81,0.78,0.0167809
0.82,0,0.0163442
0.82,0.01,0.0173717
0.82,0.02,0.0217969
0.82,0.03,0.0223341
0.82,0.04,0.0218214
0.82,0.05,0.0255701
0.82,0.06,0.0282069
0.82,0.07,0.0283954
0.82,0.08,0.027828
0.82,0.09,0.0337632
0.82,0.1,0.0321191
0.82,0.11,0.0342024
0.82,0.12,0.0309806
0.82,0.13,0.0350121
0.82,0.14,0.0325962
0.82,0.15,0.0340904
0.82,0.16,0.0328185
0.82,0.17,0.0331106
0.82,0.18,0.0338727
0.82,0.19,0.0331038
0.82,0.2,0.0325178
0.82,0.21,0.034248
0.82,0.22,0.0340221
0.82,0.23,0.0327647
0.82,0.24,0.0334212
0.82,0.25,0.0342059
0.82,0.26,0.0340065
0.82,0.27,0.0339992
0.82,0.28,0.0321074
0.82,0.29,0.0335566
0.82,0.3,0.0313638
0.82,0.31,0.0342942
0.82,0.32,0.0338206
0.82,0.33,0.0332748
0.82,0.34,0.0327554
0.82,0.35,0.0327746
0.82,0.36,0.033367
0.82,0.37,0.0323321
0.82,0.38,0.0327038
0.82,0.39,0.033295
0.82,0.4,0.0323577
0.82,0.41,0.0357532
0.82,0.42,0.0348822
0.82,0.43,0.0319712
0.82,0.44,0.0318474
0.82,0.45,0.0324024
0.82,0.46,0.0340398
0.82,0.47,0.0322047
0.82,0.48,0.032612
0.82,0.49,0.03288
0.82,0.5,0.0339807
0.82,0.51,0.0335806
0.82,0.52,0.0321333
0.82,0.53,0.0334859
0.82,0.54,0.0335957
0.82,0.55,0.0315496
0.82,0.56,0.0337442
0.82,0.57,0.033902
0.82,0.58,0.0327342
0.82,0.59,0.0332386
0.82,0.6,0.0329662
0.82,0.61,0.0326623
0.82,0.62,0.0357187
0.82,0.63,0.0332418
0.82,0.64,0.033807
0.82,0.65,0.0347458
0.82,0.66,0.0328073
0.82,0.67,0.0324762
0.82,0.68,0.0309913
0.82,0.69,0.0313258
0.82,0.7,0.0297047
0.82,0.71,0.0295281
0.82,0.72,0.0297478
0.82,0.73,0.0263446
0.82,0.74,0.0247516
0.82,0.75,0.0227819
0.82,0.76,0.019747
0.82,0.77,0.019296
0.82,0.78,0.0160355
0.83,0,0.016639
0.83,0.01,0.0182995
0.83,0.02,0.0207191
0.83,0.03,0.0224872
0.83,0.04,0.0240577
0.83,0.05,0.0251447
0.83,0.06,0.0281309
0.83,0.07,0.0296617
0.83,0.08,0.0295288
0.83,0.09,0.032232
0.83,0.1,0.0336098
0.83,0.11,0.0331454
0.83,0.12,0.0320425
0.83,0.13,0.0322678
0.83,0.14,0.0324155
0.83,0.15,0.0330503
0.83,0.16,0.0353479
0.83,0.17,0.0334848
0.83,0.18,0.0353349
0.83,0.19,0.033046
0.83,0.2,0.031952
0.83,0.21,0.0322105
0.83,0.22,0.0350597
0.83,0.23,0.0317304
0.83,0.24,0.0328332
0.83,0.25,0.0336886
0.83,0.26,0.0307433
0.83,0.27,0.0341124
0.83,0.28,0.0341175
0.83,0.29,0.0336267
0.83,0.3,0.0338956
0.83,0.31,0.0330683
0.83,0.32,0.0340202
0.83,0.33,0.0322402
0.83,0.34,0.0329508
0.83,0.35,0.0347292
0.83,0.36,0.0340442
0.83,0.37,0.0337061
0.83,0.38,0.0320549
0.83,0.39,0.0331827
0.83,0.4,0.0328933
0.83,0.41,0.0346784
0.83,0.42,0.0314868
0.83,0.43,0.0326578
0.83,0.44,0.0331724
0.83,0.45,0.0350541
0.83,0.46,0.030521
0.83,0.47,0.0319065
0.83,0.48,0.0348974
0.83,0.49,0.0322742
0.83,0.5,0.0320628
0.83,0.51,0.0332397
0.83,0.52,0.0322523
0.83,0.53,0.0327918
0.83,0.54,0.0314243
0.83,0.55,0.0343356
0.83,0.56,0.033159
0.83,0.57,0.0327973
0.83,0.58,0.0316607
0.83,0.59,0.0331439
0.83,0.6,0.0322224
0.83,0.61,0.0335688
0.83,0.62,0.0314854
0.83,0.63,0.0325991
0.83,0.64,0.0323418
0.83,0.65,0.03265
0.83,0.66,0.0349805
0.83,0.67,0.0326453
0.83,0.68,0.0322768
0.83,0.69,0.0311055
0.83,0.7,0.0297101
0.83,0.71,0.0291439
0.83,0.72,0.0251556
0.83,0.73,0.0271193
0.83,0.74,0.0247335
0.83,0.75,0.0238629
0.83,0.76,0.020543
0.83,0.77,0.0176601
0.83,0.78,0.0169436
0.84,0,0.0169293
0.84,0.01,0.0172468
0.84,0.02,0.0205895
0.84,0.03,0.0228054
0.84,0.04,0.0233802
0.84,0.05,0.025442
0.84,0.06,0.0291421
0.84,0.07,0.0307021
0.84,0.08,0.0314033
0.84,0.09,0.0321278
0.84,0.1,0.0323878
0.84,0.11,0.0333982
0.84,0.12,0.034041
0.84,0.13,0.0320433
0.84,0.14,0.0342883
0.84,0.15,0.0324804
0.84,0.16,0.0340836
0.84,0.17,0.0327631
0.84,0.18,0.0330249
0.84,0.19,0.0322841
0.84,0.2,0.0323548
0.84,0.21,0.0334753
0.84,0.22,0.032607
0.84,0.23,0.0352467
0.84,0.24,0.0322368
0.84,0.25,0.0320647
0.84,0.26,0.0309107
0.84,0.27,0.0337163
0.84,0.28,0.0325269
0.84,0.29,0.0332266
0.84,0.3,0.0331465
0.84,0.31,0.0338202
0.84,0.32,0.0338104
0.84,0.33,0.0347603
0.84,0.34,0.0330012
0.84,0.35,0.0332021
0.84,0.36,0.0334572
0.84,0.37,0.0329016
0.84,0.38,0.0342438
0.84,0.39,0.0310076
0.84,0.4,0.0304546
0.84,0.41,0.0355361
0.84,0.42,0.032632
0.84,0.43,0.0328857
0.84,0.44,0.0339006
0.84,0.45,0.030718
0.84,0.46,0.0329762
0.84,0.47,0.034624
0.84,0.48,0.0345719
0.84,0.49,0.0344567
0.84,0.5,0.0336779
0.84,0.51,0.0309447
0.84,0.52,0.0331403
0.84,0.53,0.0340121
0.84,0.54,0.0345388
0.84,0.55,0.0338672
0.84,0.56,0.0330991
0.84,0.57,0.0331469
0.84,0.58,0.0326983
0.84,0.59,0.0316568
0.84,0.6,0.0314125
0.84,0.61,0.0305343
0.84,0.62,0.0326745
0.84,0.63,0.0342538
0.84,0.64,0.0343287
0.84,0.65,0.0326135
0.84,0.66,0.0345494
0.84,0.67,0.0315297
0.84,0.68,0.0332401
0.84,0.69,0.0327632
0.84,0.7,0.0286715
0.84,0.71,0.0306089
0.84,0.72,0.0295594
0.84,0.73,0.0276642
0.84,0.74,0.0255096
0.84,0.75,0.0232583
0.84,0.76,0.0214286
0.84,0.77,0.0189316
0.84,0.78,0.016332
0.85,0,0.0180313
0.85,0.01,0.0180848
0.85,0.02,0.0214842
0.85,0.03,0.0236882
0.85,0.04,0.0267969
0.85,0.05,0.0272478
0.85,0.06,0.0267152
0.85,0.07,0.0290302
0.85,0.08,0.0303402
0.85,0.09,0.0334795
0.85,0.1,0.030767
0.85,0.11,0.0333216
0.85,0.12,0.0310018
0.85,0.13,0.0318954
0.85,0.14,0.0313977
0.85,0.15,0.0332458
0.85,0.16,0.0312832
0.85,0.17,0.0343193
0.85,0.18,0.0325111
0.85,0.19,0.0305404
0.85,0.2,0.0336429
0.85,0.21,0.0324415
0.85,0.22,0.0336802
0.85,0.23,0.0334566
0.85,0.24,0.0331047
0.85,0.25,0.0328206
0.85,0.26,0.0322554
0.85,0.27,0.0343155
0.85,0.28,0.0332795
0.85,0.29,0.0325821
0.85,0.3,0.0329724
0.85,0.31,0.0302058
0.85,0.32,0.0350139
0.85,0.33,0.0332702
0.85,0.34,0.033989
0.85,0.35,0.0332279
0.85,0.36,0.0338851
0.85,0.37,0.0345112
0.85,0.38,0.032916
0.85,0.39,0.0337289
0.85,0.4,0.0329541
0.85,0.41,0.032786
0.85,0.42,0.0325741
0.85,0.43,0.0339638
0.85,0.44,0.0308864
0.85,0.45,0.0327916
0.85,0.46,0.032372
0.85,0.47,0.0355773
0.85,0.48,0.0332302
0.85,0.49,0.0319162
0.85,0.5,0.0323481
0.85,0.51,0.0322479
0.85,0.52,0.0340571
0.85,0.53,0.034685
0.85,0.54,0.0332605
0.85,0.55,0.0349484
0.85,0.56,0.0339867
0.85,0.57,0.0321263
0.85,0.58,0.0329477
0.85,0.59,0.031998
0.85,0.6,0.0308418
0.85,0.61,0.0308453
0.85,0.62,0.0325744
0.85,0.63,0.0336968
0.85,0.64,0.0330714
0.85,0.65,0.0336332
0.85,0.66,0.0328215
0.85,0.67,0.0329976
0.85,0.68,0.0314834
0.85,0.69,0.0322225
0.85,0.7,0.0321069
0.85,0.71,0.0310447
0.85,0.72,0.0288239
0.85,0.73,0.0255454
0.85,0.74,0.0223675
0.85,0.75,0.0223566
0.85,0.76,0.0202809
0.85,0.77,0.0191062
0.85,0.78,0.0171002
0.86,0,0.0176895
0.86,0.01,0.0179654
0.86,0.02,0.0220182
0.86,0.03,0.0238185
0.86,0.04,0.0249542
0.86,0.05,0.0251362
0.86,0.06,0.0263571
0.86,0.07,0.0285184
0.86,0.08,0.0307938
0.86,0.09,0.0311848
0.86,0.1,0.0311073
0.86,0.11,0.0329496
0.86,0.12,0.032078
0.86,0.13,0.0351653
0.86,0.14,0.032735
0.86,0.15,0.0339849
0.86,0.16,0.033509
0.86,0.17,0.0333826
0.86,0.18,0.0315141
0.86,0.19,0.0333711
0.86,0.2,0.0340312
0.86,0.21,0.0356551
0.86,0.22,0.0309576
0.86,0.23,0.0313138
0.86,0.24,0.0331518
0.86,0.25,0.0338457
0.86,0.26,0.0326663
0.86,0.27,0.0321383
0.86,0.28,0.034658
0.86,0.29,0.0346472
0.86,0.3,0.0326787
0.86,0.31,0.0339918
0.86,0.32,0.0327613
0.86,0.33,0.0317409
0.86,0.34,0.0318106
0.86,0.35,0.0338082
0.86,0.36,0.0317658
0.86,0.37,0.0359596
0.86,0.38,0.0338911
0.86,0.39,0.0320749
0.86,0.4,0.0328474
0.86,0.41,0.0329762
0.86,0.42,0.0340467
0.86,0.43,0.0342465
0.86,0.44,0.0326469
0.86,0.45,0.0324891
0.86,0.46,0.0353081
0.86,0.47,0.0310288
0.86,0.48,0.0357658
0.86,0.49,0.0326376
0.86,0.5,0.0339323
0.86,0.51,0.0323899
0.86,0.52,0.0332443
0.86,0.53,0.0306893
0.86,0.54,0.0314802
0.86,0.55,0.0339782
0.86,0.56,0.0332125
0.86,0.57,0.0333098
0.86,0.58,0.0324382
0.86,0.59,0.03176
0.86,0.6,0.0318687
0.86,0.61,0.0316804
0.86,0.62,0.0327928
0.86,0.63,0.0324732
0.86,0.64,0.0325236
0.86,0.65,0.0339222
0.86,0.66,0.0319347
0.86,0.67,0.033445
0.86,0.68,0.0332741
0.86,0.69,0.0303912
0.86,0.7,0.0322915
0.86,0.71,0.0285198
0.86,0.72,0.028378
0.86,0.73,0.0281592
0.86,0.74,0.0259312
0.86,0.75,0.0224639
0.86,0.76,0.019518
0.86,0.77,0.0176557
0.86,0.78,0.0174315
0.87,0,0.0162077
0.87,0.01,0.0187028
0.87,0.02,0.0212141
0.87,0.03,0.0222303
0.87,0.04,0.0233112
0.87,0.05,0.0260164
0.87,0.06,0.0285765
0.87,0.07,0.0297845
0.87,0.08,0.0302291
0.87,0.09,0.0322503
0.87,0.1,0.0322652
0.87,0.11,0.0313092
0.87,0.12,0.0331471
0.87,0.13,0.0340093
0.87,0.14,0.0316764
0.87,0.15,0.0330777
0.87,0.16,0.0328976
0.87,0.17,0.033792
0.87,0.18,0.0326501
0.87,0.19,0.0322107
0.87,0.2,0.0327119
0.87,0.21,0.0328922
0.87,0.22,0.0337025
0.87,0.23,0.0335649
0.87,0.24,0.0346817
0.87,0.25,0.0332952
0.87,0.26,0.0315132
0.87,0.27,0.0338548
0.87,0.28,0.0357932
0.87,0.29,0.0336553
0.87,0.3,0.0321338
0.87,0.31,0.0331741
0.87,0.32,0.0325092
0.87,0.33,0.0340212
0.87,0.34,0.0314422
0.87,0.35,0.0317305
0.87,0.36,0.0337374
0.87,0.37,0.0316802
0.87,0.38,0.0333689
0.87,0.39,0.0326492
0.87,0.4,0.0338824
0.87,0.41,0.0340972
0.87,0.42,0.0317412
0.87,0.43,0.0315592
0.87,0.44,0.0311122
0.87,0.45,0.031719
0.87,0.46,0.0359274
0.87,0.47,0.0323354
0.87,0.48,0.0331424
0.87,0.49,0.034603
0.87,0.5,0.0356512
0.87,0.51,0.0335268
0.87,0.52,0.030954
0.87,0.53,0.0340662
0.87,0.54,0.0330217
0.87,0.55,0.0349404
0.87,0.56,0.0334611
0.87,0.57,0.0321931
0.87,0.58,0.0312228
0.87,0.59,0.0315993
0.87,0.6,0.0330421
0.87,0.61,0.0335483
0.87,0.62,0.0341384
0.87,0.63,0.0324217
0.87,0.64,0.0331333
0.87,0.65,0.0358757
0.87,0.66,0.0331447
0.87,0.67,0.0325513
0.87,0.68,0.0294228
0.87,0.69,0.0308287
0.87,0.7,0.0295057
0.87,0.71,0.0311931
0.87,0.72,0.0317051
0.87,0.73,0.0279576
0.87,0.74,0.0257602
0.87,0.75,0.0231142
0.87,0.76,0.0187923
0.87,0.77,0.0200196
0.87,0.78,0.0167661
0.88,0,0.0174003
0.88,0.01,0.0188903
0.88,0.02,0.0205215
0.88,0.03,0.0227701
0.88,0.04,0.02487
0.88,0.05,0.0273779
0.88,0.06,0.0269142
0.88,0.07,0.0279371
0.88,0.08,0.0320328
0.88,0.09,0.0305342
0.88,0.1,0.0324543
0.88,0.11,0.0357045
0.88,0.12,0.0321495
0.88,0.13,0.0343618
0.88,0.14,0.0338112
0.88,0.15,0.0335505
0.88,0.16,0.0326081
0.88,0.17,0.0320381
0.88,0.18,0.0312739
0.88,0.19,0.0337348
0.88,0.2,0.0330661
0.88,0.21,0.0347099
0.88,0.22,0.0323148
0.88,0.23,0.0327422
0.88,0.24,0.0337114
0.88,0.25,0.0332723
0.88,0.26,0.0348606
0.88,0.27,0.0339114
0.88,0.28,0.0329389
0.88,0.29,0.0313387
0.88,0.3,0.0331583
0.88,0.31,0.030389
0.88,0.32,0.0326739
0.88,0.33,0.0351087
0.88,0.34,0.0317695
0.88,0.35,0.0338393
0.88,0.36,0.0345771
0.88,0.37,0.0330264
0.88,0.38,0.0317165
0.88,0.39,0.0322062
0.88,0.4,0.0347446
0.88,0.41,0.0343563
0.88,0.42,0.0312596
0.88,0.43,0.035131
0.88,0.44,0.0316843
0.88,0.45,0.0302588
0.88,0.46,0.0315199
0.88,0.47,0.031733
0.88,0.48,0.0312493
0.88,0.49,0.0335139
0.88,0.5,0.0333106
0.88,0.51,0.0337758
0.88,0.52,0.0351111
0.88,0.53,0.0351874
0.88,0.54,0.0344216
0.88,0.55,0.0340265
0.88,0.56,0.0316815
0.88,0.57,0.0352252
0.88,0.58,0.0317774
0.88,0.59,0.0344721
0.88,0.6,0.0322944
0.88,0.61,0.0320638
0.88,0.62,0.0330985
0.88,0.63,0.0338879
0.88,0.64,0.0319122
0.88,0.65,0.0345971
0.88,0.66,0.0317425
0.88,0.67,0.0325155
0.88,0.68,0.0328252
0.88,0.69,0.0317669
0.88,0.7,0.0316611
0.88,0.71,0.0306773
0.88,0.72,0.0268346
0.88,0.73,0.0264838
0.88,0.74,0.0269454
0.88,0.75,0.0215047
0.88,0.76,0.0228416
0.88,0.77,0.0204077
0.88,0.78,0.0159431
0.89,0,0.0173679
0.89,0.01,0.0175883
0.89,0.02,0.0197751
0.89,0.03,0.0218098
0.89,0.04,0.0251156
0.89,0.05,0.0267461
0.89,0.06,0.030034
0.89,0.07,0.0284184
0.89,0.08,0.0314777
0.89,0.09,0.0328778
0.89,0.1,0.0323648
0.89,0.11,0.0344731
0.89,0.12,0.0328751
0.89,0.13,0.0337858
0.89,0.14,0.0336902
0.89,0.15,0.0324612
0.89,0.16,0.0331182
0.89,0.17,0.0313829
0.89,0.18,0.0364948
0.89,0.19,0.0328164
0.89,0.2,0.0323721
0.89,0.21,0.034993
0.89,0.22,0.0353712
0.89,0.23,0.0318309
0.89,0.24,0.0334637
0.89,0.25,0.0336159
0.89,0.26,0.0343235
0.89,0.27,0.0315974
0.89,0.28,0.0339459
0.89,0.29,0.0324692
0.89,0.3,0.0326218
0.89,0.31,0.0323394
0.89,0.32,0.0324699
0.89,0.33,0.0327522
0.89,0.34,0.032144
0.89,0.35,0.0333613
0.89,0.36,0.0321053
0.89,0.37,0.0311803
0.89,0.38,0.0344867
0.89,0.39,0.0341731
0.89,0.4,0.0318682
0.89,0.41,0.0325159
0.89,0.42,0.0322279
0.89,0.43,0.0356082
0.89,0.44,0.0322509
0.89,0.45,0.033703
0.89,0.46,0.033142
0.89,0.47,0.0308354
0.89,0.48,0.0343267
0.89,0.49,0.0313275
0.89,0.5,0.0332634
0.89,0.51,0.0326619
0.89,0.52,0.029517
0.89,0.53,0.0333691
0.89,0.54,0.0342056
0.89,0.55,0.0340154
0.89,0.56,0.0310477
0.89,0.57,0.0284449
0.89,0.58,0.0323298
0.89,0.59,0.0326543
0.89,0.6,0.034126
0.89,0.61,0.0330289
0.89,0.62,0.0332313
0.89,0.63,0.0324343
0.89,0.64,0.0337069
0.89,0.65,0.0308419
0.89,0.66,0.0336285
0.89,0.67,0.0318023
0.89,0.68,0.0343521
0.89,0.69,0.0323826
0.89,0.7,0.0303124
0.89,0.71,0.0274066
0.89,0.72,0.0290609
0.89,0.73,0.0269327
0.89,0.74,0.0260324
0.89,0.75,0.0233437
0.89,0.76,0.0220715
0.89,0.77,0.0201721
0.89,0.78,0.0158899
0.9,0,0.0154225
0.9,0.01,0.0191587
0.9,0.02,0.021673
0.9,0.03,0.0226353
0.9,0.04,0.0245253
0.9,0.05,0.0260358
0.9,0.06,0.0288509
0.9,0.07,0.0295436
0.9,0.08,0.0289787
0.9,0.09,0.0313621
0.9,0.1,0.0318377
0.9,0.11,0.0341464
0.9,0.12,0.0328911
0.9,0.13,0.0343079
0.9,0.14,0.0313824
0.9,0.15,0.0328942
0.9,0.16,0.0309357
0.9,0.17,0.0318507
0.9,0.18,0.0332605
0.9,0.19,0.0319956
0.9,0.2,0.0308721
0.9,0.21,0.0323573
0.9,0.22,0.0315334
0.9,0.23,0.0318326
0.9,0.24,0.0327032
0.9,0.25,0.032482
0.9,0.26,0.0304043
0.9,0.27,0.0314613
0.9,0.28,0.0304921
0.9,0.29,0.0325099
0.9,0.3,0.0334895
0.9,0.31,0.0345086
0.9,0.32,0.0318384
0.9,0.33,0.0319651
0.9,0.34,0.0314072
0.9,0.35,0.0333338
0.9,0.36,0.032702
0.9,0.37,0.0322215
0.9,0.38,0.0324316
0.9,0.39,0.0355299
0.9,0.4,0.0319874
0.9,0.41,0.0338227
0.9,0.42,0.0328908
0.9,0.43,0.0333981
0.9,0.44,0.0333857
0.9,0.45,0.0317567
0.9,0.46,0.0309432
0.9,0.47,0.0330231
0.9,0.48,0.0330445
0.9,0.49,0.0330017
0.9,0.5,0.0325348
0.9,0.51,0.0319987
0.9,0.52,0.0330729
0.9,0.53,0.0334088
0.9,0.54,0.0312365
0.9,0.55,0.0333499
0.9,0.56,0.0322543
0.9,0.57,0.0304192
0.9,0.58,0.0325255
0.9,0.59,0.0331994
0.9,0.6,0.0310998
0.9,0.61,0.0333912
0.9,0.62,0.0332688
0.9,0.63,0.0332442
0.9,0.64,0.0307091
0.9,0.65,0.0318666
0.9,0.66,0.031365
0.9,0.67,0.0304224
0.9,0.68,0.0318604
0.9,0.69,0.0299318
0.9,0.7,0.0316866
0.9,0.71,0.0296341
0.9,0.72,0.0278987
0.9,0.73,0.0273466
0.9,0.74,0.0249286
0.9,0.75,0.0235513
0.9,0.76,0.0195348
0.9,0.77,0.0175177
0.9,0.78,0.0176233
0.91,0,0.0156485
0.91,0.01,0.0189487
0.91,0.02,0.0209004
0.91,0.03,0.0212071
0.91,0.04,0.0236011
0.91,0.05,0.0259474
0.91,0.06,0.0278979
0.91,0.07,0.0278171
0.91,0.08,0.0310248
0.91,0.09,0.0316964
0.91,0.1,0.0306526
0.91,0.11,0.0337645
0.91,0.12,0.0334899
0.91,0.13,0.0341671
0.91,0.14,0.0307934
0.91,0.15,0.0300868
0.91,0.16,0.0320975
0.91,0.17,0.0297763
0.91,0.18,0.0334317
0.91,0.19,0.0332266
0.91,0.2,0.0315687
0.91,0.21,0.0335984
0.91,0.22,0.0332601
0.91,0.23,0.0325311
0.91,0.24,0.0329247
0.91,0.25,0.0311294
0.91,0.26,0.0328862
0.91,0.27,0.0339185
0.91,0.28,0.032654
0.91,0.29,0.0314726
0.91,0.3,0.0323536
0.91,0.31,0.0339412
0.91,0.32,0.0338536
0.91,0.33,0.0328636
0.91,0.34,0.0314511
0.91,0.35,0.0330839
0.91,0.36,0.0340168
0.91,0.37,0.0326498
0.91,0.38,0.0326968
0.91,0.39,0.0322655
0.91,0.4,0.032249
0.91,0.41,0.0326661
0.91,0.42,0.0311072
0.91,0.43,0.0328181
0.91,0.44,0.0315842
0.91,0.45,0.03256
0.91,0.46,0.031668
0.91,0.47,0.0328029
0.91,0.48,0.0320149
0.91,0.49,0.0335974
0.91,0.5,0.0323275
0.91,0.51,0.031952
0.91,0.52,0.0325624
0.91,0.53,0.0325344
0.91,0.54,0.0329166
0.91,0.55,0.0323004
0.91,0.56,0.0321785
0.91,0.57,0.032867
0.91,0.58,0.0323076
0.91,0.59,0.0329964
0.91,0.6,0.0334
0.91,0.61,0.0319189
0.91,0.62,0.0317618
0.91,0.63,0.0353818
0.91,0.64,0.0320669
0.91,0.65,0.0316627
0.91,0.66,0.0343802
0.91,0.67,0.0331178
0.91,0.68,0.0339034
0.91,0.69,0.0300318
0.91,0.7,0.0325911
0.91,0.71,0.0293088
0.91,0.72,0.0261684
0.91,0.73,0.0277027
0.91,0.74,0.0256229
0.91,0.75,0.0207247
0.91,0.76,0.0215677
0.91,0.77,0.0206908
0.91,0.78,0.0164392
0.92,0,0.0163382
0.92,0.01,0.0175599
0.92,0.02,0.0201413
0.92,0.03,0.0217352
0.92,0.04,0.0245505
0.92,0.05,0.0266369
0.92,0.06,0.0278942
0.92,0.07,0.029635
0.92,0.08,0.0291744
0.92,0.09,0.0300935
0.92,0.1,0.028986
0.92,0.11,0.0321916
0.92,0.12,0.0316361
0.92,0.13,0.0320735
0.92,0.14,0.0324507
0.92,0.15,0.030964
0.92,0.16,0.0296668
0.92,0.17,0.0315041
0.92,0.18,0.0294411
0.92,0.19,0.0314388
0.92,0.2,0.0320367
0.92,0.21,0.0315445
0.92,0.22,0.0300946
0.92,0.23,0.0325969
0.92,0.24,0.0314525
0.92,0.25,0.0328504
0.92,0.26,0.0332823
0.92,0.27,0.0312014
0.92,0.28,0.0316626
0.92,0.29,0.0312858
0.92,0.3,0.031216
0.92,0.31,0.0316197
0.92,0.32,0.0313858
0.92,0.33,0.0307898
0.92,0.34,0.0314583
0.92,0.35,0.0330971
0.92,0.36,0.0313503
0.92,0.37,0.0330197
0.92,0.38,0.031813
0.92,0.39,0.0315921
0.92,0.4,0.0326604
0.92,0.41,0.0306687
0.92,0.42,0.0296179
0.92,0.43,0.0338934
0.92,0.44,0.033175
0.92,0.45,0.0315593
0.92,0.46,0.0312053
0.92,0.47,0.0294812
0.92,0.48,0.0318475
0.92,0.49,0.0315448
0.92,0.5,0.0319121
0.92,0.51,0.029516
0.92,0.52,0.0322196
0.92,0.53,0.0320448
0.92,0.54,0.0307334
0.92,0.55,0.0308775
0.92,0.56,0.0327198
0.92,0.57,0.0335233
0.92,0.58,0.0304892
0.92,0.59,0.0310272
0.92,0.6,0.0317741
0.92,0.61,0.0335252
0.92,0.62,0.0323437
0.92,0.63,0.0313701
0.92,0.64,0.0307736
0.92,0.65,0.0310584
0.92,0.66,0.0320476
0.92,0.67,0.0306564
0.92,0.68,0.0330356
0.92,0.69,0.032332
0.92,0.7,0.0285012
0.92,0.71,0.0317168
0.92,0.72,0.0290649
0.92,0.73,0.0266054
0.92,0.74,0.0246863
0.92,0.75,0.0208274
0.92,0.76,0.0209808
0.92,0.77,0.0197401
0.92,0.78,0.0166128
0.93,0,0.0159931
0.93,0.01,0.0171796
0.93,0.02,0.0206024
0.93,0.03,0.0196182
0.93,0.04,0.0202895
0.93,0.05,0.0260905
0.93,0.06,0.0281257
0.93,0.07,0.0286096
0.93,0.08,0.0292361
0.93,0.09,0.0303552
0.93,0.1,0.0310868
0.93,0.11,0.0301895
0.93,0.12,0.0296836
0.93,0.13,0.0325018
0.93,0.14,0.0330075
0.93,0.15,0.0321987
0.93,0.16,0.0292651
0.93,0.17,0.0295935
0.93,0.18,0.0294333
0.93,0.19,0.0304364
0.93,0.2,0.0308397
0.93,0.21,0.031022
0.93,0.22,0.0306981
0.93,0.23,0.0308
0.93,0.24,0.0311233
0.93,0.25,0.0307113
0.93,0.26,0.0310609
0.93,0.27,0.0318586
0.93,0.28,0.0323026
0.93,0.29,0.0317697
0.93,0.3,0.0318294
0.93,0.31,0.0297482
0.93,0.32,0.0325367
0.93,0.33,0.0320071
0.93,0.34,0.0310895
0.93,0.35,0.0305276
0.93,0.36,0.0319232
0.93,0.37,0.0325056
0.93,0.38,0.0310557
0.93,0.39,0.0317637
0.93,0.4,0.0313338
0.93,0.41,0.0302931
0.93,0.42,0.029213
0.93,0.43,0.0307191
0.93,0.44,0.0314814
0.93,0.45,0.0308535
0.93,0.46,0.0294303
0.93,0.47,0.0313046
0.93,0.48,0.0291365
0.93,0.49,0.0315264
0.93,0.5,0.0310128
0.93,0.51,0.0315151
0.93,0.52,0.0304339
0.93,0.53,0.0307725
0.93,0.54,0.029688
0.93,0.55,0.0319959
0.93,0.56,0.0306334
0.93,0.57,0.0302998
0.93,0.58,0.0297906
0.93,0.59,0.0316208
0.93,0.6,0.0293387
0.93,0.61,0.0294701
0.93,0.62,0.0321913
0.93,0.63,0.0316396
0.93,0.64,0.0304837
0.93,0.65,0.0310605
0.93,0.66,0.0311612
0.93,0.67,0.0309943
0.93,0.68,0.0291171
0.93,0.69,0.0312683
0.93,0.7,0.0298281
0.93,0.71,0.0299551
0.93,0.72,0.0261234
0.93,0.73,0.025953
0.93,0.74,0.0243699
0.93,0.75,0.0233192
0.93,0.76,0.0202351
0.93,0.77,0.0186058
0.93,0.78,0.0177839
0.94,0,0.0140744
0.94,0.01,0.0160381
0.94,0.02,0.0164248
0.94,0.03,0.0203027
0.94,0.04,0.022596
0.94,0.05,0.0245221
0.94,0.06,0.0245959
0.94,0.07,0.0256956
0.94,0.08,0.0285346
0.94,0.09,0.0284171
0.94,0.1,0.0274386
0.94,0.11,0.029164
0.94,0.12,0.0283363
0.94,0.13,0.0281038
0.94,0.14,0.0293511
0.94,0.15,0.0285485
0.94,0.16,0.0269078
0.94,0.17,0.0304529
0.94,0.18,0.0270786
0.94,0.19,0.0286418
0.94,0.2,0.0312157
0.94,0.21,0.0296996
0.94,0.22,0.0308113
0.94,0.23,0.0302925
0.94,0.24,0.0289588
0.94,0.25,0.02925
0.94,0.26,0.0275059
0.94,0.27,0.0322168
0.94,0.28,0.0288874
0.94,0.29,0.0313006
0.94,0.3,0.0302432
0.94,0.31,0.029667
0.94,0.32,0.0299823
0.94,0.33,0.029374
0.94,0.34,0.0313444
0.94,0.35,0.0294307
0.94,0.36,0.0284891
0.94,0.37,0.0271485
0.94,0.38,0.0307048
0.94,0.39,0.0281017
0.94,0.4,0.0283139
0.94,0.41,0.0291543
0.94,0.42,0.0266297
0.94,0.43,0.0288649
0.94,0.44,0.0308234
0.94,0.45,0.0298111
0.94,0.46,0.0296105
0.94,0.47,0.0295348
0.94,0.48,0.02978
0.94,0.49,0.0306664
0.94,0.5,0.0309823
0.94,0.51,0.0292847
0.94,0.52,0.0308662
0.94,0.53,0.0303966
0.94,0.54,0.0308087
0.94,0.55,0.0286247
0.94,0.56,0.0296058
0.94,0.57,0.0298681
0.94,0.58,0.0288052
0.94,0.59,0.0301769
0.94,0.6,0.0298207
0.94,0.61,0.0266084
0.94,0.62,0.0290665
0.94,0.63,0.0290588
0.94,0.64,0.0298328
0.94,0.65,0.0303567
0.94,0.66,0.030352
0.94,0.67,0.0272656
0.94,0.68,0.0262641
0.94,0.69,0.0255167
0.94,0.7,0.0286703
0.94,0.71,0.0277451
0.94,0.72,0.0278284
0.94,0.73,0.0248486
0.94,0.74,0.0255815
0.94,0.75,0.0191135
0.94,0.76,0.0196533
0.94,0.77,0.0177396
0.94,0.78,0.0149791
0.95,0,0.0149356
0.95,0.01,0.0150185
0.95,0.02,0.0188948
0.95,0.03,0.0174219
0.95,0.04,0.0203227
0.95,0.05,0.021449
0.95,0.06,0.0233842
0.95,0.07,0.0250769
0.95,0.08,0.0245497
0.95,0.09,0.0275811
0.95,0.1,0.0260479
0.95,0.11,0.0282041
0.95,0.12,0.0285765
0.95,0.13,0.0261692
0.95,0.14,0.0291705
0.95,0.15,0.0288008
0.95,0.16,0.0283464
0.95,0.17,0.0267798
0.95,0.18,0.0263813
0.95,0.19,0.028484
0.95,0.2,0.0270496
0.95,0.21,0.0277398
0.95,0.22,0.0262329
0.95,0.23,0.028532
0.95,0.24,0.0280894
0.95,0.25,0.0274842
0.95,0.26,0.0264224
0.95,0.27,0.027281
0.95,0.28,0.0273277
0.95,0.29,0.0282983
0.95,0.3,0.0288387
0.95,0.31,0.0289287
0.95,0.32,0.0283417
0.95,0.33,0.0287101
0.95,0.34,0.0276113
0.95,0.35,0.0269969
0.95,0.36,0.0299637
0.95,0.37,0.0275614
0.95,0.38,0.0287143
0.95,0.39,0.0285588
0.95,0.4,0.0268814
0.95,0.41,0.0295214
0.95,0.42,0.0275988
0.95,0.43,0.0276723
0.95,0.44,0.027484
0.95,0.45,0.0275899
0.95,0.46,0.0253953
0.95,0.47,0.0274669
0.95,0.48,0.0269149
0.95,0.49,0.0265384
0.95,0.5,0.0270248
0.95,0.51,0.0310962
0.95,0.52,0.0268727
0.95,0.53,0.0298893
0.95,0.54,0.0272436
0.95,0.55,0.0257753
0.95,0.56,0.0278119
0.95,0.57,0.0261577
0.95,0.58,0.0256085
0.95,0.59,0.0265015
0.95,0.6,0.0265929
0.95,0.61,0.0284505
0.95,0.62,0.0267691
0.95,0.63,0.0267798
0.95,0.64,0.0263638
0.95,0.65,0.0281333
0.95,0.66,0.0269241
0.95,0.67,0.0267073
0.95,0.68,0.0290182
0.95,0.69,0.026891
0.95,0.7,0.0255116
0.95,0.71,0.0266545
0.95,0.72,0.0243347
0.95,0.73,0.0236623
0.95,0.74,0.0209939
0.95,0.75,0.0190087
0.95,0.76,0.0179001
0.95,0.77,0.0152961
0.95,0.78,0.014809
0.96,0,0.0120586
0.96,0.01,0.0130369
0.96,0.02,0.0150344
0.96,0.03,0.0180351
0.96,0.04,0.0190135
0.96,0.05,0.0190251
0.96,0.06,0.0230632
0.96,0.07,0.0231669
0.96,0.08,0.024782
0.96,0.09,0.0238134
0.96,0.1,0.0243942
0.96,0.11,0.0252888
0.96,0.12,0.0250941
0.96,0.13,0.0251856
0.96,0.14,0.0241048
0.96,0.15,0.0261169
0.96,0.16,0.0250466
0.96,0.17,0.026077
0.96,0.18,0.0273665
0.96,0.19,0.0244332
0.96,0.2,0.0264133
0.96,0.21,0.0243785
0.96,0.22,0.0265976
0.96,0.23,0.0272022
0.96,0.24,0.0255633
0.96,0.25,0.0241261
0.96,0.26,0.0246091
0.96,0.27,0.0248093
0.96,0.28,0.0259417
0.96,0.29,0.0268171
0.96,0.3,0.0263001
0.96,0.31,0.0242149
0.96,0.32,0.0273908
0.96,0.33,0.0247162
0.96,0.34,0.0242381
0.96,0.35,0.0247724
0.96,0.36,0.02614
0.96,0.37,0.0269913
0.96,0.38,0.0239495
0.96,0.39,0.0246417
0.96,0.4,0.0239317
0.96,0.41,0.0252877
0.96,0.42,0.0277868
0.96,0.43,0.0246671
0.96,0.44,0.0275366
0.96,0.45,0.0253818
0.96,0.46,0.0243475
0.96,0.47,0.0264958
0.96,0.48,0.0254314
0.96,0.49,0.0243394
0.96,0.5,0.0250832
0.96,0.51,0.0270556
0.96,0.52,0.0244506
0.96,0.53,0.0263046
0.96,0.54,0.025478
0.96,0.55,0.02501
0.96,0.56,0.0247002
0.96,0.57,0.0267219
0.96,0.58,0.0268691
0.96,0.59,0.0263417
0.96,0.6,0.0229428
0.96,0.61,0.0251429
0.96,0.62,0.0256496
0.96,0.63,0.0245983
0.96,0.64,0.0258689
0.96,0.65,0.0238476
0.96,0.66,0.0233008
0.96,0.67,0.0238219
0.96,0.68,0.0261429
0.96,0.69,0.0274607
0.96,0.7,0.027154
0.96,0.71,0.0247078
0.96,0.72,0.0232115
0.96,0.73,0.0215125
0.96,0.74,0.0200689
0.96,0.75,0.018973
0.96,0.76,0.0169355
0.96,0.77,0.015109
0.96,0.78,0.0147944
0.97,0,0.0104396
0.97,0.01,0.0123484
0.97,0.02,0.0141707
0.97,0.03,0.0155028
0.97,0.04,0.0173654
0.97,0.05,0.0192682
0.97,0.06,0.0187768
0.97,0.07,0.0224873
0.97,0.08,0.0219806
0.97,0.09,0.0219083
0.97,0.1,0.0233935
0.97,0.11,0.0232072
0.97,0.12,0.0245976
0.97,0.13,0.0221855
0.97,0.14,0.0247309
0.97,0.15,0.0236038
0.97,0.16,0.0229762
0.97,0.17,0.0234494
0.97,0.18,0.0220486
0.97,0.19,0.0230187
0.97,0.2,0.0249241
0.97,0.21,0.021828
0.97,0.22,0.0232334
0.97,0.23,0.0231057
0.97,0.24,0.0210626
0.97,0.25,0.0247366
0.97,0.26,0.0219303
0.97,0.27,0.0213588
0.97,0.28,0.0219098
0.97,0.29,0.0234108
0.97,0.3,0.0217098
0.97,0.31,0.0233061
0.97,0.32,0.0217685
0.97,0.33,0.0236406
0.97,0.34,0.0214495
0.97,0.35,0.0238665
0.97,0.36,0.0241247
0.97,0.37,0.0222809
0.97,0.38,0.0209454
0.97,0.39,0.0222897
0.97,0.4,0.0237681
0.97,0.41,0.0231676
0.97,0.42,0.0220054
0.97,0.43,0.0242187
0.97,0.44,0.0249537
0.97,0.45,0.0230128
0.97,0.46,0.023423
0.97,0.47,0.023508
0.97,0.48,0.023606
0.97,0.49,0.0227792
0.97,0.5,0.021576
0.97,0.51,0.02238
0.97,0.52,0.0230163
0.97,0.53,0.0231517
0.97,0.54,0.0216212
0.97,0.55,0.0230169
0.97,0.56,0.024653
0.97,0.57,0.0230623
0.97,0.58,0.02229
0.97,0.59,0.0228978
0.97,0.6,0.0249521
0.97,0.61,0.0253011
0.97,0.62,0.0228721
0.97,0.63,0.022047
0.97,0.64,0.0228765
0.97,0.65,0.0246845
0.97,0.66,0.0213931
0.97,0.67,0.0228953
0.97,0.68,0.0238265
0.97,0.69,0.0220424
0.97,0.7,0.0220228
0.97,0.71,0.0207695
0.97,0.72,0.0204541
0.97,0.73,0.0185194
0.97,0.74,0.01647
0.97,0.75,0.0155368
0.97,0.76,0.015159
0.97,0.77,0.0122478
0.97,0.78,0.0116057
0.98,0,0.00974675
0.98,0.01,0.01181
0.98,0.02,0.011776
0.98,0.03,0.0148039
0.98,0.04,0.0171632
0.98,0.05,0.0169061
0.98,0.06,0.0197567
0.98,0.07,0.018942
0.98,0.08,0.0197644
0.98,0.09,0.0196165
0.98,0.1,0.0206399
0.98,0.11,0.0192123
0.98,0.12,0.0196941
0.98,0.13,0.0199577
0.98,0.14,0.0210892
0.98,0.15,0.0206293
0.98,0.16,0.0219821
0.98,0.17,0.0197409
0.98,0.18,0.0197318
0.98,0.19,0.0209329
0.98,0.2,0.0200004
0.98,0.21,0.0213939
0.98,0.22,0.0202901
0.98,0.23,0.0189755
0.98,0.24,0.0205983
0.98,0.25,0.0209476
0.98,0.26,0.0217594
0.98,0.27,0.0205424
0.98,0.28,0.018858
0.98,0.29,0.0203622
0.98,0.3,0.020089
0.98,0.31,0.0209786
0.98,0.32,0.0197647
0.98,0.33,0.0212148
0.98,0.34,0.0196596
0.98,0.35,0.0191774
0.98,0.36,0.0203608
0.98,0.37,0.0195373
0.98,0.38,0.0207778
0.98,0.39,0.0204788
0.98,0.4,0.0219705
0.98,0.41,0.0211565
0.98,0.42,0.020779
0.98,0.43,0.020722
0.98,0.44,0.0205418
0.98,0.45,0.0227458
0.98,0.46,0.0215899
0.98,0.47,0.0218701
0.98,0.48,0.0197764
0.98,0.49,0.0191342
0.98,0.5,0.0209551
0.98,0.51,0.0200057
0.98,0.52,0.0210869
0.98,0.53,0.0200852
0.98,0.54,0.0212159
0.98,0.55,0.021227
0.98,0.56,0.0218247
0.98,0.57,0.0221699
0.98,0.58,0.0211479
0.98,0.59,0.0206105
0.98,0.6,0.0205424
0.98,0.61,0.0212211
0.98,0.62,0.0203707
0.98,0.63,0.0192329
0.98,0.64,0.0201662
0.98,0.65,0.0211884
0.98,0.66,0.0202452
0.98,0.67,0.0198357
0.98,0.68,0.0206115
0.98,0.69,0.0214972
0.98,0.7,0.0189436
0.98,0.71,0.0185076
0.98,0.72,0.0180954
0.98,0.73,0.0184425
0.98,0.74,0.0163538
0.98,0.75,0.0140542
0.98,0.76,0.0138851
0.98,0.77,0.0119408
0.98,0.78,0.0104276
0.99,0,0.00941876
0.99,0.01,0.0100307
0.99,0.02,0.00912678
0.99,0.03,0.0132969
0.99,0.04,0.0142442
0.99,0.05,0.0156171
0.99,0.06,0.0155629
0.99,0.07,0.0171698
0.99,0.08,0.0171155
0.99,0.09,0.0178214
0.99,0.1,0.0190757
0.99,0.11,0.0185129
0.99,0.12,0.0187136
0.99,0.13,0.0179535
0.99,0.14,0.0184159
0.99,0.15,0.0181026
0.99,0.16,0.0184806
0.99,0.17,0.0185261
0.99,0.18,0.0173274
0.99,0.19,0.0180607
0.99,0.2,0.0184969
0.99,0.21,0.0181403
0.99,0.22,0.019306
0.99,0.23,0.0196373
0.99,0.24,0.0172698
0.99,0.25,0.0173945
0.99,0.26,0.0188236
0.99,0.27,0.017565
0.99,0.28,0.0186035
0.99,0.29,0.0180828
0.99,0.3,0.0174018
0.99,0.31,0.0172933
0.99,0.32,0.0194328
0.99,0.33,0.0179029
0.99,0.34,0.0191716
0.99,0.35,0.0182029
0.99,0.36,0.0182447
0.99,0.37,0.0194363
0.99,0.38,0.0175383
0.99,0.39,0.0190188
0.99,0.4,0.0196553
0.99,0.41,0.0180066
0.99,0.42,0.017975
0.99,0.43,0.0183538
0.99,0.44,0.0182504
0.99,0.45,0.0187006
0.99,0.46,0.0200404
0.99,0.47,0.0170951
0.99,0.48,0.0187425
0.99,0.49,0.0181218
0.99,0.5,0.0186213
0.99,0.51,0.019443
0.99,0.52,0.0193399
0.99,0.53,0.0186254
0.99,0.54,0.0180184
0.99,0.55,0.0184198
0.99,0.56,0.0194081
0.99,0.57,0.0174818
0.99,0.58,0.0207042
0.99,0.59,0.0191351
0.99,0.6,0.0184419
0.99,0.61,0.0195004
0.99,0.62,0.0185287
0.99,0.63,0.0173074
0.99,0.64,0.0172519
0.99,0.65,0.0177501
0.99,0.66,0.0162883
0.99,0.67,0.017172
0.99,0.68,0.018331
0.99,0.69,0.0191918
0.99,0.7,0.0162765
0.99,0.71,0.017754
0.99,0.72,0.016876
0.99,0.73,0.0145638
0.99,0.74,0.0149692
0.99,0.75,0.012996
0.99,0.76,0.0119398
0.99,0.77,0.0101637
0.99,0.78,0.00824656
