r,theta,mass
0,0,0.00374796
0,0.01,0.00421295
0,0.02,0.00407437
0,0.03,0.00398761
0,0.04,0.00343923
0,0.05,0.00397365
0,0.06,0.00362853
0,0.07,0.00416928
0,0.08,0.00412915
0,0.09,0.00477878
0,0.1,0.00407816
0,0.11,0.00346664
0,0.12,0.00389949
0,0.13,0.00416588
0,0.14,0.00502697
0,0.15,0.00408261
0,0.16,0.00340084
0,0.17,0.0039503
0,0.18,0.00459275
0,0.19,0.00414672
0,0.2,0.00446855
0,0.21,0.0039793
0,0.22,0.00416928
0,0.23,0.0041508
0,0.24,0.00356472
0,0.25,0.00402962
0,0.26,0.00427044
0,0.27,0.00355469
0,0.28,0.00434611
0,0.29,0.00422203
0,0.3,0.00404489
0,0.31,0.00382289
0,0.32,0.00522423
0,0.33,0.00505405
0,0.34,0.00341076
0,0.35,0.00408264
0,0.36,0.00440066
0,0.37,0.00439518
0,0.38,0.00389074
0,0.39,0.00458615
0,0.4,0.00340595
0,0.41,0.00467726
0,0.42,0.0038298
0,0.43,0.00367934
0,0.44,0.00343713
0,0.45,0.0041565
0,0.46,0.00414232
0,0.47,0.00413018
0,0.48,0.00346543
0,0.49,0.0040986
0,0.5,0.00345446
0,0.51,0.00373325
0,0.52,0.00410894
0,0.53,0.00380969
0,0.54,0.0036446
0,0.55,0.00332804
0,0.56,0.00444339
0,0.57,0.0046085
0,0.58,0.00397394
0,0.59,0.00348184
0,0.6,0.00381107
0,0.61,0.00404986
0,0.62,0.0038903
0,0.63,0.00366541
0,0.64,0.00462509
0,0.65,0.0044587
0,0.66,0.00469669
0,0.67,0.00408439
0,0.68,0.00411989
0,0.69,0.00470466
0,0.7,0.00480647
0,0.71,0.00394939
0,0.72,0.00337422
0,0.73,0.00455616
0,0.74,0.00507963
0,0.75,0.00421257
0,0.76,0.00429924
0,0.77,0.00316494
0,0.78,0.00383192
0,0.79,0.00430192
0,0.8,0.00420786
0,0.81,0.00483185
0,0.82,0.00396103
0,0.83,0.00435463
0,0.84,0.00358996
0,0.85,0.00406266
0,0.86,0.00469758
0,0.87,0.0042086
0,0.88,0.0045263
0,0.89,0.00397804
0,0.9,0.00437402
0,0.91,0.00392264
0,0.92,0.00384844
0,0.93,0.00455665
0,0.94,0.00437638
0,0.95,0.0047917
0,0.96,0.00506005
0,0.97,0.00446253
0,0.98,0.00501906
0,0.99,0.00416751
0,1,0.0049311
0,1.01,0.00371526
0,1.02,0.00434166
0,1.03,0.00395229
0,1.04,0.00489456
0.01,0,0.00460514
0.01,0.01,0.004951
0.01,0.02,0.0043337
0.01,0.03,0.00454809
0.01,0.04,0.00526647
0.01,0.05,0.00559623
0.01,0.06,0.00488941
0.01,0.07,0.00485966
0.01,0.08,0.00522456
0.01,0.09,0.00495262
0.01,0.1,0.00455657
0.01,0.11,0.00504705
0.01,0.12,0.00425336
0.01,0.13,0.00488286
0.01,0.14,0.00433967
0.01,0.15,0.00413634
0.01,0.16,0.00486925
0.01,0.17,0.00457017
0.01,0.18,0.00469357
0.01,0.19,0.00466212
0.01,0.2,0.00496479
0.01,0.21,0.00511769
0.01,0.22,0.00531534
0.01,0.23,0.00462641
0.01,0.24,0.0042419
0.01,0.25,0.00431427
0.01,0.26,0.00439727
0.01,0.27,0.00472741
0.01,0.28,0.00408164
0.01,0.29,0.00455339
0.01,0.3,0.00492879
0.01,0.31,0.00505662
0.01,0.32,0.00576458
0.01,0.33,0.00450477
0.01,0.34,0.00464417
0.01,0.35,0.00553588
0.01,0.36,0.0051169
0.01,0.37,0.00520122
0.01,0.38,0.0053351
0.01,0.39,0.0047515
0.01,0.4,0.00496803
0.01,0.41,0.00436041
0.01,0.42,0.00466371
0.01,0.43,0.00473136
0.01,0.44,0.00519224
0.01,0.45,0.00451073
0.01,0.46,0.00509079
0.01,0.47,0.00512688
0.01,0.48,0.00501741
0.01,0.49,0.0051074
0.01,0.5,0.00485579
0.01,0.51,0.0055806
0.01,0.52,0.00441554
0.01,0.53,0.00526702
0.01,0.54,0.00511925
0.01,0.55,0.00479155
0.01,0.56,0.00500172
0.01,0.57,0.00480293
0.01,0.58,0.00465377
0.01,0.59,0.00471051
0.01,0.6,0.00521456
0.01,0.61,0.00470292
0.01,0.62,0.00495109
0.01,0.63,0.00548016
0.01,0.64,0.00476422
0.01,0.65,0.00525654
0.01,0.66,0.00459252
0.01,0.67,0.00583855
0.01,0.68,0.00518434
0.01,0.69,0.00572556
0.01,0.7,0.00541684
0.01,0.71,0.0052002
0.01,0.72,0.00436879
0.01,0.73,0.00384441
0.01,0.74,0.0050351
0.01,0.75,0.00515062
0.01,0.76,0.00465618
0.01,0.77,0.00467291
0.01,0.78,0.00457883
0.01,0.79,0.00504682
0.01,0.8,0.00588011
0.01,0.81,0.00503064
0.01,0.82,0.00466614
0.01,0.83,0.00510719
0.01,0.84,0.00436473
0.01,0.85,0.00522011
0.01,0.86,0.00481413
0.01,0.87,0.00363067
0.01,0.88,0.00403177
0.01,0.89,0.00436243
0.01,0.9,0.00466184
0.01,0.91,0.0047093
0.01,0.92,0.00539175
0.01,0.93,0.00480954
0.01,0.94,0.00494534
0.01,0.95,0.00431407
0.01,0.96,0.00486664
0.01,0.97,0.0051311
0.01,0.98,0.00410715
0.01,0.99,0.00482027
0.01,1,0.00520299
0.01,1.01,0.00515251
0.01,1.02,0.00431788
0.01,1.03,0.00498016
0.01,1.04,0.00500738
0.02,0,0.00546908
0.02,0.01,0.00652996
0.02,0.02,0.00525174
0.02,0.03,0.00540381
0.02,0.04,0.0040588
0.02,0.05,0.0053747
0.02,0.06,0.00540643
0.02,0.07,0.00503311
0.02,0.08,0.00614565
0.02,0.09,0.00537583
0.02,0.1,0.00522948
0.02,0.11,0.00567274
0.02,0.12,0.00509369
0.02,0.13,0.00597718
0.02,0.14,0.00644099
0.02,0.15,0.00481286
0.02,0.16,0.00556166
0.02,0.17,0.0055191
0.02,0.18,0.00610412
0.02,0.19,0.00601848
0.02,0.2,0.0049112
0.02,0.21,0.00615141
0.02,0.22,0.00530368
0.02,0.23,0.00609253
0.02,0.24,0.00502324
0.02,0.25,0.00531723
0.02,0.26,0.00592224
0.02,0.27,0.00525468
0.02,0.28,0.00551034
0.02,0.29,0.0069888
0.02,0.3,0.00546336
0.02,0.31,0.00572293
0.02,0.32,0.00500099
0.02,0.33,0.00604083
0.02,0.34,0.00549154
0.02,0.35,0.00548187
0.02,0.36,0.00680257
0.02,0.37,0.00546484
0.02,0.38,0.00498188
0.02,0.39,0.00616663
0.02,0.4,0.00529462
0.02,0.41,0.00562636
0.02,0.42,0.00581111
0.02,0.43,0.00557269
0.02,0.44,0.00614753
0.02,0.45,0.00586126
0.02,0.46,0.00550453
0.02,0.47,0.00465274
0.02,0.48,0.00495084
0.02,0.49,0.00479958
0.02,0.5,0.00580936
0.02,0.51,0.00542348
0.02,0.52,0.00546693
0.02,0.53,0.00475703
0.02,0.54,0.00604851
0.02,0.55,0.0052805
0.02,0.56,0.00571869
0.02,0.57,0.00488048
0.02,0.58,0.00554421
0.02,0.59,0.00642391
0.02,0.6,0.00684059
0.02,0.61,0.00528952
0.02,0.62,0.00547955
0.02,0.63,0.00595128
0.02,0.64,0.00615468
0.02,0.65,0.00555356
0.02,0.66,0.00683883
0.02,0.67,0.00497858
0.02,0.68,0.00495487
0.02,0.69,0.00536636
0.02,0.7,0.00622381
0.02,0.71,0.00546782
0.02,0.72,0.00634801
0.02,0.73,0.00621005
0.02,0.74,0.00568148
0.02,0.75,0.00579722
0.02,0.76,0.00621589
0.02,0.77,0.00553756
0.02,0.78,0.00530905
0.02,0.79,0.0057101
0.02,0.8,0.00504301
0.02,0.81,0.00589795
0.02,0.82,0.00503198
0.02,0.83,0.00498259
0.02,0.84,0.00607337
0.02,0.85,0.00579157
0.02,0.86,0.00538355
0.02,0.87,0.00650925
0.02,0.88,0.0050885
0.02,0.89,0.00614569
0.02,0.9,0.00645118
0.02,0.91,0.00589106
0.02,0.92,0.00593334
0.02,0.93,0.00567571
0.02,0.94,0.00542112
0.02,0.95,0.00607163
0.02,0.96,0.00543021
0.02,0.97,0.00562796
0.02,0.98,0.00524874
0.02,0.99,0.00604935
0.02,1,0.00581555
0.02,1.01,0.00625508
0.02,1.02,0.00511179
0.02,1.03,0.00547506
0.02,1.04,0.00516909
0.03,0,0.00573887
0.03,0.01,0.00622483
0.03,0.02,0.00592896
0.03,0.03,0.00687063
0.03,0.04,0.00534955
0.03,0.05,0.00604486
0.03,0.06,0.00725441
0.03,0.07,0.00695399
0.03,0.08,0.0062145
0.03,0.09,0.00664065
0.03,0.1,0.00720704
0.03,0.11,0.00668501
0.03,0.12,0.00629049
0.03,0.13,0.00572875
0.03,0.14,0.006695
0.03,0.15,0.00620391
0.03,0.16,0.00772665
0.03,0.17,0.00678158
0.03,0.18,0.00702291
0.03,0.19,0.00655994
0.03,0.2,0.00667632
0.03,0.21,0.00649671
0.03,0.22,0.00751052
0.03,0.23,0.00638011
0.03,0.24,0.00663998
0.03,0.25,0.00696023
0.03,0.26,0.00658798
0.03,0.27,0.00622921
0.03,0.28,0.00648023
0.03,0.29,0.00708645
0.03,0.3,0.00649242
0.03,0.31,0.00666282
0.03,0.32,0.00730255
0.03,0.33,0.00682608
0.03,0.34,0.00600388
0.03,0.35,0.00727036
0.03,0.36,0.00745436
0.03,0.37,0.00610333
0.03,0.38,0.00574309
0.03,0.39,0.00594551
0.03,0.4,0.00741164
0.03,0.41,0.00653289
0.03,0.42,0.00729242
0.03,0.43,0.00669548
0.03,0.44,0.0072148
0.03,0.45,0.00711524
0.03,0.46,0.0062744
0.03,0.47,0.00646806
0.03,0.48,0.00724261
0.03,0.49,0.00642981
0.03,0.5,0.00711035
0.03,0.51,0.0058334
0.03,0.52,0.00716334
0.03,0.53,0.00721978
0.03,0.54,0.0068821
0.03,0.55,0.00587329
0.03,0.56,0.00668933
0.03,0.57,0.00730256
0.03,0.58,0.00680293
0.03,0.59,0.00706344
0.03,0.6,0.00733073
0.03,0.61,0.00663744
0.03,0.62,0.0065725
0.03,0.63,0.00740062
0.03,0.64,0.00650738
0.03,0.65,0.00653579
0.03,0.66,0.00656265
0.03,0.67,0.00786474
0.03,0.68,0.00680697
0.03,0.69,0.00701145
0.03,0.7,0.00717937
0.03,0.71,0.0066652
0.03,0.72,0.00567576
0.03,0.73,0.00772254
0.03,0.74,0.00747022
0.03,0.75,0.00696981
0.03,0.76,0.00747091
0.03,0.77,0.00641223
0.03,0.78,0.00671268
0.03,0.79,0.00570062
0.03,0.8,0.00721134
0.03,0.81,0.00697859
0.03,0.82,0.00781365
0.03,0.83,0.00634379
0.03,0.84,0.006419
0.03,0.85,0.00667888
0.03,0.86,0.00667577
0.03,0.87,0.00667911
0.03,0.88,0.00675738
0.03,0.89,0.00754005
0.03,0.9,0.00679194
0.03,0.91,0.00603784
0.03,0.92,0.00613156
0.03,0.93,0.00606838
0.03,0.94,0.00696899
0.03,0.95,0.00741497
0.03,0.96,0.0062827
0.03,0.97,0.00610077
0.03,0.98,0.00582825
0.03,0.99,0.0073157
0.03,1,0.00674868
0.03,1.01,0.00649112
0.03,1.02,0.00629287
0.03,1.03,0.0067381
0.03,1.04,0.00665294
0.04,0,0.00760536
0.04,0.01,0.00755193
0.04,0.02,0.00671674
0.04,0.03,0.00671039
0.04,0.04,0.00662807
0.04,0.05,0.00841514
0.04,0.06,0.00679939
0.04,0.07,0.00713664
0.04,0.08,0.00666689
0.04,0.09,0.00734201
0.04,0.1,0.00704849
0.04,0.11,0.00810446
0.04,0.12,0.00718758
0.04,0.13,0.00778619
0.04,0.14,0.0071917
0.04,0.15,0.00785772
0.04,0.16,0.007813
0.04,0.17,0.00740643
0.04,0.18,0.00742292
0.04,0.19,0.0068785
0.04,0.2,0.00799411
0.04,0.21,0.00838304
0.04,0.22,0.0073577
0.04,0.23,0.00816703
0.04,0.24,0.00768684
0.04,0.25,0.00738086
0.04,0.26,0.00836922
0.04,0.27,0.00868209
0.04,0.28,0.00679402
0.04,0.29,0.00764139
0.04,0.3,0.00792704
0.04,0.31,0.00755127
0.04,0.32,0.00813985
0.04,0.33,0.00811707
0.04,0.34,0.00754588
0.04,0.35,0.00848396
0.04,0.36,0.00787571
0.04,0.37,0.00793817
0.04,0.38,0.00796884
0.04,0.39,0.00811062
0.04,0.4,0.00783305
0.04,0.41,0.00832122
0.04,0.42,0.00766074
0.04,0.43,0.00760866
0.04,0.44,0.00774555
0.04,0.45,0.00800525
0.04,0.46,0.00870259
0.04,0.47,0.00779873
0.04,0.48,0.00706996
0.04,0.49,0.00850444
0.04,0.5,0.00827553
0.04,0.51,0.00669881
0.04,0.52,0.00692725
0.04,0.53,0.00756634
0.04,0.54,0.0081625
0.04,0.55,0.0081244
0.04,0.56,0.00802266
0.04,0.57,0.00762404
0.04,0.58,0.0079087
0.04,0.59,0.00765539
0.04,0.6,0.00842818
0.04,0.61,0.00802971
0.04,0.62,0.00796486
0.04,0.63,0.00802848
0.04,0.64,0.00785987
0.04,0.65,0.00815796
0.04,0.66,0.00906517
0.04,0.67,0.00715078
0.04,0.68,0.00788452
0.04,0.69,0.00789333
0.04,0.7,0.00852863
0.04,0.71,0.00741739
0.04,0.72,0.00761731
0.04,0.73,0.00735594
0.04,0.74,0.00675362
0.04,0.75,0.00878823
0.04,0.76,0.00749282
0.04,0.77,0.00834815
0.04,0.78,0.00753978
0.04,0.79,0.00709331
0.04,0.8,0.00767267
0.04,0.81,0.00772531
0.04,0.82,0.0071789
0.04,0.83,0.00808822
0.04,0.84,0.00699797
0.04,0.85,0.00709295
0.04,0.86,0.00778663
0.04,0.87,0.00812883
0.04,0.88,0.00732081
0.04,0.89,0.00770749
0.04,0.9,0.00776444
0.04,0.91,0.00704409
0.04,0.92,0.00801392
0.04,0.93,0.00625068
0.04,0.94,0.00764697
0.04,0.95,0.0076914
0.04,0.96,0.00680462
0.04,0.97,0.00773531
0.04,0.98,0.00615684
0.04,0.99,0.00655381
0.04,1,0.00814698
0.04,1.01,0.006616
0.04,1.02,0.00723185
0.04,1.03,0.00834711
0.04,1.04,0.00724716
0.05,0,0.00876154
0.05,0.01,0.00796655
0.05,0.02,0.00765747
0.05,0.03,0.00932905
0.05,0.04,0.00910966
0.05,0.05,0.00738348
0.05,0.06,0.00870122
0.05,0.07,0.00843051
0.05,0.08,0.00938719
0.05,0.09,0.00827628
0.05,0.1,0.00854683
0.05,0.11,0.00890706
0.05,0.12,0.00816953
0.05,0.13,0.00945344
0.05,0.14,0.00780413
0.05,0.15,0.00943357
0.05,0.16,0.009088
0.05,0.17,0.0082505
0.05,0.18,0.0100498
0.05,0.19,0.00867373
0.05,0.2,0.00901209
0.05,0.21,0.00938711
0.05,0.22,0.0089522
0.05,0.23,0.00932486
0.05,0.24,0.00849231
0.05,0.25,0.00898006
0.05,0.26,0.00889501
0.05,0.27,0.0086014
0.05,0.28,0.00811223
0.05,0.29,0.00905879
0.05,0.3,0.00840745
0.05,0.31,0.00993817
0.05,0.32,0.00924849
0.05,0.33,0.0089103
0.05,0.34,0.00963703
0.05,0.35,0.00941015
0.05,0.36,0.00959543
0.05,0.37,0.0095318
0.05,0.38,0.0103198
0.05,0.39,0.00934753
0.05,0.4,0.00931158
0.05,0.41,0.00941297
0.05,0.42,0.0103253
0.05,0.43,0.00807013
0.05,0.44,0.00970536
0.05,0.45,0.0095145
0.05,0.46,0.00968401
0.05,0.47,0.0087781
0.05,0.48,0.0105101
0.05,0.49,0.00883274
0.05,0.5,0.00946007
0.05,0.51,0.00888999
0.05,0.52,0.0101519
0.05,0.53,0.00900013
0.05,0.54,0.00883782
0.05,0.55,0.00978475
0.05,0.56,0.00999358
0.05,0.57,0.00904614
0.05,0.58,0.00921636
0.05,0.59,0.00927846
0.05,0.6,0.00905372
0.05,0.61,0.00960024
0.05,0.62,0.00908249
0.05,0.63,0.0094204
0.05,0.64,0.00917913
0.05,0.65,0.00902383
0.05,0.66,0.00950192
0.05,0.67,0.0094005
0.05,0.68,0.00932478
0.05,0.69,0.00854433
0.05,0.7,0.00918159
0.05,0.71,0.00841152
0.05,0.72,0.00831807
0.05,0.73,0.00894005
0.05,0.74,0.00850288
0.05,0.75,0.00896823
0.05,0.76,0.00863712
0.05,0.77,0.00926324
0.05,0.78,0.00800931
0.05,0.79,0.010181
0.05,0.8,0.00859689
0.05,0.81,0.0093334
0.05,0.82,0.00867862
0.05,0.83,0.00912857
0.05,0.84,0.00896139
0.05,0.85,0.0094795
0.05,0.86,0.00913303
0.05,0.87,0.00772473
0.05,0.88,0.00821513
0.05,0.89,0.00853729
0.05,0.9,0.00858328
0.05,0.91,0.00920832
0.05,0.92,0.00801375
0.05,0.93,0.00817973
0.05,0.94,0.00930865
0.05,0.95,0.00795295
0.05,0.96,0.00794018
0.05,0.97,0.00827993
0.05,0.98,0.00947682
0.05,0.99,0.00944021
0.05,1,0.00799569
0.05,1.01,0.00805037
0.05,1.02,0.00782731
0.05,1.03,0.00912791
0.05,1.04,0.00814664
0.06,0,0.00999222
0.06,0.01,0.00917226
0.06,0.02,0.0102712
0.06,0.03,0.0098493
0.06,0.04,0.00945883
0.06,0.05,0.00983938
0.06,0.06,0.00943431
0.06,0.07,0.0101524
0.06,0.08,0.00867759
0.06,0.09,0.010317
0.06,0.1,0.00948589
0.06,0.11,0.00998764
0.06,0.12,0.0090641
0.06,0.13,0.0111268
0.06,0.14,0.00893634
0.06,0.15,0.0102624
0.06,0.16,0.01014
0.06,0.17,0.0110778
0.06,0.18,0.0100752
0.06,0.19,0.0116782
0.06,0.2,0.00909967
0.06,0.21,0.00886849
0.06,0.22,0.0097865
0.06,0.23,0.00983974
0.06,0.24,0.00926807
0.06,0.25,0.0114538
0.06,0.26,0.00972782
0.06,0.27,0.0110308
0.06,0.28,0.0109902
0.06,0.29,0.0095876
0.06,0.3,0.00949717
0.06,0.31,0.0102417
0.06,0.32,0.0108925
0.06,0.33,0.00993717
0.06,0.34,0.0118861
0.06,0.35,0.0105609
0.06,0.36,0.0109663
0.06,0.37,0.0107435
0.06,0.38,0.00943649
0.06,0.39,0.0106976
0.06,0.4,0.0109581
0.06,0.41,0.00909009
0.06,0.42,0.0101695
0.06,0.43,0.0116343
0.06,0.44,0.0102703
0.06,0.45,0.0108352
0.06,0.46,0.0117884
0.06,0.47,0.0120534
0.06,0.48,0.0110334
0.06,0.49,0.0100574
0.06,0.5,0.0107756
0.06,0.51,0.0109817
0.06,0.52,0.010904
0.06,0.53,0.0104126
0.06,0.54,0.00989743
0.06,0.55,0.010418
0.06,0.56,0.0103702
0.06,0.57,0.010953
0.06,0.58,0.0100846
0.06,0.59,0.0111359
0.06,0.6,0.011148
0.06,0.61,0.0111339
0.06,0.62,0.0108448
0.06,0.63,0.0100876
0.06,0.64,0.010459
0.06,0.65,0.0110807
0.06,0.66,0.0105387
0.06,0.67,0.0111187
0.06,0.68,0.0100999
0.06,0.69,0.0116018
0.06,0.7,0.0107921
0.06,0.71,0.0105946
0.06,0.72,0.0107756
0.06,0.73,0.00993942
0.06,0.74,0.0113088
0.06,0.75,0.00924722
0.06,0.76,0.0103022
0.06,0.77,0.010132
0.06,0.78,0.00971912
0.06,0.79,0.0117312
0.06,0.8,0.0105094
0.06,0.81,0.0106279
0.06,0.82,0.0117645
0.06,0.83,0.00882995
0.06,0.84,0.0103372
0.06,0.85,0.0103672
0.06,0.86,0.0106038
0.06,0.87,0.00983628
0.06,0.88,0.0107391
0.06,0.89,0.00955779
0.06,0.9,0.0104152
0.06,0.91,0.0105593
0.06,0.92,0.00973067
0.06,0.93,0.0105358
0.06,0.94,0.00970494
0.06,0.95,0.0103947
0.06,0.96,0.0108318
0.06,0.97,0.0100149
0.06,0.98,0.00974308
0.06,0.99,0.0102838
0.06,1,0.00939937
0.06,1.01,0.0090541
0.06,1.02,0.00980801
0.06,1.03,0.0105674
0.06,1.04,0.00835088
0.07,0,0.00918074
0.07,0.01,0.0103026
0.07,0.02,0.00924798
0.07,0.03,0.0110086
0.07,0.04,0.0107449
0.07,0.05,0.0104678
0.07,0.06,0.0101455
0.07,0.07,0.00963263
0.07,0.08,0.0105758
0.07,0.09,0.0111287
0.07,0.1,0.0108913
0.07,0.11,0.0107176
0.07,0.12,0.0113674
0.07,0.13,0.011845
0.07,0.14,0.0100915
0.07,0.15,0.00985024
0.07,0.16,0.0102721
0.07,0.17,0.0113755
0.07,0.18,0.0118198
0.07,0.19,0.0113445
0.07,0.2,0.0109477
0.07,0.21,0.0116988
0.07,0.22,0.0103441
0.07,0.23,0.0112202
0.07,0.24,0.0113769
0.07,0.25,0.0122599
0.07,0.26,0.0112956
0.07,0.27,0.0127247
0.07,0.28,0.011321
0.07,0.29,0.0110192
0.07,0.3,0.0133042
0.07,0.31,0.0115473
0.07,0.32,0.0117003
0.07,0.33,0.0116218
0.07,0.34,0.0111173
0.07,0.35,0.011439
0.07,0.36,0.0119004
0.07,0.37,0.0117027
0.07,0.38,0.0116021
0.07,0.39,0.0131259
0.07,0.4,0.0124834
0.07,0.41,0.0128649
0.07,0.42,0.0115689
0.07,0.43,0.0120563
0.07,0.44,0.0117213
0.07,0.45,0.0122116
0.07,0.46,0.0123002
0.07,0.47,0.0126478
0.07,0.48,0.0134595
0.07,0.49,0.0117873
0.07,0.5,0.0126092
0.07,0.51,0.0110631
0.07,0.52,0.0130704
0.07,0.53,0.012332
0.07,0.54,0.0121727
0.07,0.55,0.0129035
0.07,0.56,0.0121419
0.07,0.57,0.0128556
0.07,0.58,0.0130333
0.07,0.59,0.0120474
0.07,0.6,0.0132457
0.07,0.61,0.0130836
0.07,0.62,0.0131315
0.07,0.63,0.012125
0.07,0.64,0.0116059
0.07,0.65,0.0116977
0.07,0.66,0.0103896
0.07,0.67,0.0121817
0.07,0.68,0.0118102
0.07,0.69,0.0113002
0.07,0.7,0.0134352
0.07,0.71,0.0105554
0.07,0.72,0.0105811
0.07,0.73,0.013469
0.07,0.74,0.01207
0.07,0.75,0.0118612
0.07,0.76,0.01265
0.07,0.77,0.0099095
0.07,0.78,0.011938
0.07,0.79,0.0112264
0.07,0.8,0.012581
0.07,0.81,0.0118882
0.07,0.82,0.0127793
0.07,0.83,0.0114868
0.07,0.84,0.0120125
0.07,0.85,0.00991341
0.07,0.86,0.0122487
0.07,0.87,0.0111377
0.07,0.88,0.0116306
0.07,0.89,0.0132811
0.07,0.9,0.0112058
0.07,0.91,0.0112072
0.07,0.92,0.0103885
0.07,0.93,0.0104735
0.07,0.94,0.0113998
0.07,0.95,0.00990475
0.07,0.96,0.0104523
0.07,0.97,0.0110536
0.07,0.98,0.010858
0.07,0.99,0.0105901
0.07,1,0.0116306
0.07,1.01,0.00990299
0.07,1.02,0.0108256
0.07,1.03,0.0105162
0.07,1.04,0.00879871
0.08,0,0.0116868
0.08,0.01,0.0110597
0.08,0.02,0.0114726
0.08,0.03,0.011497
0.08,0.04,0.0122632
0.08,0.05,0.0113456
0.08,0.06,0.0132415
0.08,0.07,0.0116447
0.08,0.08,0.0109415
0.08,0.09,0.0120418
0.08,0.1,0.0109417
0.08,0.11,0.0140152
0.08,0.12,0.01218
0.08,0.13,0.0113544
0.08,0.14,0.0127284
0.08,0.15,0.0123799
0.08,0.16,0.0121963
0.08,0.17,0.0117502
0.08,0.18,0.0128937
0.08,0.19,0.0116579
0.08,0.2,0.0122225
0.08,0.21,0.0139687
0.08,0.22,0.0116865
0.08,0.23,0.0119556
0.08,0.24,0.0130903
0.08,0.25,0.0135648
0.08,0.26,0.0117538
0.08,0.27,0.0115577
0.08,0.28,0.0147115
0.08,0.29,0.0131996
0.08,0.3,0.0126671
0.08,0.31,0.0139962
0.08,0.32,0.0126001
0.08,0.33,0.011951
0.08,0.34,0.0130111
0.08,0.35,0.0143924
0.08,0.36,0.013539
0.08,0.37,0.0117594
0.08,0.38,0.0141596
0.08,0.39,0.0139972
0.08,0.4,0.0138545
0.08,0.41,0.0129146
0.08,0.42,0.0119844
0.08,0.43,0.0148824
0.08,0.44,0.014296
0.08,0.45,0.0149007
0.08,0.46,0.0145266
0.08,0.47,0.0135073
0.08,0.48,0.013452
0.08,0.49,0.0146937
0.08,0.5,0.0148872
0.08,0.51,0.0127251
0.08,0.52,0.0140418
0.08,0.53,0.0153559
0.08,0.54,0.0141696
0.08,0.55,0.0134133
0.08,0.56,0.0149046
0.08,0.57,0.0146958
0.08,0.58,0.0147216
0.08,0.59,0.0152392
0.08,0.6,0.015336
0.08,0.61,0.0144055
0.08,0.62,0.0120259
0.08,0.63,0.0136741
0.08,0.64,0.0137642
0.08,0.65,0.0133505
0.08,0.66,0.0140021
0.08,0.67,0.0135617
0.08,0.68,0.0144731
0.08,0.69,0.0131969
0.08,0.7,0.0118192
0.08,0.71,0.0137417
0.08,0.72,0.0133305
0.08,0.73,0.0140465
0.08,0.74,0.0123181
0.08,0.75,0.014569
0.08,0.76,0.0124384
0.08,0.77,0.0129849
0.08,0.78,0.0136408
0.08,0.79,0.0142094
0.08,0.8,0.0130813
0.08,0.81,0.0135864
0.08,0.82,0.0128542
0.08,0.83,0.0129378
0.08,0.84,0.013053
0.08,0.85,0.0117869
0.08,0.86,0.0139843
0.08,0.87,0.0130997
0.08,0.88,0.0124946
0.08,0.89,0.0112483
0.08,0.9,0.0126507
0.08,0.91,0.0112558
0.08,0.92,0.0125602
0.08,0.93,0.0133732
0.08,0.94,0.0118036
0.08,0.95,0.0113686
0.08,0.96,0.0116038
0.08,0.97,0.0105987
0.08,0.98,0.0122702
0.08,0.99,0.012084
0.08,1,0.0111077
0.08,1.01,0.0119123
0.08,1.02,0.0112842
0.08,1.03,0.01108
0.08,1.04,0.0107758
0.09,0,0.0117708
0.09,0.01,0.0115322
0.09,0.02,0.0134978
0.09,0.03,0.0119923
0.09,0.04,0.0115425
0.09,0.05,0.0123698
0.09,0.06,0.0124372
0.09,0.07,0.0130439
0.09,0.08,0.0113645
0.09,0.09,0.0111982
0.09,0.1,0.0112488
0.09,0.11,0.0121076
0.09,0.12,0.0137311
0.09,0.13,0.0124671
0.09,0.14,0.0134472
0.09,0.15,0.0127788
0.09,0.16,0.0134203
0.09,0.17,0.0143023
0.09,0.18,0.0132919
0.09,0.19,0.0138296
0.09,0.2,0.0138271
0.09,0.21,0.0127872
0.09,0.22,0.0156413
0.09,0.23,0.0139099
0.09,0.24,0.0138751
0.09,0.25,0.0136258
0.09,0.26,0.0133656
0.09,0.27,0.0139607
0.09,0.28,0.0152955
0.09,0.29,0.014057
0.09,0.3,0.0142856
0.09,0.31,0.0135055
0.09,0.32,0.0138841
0.09,0.33,0.0139633
0.09,0.34,0.0153721
0.09,0.35,0.0147468
0.09,0.36,0.0147572
0.09,0.37,0.0151989
0.09,0.38,0.0168889
0.09,0.39,0.0151495
0.09,0.4,0.0146574
0.09,0.41,0.0150868
0.09,0.42,0.0150696
0.09,0.43,0.0162723
0.09,0.44,0.0143222
0.09,0.45,0.0138938
0.09,0.46,0.0154409
0.09,0.47,0.015254
0.09,0.48,0.0157966
0.09,0.49,0.015602
0.09,0.5,0.014
0.09,0.51,0.0148075
0.09,0.52,0.0143833
0.09,0.53,0.0158514
0.09,0.54,0.0161389
0.09,0.55,0.0168156
0.09,0.56,0.0150487
0.09,0.57,0.0153276
0.09,0.58,0.0153999
0.09,0.59,0.0160764
0.09,0.6,0.0155712
0.09,0.61,0.0149829
0.09,0.62,0.0152569
0.09,0.63,0.0160211
0.09,0.64,0.0145447
0.09,0.65,0.0152817
0.09,0.66,0.0138847
0.09,0.67,0.0137117
0.09,0.68,0.0159188
0.09,0.69,0.0153616
0.09,0.7,0.0147575
0.09,0.71,0.0144713
0.09,0.72,0.0130437
0.09,0.73,0.014927
0.09,0.74,0.0153209
0.09,0.75,0.0146892
0.09,0.76,0.0147144
0.09,0.77,0.0149141
0.09,0.78,0.0137127
0.09,0.79,0.0148277
0.09,0.8,0.013803
0.09,0.81,0.0149874
0.09,0.82,0.015075
0.09,0.83,0.0134752
0.09,0.84,0.0124703
0.09,0.85,0.0125541
0.09,0.86,0.0129296
0.09,0.87,0.0145443
0.09,0.88,0.0133842
0.09,0.89,0.0139564
0.09,0.9,0.0137627
0.09,0.91,0.0123301
0.09,0.92,0.013629
0.09,0.93,0.0140097
0.09,0.94,0.0118184
0.09,0.95,0.0125703
0.09,0.96,0.0134761
0.09,0.97,0.0130901
0.09,0.98,0.0118092
0.09,0.99,0.0118048
0.09,1,0.0115831
0.09,1.01,0.012184
0.09,1.02,0.0121768
0.09,1.03,0.0126796
0.09,1.04,0.0118652
0.1,0,0.0107888
0.1,0.01,0.0130431
0.1,0.02,0.0112077
0.1,0.03,0.0131734
0.1,0.04,0.0114569
0.1,0.05,0.0122391
0.1,0.06,0.0131535
0.1,0.07,0.0130301
0.1,0.08,0.0123612
0.1,0.09,0.0127558
0.1,0.1,0.0143116
0.1,0.11,0.0139896
0.1,0.12,0.0133649
0.1,0.13,0.0131644
0.1,0.14,0.0136939
0.1,0.15,0.0139377
0.1,0.16,0.0129812
0.1,0.17,0.0142299
0.1,0.18,0.0146537
0.1,0.19,0.0147343
0.1,0.2,0.0143645
0.1,0.21,0.0148808
0.1,0.22,0.0156422
0.1,0.23,0.0161574
0.1,0.24,0.0140907
0.1,0.25,0.0167905
0.1,0.26,0.0150422
0.1,0.27,0.0146333
0.1,0.28,0.0154053
0.1,0.29,0.0170784
0.1,0.3,0.0161016
0.1,0.31,0.0173217
0.1,0.32,0.0166875
0.1,0.33,0.0148239
0.1,0.34,0.0146088
0.1,0.35,0.0159429
0.1,0.36,0.0163131
0.1,0.37,0.0150546
0.1,0.38,0.0164059
0.1,0.39,0.0167984
0.1,0.4,0.0164076
0.1,0.41,0.0155764
0.1,0.42,0.0173609
0.1,0.43,0.0183285
0.1,0.44,0.0179536
0.1,0.45,0.0170403
0.1,0.46,0.017468
0.1,0.47,0.0176923
0.1,0.48,0.0155845
0.1,0.49,0.015526
0.1,0.5,0.0167485
0.1,0.51,0.0167993
0.1,0.52,0.0166801
0.1,0.53,0.0176783
0.1,0.54,0.0181018
0.1,0.55,0.0178125
0.1,0.56,0.017565
0.1,0.57,0.0162125
0.1,0.58,0.0177183
0.1,0.59,0.019305
0.1,0.6,0.0166891
0.1,0.61,0.0177569
0.1,0.62,0.0156285
0.1,0.63,0.0178842
0.1,0.64,0.0166248
0.1,0.65,0.016819
0.1,0.66,0.0165806
0.1,0.67,0.0175009
0.1,0.68,0.0156954
0.1,0.69,0.0164253
0.1,0.7,0.0155226
0.1,0.71,0.0170001
0.1,0.72,0.0167416
0.1,0.73,0.0158775
0.1,0.74,0.0154754
0.1,0.75,0.0147483
0.1,0.76,0.015568
0.1,0.77,0.0172372
0.1,0.78,0.0166989
0.1,0.79,0.0149667
0.1,0.8,0.016848
0.1,0.81,0.0129102
0.1,0.82,0.0155797
0.1,0.83,0.0154561
0.1,0.84,0.0162114
0.1,0.85,0.0141174
0.1,0.86,0.013296
0.1,0.87,0.0136501
0.1,0.88,0.0133719
0.1,0.89,0.0127482
0.1,0.9,0.0139329
0.1,0.91,0.014009
0.1,0.92,0.0145481
0.1,0.93,0.0136306
0.1,0.94,0.0120052
0.1,0.95,0.0141975
0.1,0.96,0.0121927
0.1,0.97,0.0133614
0.1,0.98,0.0128075
0.1,0.99,0.0136961
0.1,1,0.012529
0.1,1.01,0.0132254
0.1,1.02,0.0124319
0.1,1.03,0.0122611
0.1,1.04,0.011758
0.11,0,0.0127192
0.11,0.01,0.0121556
0.11,0.02,0.0134614
0.11,0.03,0.0122792
0.11,0.04,0.0127293
0.11,0.05,0.012322
0.11,0.06,0.0150964
0.11,0.07,0.0125654
0.11,0.08,0.0125873
0.11,0.09,0.0133628
0.11,0.1,0.0129424
0.11,0.11,0.0139537
0.11,0.12,0.013407
0.11,0.13,0.0145206
0.11,0.14,0.0132968
0.11,0.15,0.0131775
0.11,0.16,0.0155195
0.11,0.17,0.0147713
0.11,0.18,0.013087
0.11,0.19,0.015733
0.11,0.2,0.0165672
0.11,0.21,0.0170474
0.11,0.22,0.0175686
0.11,0.23,0.0153378
0.11,0.24,0.0150558
0.11,0.25,0.0158485
0.11,0.26,0.0167246
0.11,0.27,0.0175126
0.11,0.28,0.0171599
0.11,0.29,0.0154144
0.11,0.3,0.0164551
0.11,0.31,0.0159684
0.11,0.32,0.0159239
0.11,0.33,0.0173592
0.11,0.34,0.0165031
0.11,0.35,0.0171575
0.11,0.36,0.0191087
0.11,0.37,0.0175121
0.11,0.38,0.0179602
0.11,0.39,0.0184961
0.11,0.4,0.0177392
0.11,0.41,0.0165678
0.11,0.42,0.0161268
0.11,0.43,0.0179737
0.11,0.44,0.0188283
0.11,0.45,0.0163347
0.11,0.46,0.0183649
0.11,0.47,0.0186893
0.11,0.48,0.0188816
0.11,0.49,0.0169118
0.11,0.5,0.0180387
0.11,0.51,0.018012
0.11,0.52,0.0195424
0.11,0.53,0.0195794
0.11,0.54,0.0187803
0.11,0.55,0.0192068
0.11,0.56,0.0184063
0.11,0.57,0.0187139
0.11,0.58,0.0185221
0.11,0.59,0.0180782
0.11,0.6,0.0183763
0.11,0.61,0.0181912
0.11,0.62,0.0190292
0.11,0.63,0.0169251
0.11,0.64,0.0178842
0.11,0.65,0.0178288
0.11,0.66,0.0169709
0.11,0.67,0.0186987
0.11,0.68,0.0170207
0.11,0.69,0.0166213
0.11,0.7,0.0158972
0.11,0.71,0.0167784
0.11,0.72,0.0182061
0.11,0.73,0.017297
0.11,0.74,0.0180611
0.11,0.75,0.0145107
0.11,0.76,0.0163147
0.11,0.77,0.0159449
0.11,0.78,0.0171188
0.11,0.79,0.017183
0.11,0.8,0.0149055
0.11,0.81,0.0159496
0.11,0.82,0.0168013
0.11,0.83,0.0159325
0.11,0.84,0.0143622
0.11,0.85,0.014803
0.11,0.86,0.01513
0.11,0.87,0.0170894
0.11,0.88,0.0147484
0.11,0.89,0.0141169
0.11,0.9,0.015425
0.11,0.91,0.0146514
0.11,0.92,0.0151045
0.11,0.93,0.0128291
0.11,0.94,0.0145363
0.11,0.95,0.0137183
0.11,0.96,0.0151089
0.11,0.97,0.0137905
0.11,0.98,0.0135553
0.11,0.99,0.0117379
0.11,1,0.0117111
0.11,1.01,0.012552
0.11,1.02,0.0129709
0.11,1.03,0.0139621
0.11,1.04,0.0115559
0.12,0,0.0110409
0.12,0.01,0.0115106
0.12,0.02,0.0115162
0.12,0.03,0.0118878
0.12,0.04,0.0138025
0.12,0.05,0.0133231
0.12,0.06,0.0126989
0.12,0.07,0.0134187
0.12,0.08,0.012215
0.12,0.09,0.0150389
0.12,0.1,0.0140172
0.12,0.11,0.0142434
0.12,0.12,0.0133775
0.12,0.13,0.016266
0.12,0.14,0.0169081
0.12,0.15,0.0151099
0.12,0.16,0.0147676
0.12,0.17,0.0165082
0.12,0.18,0.0158881
0.12,0.19,0.0152989
0.12,0.2,0.0155149
0.12,0.21,0.0151294
0.12,0.22,0.0160032
0.12,0.23,0.0161215
0.12,0.24,0.0168437
0.12,0.25,0.016891
0.12,0.26,0.0185898
0.12,0.27,0.0173472
0.12,0.28,0.0171936
0.12,0.29,0.0179106
0.12,0.3,0.0160823
0.12,0.31,0.0167995
0.12,0.32,0.0182485
0.12,0.33,0.0177816
0.12,0.34,0.018885
0.12,0.35,0.0184382
0.12,0.36,0.0168139
0.12,0.37,0.0188167
0.12,0.38,0.018139
0.12,0.39,0.0199486
0.12,0.4,0.0180511
0.12,0.41,0.0196805
0.12,0.42,0.0191048
0.12,0.43,0.0192063
0.12,0.44,0.018839
0.12,0.45,0.0210635
0.12,0.46,0.0186899
0.12,0.47,0.0199258
0.12,0.48,0.0189263
0.12,0.49,0.0186297
0.12,0.5,0.0189185
0.12,0.51,0.0208099
0.12,0.52,0.0176327
0.12,0.53,0.0182151
0.12,0.54,0.0211207
0.12,0.55,0.0182347
0.12,0.56,0.0199353
0.12,0.57,0.019561
0.12,0.58,0.0191434
0.12,0.59,0.0198218
0.12,0.6,0.0188407
0.12,0.61,0.0196138
0.12,0.62,0.0192776
0.12,0.63,0.0193814
0.12,0.64,0.0180607
0.12,0.65,0.0195814
0.12,0.66,0.0190163
0.12,0.67,0.0193654
0.12,0.68,0.0189497
0.12,0.69,0.0180253
0.12,0.7,0.0187855
0.12,0.71,0.0184855
0.12,0.72,0.0158386
0.12,0.73,0.0177102
0.12,0.74,0.0182621
0.12,0.75,0.0162622
0.12,0.76,0.0168216
0.12,0.77,0.0178821
0.12,0.78,0.0180689
0.12,0.79,0.0165334
0.12,0.8,0.0164416
0.12,0.81,0.0176257
0.12,0.82,0.017653
0.12,0.83,0.0150389
0.12,0.84,0.0150417
0.12,0.85,0.0153951
0.12,0.86,0.0168648
0.12,0.87,0.0160205
0.12,0.88,0.0164803
0.12,0.89,0.0146341
0.12,0.9,0.0147753
0.12,0.91,0.0158123
0.12,0.92,0.0138549
0.12,0.93,0.0133767
0.12,0.94,0.0133832
0.12,0.95,0.0135991
0.12,0.96,0.0143424
0.12,0.97,0.013573
0.12,0.98,0.0139877
0.12,0.99,0.0124882
0.12,1,0.0133575
0.12,1.01,0.0116824
0.12,1.02,0.0131132
0.12,1.03,0.0113321
0.12,1.04,0.0130346
0.13,0,0.0129318
0.13,0.01,0.0125949
0.13,0.02,0.0117691
0.13,0.03,0.0118894
0.13,0.04,0.014692
0.13,0.05,0.0129923
0.13,0.06,0.0129754
0.13,0.07,0.013638
0.13,0.08,0.0135712
0.13,0.09,0.0140919
0.13,0.1,0.0149412
0.13,0.11,0.0145474
0.13,0.12,0.0138242
0.13,0.13,0.0146236
0.13,0.14,0.014975
0.13,0.15,0.0133515
0.13,0.16,0.0157491
0.13,0.17,0.0143449
0.13,0.18,0.0164043
0.13,0.19,0.0162495
0.13,0.2,0.0159587
0.13,0.21,0.0171068
0.13,0.22,0.0175863
0.13,0.23,0.0165916
0.13,0.24,0.0175599
0.13,0.25,0.0160654
0.13,0.26,0.0192615
0.13,0.27,0.0190518
0.13,0.28,0.017897
0.13,0.29,0.0189572
0.13,0.3,0.0185199
0.13,0.31,0.0181628
0.13,0.32,0.0190464
0.13,0.33,0.0181397
0.13,0.34,0.0184407
0.13,0.35,0.0195666
0.13,0.36,0.0181106
0.13,0.37,0.0207714
0.13,0.38,0.0200994
0.13,0.39,0.0206094
0.13,0.4,0.0192886
0.13,0.41,0.0205385
0.13,0.42,0.0208717
0.13,0.43,0.0204556
0.13,0.44,0.0200462
0.13,0.45,0.0209781
0.13,0.46,0.0227215
0.13,0.47,0.0215678
0.13,0.48,0.0183243
0.13,0.49,0.0211937
0.13,0.5,0.020931
0.13,0.51,0.0187975
0.13,0.52,0.0187414
0.13,0.53,0.0222955
0.13,0.54,0.0204742
0.13,0.55,0.0190368
0.13,0.56,0.0191063
0.13,0.57,0.0209307
0.13,0.58,0.0211612
0.13,0.59,0.0213704
0.13,0.6,0.0200413
0.13,0.61,0.0215316
0.13,0.62,0.018952
0.13,0.63,0.0208524
0.13,0.64,0.0199734
0.13,0.65,0.0196047
0.13,0.66,0.0201112
0.13,0.67,0.0197357
0.13,0.68,0.0199266
0.13,0.69,0.0200277
0.13,0.7,0.0190413
0.13,0.71,0.0199266
0.13,0.72,0.0185256
0.13,0.73,0.0180156
0.13,0.74,0.0188793
0.13,0.75,0.0183367
0.13,0.76,0.0175302
0.13,0.77,0.018767
0.13,0.78,0.0198971
0.13,0.79,0.0156515
0.13,0.8,0.0174901
0.13,0.81,0.0166914
0.13,0.82,0.0179772
0.13,0.83,0.0167552
0.13,0.84,0.0164024
0.13,0.85,0.016565
0.13,0.86,0.0157696
0.13,0.87,0.016035
0.13,0.88,0.0155442
0.13,0.89,0.0149889
0.13,0.9,0.0150358
0.13,0.91,0.0142908
0.13,0.92,0.0154863
0.13,0.93,0.0140528
0.13,0.94,0.0149682
0.13,0.95,0.0134348
0.13,0.96,0.0150159
0.13,0.97,0.0143424
0.13,0.98,0.0129584
0.13,0.99,0.0154522
0.13,1,0.0140082
0.13,1.01,0.0135822
0.13,1.02,0.0108107
0.13,1.03,0.0130273
0.13,1.04,0.0115013
0.14,0,0.0134802
0.14,0.01,0.0130772
0.14,0.02,0.0108072
0.14,0.03,0.0134115
0.14,0.04,0.0142216
0.14,0.05,0.0142201
0.14,0.06,0.0121895
0.14,0.07,0.0141066
0.14,0.08,0.0141724
0.14,0.09,0.0144941
0.14,0.1,0.0140132
0.14,0.11,0.013826
0.14,0.12,0.0153635
0.14,0.13,0.0146327
0.14,0.14,0.0151488
0.14,0.15,0.0168538
0.14,0.16,0.0171578
0.14,0.17,0.0159108
0.14,0.18,0.014973
0.14,0.19,0.014926
0.14,0.2,0.0167565
0.14,0.21,0.0165679
0.14,0.22,0.0167123
0.14,0.23,0.0164221
0.14,0.24,0.017205
0.14,0.25,0.0182565
0.14,0.26,0.0175358
0.14,0.27,0.0203084
0.14,0.28,0.0188591
0.14,0.29,0.0158283
0.14,0.3,0.0183287
0.14,0.31,0.0185354
0.14,0.32,0.0191149
0.14,0.33,0.0215109
0.14,0.34,0.0202751
0.14,0.35,0.0197352
0.14,0.36,0.0207221
0.14,0.37,0.020201
0.14,0.38,0.0206743
0.14,0.39,0.02147
0.14,0.4,0.0213891
0.14,0.41,0.0210101
0.14,0.42,0.0206431
0.14,0.43,0.0197813
0.14,0.44,0.0212757
0.14,0.45,0.0200623
0.14,0.46,0.020613
0.14,0.47,0.0210406
0.14,0.48,0.0218277
0.14,0.49,0.0236035
0.14,0.5,0.0227386
0.14,0.51,0.0195963
0.14,0.52,0.0217177
0.14,0.53,0.0204526
0.14,0.54,0.0228577
0.14,0.55,0.020622
0.14,0.56,0.0220807
0.14,0.57,0.0216842
0.14,0.58,0.019489
0.14,0.59,0.0215144
0.14,0.6,0.0222908
0.14,0.61,0.0222734
0.14,0.62,0.0214997
0.14,0.63,0.0208875
0.14,0.64,0.0194156
0.14,0.65,0.0217936
0.14,0.66,0.019803
0.14,0.67,0.0215959
0.14,0.68,0.0200664
0.14,0.69,0.0203972
0.14,0.7,0.0195685
0.14,0.71,0.0185458
0.14,0.72,0.0206022
0.14,0.73,0.0196352
0.14,0.74,0.0210434
0.14,0.75,0.0183984
0.14,0.76,0.0185464
0.14,0.77,0.019107
0.14,0.78,0.0183735
0.14,0.79,0.0175704
0.14,0.8,0.0198396
0.14,0.81,0.0169968
0.14,0.82,0.0174771
0.14,0.83,0.0173399
0.14,0.84,0.0158245
0.14,0.85,0.0176836
0.14,0.86,0.0156786
0.14,0.87,0.015537
0.14,0.88,0.0150735
0.14,0.89,0.0159163
0.14,0.9,0.0155234
0.14,0.91,0.0151318
0.14,0.92,0.013973
0.14,0.93,0.0146011
0.14,0.94,0.0150221
0.14,0.95,0.0156415
0.14,0.96,0.0150963
0.14,0.97,0.0141176
0.14,0.98,0.0118519
0.14,0.99,0.0144378
0.14,1,0.0138021
0.14,1.01,0.0138163
0.14,1.02,0.0122185
0.14,1.03,0.0114026
0.14,1.04,0.0133296
0.15,0,0.0120827
0.15,0.01,0.0123796
0.15,0.02,0.013409
0.15,0.03,0.012684
0.15,0.04,0.0129701
0.15,0.05,0.0132169
0.15,0.06,0.0155678
0.15,0.07,0.0134256
0.15,0.08,0.0141271
0.15,0.09,0.0138805
0.15,0.1,0.0154176
0.15,0.11,0.0157213
0.15,0.12,0.0156273
0.15,0.13,0.0165484
0.15,0.14,0.0155434
0.15,0.15,0.0160754
0.15,0.16,0.0170316
0.15,0.17,0.0161138
0.15,0.18,0.0191058
0.15,0.19,0.0174996
0.15,0.2,0.0172429
0.15,0.21,0.0161357
0.15,0.22,0.0181012
0.15,0.23,0.0177644
0.15,0.24,0.0188673
0.15,0.25,0.0188543
0.15,0.26,0.0188067
0.15,0.27,0.0202887
0.15,0.28,0.0202192
0.15,0.29,0.0189903
0.15,0.3,0.0187932
0.15,0.31,0.0200418
0.15,0.32,0.0203691
0.15,0.33,0.0200145
0.15,0.34,0.0198401
0.15,0.35,0.0210581
0.15,0.36,0.0212511
0.15,0.37,0.0201059
0.15,0.38,0.0201528
0.15,0.39,0.0236294
0.15,0.4,0.0225177
0.15,0.41,0.0217647
0.15,0.42,0.0204323
0.15,0.43,0.022767
0.15,0.44,0.0218273
0.15,0.45,0.0244455
0.15,0.46,0.0241814
0.15,0.47,0.0219188
0.15,0.48,0.0212302
0.15,0.49,0.0237955
0.15,0.5,0.0232735
0.15,0.51,0.0228104
0.15,0.52,0.0218787
0.15,0.53,0.0233495
0.15,0.54,0.0234022
0.15,0.55,0.0229777
0.15,0.56,0.0234542
0.15,0.57,0.0216912
0.15,0.58,0.0224984
0.15,0.59,0.0221744
0.15,0.6,0.0218553
0.15,0.61,0.0220127
0.15,0.62,0.0206235
0.15,0.63,0.022107
0.15,0.64,0.0229469
0.15,0.65,0.0215071
0.15,0.66,0.0221732
0.15,0.67,0.020714
0.15,0.68,0.0203409
0.15,0.69,0.0217963
0.15,0.7,0.0225706
0.15,0.71,0.0202789
0.15,0.72,0.0222173
0.15,0.73,0.0201183
0.15,0.74,0.0223368
0.15,0.75,0.0211815
0.15,0.76,0.0192193
0.15,0.77,0.0191457
0.15,0.78,0.0189158
0.15,0.79,0.0174354
0.15,0.8,0.0178985
0.15,0.81,0.0191598
0.15,0.82,0.018367
0.15,0.83,0.017935
0.15,0.84,0.0179725
0.15,0.85,0.0171007
0.15,0.86,0.0160297
0.15,0.87,0.0158057
0.15,0.88,0.0161406
0.15,0.89,0.015803
0.15,0.9,0.0174104
0.15,0.91,0.0168553
0.15,0.92,0.015912
0.15,0.93,0.0150213
0.15,0.94,0.0153401
0.15,0.95,0.0158572
0.15,0.96,0.013573
0.15,0.97,0.0148939
0.15,0.98,0.0145623
0.15,0.99,0.0121812
0.15,1,0.0125919
0.15,1.01,0.0119858
0.15,1.02,0.0131287
0.15,1.03,0.0128162
0.15,1.04,0.0123736
0.16,0,0.0122722
0.16,0.01,0.0135036
0.16,0.02,0.0125742
0.16,0.03,0.0127799
0.16,0.04,0.0129887
0.16,0.05,0.0152225
0.16,0.06,0.013445
0.16,0.07,0.0136103
0.16,0.08,0.0156391
0.16,0.09,0.0151554
0.16,0.1,0.0147389
0.16,0.11,0.0162425
0.16,0.12,0.0163055
0.16,0.13,0.0159285
0.16,0.14,0.0163111
0.16,0.15,0.0153897
0.16,0.16,0.0156753
0.16,0.17,0.0180811
0.16,0.18,0.0179641
0.16,0.19,0.0161137
0.16,0.2,0.0174398
0.16,0.21,0.0182472
0.16,0.22,0.0188334
0.16,0.23,0.0191494
0.16,0.24,0.0184248
0.16,0.25,0.0182298
0.16,0.26,0.0179304
0.16,0.27,0.0204195
0.16,0.28,0.0199965
0.16,0.29,0.0183626
0.16,0.3,0.0203156
0.16,0.31,0.0211895
0.16,0.32,0.0194189
0.16,0.33,0.0197751
0.16,0.34,0.0240212
0.16,0.35,0.0211396
0.16,0.36,0.021118
0.16,0.37,0.0213954
0.16,0.38,0.0217423
0.16,0.39,0.0226311
0.16,0.4,0.0229078
0.16,0.41,0.022656
0.16,0.42,0.02348
0.16,0.43,0.0247103
0.16,0.44,0.0237372
0.16,0.45,0.022074
0.16,0.46,0.0214915
0.16,0.47,0.0231676
0.16,0.48,0.0228347
0.16,0.49,0.0227555
0.16,0.5,0.0228663
0.16,0.51,0.021947
0.16,0.52,0.0215706
0.16,0.53,0.0235352
0.16,0.54,0.0223546
0.16,0.55,0.0214984
0.16,0.56,0.0219434
0.16,0.57,0.0225035
0.16,0.58,0.0239457
0.16,0.59,0.0233843
0.16,0.6,0.0225475
0.16,0.61,0.0227413
0.16,0.62,0.0226484
0.16,0.63,0.0222931
0.16,0.64,0.0223468
0.16,0.65,0.0227823
0.16,0.66,0.0209309
0.16,0.67,0.02271
0.16,0.68,0.0222889
0.16,0.69,0.020877
0.16,0.7,0.0214207
0.16,0.71,0.0198158
0.16,0.72,0.021165
0.16,0.73,0.0214662
0.16,0.74,0.0197064
0.16,0.75,0.0206021
0.16,0.76,0.0195245
0.16,0.77,0.0201417
0.16,0.78,0.0183369
0.16,0.79,0.0193573
0.16,0.8,0.0188905
0.16,0.81,0.0172321
0.16,0.82,0.0188932
0.16,0.83,0.0174334
0.16,0.84,0.018791
0.16,0.85,0.0177749
0.16,0.86,0.0171643
0.16,0.87,0.0165691
0.16,0.88,0.0164561
0.16,0.89,0.016973
0.16,0.9,0.0170462
0.16,0.91,0.0161144
0.16,0.92,0.0151013
0.16,0.93,0.0171788
0.16,0.94,0.0148072
0.16,0.95,0.0142135
0.16,0.96,0.0133773
0.16,0.97,0.0141618
0.16,0.98,0.0124531
0.16,0.99,0.0143802
0.16,1,0.0138422
0.16,1.01,0.0140359
0.16,1.02,0.0127241
0.16,1.03,0.0116784
0.16,1.04,0.0122786
0.17,0,0.0118741
0.17,0.01,0.0129134
0.17,0.02,0.0119615
0.17,0.03,0.0148924
0.17,0.04,0.0141241
0.17,0.05,0.0136809
0.17,0.06,0.0146708
0.17,0.07,0.0144487
0.17,0.08,0.0145904
0.17,0.09,0.0125459
0.17,0.1,0.0151158
0.17,0.11,0.0152395
0.17,0.12,0.0165212
0.17,0.13,0.0170959
0.17,0.14,0.0170337
0.17,0.15,0.016812
0.17,0.16,0.0174365
0.17,0.17,0.0170867
0.17,0.18,0.017559
0.17,0.19,0.0184683
0.17,0.2,0.0181762
0.17,0.21,0.0183493
0.17,0.22,0.018459
0.17,0.23,0.0183081
0.17,0.24,0.0189201
0.17,0.25,0.0199398
0.17,0.26,0.0191424
0.17,0.27,0.0207846
0.17,0.28,0.01988
0.17,0.29,0.0209643
0.17,0.3,0.0203026
0.17,0.31,0.0188309
0.17,0.32,0.0234011
0.17,0.33,0.0210267
0.17,0.34,0.0209627
0.17,0.35,0.0243723
0.17,0.36,0.020617
0.17,0.37,0.020774
0.17,0.38,0.0219452
0.17,0.39,0.0220639
0.17,0.4,0.0237602
0.17,0.41,0.0223068
0.17,0.42,0.0233724
0.17,0.43,0.0230508
0.17,0.44,0.0218401
0.17,0.45,0.0221392
0.17,0.46,0.0245104
0.17,0.47,0.0223223
0.17,0.48,0.0219974
0.17,0.49,0.0241855
0.17,0.5,0.0250156
0.17,0.51,0.0220482
0.17,0.52,0.0235027
0.17,0.53,0.0224604
0.17,0.54,0.0251234
0.17,0.55,0.0247075
0.17,0.56,0.0229602
0.17,0.57,0.0235116
0.17,0.58,0.0242566
0.17,0.59,0.0216755
0.17,0.6,0.0233561
0.17,0.61,0.0239749
0.17,0.62,0.0255812
0.17,0.63,0.0235676
0.17,0.64,0.0218365
0.17,0.65,0.0218076
0.17,0.66,0.0223426
0.17,0.67,0.0218612
0.17,0.68,0.0234934
0.17,0.69,0.0217745
0.17,0.7,0.0231953
0.17,0.71,0.0211563
0.17,0.72,0.0226185
0.17,0.73,0.020519
0.17,0.74,0.0239519
0.17,0.75,0.0206209
0.17,0.76,0.0220524
0.17,0.77,0.0205275
0.17,0.78,0.0213275
0.17,0.79,0.0197984
0.17,0.8,0.0200995
0.17,0.81,0.0207435
0.17,0.82,0.0198818
0.17,0.83,0.0184172
0.17,0.84,0.0179093
0.17,0.85,0.0180824
0.17,0.86,0.0184439
0.17,0.87,0.0184801
0.17,0.88,0.0192827
0.17,0.89,0.0168095
0.17,0.9,0.0178829
0.17,0.91,0.0144174
0.17,0.92,0.0168543
0.17,0.93,0.0148642
0.17,0.94,0.0157877
0.17,0.95,0.0153161
0.17,0.96,0.0140779
0.17,0.97,0.0149934
0.17,0.98,0.0145025
0.17,0.99,0.0127075
0.17,1,0.0132255
0.17,1.01,0.014445
0.17,1.02,0.0108804
0.17,1.03,0.0123246
0.17,1.04,0.01159
0.18,0,0.0127443
0.18,0.01,0.014462
0.18,0.02,0.0142651
0.18,0.03,0.0143091
0.18,0.04,0.0142847
0.18,0.05,0.0133412
0.18,0.06,0.015481
0.18,0.07,0.0162986
0.18,0.08,0.0138058
0.18,0.09,0.0150566
0.18,0.1,0.0157955
0.18,0.11,0.0155186
0.18,0.12,0.0154341
0.18,0.13,0.0180416
0.18,0.14,0.0160232
0.18,0.15,0.0170588
0.18,0.16,0.0163355
0.18,0.17,0.0183862
0.18,0.18,0.0190167
0.18,0.19,0.0177386
0.18,0.2,0.0177462
0.18,0.21,0.0191328
0.18,0.22,0.0190376
0.18,0.23,0.019268
0.18,0.24,0.0191081
0.18,0.25,0.0193639
0.18,0.26,0.0209419
0.18,0.27,0.0207635
0.18,0.28,0.0187552
0.18,0.29,0.0195132
0.18,0.3,0.0212387
0.18,0.31,0.0202083
0.18,0.32,0.021859
0.18,0.33,0.021442
0.18,0.34,0.0221028
0.18,0.35,0.0238072
0.18,0.36,0.0231299
0.18,0.37,0.0232813
0.18,0.38,0.0245755
0.18,0.39,0.0215193
0.18,0.4,0.0242047
0.18,0.41,0.024403
0.18,0.42,0.0229649
0.18,0.43,0.0221261
0.18,0.44,0.0218856
0.18,0.45,0.0227793
0.18,0.46,0.0222438
0.18,0.47,0.0262665
0.18,0.48,0.0247544
0.18,0.49,0.0239661
0.18,0.5,0.0226115
0.18,0.51,0.0240573
0.18,0.52,0.0247012
0.18,0.53,0.0233186
0.18,0.54,0.0225019
0.18,0.55,0.0230422
0.18,0.56,0.0214432
0.18,0.57,0.0215889
0.18,0.58,0.022963
0.18,0.59,0.0226314
0.18,0.6,0.0245197
0.18,0.61,0.0215006
0.18,0.62,0.02309
0.18,0.63,0.0223913
0.18,0.64,0.0228835
0.18,0.65,0.02177
0.18,0.66,0.0234349
0.18,0.67,0.0254036
0.18,0.68,0.0239826
0.18,0.69,0.0239152
0.18,0.7,0.0222849
0.18,0.71,0.0224961
0.18,0.72,0.0218231
0.18,0.73,0.0216082
0.18,0.74,0.0210633
0.18,0.75,0.0213972
0.18,0.76,0.0210631
0.18,0.77,0.0222232
0.18,0.78,0.0192251
0.18,0.79,0.018896
0.18,0.8,0.0196709
0.18,0.81,0.0192924
0.18,0.82,0.0198606
0.18,0.83,0.0200009
0.18,0.84,0.0176555
0.18,0.85,0.0183868
0.18,0.86,0.0195669
0.18,0.87,0.0167779
0.18,0.88,0.0176147
0.18,0.89,0.0177211
0.18,0.9,0.0158045
0.18,0.91,0.0159586
0.18,0.92,0.0170382
0.18,0.93,0.0154434
0.18,0.94,0.0138142
0.18,0.95,0.0131176
0.18,0.96,0.0148271
0.18,0.97,0.0149937
0.18,0.98,0.014159
0.18,0.99,0.0134162
0.18,1,0.0139809
0.18,1.01,0.0142237
0.18,1.02,0.0118553
0.18,1.03,0.0125486
0.18,1.04,0.012427
0.19,0,0.012281
0.19,0.01,0.0121154
0.19,0.02,0.013329
0.19,0.03,0.0124889
0.19,0.04,0.0149994
0.19,0.05,0.0145325
0.19,0.06,0.0143026
0.19,0.07,0.0133314
0.19,0.08,0.0147634
0.19,0.09,0.0138143
0.19,0.1,0.0142107
0.19,0.11,0.0146668
0.19,0.12,0.0166069
0.19,0.13,0.0156675
0.19,0.14,0.0169499
0.19,0.15,0.0182687
0.19,0.16,0.0164815
0.19,0.17,0.0175248
0.19,0.18,0.0172916
0.19,0.19,0.0168095
0.19,0.2,0.0175441
0.19,0.21,0.0206073
0.19,0.22,0.0194115
0.19,0.23,0.0211901
0.19,0.24,0.0201102
0.19,0.25,0.0194033
0.19,0.26,0.0212395
0.19,0.27,0.0219682
0.19,0.28,0.0194963
0.19,0.29,0.0215363
0.19,0.3,0.0217732
0.19,0.31,0.0230218
0.19,0.32,0.0221213
0.19,0.33,0.0234536
0.19,0.34,0.0225573
0.19,0.35,0.0221136
0.19,0.36,0.0236263
0.19,0.37,0.0234778
0.19,0.38,0.0255593
0.19,0.39,0.023237
0.19,0.4,0.0213309
0.19,0.41,0.0229522
0.19,0.42,0.0224851
0.19,0.43,0.02475
0.19,0.44,0.0235948
0.19,0.45,0.0256486
0.19,0.46,0.0251714
0.19,0.47,0.0232214
0.19,0.48,0.0245411
0.19,0.49,0.0251902
0.19,0.5,0.0230216
0.19,0.51,0.0219603
0.19,0.52,0.0241163
0.19,0.53,0.022259
0.19,0.54,0.0237839
0.19,0.55,0.0258651
0.19,0.56,0.0232262
0.19,0.57,0.0259592
0.19,0.58,0.0212914
0.19,0.59,0.0246454
0.19,0.6,0.0237044
0.19,0.61,0.0239013
0.19,0.62,0.0220485
0.19,0.63,0.0231693
0.19,0.64,0.0252164
0.19,0.65,0.0234554
0.19,0.66,0.0229058
0.19,0.67,0.0242728
0.19,0.68,0.023259
0.19,0.69,0.0235856
0.19,0.7,0.0225831
0.19,0.71,0.022688
0.19,0.72,0.0231936
0.19,0.73,0.0224106
0.19,0.74,0.0212112
0.19,0.75,0.0221289
0.19,0.76,0.0205512
0.19,0.77,0.0205892
0.19,0.78,0.0186911
0.19,0.79,0.018583
0.19,0.8,0.020337
0.19,0.81,0.0194693
0.19,0.82,0.0204469
0.19,0.83,0.0187957
0.19,0.84,0.0188663
0.19,0.85,0.0188472
0.19,0.86,0.018803
0.19,0.87,0.0180245
0.19,0.88,0.0177202
0.19,0.89,0.0173002
0.19,0.9,0.0163588
0.19,0.91,0.0176414
0.19,0.92,0.0165311
0.19,0.93,0.0172174
0.19,0.94,0.0161506
0.19,0.95,0.014846
0.19,0.96,0.015708
0.19,0.97,0.0137706
0.19,0.98,0.014413
0.19,0.99,0.0136885
0.19,1,0.0136905
0.19,1.01,0.0134205
0.19,1.02,0.01398
0.19,1.03,0.0133827
0.19,1.04,0.0125715
0.2,0,0.012147
0.2,0.01,0.013391
0.2,0.02,0.0128224
0.2,0.03,0.0137139
0.2,0.04,0.0138139
0.2,0.05,0.0145988
0.2,0.06,0.0129151
0.2,0.07,0.0140086
0.2,0.08,0.0148464
0.2,0.09,0.0158727
0.2,0.1,0.0161265
0.2,0.11,0.0168961
0.2,0.12,0.0168098
0.2,0.13,0.0171584
0.2,0.14,0.0165074
0.2,0.15,0.0175566
0.2,0.16,0.0196928
0.2,0.17,0.0179853
0.2,0.18,0.0188413
0.2,0.19,0.018506
0.2,0.2,0.0194939
0.2,0.21,0.0188313
0.2,0.22,0.0197864
0.2,0.23,0.020802
0.2,0.24,0.0215714
0.2,0.25,0.0217526
0.2,0.26,0.0204308
0.2,0.27,0.0202704
0.2,0.28,0.0220518
0.2,0.29,0.0218089
0.2,0.3,0.0222538
0.2,0.31,0.0231465
0.2,0.32,0.0217588
0.2,0.33,0.0211916
0.2,0.34,0.0241863
0.2,0.35,0.0248291
0.2,0.36,0.0237933
0.2,0.37,0.0230592
0.2,0.38,0.0216802
0.2,0.39,0.0248945
0.2,0.4,0.0224749
0.2,0.41,0.0253922
0.2,0.42,0.0235368
0.2,0.43,0.0220938
0.2,0.44,0.0240852
0.2,0.45,0.0239201
0.2,0.46,0.0241431
0.2,0.47,0.0254259
0.2,0.48,0.0233949
0.2,0.49,0.0241667
0.2,0.5,0.025709
0.2,0.51,0.0248217
0.2,0.52,0.0251778
0.2,0.53,0.0246683
0.2,0.54,0.027365
0.2,0.55,0.024773
0.2,0.56,0.0214743
0.2,0.57,0.0243532
0.2,0.58,0.0227469
0.2,0.59,0.0240115
0.2,0.6,0.022934
0.2,0.61,0.0260241
0.2,0.62,0.0245331
0.2,0.63,0.0238256
0.2,0.64,0.0242245
0.2,0.65,0.0236296
0.2,0.66,0.0232535
0.2,0.67,0.0225255
0.2,0.68,0.023525
0.2,0.69,0.023849
0.2,0.7,0.0244407
0.2,0.71,0.0214776
0.2,0.72,0.0229897
0.2,0.73,0.0201676
0.2,0.74,0.0205251
0.2,0.75,0.0226676
0.2,0.76,0.0222796
0.2,0.77,0.0220766
0.2,0.78,0.0182708
0.2,0.79,0.0200041
0.2,0.8,0.0210849
0.2,0.81,0.0213006
0.2,0.82,0.0198754
0.2,0.83,0.018485
0.2,0.84,0.0213441
0.2,0.85,0.0181662
0.2,0.86,0.0193931
0.2,0.87,0.0186671
0.2,0.88,0.0191138
0.2,0.89,0.0177094
0.2,0.9,0.0180537
0.2,0.91,0.0177206
0.2,0.92,0.0189657
0.2,0.93,0.0148155
0.2,0.94,0.0155248
0.2,0.95,0.0160334
0.2,0.96,0.0149884
0.2,0.97,0.0156988
0.2,0.98,0.0137734
0.2,0.99,0.013977
0.2,1,0.0142492
0.2,1.01,0.0139333
0.2,1.02,0.0140164
0.2,1.03,0.0124113
0.2,1.04,0.0135551
0.21,0,0.0114722
0.21,0.01,0.0119593
0.21,0.02,0.0127981
0.21,0.03,0.0129645
0.21,0.04,0.0139441
0.21,0.05,0.0147273
0.21,0.06,0.0145746
0.21,0.07,0.0142864
0.21,0.08,0.0146993
0.21,0.09,0.0145648
0.21,0.1,0.0162041
0.21,0.11,0.0153016
0.21,0.12,0.0161819
0.21,0.13,0.0163292
0.21,0.14,0.0172187
0.21,0.15,0.0172923
0.21,0.16,0.0184649
0.21,0.17,0.0206246
0.21,0.18,0.0185569
0.21,0.19,0.0192216
0.21,0.2,0.019787
0.21,0.21,0.0199923
0.21,0.22,0.0207744
0.21,0.23,0.0198844
0.21,0.24,0.0212204
0.21,0.25,0.0200941
0.21,0.26,0.0223784
0.21,0.27,0.0199595
0.21,0.28,0.0232245
0.21,0.29,0.0202033
0.21,0.3,0.0214171
0.21,0.31,0.0232091
0.21,0.32,0.0225258
0.21,0.33,0.024259
0.21,0.34,0.0232676
0.21,0.35,0.0230632
0.21,0.36,0.0238219
0.21,0.37,0.0220801
0.21,0.38,0.022932
0.21,0.39,0.0242126
0.21,0.4,0.0240616
0.21,0.41,0.0242936
0.21,0.42,0.0255848
0.21,0.43,0.0237027
0.21,0.44,0.0242577
0.21,0.45,0.023258
0.21,0.46,0.0253236
0.21,0.47,0.0227291
0.21,0.48,0.0246153
0.21,0.49,0.023796
0.21,0.5,0.0249985
0.21,0.51,0.0244044
0.21,0.52,0.0247138
0.21,0.53,0.0238814
0.21,0.54,0.024468
0.21,0.55,0.0250007
0.21,0.56,0.0230579
0.21,0.57,0.026095
0.21,0.58,0.0243055
0.21,0.59,0.0242393
0.21,0.6,0.0226273
0.21,0.61,0.0225351
0.21,0.62,0.0247302
0.21,0.63,0.0228645
0.21,0.64,0.0230289
0.21,0.65,0.026365
0.21,0.66,0.0240921
0.21,0.67,0.0239225
0.21,0.68,0.0237334
0.21,0.69,0.0225219
0.21,0.7,0.0236168
0.21,0.71,0.0229043
0.21,0.72,0.0235373
0.21,0.73,0.0226778
0.21,0.74,0.0239301
0.21,0.75,0.0219866
0.21,0.76,0.0215123
0.21,0.77,0.021524
0.21,0.78,0.0229826
0.21,0.79,0.0212149
0.21,0.8,0.0205208
0.21,0.81,0.0214065
0.21,0.82,0.0213598
0.21,0.83,0.0208531
0.21,0.84,0.0189596
0.21,0.85,0.0209541
0.21,0.86,0.0193886
0.21,0.87,0.0161301
0.21,0.88,0.0186541
0.21,0.89,0.017809
0.21,0.9,0.0173764
0.21,0.91,0.0157703
0.21,0.92,0.0169818
0.21,0.93,0.0155991
0.21,0.94,0.0154861
0.21,0.95,0.015478
0.21,0.96,0.0145727
0.21,0.97,0.0158696
0.21,0.98,0.0167395
0.21,0.99,0.0139533
0.21,1,0.013785
0.21,1.01,0.0143435
0.21,1.02,0.0130274
0.21,1.03,0.0125659
0.21,1.04,0.0131907
0.22,0,0.0121039
0.22,0.01,0.0137468
0.22,0.02,0.0130343
0.22,0.03,0.0132917
0.22,0.04,0.0152222
0.22,0.05,0.0143056
0.22,0.06,0.0155203
0.22,0.07,0.014425
0.22,0.08,0.0138439
0.22,0.09,0.0166205
0.22,0.1,0.0154163
0.22,0.11,0.0165307
0.22,0.12,0.0165474
0.22,0.13,0.0173261
0.22,0.14,0.0171514
0.22,0.15,0.0163924
0.22,0.16,0.0168112
0.22,0.17,0.0195499
0.22,0.18,0.0197068
0.22,0.19,0.0204593
0.22,0.2,0.0199397
0.22,0.21,0.0187658
0.22,0.22,0.019746
0.22,0.23,0.0205686
0.22,0.24,0.0199347
0.22,0.25,0.0213758
0.22,0.26,0.0211899
0.22,0.27,0.0227102
0.22,0.28,0.0212552
0.22,0.29,0.0220844
0.22,0.3,0.0209234
0.22,0.31,0.0202068
0.22,0.32,0.022054
0.22,0.33,0.0219364
0.22,0.34,0.025873
0.22,0.35,0.0235048
0.22,0.36,0.0236841
0.22,0.37,0.0240909
0.22,0.38,0.0231465
0.22,0.39,0.0219289
0.22,0.4,0.0246896
0.22,0.41,0.0246457
0.22,0.42,0.0244739
0.22,0.43,0.0223693
0.22,0.44,0.0240583
0.22,0.45,0.0253464
0.22,0.46,0.0232161
0.22,0.47,0.0240595
0.22,0.48,0.0240369
0.22,0.49,0.023794
0.22,0.5,0.0227065
0.22,0.51,0.0247273
0.22,0.52,0.0252536
0.22,0.53,0.0247442
0.22,0.54,0.02486
0.22,0.55,0.0244014
0.22,0.56,0.0251596
0.22,0.57,0.0256671
0.22,0.58,0.024246
0.22,0.59,0.025002
0.22,0.6,0.0252198
0.22,0.61,0.0246355
0.22,0.62,0.0259934
0.22,0.63,0.0254671
0.22,0.64,0.0239927
0.22,0.65,0.0235704
0.22,0.66,0.0221537
0.22,0.67,0.0234359
0.22,0.68,0.0244501
0.22,0.69,0.0233615
0.22,0.7,0.0248975
0.22,0.71,0.0239265
0.22,0.72,0.0212589
0.22,0.73,0.022528
0.22,0.74,0.0232874
0.22,0.75,0.0226687
0.22,0.76,0.0224265
0.22,0.77,0.0231335
0.22,0.78,0.022269
0.22,0.79,0.0219716
0.22,0.8,0.0214485
0.22,0.81,0.0208345
0.22,0.82,0.0196316
0.22,0.83,0.0216097
0.22,0.84,0.0199129
0.22,0.85,0.0210613
0.22,0.86,0.0192565
0.22,0.87,0.018522
0.22,0.88,0.0179286
0.22,0.89,0.0182411
0.22,0.9,0.0187472
0.22,0.91,0.0174988
0.22,0.92,0.017746
0.22,0.93,0.0160497
0.22,0.94,0.0152856
0.22,0.95,0.0150183
0.22,0.96,0.0141857
0.22,0.97,0.0143123
0.22,0.98,0.0143895
0.22,0.99,0.0153585
0.22,1,0.0142467
0.22,1.01,0.012727
0.22,1.02,0.0141166
0.22,1.03,0.0131841
0.22,1.04,0.0127296
0.23,0,0.012592
0.23,0.01,0.0128691
0.23,0.02,0.013028
0.23,0.03,0.0136549
0.23,0.04,0.0131887
0.23,0.05,0.0145458
0.23,0.06,0.0149804
0.23,0.07,0.0163202
0.23,0.08,0.0151489
0.23,0.09,0.016778
0.23,0.1,0.018258
0.23,0.11,0.0165515
0.23,0.12,0.0186225
0.23,0.13,0.0166004
0.23,0.14,0.0177793
0.23,0.15,0.0190952
0.23,0.16,0.019198
0.23,0.17,0.0200246
0.23,0.18,0.0195593
0.23,0.19,0.0205266
0.23,0.2,0.0215021
0.23,0.21,0.0190646
0.23,0.22,0.0203561
0.23,0.23,0.0218936
0.23,0.24,0.0218341
0.23,0.25,0.0224961
0.23,0.26,0.0204879
0.23,0.27,0.0213192
0.23,0.28,0.0211807
0.23,0.29,0.0227885
0.23,0.3,0.0240083
0.23,0.31,0.0221975
0.23,0.32,0.0227617
0.23,0.33,0.0234895
0.23,0.34,0.0245697
0.23,0.35,0.024002
0.23,0.36,0.0228337
0.23,0.37,0.0232028
0.23,0.38,0.0250819
0.23,0.39,0.0240073
0.23,0.4,0.0245353
0.23,0.41,0.0249819
0.23,0.42,0.0216786
0.23,0.43,0.0232074
0.23,0.44,0.0217748
0.23,0.45,0.0241707
0.23,0.46,0.0237324
0.23,0.47,0.0231761
0.23,0.48,0.02645
0.23,0.49,0.0238382
0.23,0.5,0.025225
0.23,0.51,0.0250833
0.23,0.52,0.0236283
0.23,0.53,0.0245052
0.23,0.54,0.0236929
0.23,0.55,0.0251653
0.23,0.56,0.0249807
0.23,0.57,0.0239288
0.23,0.58,0.0254576
0.23,0.59,0.0253643
0.23,0.6,0.0230938
0.23,0.61,0.0222743
0.23,0.62,0.0253723
0.23,0.63,0.0241414
0.23,0.64,0.0250037
0.23,0.65,0.0229957
0.23,0.66,0.0236983
0.23,0.67,0.0244021
0.23,0.68,0.0232255
0.23,0.69,0.0239628
0.23,0.7,0.0236359
0.23,0.71,0.0230896
0.23,0.72,0.0233857
0.23,0.73,0.0217077
0.23,0.74,0.0232884
0.23,0.75,0.0232958
0.23,0.76,0.021848
0.23,0.77,0.0218129
0.23,0.78,0.0227218
0.23,0.79,0.0234167
0.23,0.8,0.0210736
0.23,0.81,0.0220628
0.23,0.82,0.0223009
0.23,0.83,0.0207296
0.23,0.84,0.0210183
0.23,0.85,0.0194386
0.23,0.86,0.0212557
0.23,0.87,0.0207263
0.23,0.88,0.0196362
0.23,0.89,0.0202909
0.23,0.9,0.0179574
0.23,0.91,0.0171535
0.23,0.92,0.0159479
0.23,0.93,0.0165219
0.23,0.94,0.0179896
0.23,0.95,0.017023
0.23,0.96,0.0174617
0.23,0.97,0.0147686
0.23,0.98,0.0156909
0.23,0.99,0.0140551
0.23,1,0.013087
0.23,1.01,0.0143285
0.23,1.02,0.0134392
0.23,1.03,0.0120491
0.23,1.04,0.0125476
0.24,0,0.0124311
0.24,0.01,0.0112129
0.24,0.02,0.0129564
0.24,0.03,0.0157772
0.24,0.04,0.0152429
0.24,0.05,0.0149725
0.24,0.06,0.0156351
0.24,0.07,0.0154021
0.24,0.08,0.0154717
0.24,0.09,0.0171358
0.24,0.1,0.0155958
0.24,0.11,0.0176894
0.24,0.12,0.0167256
0.24,0.13,0.017709
0.24,0.14,0.0179873
0.24,0.15,0.0189632
0.24,0.16,0.0189366
0.24,0.17,0.0182344
0.24,0.18,0.0205512
0.24,0.19,0.019832
0.24,0.2,0.0201365
0.24,0.21,0.0204307
0.24,0.22,0.0214402
0.24,0.23,0.0208321
0.24,0.24,0.0222427
0.24,0.25,0.0228255
0.24,0.26,0.0214311
0.24,0.27,0.021474
0.24,0.28,0.02056
0.24,0.29,0.0241525
0.24,0.3,0.0233879
0.24,0.31,0.0229241
0.24,0.32,0.0229403
0.24,0.33,0.0221389
0.24,0.34,0.0230913
0.24,0.35,0.0232275
0.24,0.36,0.0239144
0.24,0.37,0.0238622
0.24,0.38,0.0232725
0.24,0.39,0.025159
0.24,0.4,0.0242834
0.24,0.41,0.0252638
0.24,0.42,0.024343
0.24,0.43,0.0264895
0.24,0.44,0.0225305
0.24,0.45,0.0259585
0.24,0.46,0.021229
0.24,0.47,0.0232744
0.24,0.48,0.0229812
0.24,0.49,0.0241769
0.24,0.5,0.0246
0.24,0.51,0.0240426
0.24,0.52,0.0249419
0.24,0.53,0.0252864
0.24,0.54,0.0246643
0.24,0.55,0.0248135
0.24,0.56,0.0242663
0.24,0.57,0.0234596
0.24,0.58,0.0245914
0.24,0.59,0.024809
0.24,0.6,0.0251815
0.24,0.61,0.0228965
0.24,0.62,0.0260236
0.24,0.63,0.0251484
0.24,0.64,0.0243554
0.24,0.65,0.025204
0.24,0.66,0.0241118
0.24,0.67,0.0234072
0.24,0.68,0.0260643
0.24,0.69,0.0246275
0.24,0.7,0.0235761
0.24,0.71,0.0239932
0.24,0.72,0.0230005
0.24,0.73,0.0241741
0.24,0.74,0.0225122
0.24,0.75,0.0228671
0.24,0.76,0.0238186
0.24,0.77,0.023716
0.24,0.78,0.0212129
0.24,0.79,0.0227121
0.24,0.8,0.0224245
0.24,0.81,0.0239852
0.24,0.82,0.0203563
0.24,0.83,0.0214918
0.24,0.84,0.0199168
0.24,0.85,0.0199495
0.24,0.86,0.0191606
0.24,0.87,0.0181572
0.24,0.88,0.0191098
0.24,0.89,0.0191723
0.24,0.9,0.018202
0.24,0.91,0.0171983
0.24,0.92,0.0181316
0.24,0.93,0.0182634
0.24,0.94,0.0177039
0.24,0.95,0.015771
0.24,0.96,0.0148533
0.24,0.97,0.0134421
0.24,0.98,0.0139926
0.24,0.99,0.0151896
0.24,1,0.0145751
0.24,1.01,0.013597
0.24,1.02,0.0127962
0.24,1.03,0.0134632
0.24,1.04,0.0124226
0.25,0,0.0117101
0.25,0.01,0.0135036
0.25,0.02,0.012752
0.25,0.03,0.0126072
0.25,0.04,0.0132201
0.25,0.05,0.01495
0.25,0.06,0.0145924
0.25,0.07,0.0140115
0.25,0.08,0.0166411
0.25,0.09,0.0146867
0.25,0.1,0.0156872
0.25,0.11,0.0175821
0.25,0.12,0.0173035
0.25,0.13,0.0175701
0.25,0.14,0.0182134
0.25,0.15,0.0208355
0.25,0.16,0.017545
0.25,0.17,0.0209329
0.25,0.18,0.0194698
0.25,0.19,0.0206338
0.25,0.2,0.0193207
0.25,0.21,0.0210486
0.25,0.22,0.0197644
0.25,0.23,0.0234041
0.25,0.24,0.0226483
0.25,0.25,0.0227987
0.25,0.26,0.019556
0.25,0.27,0.0233746
0.25,0.28,0.0225812
0.25,0.29,0.0236323
0.25,0.3,0.023899
0.25,0.31,0.0228959
0.25,0.32,0.0238727
0.25,0.33,0.0234884
0.25,0.34,0.0247187
0.25,0.35,0.0249016
0.25,0.36,0.0242673
0.25,0.37,0.0232112
0.25,0.38,0.0240648
0.25,0.39,0.0252715
0.25,0.4,0.0236697
0.25,0.41,0.0250639
0.25,0.42,0.0242561
0.25,0.43,0.0255246
0.25,0.44,0.0242136
0.25,0.45,0.0269634
0.25,0.46,0.0248895
0.25,0.47,0.024113
0.25,0.48,0.0246033
0.25,0.49,0.0248844
0.25,0.5,0.0238219
0.25,0.51,0.0256057
0.25,0.52,0.0266675
0.25,0.53,0.0260514
0.25,0.54,0.024002
0.25,0.55,0.0248326
0.25,0.56,0.0220305
0.25,0.57,0.0251405
0.25,0.58,0.0242756
0.25,0.59,0.0245824
0.25,0.6,0.024454
0.25,0.61,0.0262753
0.25,0.62,0.0236227
0.25,0.63,0.0244635
0.25,0.64,0.0245524
0.25,0.65,0.0242438
0.25,0.66,0.0240146
0.25,0.67,0.0239643
0.25,0.68,0.0262879
0.25,0.69,0.0262724
0.25,0.7,0.0237394
0.25,0.71,0.0237721
0.25,0.72,0.0234091
0.25,0.73,0.0212366
0.25,0.74,0.0245052
0.25,0.75,0.0226567
0.25,0.76,0.021929
0.25,0.77,0.0239027
0.25,0.78,0.0224931
0.25,0.79,0.021499
0.25,0.8,0.0220105
0.25,0.81,0.02275
0.25,0.82,0.0212872
0.25,0.83,0.0199706
0.25,0.84,0.0203639
0.25,0.85,0.0221982
0.25,0.86,0.0209418
0.25,0.87,0.0185987
0.25,0.88,0.0193081
0.25,0.89,0.0185033
0.25,0.9,0.0183871
0.25,0.91,0.0196997
0.25,0.92,0.017841
0.25,0.93,0.0171847
0.25,0.94,0.016441
0.25,0.95,0.0156773
0.25,0.96,0.0166565
0.25,0.97,0.0161528
0.25,0.98,0.0141371
0.25,0.99,0.0148647
0.25,1,0.0145594
0.25,1.01,0.0138769
0.25,1.02,0.0142958
0.25,1.03,0.0125052
0.25,1.04,0.0120978
0.26,0,0.0120323
0.26,0.01,0.0124651
0.26,0.02,0.0127078
0.26,0.03,0.0138227
0.26,0.04,0.013591
0.26,0.05,0.0133598
0.26,0.06,0.0151303
0.26,0.07,0.0154087
0.26,0.08,0.0148124
0.26,0.09,0.016033
0.26,0.1,0.0171957
0.26,0.11,0.0156033
0.26,0.12,0.0199278
0.26,0.13,0.0183487
0.26,0.14,0.0198928
0.26,0.15,0.0189531
0.26,0.16,0.018358
0.26,0.17,0.0204478
0.26,0.18,0.0194875
0.26,0.19,0.0207691
0.26,0.2,0.0212524
0.26,0.21,0.0232822
0.26,0.22,0.0213665
0.26,0.23,0.0226508
0.26,0.24,0.0231416
0.26,0.25,0.0233878
0.26,0.26,0.0224383
0.26,0.27,0.0225829
0.26,0.28,0.0234497
0.26,0.29,0.0236526
0.26,0.3,0.0253183
0.26,0.31,0.022364
0.26,0.32,0.0234671
0.26,0.33,0.0224759
0.26,0.34,0.0249538
0.26,0.35,0.0237555
0.26,0.36,0.0246117
0.26,0.37,0.0247399
0.26,0.38,0.0250996
0.26,0.39,0.0245958
0.26,0.4,0.022523
0.26,0.41,0.0244668
0.26,0.42,0.022779
0.26,0.43,0.0233324
0.26,0.44,0.0252346
0.26,0.45,0.0240704
0.26,0.46,0.0239045
0.26,0.47,0.0250153
0.26,0.48,0.0255504
0.26,0.49,0.0232611
0.26,0.5,0.0248847
0.26,0.51,0.0246773
0.26,0.52,0.0236227
0.26,0.53,0.0238647
0.26,0.54,0.0246705
0.26,0.55,0.0260781
0.26,0.56,0.0245728
0.26,0.57,0.025581
0.26,0.58,0.0258303
0.26,0.59,0.0246897
0.26,0.6,0.0250213
0.26,0.61,0.0246679
0.26,0.62,0.0247901
0.26,0.63,0.0243799
0.26,0.64,0.0239392
0.26,0.65,0.025334
0.26,0.66,0.02277
0.26,0.67,0.0236526
0.26,0.68,0.0245066
0.26,0.69,0.0245541
0.26,0.7,0.0254209
0.26,0.71,0.0236661
0.26,0.72,0.0225051
0.26,0.73,0.0234934
0.26,0.74,0.0251754
0.26,0.75,0.0224424
0.26,0.76,0.0234158
0.26,0.77,0.0218
0.26,0.78,0.0234967
0.26,0.79,0.0228341
0.26,0.8,0.0222006
0.26,0.81,0.0241411
0.26,0.82,0.0215858
0.26,0.83,0.0206715
0.26,0.84,0.0212797
0.26,0.85,0.0206476
0.26,0.86,0.0206823
0.26,0.87,0.0192277
0.26,0.88,0.0204433
0.26,0.89,0.0218024
0.26,0.9,0.0181516
0.26,0.91,0.0174544
0.26,0.92,0.0182029
0.26,0.93,0.0190965
0.26,0.94,0.0165255
0.26,0.95,0.0173566
0.26,0.96,0.0168944
0.26,0.97,0.0154864
0.26,0.98,0.014808
0.26,0.99,0.0145912
0.26,1,0.0159431
0.26,1.01,0.0142779
0.26,1.02,0.0139945
0.26,1.03,0.0133954
0.26,1.04,0.0126652
0.27,0,0.0141505
0.27,0.01,0.0122792
0.27,0.02,0.0145128
0.27,0.03,0.0139677
0.27,0.04,0.0130561
0.27,0.05,0.0135086
0.27,0.06,0.0150273
0.27,0.07,0.0140433
0.27,0.08,0.0146873
0.27,0.09,0.0163896
0.27,0.1,0.0176957
0.27,0.11,0.0177467
0.27,0.12,0.0168337
0.27,0.13,0.0163981
0.27,0.14,0.0169861
0.27,0.15,0.0200344
0.27,0.16,0.0211695
0.27,0.17,0.021584
0.27,0.18,0.0228146
0.27,0.19,0.0190044
0.27,0.2,0.0209011
0.27,0.21,0.0225096
0.27,0.22,0.0220911
0.27,0.23,0.0217072
0.27,0.24,0.0239292
0.27,0.25,0.0224221
0.27,0.26,0.0228616
0.27,0.27,0.0233589
0.27,0.28,0.0235146
0.27,0.29,0.0240305
0.27,0.3,0.0241331
0.27,0.31,0.0237712
0.27,0.32,0.0231714
0.27,0.33,0.02345
0.27,0.34,0.025583
0.27,0.35,0.024436
0.27,0.36,0.0239738
0.27,0.37,0.0250046
0.27,0.38,0.0234507
0.27,0.39,0.02705
0.27,0.4,0.0238259
0.27,0.41,0.0239088
0.27,0.42,0.0262574
0.27,0.43,0.0242993
0.27,0.44,0.0265425
0.27,0.45,0.0259591
0.27,0.46,0.0230717
0.27,0.47,0.0240443
0.27,0.48,0.0251832
0.27,0.49,0.0251522
0.27,0.5,0.0240984
0.27,0.51,0.0248518
0.27,0.52,0.0239672
0.27,0.53,0.0257096
0.27,0.54,0.02604
0.27,0.55,0.0260836
0.27,0.56,0.026081
0.27,0.57,0.0243722
0.27,0.58,0.0245304
0.27,0.59,0.0254878
0.27,0.6,0.0229739
0.27,0.61,0.0233407
0.27,0.62,0.0229072
0.27,0.63,0.0262929
0.27,0.64,0.0232025
0.27,0.65,0.0223338
0.27,0.66,0.0257848
0.27,0.67,0.0252714
0.27,0.68,0.0258941
0.27,0.69,0.0231549
0.27,0.7,0.0250815
0.27,0.71,0.0235469
0.27,0.72,0.0239297
0.27,0.73,0.0237058
0.27,0.74,0.0263151
0.27,0.75,0.0229974
0.27,0.76,0.0250573
0.27,0.77,0.0240257
0.27,0.78,0.0227493
0.27,0.79,0.0216439
0.27,0.8,0.0228535
0.27,0.81,0.0232223
0.27,0.82,0.0222517
0.27,0.83,0.0203481
0.27,0.84,0.0226945
0.27,0.85,0.0207178
0.27,0.86,0.0212881
0.27,0.87,0.0218655
0.27,0.88,0.0184955
0.27,0.89,0.0180608
0.27,0.9,0.0176809
0.27,0.91,0.0205504
0.27,0.92,0.0173328
0.27,0.93,0.0196437
0.27,0.94,0.0179731
0.27,0.95,0.0158744
0.27,0.96,0.0155025
0.27,0.97,0.0155946
0.27,0.98,0.0160687
0.27,0.99,0.0143895
0.27,1,0.0148516
0.27,1.01,0.0141149
0.27,1.02,0.0128384
0.27,1.03,0.0127662
0.27,1.04,0.0106665
0.28,0,0.013283
0.28,0.01,0.0127758
0.28,0.02,0.0121519
0.28,0.03,0.0130785
0.28,0.04,0.0142977
0.28,0.05,0.0123255
0.28,0.06,0.0147342
0.28,0.07,0.0155766
0.28,0.08,0.0164031
0.28,0.09,0.0145664
0.28,0.1,0.0172309
0.28,0.11,0.0178018
0.28,0.12,0.0158528
0.28,0.13,0.0177087
0.28,0.14,0.020013
0.28,0.15,0.0197333
0.28,0.16,0.020128
0.28,0.17,0.0190994
0.28,0.18,0.0224611
0.28,0.19,0.0206831
0.28,0.2,0.0200569
0.28,0.21,0.020891
0.28,0.22,0.0235983
0.28,0.23,0.0209468
0.28,0.24,0.0235769
0.28,0.25,0.0222472
0.28,0.26,0.0226831
0.28,0.27,0.0240394
0.28,0.28,0.0240271
0.28,0.29,0.0222625
0.28,0.3,0.0229334
0.28,0.31,0.0246527
0.28,0.32,0.0237883
0.28,0.33,0.0248892
0.28,0.34,0.0235668
0.28,0.35,0.0253532
0.28,0.36,0.0258425
0.28,0.37,0.0233958
0.28,0.38,0.0245159
0.28,0.39,0.0248815
0.28,0.4,0.0246605
0.28,0.41,0.0222347
0.28,0.42,0.0242365
0.28,0.43,0.0254011
0.28,0.44,0.0257158
0.28,0.45,0.0247715
0.28,0.46,0.0235577
0.28,0.47,0.0260888
0.28,0.48,0.0253896
0.28,0.49,0.0223285
0.28,0.5,0.0265089
0.28,0.51,0.0233625
0.28,0.52,0.023234
0.28,0.53,0.0254356
0.28,0.54,0.0260153
0.28,0.55,0.0241934
0.28,0.56,0.0240066
0.28,0.57,0.0235477
0.28,0.58,0.0247922
0.28,0.59,0.0246301
0.28,0.6,0.0250799
0.28,0.61,0.0248973
0.28,0.62,0.0244254
0.28,0.63,0.0239585
0.28,0.64,0.0257934
0.28,0.65,0.0256555
0.28,0.66,0.0249862
0.28,0.67,0.0233769
0.28,0.68,0.023735
0.28,0.69,0.0222276
0.28,0.7,0.0240163
0.28,0.71,0.0233255
0.28,0.72,0.0258265
0.28,0.73,0.0243895
0.28,0.74,0.0223962
0.28,0.75,0.0232974
0.28,0.76,0.022881
0.28,0.77,0.0223131
0.28,0.78,0.024516
0.28,0.79,0.0235741
0.28,0.8,0.0212557
0.28,0.81,0.0226415
0.28,0.82,0.0228053
0.28,0.83,0.021334
0.28,0.84,0.0216581
0.28,0.85,0.0224048
0.28,0.86,0.0199178
0.28,0.87,0.020743
0.28,0.88,0.022646
0.28,0.89,0.0200602
0.28,0.9,0.0193735
0.28,0.91,0.0198956
0.28,0.92,0.0201718
0.28,0.93,0.0195725
0.28,0.94,0.0174432
0.28,0.95,0.0171129
0.28,0.96,0.0178196
0.28,0.97,0.0165334
0.28,0.98,0.0150133
0.28,0.99,0.0152325
0.28,1,0.0148776
0.28,1.01,0.0150398
0.28,1.02,0.0134707
0.28,1.03,0.0143663
0.28,1.04,0.0126512
0.29,0,0.0128141
0.29,0.01,0.0130417
0.29,0.02,0.012509
0.29,0.03,0.0138927
0.29,0.04,0.0152192
0.29,0.05,0.0155926
0.29,0.06,0.0145292
0.29,0.07,0.0165277
0.29,0.08,0.0160251
0.29,0.09,0.0174606
0.29,0.1,0.0178233
0.29,0.11,0.0175889
0.29,0.12,0.0187521
0.29,0.13,0.0208699
0.29,0.14,0.0187029
0.29,0.15,0.0189339
0.29,0.16,0.0198758
0.29,0.17,0.0192814
0.29,0.18,0.0206638
0.29,0.19,0.0201781
0.29,0.2,0.0227686
0.29,0.21,0.0229381
0.29,0.22,0.0235958
0.29,0.23,0.0208107
0.29,0.24,0.0226078
0.29,0.25,0.022586
0.29,0.26,0.0224686
0.29,0.27,0.0229953
0.29,0.28,0.0238943
0.29,0.29,0.0239135
0.29,0.3,0.0251074
0.29,0.31,0.0236275
0.29,0.32,0.0240415
0.29,0.33,0.0253694
0.29,0.34,0.0242242
0.29,0.35,0.0225898
0.29,0.36,0.0245098
0.29,0.37,0.0257396
0.29,0.38,0.0240647
0.29,0.39,0.0232506
0.29,0.4,0.0227955
0.29,0.41,0.0251005
0.29,0.42,0.0235843
0.29,0.43,0.023766
0.29,0.44,0.0244163
0.29,0.45,0.0261008
0.29,0.46,0.0241637
0.29,0.47,0.0231902
0.29,0.48,0.0243896
0.29,0.49,0.0240494
0.29,0.5,0.0253182
0.29,0.51,0.0254976
0.29,0.52,0.025217
0.29,0.53,0.0230319
0.29,0.54,0.0247149
0.29,0.55,0.0252065
0.29,0.56,0.0247112
0.29,0.57,0.0267399
0.29,0.58,0.0233458
0.29,0.59,0.0242805
0.29,0.6,0.0262605
0.29,0.61,0.0239598
0.29,0.62,0.0256713
0.29,0.63,0.0248111
0.29,0.64,0.0235342
0.29,0.65,0.0249312
0.29,0.66,0.0247084
0.29,0.67,0.0255233
0.29,0.68,0.0240105
0.29,0.69,0.0237961
0.29,0.7,0.023901
0.29,0.71,0.0234263
0.29,0.72,0.0251187
0.29,0.73,0.0229353
0.29,0.74,0.0237653
0.29,0.75,0.0243842
0.29,0.76,0.0222282
0.29,0.77,0.0235921
0.29,0.78,0.024589
0.29,0.79,0.0216864
0.29,0.8,0.0249898
0.29,0.81,0.0253733
0.29,0.82,0.0227195
0.29,0.83,0.0225781
0.29,0.84,0.0226586
0.29,0.85,0.0230833
0.29,0.86,0.0226687
0.29,0.87,0.0196084
0.29,0.88,0.0215349
0.29,0.89,0.0197358
0.29,0.9,0.0200302
0.29,0.91,0.0191
0.29,0.92,0.018364
0.29,0.93,0.0192134
0.29,0.94,0.0196483
0.29,0.95,0.0167887
0.29,0.96,0.0161318
0.29,0.97,0.0160936
0.29,0.98,0.0151621
0.29,0.99,0.0157972
0.29,1,0.015155
0.29,1.01,0.0140328
0.29,1.02,0.0134629
0.29,1.03,0.0131471
0.29,1.04,0.0117174
0.3,0,0.0103396
0.3,0.01,0.0127339
0.3,0.02,0.0132529
0.3,0.03,0.0137659
0.3,0.04,0.0121681
0.3,0.05,0.0154288
0.3,0.06,0.0154201
0.3,0.07,0.0155995
0.3,0.08,0.0167068
0.3,0.09,0.0169437
0.3,0.1,0.0180384
0.3,0.11,0.0182036
0.3,0.12,0.0161019
0.3,0.13,0.01944
0.3,0.14,0.0190415
0.3,0.15,0.0192205
0.3,0.16,0.021012
0.3,0.17,0.0203061
0.3,0.18,0.0215006
0.3,0.19,0.0237759
0.3,0.2,0.0227819
0.3,0.21,0.0233672
0.3,0.22,0.023859
0.3,0.23,0.021185
0.3,0.24,0.0238434
0.3,0.25,0.0229768
0.3,0.26,0.0233762
0.3,0.27,0.0243959
0.3,0.28,0.0251174
0.3,0.29,0.0242624
0.3,0.3,0.0230526
0.3,0.31,0.0263703
0.3,0.32,0.0242727
0.3,0.33,0.0264672
0.3,0.34,0.0222222
0.3,0.35,0.0255023
0.3,0.36,0.0242251
0.3,0.37,0.0210816
0.3,0.38,0.0247118
0.3,0.39,0.0246083
0.3,0.4,0.025207
0.3,0.41,0.0244772
0.3,0.42,0.0237015
0.3,0.43,0.0245316
0.3,0.44,0.0234419
0.3,0.45,0.0258821
0.3,0.46,0.0247503
0.3,0.47,0.0255735
0.3,0.48,0.0255522
0.3,0.49,0.0245067
0.3,0.5,0.0228692
0.3,0.51,0.0235565
0.3,0.52,0.0262861
0.3,0.53,0.0270907
0.3,0.54,0.0229534
0.3,0.55,0.0244566
0.3,0.56,0.0243589
0.3,0.57,0.0260466
0.3,0.58,0.0255984
0.3,0.59,0.0255514
0.3,0.6,0.0250772
0.3,0.61,0.0225221
0.3,0.62,0.0241912
0.3,0.63,0.0245385
0.3,0.64,0.0273419
0.3,0.65,0.0243223
0.3,0.66,0.0239023
0.3,0.67,0.0264015
0.3,0.68,0.0246667
0.3,0.69,0.0232936
0.3,0.7,0.0236018
0.3,0.71,0.0258301
0.3,0.72,0.0248616
0.3,0.73,0.0244925
0.3,0.74,0.0248171
0.3,0.75,0.0259041
0.3,0.76,0.0248948
0.3,0.77,0.0233975
0.3,0.78,0.0204347
0.3,0.79,0.0228754
0.3,0.8,0.0240103
0.3,0.81,0.0211774
0.3,0.82,0.0221643
0.3,0.83,0.0236055
0.3,0.84,0.0212922
0.3,0.85,0.0214232
0.3,0.86,0.0206303
0.3,0.87,0.0215494
0.3,0.88,0.0207411
0.3,0.89,0.0202955
0.3,0.9,0.0205641
0.3,0.91,0.0193541
0.3,0.92,0.0192556
0.3,0.93,0.0191266
0.3,0.94,0.018701
0.3,0.95,0.0168918
0.3,0.96,0.0166062
0.3,0.97,0.0143056
0.3,0.98,0.0146392
0.3,0.99,0.0131762
0.3,1,0.0173785
0.3,1.01,0.0147338
0.3,1.02,0.0147476
0.3,1.03,0.0126427
0.3,1.04,0.0133055
0.31,0,0.0111623
0.31,0.01,0.0135912
0.31,0.02,0.0141654
0.31,0.03,0.0147991
0.31,0.04,0.0155321
0.31,0.05,0.0146584
0.31,0.06,0.0167111
0.31,0.07,0.0147236
0.31,0.08,0.0173455
0.31,0.09,0.0164877
0.31,0.1,0.01903
0.31,0.11,0.0183752
0.31,0.12,0.0187228
0.31,0.13,0.0203248
0.31,0.14,0.0198197
0.31,0.15,0.0206029
0.31,0.16,0.0200956
0.31,0.17,0.0210646
0.31,0.18,0.0206727
0.31,0.19,0.0216153
0.31,0.2,0.0222788
0.31,0.21,0.0245551
0.31,0.22,0.0231918
0.31,0.23,0.0216187
0.31,0.24,0.0232883
0.31,0.25,0.0227351
0.31,0.26,0.0240662
0.31,0.27,0.0231196
0.31,0.28,0.0246755
0.31,0.29,0.0250795
0.31,0.3,0.0243474
0.31,0.31,0.024333
0.31,0.32,0.0231827
0.31,0.33,0.0235402
0.31,0.34,0.025229
0.31,0.35,0.0249731
0.31,0.36,0.0246095
0.31,0.37,0.0241213
0.31,0.38,0.0239174
0.31,0.39,0.0241706
0.31,0.4,0.0237436
0.31,0.41,0.0255619
0.31,0.42,0.0253226
0.31,0.43,0.0254363
0.31,0.44,0.0228406
0.31,0.45,0.0238646
0.31,0.46,0.0250272
0.31,0.47,0.0246882
0.31,0.48,0.0259345
0.31,0.49,0.0255649
0.31,0.5,0.0234983
0.31,0.51,0.0256939
0.31,0.52,0.0235777
0.31,0.53,0.0242148
0.31,0.54,0.0255713
0.31,0.55,0.0245281
0.31,0.56,0.0252332
0.31,0.57,0.0232765
0.31,0.58,0.0247349
0.31,0.59,0.0248542
0.31,0.6,0.024398
0.31,0.61,0.0267829
0.31,0.62,0.0257663
0.31,0.63,0.0230258
0.31,0.64,0.0241013
0.31,0.65,0.0246492
0.31,0.66,0.0245442
0.31,0.67,0.0245609
0.31,0.68,0.0259687
0.31,0.69,0.0249255
0.31,0.7,0.0246229
0.31,0.71,0.0263344
0.31,0.72,0.0240072
0.31,0.73,0.0252225
0.31,0.74,0.0245556
0.31,0.75,0.0227873
0.31,0.76,0.024184
0.31,0.77,0.0245234
0.31,0.78,0.0249206
0.31,0.79,0.0219394
0.31,0.8,0.0243039
0.31,0.81,0.0216811
0.31,0.82,0.0225733
0.31,0.83,0.0218529
0.31,0.84,0.023507
0.31,0.85,0.0203442
0.31,0.86,0.0206505
0.31,0.87,0.0235911
0.31,0.88,0.0201854
0.31,0.89,0.019978
0.31,0.9,0.0200241
0.31,0.91,0.0177169
0.31,0.92,0.0182655
0.31,0.93,0.018916
0.31,0.94,0.0164117
0.31,0.95,0.0176871
0.31,0.96,0.0179089
0.31,0.97,0.0171892
0.31,0.98,0.0156679
0.31,0.99,0.0151045
0.31,1,0.0145004
0.31,1.01,0.0128577
0.31,1.02,0.0148901
0.31,1.03,0.0143796
0.31,1.04,0.0123382
0.32,0,0.0127746
0.32,0.01,0.0133615
0.32,0.02,0.0136763
0.32,0.03,0.0151986
0.32,0.04,0.016094
0.32,0.05,0.0154074
0.32,0.06,0.0146653
0.32,0.07,0.0165534
0.32,0.08,0.0170782
0.32,0.09,0.0170793
0.32,0.1,0.0164811
0.32,0.11,0.0174315
0.32,0.12,0.0191092
0.32,0.13,0.0184958
0.32,0.14,0.0218189
0.32,0.15,0.021812
0.32,0.16,0.0197822
0.32,0.17,0.0222734
0.32,0.18,0.0236667
0.32,0.19,0.0203755
0.32,0.2,0.0242947
0.32,0.21,0.0252622
0.32,0.22,0.0217348
0.32,0.23,0.0229887
0.32,0.24,0.0233218
0.32,0.25,0.0225977
0.32,0.26,0.0228652
0.32,0.27,0.024693
0.32,0.28,0.0225229
0.32,0.29,0.0238018
0.32,0.3,0.0231833
0.32,0.31,0.0241964
0.32,0.32,0.0258959
0.32,0.33,0.0231729
0.32,0.34,0.0229055
0.32,0.35,0.0252593
0.32,0.36,0.0230901
0.32,0.37,0.0247341
0.32,0.38,0.023514
0.32,0.39,0.0261513
0.32,0.4,0.0251545
0.32,0.41,0.0250853
0.32,0.42,0.025716
0.32,0.43,0.0227752
0.32,0.44,0.0257029
0.32,0.45,0.0256204
0.32,0.46,0.0233072
0.32,0.47,0.0227953
0.32,0.48,0.0224376
0.32,0.49,0.0263843
0.32,0.5,0.0239415
0.32,0.51,0.0247954
0.32,0.52,0.0228564
0.32,0.53,0.0249542
0.32,0.54,0.0239876
0.32,0.55,0.0243508
0.32,0.56,0.0242565
0.32,0.57,0.0248124
0.32,0.58,0.0222581
0.32,0.59,0.0237864
0.32,0.6,0.0230458
0.32,0.61,0.0253833
0.32,0.62,0.0241025
0.32,0.63,0.0260163
0.32,0.64,0.0245438
0.32,0.65,0.0247226
0.32,0.66,0.0257581
0.32,0.67,0.0235282
0.32,0.68,0.023054
0.32,0.69,0.0234927
0.32,0.7,0.0257466
0.32,0.71,0.0226795
0.32,0.72,0.0231836
0.32,0.73,0.0237863
0.32,0.74,0.0254621
0.32,0.75,0.0253113
0.32,0.76,0.0257431
0.32,0.77,0.0234613
0.32,0.78,0.0244575
0.32,0.79,0.0240296
0.32,0.8,0.0240373
0.32,0.81,0.0237862
0.32,0.82,0.0239561
0.32,0.83,0.0224986
0.32,0.84,0.0218326
0.32,0.85,0.0233969
0.32,0.86,0.0206761
0.32,0.87,0.0217943
0.32,0.88,0.0243146
0.32,0.89,0.0206302
0.32,0.9,0.0223213
0.32,0.91,0.0208883
0.32,0.92,0.0195574
0.32,0.93,0.0190678
0.32,0.94,0.0179251
0.32,0.95,0.0169595
0.32,0.96,0.0170792
0.32,0.97,0.0154544
0.32,0.98,0.0154673
0.32,0.99,0.015287
0.32,1,0.0156138
0.32,1.01,0.0139718
0.32,1.02,0.0143742
0.32,1.03,0.0119319
0.32,1.04,0.0131648
0.33,0,0.0116752
0.33,0.01,0.0126165
0.33,0.02,0.0127453
0.33,0.03,0.0144587
0.33,0.04,0.0142036
0.33,0.05,0.0144274
0.33,0.06,0.0169234
0.33,0.07,0.0141334
0.33,0.08,0.0168941
0.33,0.09,0.0187121
0.33,0.1,0.0177045
0.33,0.11,0.018579
0.33,0.12,0.0188334
0.33,0.13,0.0179325
0.33,0.14,0.01992
0.33,0.15,0.0196856
0.33,0.16,0.0212964
0.33,0.17,0.0216143
0.33,0.18,0.0228218
0.33,0.19,0.0221636
0.33,0.2,0.0229413
0.33,0.21,0.0238928
0.33,0.22,0.0238717
0.33,0.23,0.0225627
0.33,0.24,0.0233596
0.33,0.25,0.0231021
0.33,0.26,0.0235876
0.33,0.27,0.0247014
0.33,0.28,0.0242549
0.33,0.29,0.0242776
0.33,0.3,0.0249087
0.33,0.31,0.0227494
0.33,0.32,0.0248151
0.33,0.33,0.0251534
0.33,0.34,0.0241481
0.33,0.35,0.025863
0.33,0.36,0.0247618
0.33,0.37,0.0252032
0.33,0.38,0.0239933
0.33,0.39,0.0254176
0.33,0.4,0.0225549
0.33,0.41,0.0247905
0.33,0.42,0.0249782
0.33,0.43,0.0237942
0.33,0.44,0.0232531
0.33,0.45,0.0241281
0.33,0.46,0.0240891
0.33,0.47,0.0238206
0.33,0.48,0.0253163
0.33,0.49,0.0241007
0.33,0.5,0.0243187
0.33,0.51,0.0247197
0.33,0.52,0.0240163
0.33,0.53,0.0255352
0.33,0.54,0.0250491
0.33,0.55,0.0263065
0.33,0.56,0.025785
0.33,0.57,0.0244484
0.33,0.58,0.0242654
0.33,0.59,0.025555
0.33,0.6,0.023667
0.33,0.61,0.0234517
0.33,0.62,0.0228615
0.33,0.63,0.0237846
0.33,0.64,0.0250856
0.33,0.65,0.0257508
0.33,0.66,0.0237221
0.33,0.67,0.0234442
0.33,0.68,0.0237791
0.33,0.69,0.0263379
0.33,0.7,0.025249
0.33,0.71,0.0230432
0.33,0.72,0.0261457
0.33,0.73,0.0245651
0.33,0.74,0.023464
0.33,0.75,0.024693
0.33,0.76,0.02387
0.33,0.77,0.026169
0.33,0.78,0.0227695
0.33,0.79,0.0239616
0.33,0.8,0.0249739
0.33,0.81,0.0236597
0.33,0.82,0.0230084
0.33,0.83,0.0251225
0.33,0.84,0.0244271
0.33,0.85,0.0234265
0.33,0.86,0.0206355
0.33,0.87,0.0199533
0.33,0.88,0.0229814
0.33,0.89,0.0222186
0.33,0.9,0.021019
0.33,0.91,0.0208875
0.33,0.92,0.0208919
0.33,0.93,0.0192861
0.33,0.94,0.0167979
0.33,0.95,0.0186038
0.33,0.96,0.015864
0.33,0.97,0.0184543
0.33,0.98,0.0165808
0.33,0.99,0.0154468
0.33,1,0.0157247
0.33,1.01,0.0147825
0.33,1.02,0.0143983
0.33,1.03,0.0121052
0.33,1.04,0.0122872
0.34,0,0.0132777
0.34,0.01,0.0127626
0.34,0.02,0.0146208
0.34,0.03,0.0127629
0.34,0.04,0.0153566
0.34,0.05,0.0144236
0.34,0.06,0.0162277
0.34,0.07,0.0164787
0.34,0.08,0.0169695
0.34,0.09,0.0178319
0.34,0.1,0.0176539
0.34,0.11,0.0185198
0.34,0.12,0.0203638
0.34,0.13,0.0221792
0.34,0.14,0.0205855
0.34,0.15,0.0227564
0.34,0.16,0.0203035
0.34,0.17,0.0212122
0.34,0.18,0.0211631
0.34,0.19,0.0210789
0.34,0.2,0.0242968
0.34,0.21,0.0209949
0.34,0.22,0.0231907
0.34,0.23,0.0223064
0.34,0.24,0.0250934
0.34,0.25,0.0223062
0.34,0.26,0.0222489
0.34,0.27,0.0241318
0.34,0.28,0.0249806
0.34,0.29,0.0243707
0.34,0.3,0.0248576
0.34,0.31,0.0257127
0.34,0.32,0.025051
0.34,0.33,0.0265086
0.34,0.34,0.0239622
0.34,0.35,0.0257734
0.34,0.36,0.0268628
0.34,0.37,0.0239834
0.34,0.38,0.0243116
0.34,0.39,0.0237292
0.34,0.4,0.0257824
0.34,0.41,0.0253446
0.34,0.42,0.024864
0.34,0.43,0.0252503
0.34,0.44,0.0256835
0.34,0.45,0.0257931
0.34,0.46,0.0265049
0.34,0.47,0.0260404
0.34,0.48,0.0231765
0.34,0.49,0.0237628
0.34,0.5,0.0247354
0.34,0.51,0.0259272
0.34,0.52,0.0256614
0.34,0.53,0.024729
0.34,0.54,0.0264057
0.34,0.55,0.0254731
0.34,0.56,0.0262578
0.34,0.57,0.0259196
0.34,0.58,0.0240816
0.34,0.59,0.0248595
0.34,0.6,0.0230811
0.34,0.61,0.0242753
0.34,0.62,0.0244915
0.34,0.63,0.0236264
0.34,0.64,0.0233013
0.34,0.65,0.0230478
0.34,0.66,0.0249502
0.34,0.67,0.0240426
0.34,0.68,0.0240335
0.34,0.69,0.0231363
0.34,0.7,0.0231537
0.34,0.71,0.0236289
0.34,0.72,0.0242753
0.34,0.73,0.0245225
0.34,0.74,0.0249789
0.34,0.75,0.0233077
0.34,0.76,0.0257879
0.34,0.77,0.0255484
0.34,0.78,0.0251336
0.34,0.79,0.0232267
0.34,0.8,0.0223625
0.34,0.81,0.0259153
0.34,0.82,0.0217924
0.34,0.83,0.0221768
0.34,0.84,0.0240495
0.34,0.85,0.022987
0.34,0.86,0.0238288
0.34,0.87,0.0201998
0.34,0.88,0.0210048
0.34,0.89,0.0221771
0.34,0.9,0.0194812
0.34,0.91,0.020749
0.34,0.92,0.0201504
0.34,0.93,0.0195698
0.34,0.94,0.017504
0.34,0.95,0.0179649
0.34,0.96,0.0162764
0.34,0.97,0.0181537
0.34,0.98,0.0170333
0.34,0.99,0.0148109
0.34,1,0.0150618
0.34,1.01,0.0138509
0.34,1.02,0.0136004
0.34,1.03,0.0123813
0.34,1.04,0.0133343
0.35,0,0.0108636
0.35,0.01,0.0123366
0.35,0.02,0.0123211
0.35,0.03,0.0147956
0.35,0.04,0.0161396
0.35,0.05,0.0172374
0.35,0.06,0.0156488
0.35,0.07,0.0164563
0.35,0.08,0.0162721
0.35,0.09,0.0176527
0.35,0.1,0.0173684
0.35,0.11,0.019959
0.35,0.12,0.0194995
0.35,0.13,0.0193758
0.35,0.14,0.0204537
0.35,0.15,0.0211606
0.35,0.16,0.0228544
0.35,0.17,0.0240814
0.35,0.18,0.0231371
0.35,0.19,0.0227031
0.35,0.2,0.0241003
0.35,0.21,0.022007
0.35,0.22,0.0242415
0.35,0.23,0.0234618
0.35,0.24,0.0256805
0.35,0.25,0.0252473
0.35,0.26,0.0254772
0.35,0.27,0.0248147
0.35,0.28,0.0224161
0.35,0.29,0.0231798
0.35,0.3,0.0251501
0.35,0.31,0.0241181
0.35,0.32,0.024468
0.35,0.33,0.0244541
0.35,0.34,0.0267271
0.35,0.35,0.0252531
0.35,0.36,0.0235233
0.35,0.37,0.0236641
0.35,0.38,0.0251047
0.35,0.39,0.0235336
0.35,0.4,0.0229536
0.35,0.41,0.0240005
0.35,0.42,0.0259022
0.35,0.43,0.0240757
0.35,0.44,0.025505
0.35,0.45,0.0262232
0.35,0.46,0.0241945
0.35,0.47,0.0245201
0.35,0.48,0.0236955
0.35,0.49,0.0251215
0.35,0.5,0.0239459
0.35,0.51,0.0230567
0.35,0.52,0.0270548
0.35,0.53,0.0238491
0.35,0.54,0.0230773
0.35,0.55,0.0246177
0.35,0.56,0.0271601
0.35,0.57,0.0257988
0.35,0.58,0.0233365
0.35,0.59,0.0236506
0.35,0.6,0.0252312
0.35,0.61,0.0244154
0.35,0.62,0.02225
0.35,0.63,0.0251966
0.35,0.64,0.0255668
0.35,0.65,0.0238524
0.35,0.66,0.0242748
0.35,0.67,0.0227865
0.35,0.68,0.0251865
0.35,0.69,0.0248804
0.35,0.7,0.0246055
0.35,0.71,0.0232185
0.35,0.72,0.022996
0.35,0.73,0.0242592
0.35,0.74,0.0233566
0.35,0.75,0.0229551
0.35,0.76,0.0253876
0.35,0.77,0.0241088
0.35,0.78,0.0258332
0.35,0.79,0.0245741
0.35,0.8,0.0264762
0.35,0.81,0.0232604
0.35,0.82,0.0249563
0.35,0.83,0.0232414
0.35,0.84,0.024787
0.35,0.85,0.0247391
0.35,0.86,0.0248449
0.35,0.87,0.0223333
0.35,0.88,0.0235063
0.35,0.89,0.0197957
0.35,0.9,0.021236
0.35,0.91,0.0217532
0.35,0.92,0.0188722
0.35,0.93,0.0208378
0.35,0.94,0.0196303
0.35,0.95,0.017422
0.35,0.96,0.0177289
0.35,0.97,0.0159447
0.35,0.98,0.0180191
0.35,0.99,0.0166517
0.35,1,0.0159151
0.35,1.01,0.0145287
0.35,1.02,0.0144928
0.35,1.03,0.0130688
0.35,1.04,0.0138187
0.36,0,0.011215
0.36,0.01,0.012846
0.36,0.02,0.012402
0.36,0.03,0.0136267
0.36,0.04,0.0143639
0.36,0.05,0.0142785
0.36,0.06,0.0154003
0.36,0.07,0.0164409
0.36,0.08,0.0175051
0.36,0.09,0.0185337
0.36,0.1,0.0189085
0.36,0.11,0.020816
0.36,0.12,0.0209682
0.36,0.13,0.0210338
0.36,0.14,0.0220193
0.36,0.15,0.0197035
0.36,0.16,0.0216549
0.36,0.17,0.0211614
0.36,0.18,0.0232503
0.36,0.19,0.0224981
0.36,0.2,0.0230813
0.36,0.21,0.0222992
0.36,0.22,0.0245452
0.36,0.23,0.0245796
0.36,0.24,0.0227515
0.36,0.25,0.0258565
0.36,0.26,0.026165
0.36,0.27,0.0232081
0.36,0.28,0.0260026
0.36,0.29,0.0254078
0.36,0.3,0.0260946
0.36,0.31,0.0247144
0.36,0.32,0.0243148
0.36,0.33,0.0246909
0.36,0.34,0.0247011
0.36,0.35,0.0250417
0.36,0.36,0.0242667
0.36,0.37,0.0248101
0.36,0.38,0.0239547
0.36,0.39,0.0246012
0.36,0.4,0.0262255
0.36,0.41,0.0244152
0.36,0.42,0.0241522
0.36,0.43,0.0238528
0.36,0.44,0.0252796
0.36,0.45,0.025209
0.36,0.46,0.0262488
0.36,0.47,0.0246435
0.36,0.48,0.0237386
0.36,0.49,0.0245725
0.36,0.5,0.0218772
0.36,0.51,0.023645
0.36,0.52,0.0244374
0.36,0.53,0.0252612
0.36,0.54,0.0264431
0.36,0.55,0.0264579
0.36,0.56,0.0252247
0.36,0.57,0.0257813
0.36,0.58,0.0243903
0.36,0.59,0.0251397
0.36,0.6,0.0253479
0.36,0.61,0.0238059
0.36,0.62,0.0229632
0.36,0.63,0.025113
0.36,0.64,0.0271722
0.36,0.65,0.0236158
0.36,0.66,0.0240771
0.36,0.67,0.0239643
0.36,0.68,0.02468
0.36,0.69,0.0234248
0.36,0.7,0.0247426
0.36,0.71,0.024808
0.36,0.72,0.0241732
0.36,0.73,0.0251651
0.36,0.74,0.0256129
0.36,0.75,0.0225374
0.36,0.76,0.023177
0.36,0.77,0.0236979
0.36,0.78,0.0235356
0.36,0.79,0.0242845
0.36,0.8,0.0268018
0.36,0.81,0.0252712
0.36,0.82,0.022982
0.36,0.83,0.0245111
0.36,0.84,0.0243513
0.36,0.85,0.0224884
0.36,0.86,0.0219839
0.36,0.87,0.0209235
0.36,0.88,0.0234429
0.36,0.89,0.0212875
0.36,0.9,0.020904
0.36,0.91,0.0211521
0.36,0.92,0.019297
0.36,0.93,0.0193097
0.36,0.94,0.0194351
0.36,0.95,0.017645
0.36,0.96,0.0171478
0.36,0.97,0.0172935
0.36,0.98,0.0154383
0.36,0.99,0.0166822
0.36,1,0.0166305
0.36,1.01,0.0155144
0.36,1.02,0.0127638
0.36,1.03,0.0132164
0.36,1.04,0.0135529
0.37,0,0.0127501
0.37,0.01,0.0123304
0.37,0.02,0.014956
0.37,0.03,0.013128
0.37,0.04,0.0141583
0.37,0.05,0.0160038
0.37,0.06,0.016663
0.37,0.07,0.0164719
0.37,0.08,0.0170945
0.37,0.09,0.0169002
0.37,0.1,0.0186168
0.37,0.11,0.0202283
0.37,0.12,0.0190033
0.37,0.13,0.0228251
0.37,0.14,0.0205251
0.37,0.15,0.0204052
0.37,0.16,0.0237115
0.37,0.17,0.0222183
0.37,0.18,0.0221737
0.37,0.19,0.0245086
0.37,0.2,0.0253861
0.37,0.21,0.0231473
0.37,0.22,0.0239611
0.37,0.23,0.0232998
0.37,0.24,0.02371
0.37,0.25,0.0234263
0.37,0.26,0.0247495
0.37,0.27,0.0247754
0.37,0.28,0.0246751
0.37,0.29,0.0252499
0.37,0.3,0.0249678
0.37,0.31,0.0250651
0.37,0.32,0.0251137
0.37,0.33,0.0249663
0.37,0.34,0.0258026
0.37,0.35,0.0251918
0.37,0.36,0.0228632
0.37,0.37,0.025705
0.37,0.38,0.0261449
0.37,0.39,0.0244012
0.37,0.4,0.024342
0.37,0.41,0.0237274
0.37,0.42,0.0245053
0.37,0.43,0.0247622
0.37,0.44,0.025224
0.37,0.45,0.0244133
0.37,0.46,0.0249862
0.37,0.47,0.0237932
0.37,0.48,0.0241234
0.37,0.49,0.0236747
0.37,0.5,0.026341
0.37,0.51,0.0223775
0.37,0.52,0.0255362
0.37,0.53,0.023851
0.37,0.54,0.0254381
0.37,0.55,0.0225542
0.37,0.56,0.02416
0.37,0.57,0.0239606
0.37,0.58,0.0255419
0.37,0.59,0.0265525
0.37,0.6,0.0256589
0.37,0.61,0.0254824
0.37,0.62,0.0261768
0.37,0.63,0.0254111
0.37,0.64,0.0240425
0.37,0.65,0.0255133
0.37,0.66,0.0239747
0.37,0.67,0.0244507
0.37,0.68,0.0252603
0.37,0.69,0.0269669
0.37,0.7,0.0243044
0.37,0.71,0.0253555
0.37,0.72,0.0251255
0.37,0.73,0.0232857
0.37,0.74,0.0248291
0.37,0.75,0.0249111
0.37,0.76,0.0242441
0.37,0.77,0.0257249
0.37,0.78,0.025878
0.37,0.79,0.0237335
0.37,0.8,0.0219291
0.37,0.81,0.025239
0.37,0.82,0.0243735
0.37,0.83,0.0245908
0.37,0.84,0.0237741
0.37,0.85,0.0220304
0.37,0.86,0.0236938
0.37,0.87,0.0213885
0.37,0.88,0.0223984
0.37,0.89,0.0215963
0.37,0.9,0.0216492
0.37,0.91,0.020869
0.37,0.92,0.019549
0.37,0.93,0.0194777
0.37,0.94,0.018925
0.37,0.95,0.0180583
0.37,0.96,0.019746
0.37,0.97,0.0175108
0.37,0.98,0.0165589
0.37,0.99,0.0152764
0.37,1,0.0147264
0.37,1.01,0.0142563
0.37,1.02,0.0146998
0.37,1.03,0.0120383
0.37,1.04,0.0123289
0.38,0,0.0132771
0.38,0.01,0.0133431
0.38,0.02,0.0139957
0.38,0.03,0.0134528
0.38,0.04,0.0143875
0.38,0.05,0.0158686
0.38,0.06,0.0180459
0.38,0.07,0.0167377
0.38,0.08,0.0175098
0.38,0.09,0.0174367
0.38,0.1,0.0189744
0.38,0.11,0.019288
0.38,0.12,0.0219873
0.38,0.13,0.0225394
0.38,0.14,0.021174
0.38,0.15,0.0205086
0.38,0.16,0.0213546
0.38,0.17,0.023406
0.38,0.18,0.0228198
0.38,0.19,0.0231714
0.38,0.2,0.024175
0.38,0.21,0.0221952
0.38,0.22,0.0247928
0.38,0.23,0.024877
0.38,0.24,0.0254001
0.38,0.25,0.0246946
0.38,0.26,0.0257213
0.38,0.27,0.0251584
0.38,0.28,0.0256752
0.38,0.29,0.0262993
0.38,0.3,0.0259071
0.38,0.31,0.0247799
0.38,0.32,0.0233108
0.38,0.33,0.0236877
0.38,0.34,0.0251256
0.38,0.35,0.0246498
0.38,0.36,0.022625
0.38,0.37,0.0251634
0.38,0.38,0.0247652
0.38,0.39,0.0239245
0.38,0.4,0.023777
0.38,0.41,0.0242994
0.38,0.42,0.026555
0.38,0.43,0.0257974
0.38,0.44,0.0241556
0.38,0.45,0.0233926
0.38,0.46,0.0254654
0.38,0.47,0.0248128
0.38,0.48,0.0237181
0.38,0.49,0.0236519
0.38,0.5,0.0258493
0.38,0.51,0.0249032
0.38,0.52,0.0239614
0.38,0.53,0.0236469
0.38,0.54,0.0240875
0.38,0.55,0.0228416
0.38,0.56,0.023066
0.38,0.57,0.0241943
0.38,0.58,0.0234092
0.38,0.59,0.0236093
0.38,0.6,0.0241721
0.38,0.61,0.0249307
0.38,0.62,0.0253054
0.38,0.63,0.0238681
0.38,0.64,0.0247144
0.38,0.65,0.0245354
0.38,0.66,0.0232981
0.38,0.67,0.0266621
0.38,0.68,0.0246388
0.38,0.69,0.0237211
0.38,0.7,0.0235749
0.38,0.71,0.0255816
0.38,0.72,0.0244528
0.38,0.73,0.0250274
0.38,0.74,0.0248211
0.38,0.75,0.024272
0.38,0.76,0.0232725
0.38,0.77,0.0250509
0.38,0.78,0.0242254
0.38,0.79,0.0235752
0.38,0.8,0.0236638
0.38,0.81,0.024432
0.38,0.82,0.0246687
0.38,0.83,0.0229031
0.38,0.84,0.0248468
0.38,0.85,0.0240187
0.38,0.86,0.0237965
0.38,0.87,0.0224478
0.38,0.88,0.0259206
0.38,0.89,0.0241347
0.38,0.9,0.0220619
0.38,0.91,0.0212216
0.38,0.92,0.0200376
0.38,0.93,0.0209735
0.38,0.94,0.0194092
0.38,0.95,0.0191035
0.38,0.96,0.0187137
0.38,0.97,0.0177143
0.38,0.98,0.0180825
0.38,0.99,0.0153661
0.38,1,0.0153561
0.38,1.01,0.0168829
0.38,1.02,0.0140819
0.38,1.03,0.0133909
0.38,1.04,0.0120448
0.39,0,0.0118566
0.39,0.01,0.0124677
0.39,0.02,0.013791
0.39,0.03,0.0132937
0.39,0.04,0.0142751
0.39,0.05,0.0149025
0.39,0.06,0.0149876
0.39,0.07,0.0162693
0.39,0.08,0.0191718
0.39,0.09,0.0184261
0.39,0.1,0.0195213
0.39,0.11,0.0193992
0.39,0.12,0.0185737
0.39,0.13,0.0230405
0.39,0.14,0.023213
0.39,0.15,0.0206826
0.39,0.16,0.0227562
0.39,0.17,0.0224488
0.39,0.18,0.0206564
0.39,0.19,0.0228731
0.39,0.2,0.0265497
0.39,0.21,0.0250981
0.39,0.22,0.0243897
0.39,0.23,0.0261181
0.39,0.24,0.0235379
0.39,0.25,0.0249981
0.39,0.26,0.0240179
0.39,0.27,0.0245482
0.39,0.28,0.0261039
0.39,0.29,0.0246262
0.39,0.3,0.0247842
0.39,0.31,0.0234115
0.39,0.32,0.0257612
0.39,0.33,0.0251791
0.39,0.34,0.0266262
0.39,0.35,0.0251827
0.39,0.36,0.0253629
0.39,0.37,0.0257756
0.39,0.38,0.0249474
0.39,0.39,0.0239629
0.39,0.4,0.0257721
0.39,0.41,0.025376
0.39,0.42,0.0248381
0.39,0.43,0.0231348
0.39,0.44,0.0235123
0.39,0.45,0.0252937
0.39,0.46,0.0246418
0.39,0.47,0.0246834
0.39,0.48,0.0261284
0.39,0.49,0.0243123
0.39,0.5,0.0235913
0.39,0.51,0.0232949
0.39,0.52,0.0223681
0.39,0.53,0.0245899
0.39,0.54,0.0234652
0.39,0.55,0.0246088
0.39,0.56,0.0259855
0.39,0.57,0.0249574
0.39,0.58,0.0254307
0.39,0.59,0.0236825
0.39,0.6,0.0246507
0.39,0.61,0.0276081
0.39,0.62,0.0236311
0.39,0.63,0.0253831
0.39,0.64,0.0245548
0.39,0.65,0.0244164
0.39,0.66,0.0232786
0.39,0.67,0.0224276
0.39,0.68,0.0248914
0.39,0.69,0.0238654
0.39,0.7,0.0259685
0.39,0.71,0.0260842
0.39,0.72,0.0254241
0.39,0.73,0.0231067
0.39,0.74,0.0250643
0.39,0.75,0.0232882
0.39,0.76,0.0235099
0.39,0.77,0.0235295
0.39,0.78,0.0244914
0.39,0.79,0.0259234
0.39,0.8,0.0252462
0.39,0.81,0.0238317
0.39,0.82,0.0236258
0.39,0.83,0.0233766
0.39,0.84,0.0231484
0.39,0.85,0.02204
0.39,0.86,0.0231699
0.39,0.87,0.0238609
0.39,0.88,0.0222378
0.39,0.89,0.0248976
0.39,0.9,0.0222877
0.39,0.91,0.0213205
0.39,0.92,0.0210688
0.39,0.93,0.0201584
0.39,0.94,0.0198489
0.39,0.95,0.018685
0.39,0.96,0.0188502
0.39,0.97,0.0175884
0.39,0.98,0.0168773
0.39,0.99,0.016305
0.39,1,0.0137535
0.39,1.01,0.0156778
0.39,1.02,0.0145993
0.39,1.03,0.0128242
0.39,1.04,0.0117499
0.4,0,0.0121038
0.4,0.01,0.0125432
0.4,0.02,0.0125801
0.4,0.03,0.0138019
0.4,0.04,0.0156002
0.4,0.05,0.015907
0.4,0.06,0.0166838
0.4,0.07,0.0162516
0.4,0.08,0.0171721
0.4,0.09,0.0185358
0.4,0.1,0.0180075
0.4,0.11,0.0197752
0.4,0.12,0.0197724
0.4,0.13,0.0207555
0.4,0.14,0.0204992
0.4,0.15,0.0234387
0.4,0.16,0.0229644
0.4,0.17,0.024021
0.4,0.18,0.022992
0.4,0.19,0.0237383
0.4,0.2,0.022795
0.4,0.21,0.0240052
0.4,0.22,0.0223797
0.4,0.23,0.0239369
0.4,0.24,0.0233543
0.4,0.25,0.0247632
0.4,0.26,0.0251613
0.4,0.27,0.0249875
0.4,0.28,0.0257044
0.4,0.29,0.0225268
0.4,0.3,0.0244624
0.4,0.31,0.024655
0.4,0.32,0.0239963
0.4,0.33,0.0246197
0.4,0.34,0.0239019
0.4,0.35,0.0260795
0.4,0.36,0.0238529
0.4,0.37,0.0250001
0.4,0.38,0.0241516
0.4,0.39,0.0238307
0.4,0.4,0.023577
0.4,0.41,0.0232619
0.4,0.42,0.0226218
0.4,0.43,0.024876
0.4,0.44,0.025054
0.4,0.45,0.0264035
0.4,0.46,0.0255967
0.4,0.47,0.0236921
0.4,0.48,0.0267944
0.4,0.49,0.0257951
0.4,0.5,0.0245638
0.4,0.51,0.0243847
0.4,0.52,0.0234889
0.4,0.53,0.0247659
0.4,0.54,0.0249654
0.4,0.55,0.0249846
0.4,0.56,0.0240078
0.4,0.57,0.0242273
0.4,0.58,0.0259888
0.4,0.59,0.0247077
0.4,0.6,0.0251486
0.4,0.61,0.0240356
0.4,0.62,0.0234629
0.4,0.63,0.0245953
0.4,0.64,0.0248527
0.4,0.65,0.0254614
0.4,0.66,0.0240012
0.4,0.67,0.0250148
0.4,0.68,0.0245625
0.4,0.69,0.0235517
0.4,0.7,0.0224094
0.4,0.71,0.025845
0.4,0.72,0.0242621
0.4,0.73,0.0246632
0.4,0.74,0.024914
0.4,0.75,0.0247505
0.4,0.76,0.0248817
0.4,0.77,0.0229996
0.4,0.78,0.0261858
0.4,0.79,0.0250683
0.4,0.8,0.0236641
0.4,0.81,0.0243124
0.4,0.82,0.0257037
0.4,0.83,0.0244401
0.4,0.84,0.0216938
0.4,0.85,0.0246714
0.4,0.86,0.023442
0.4,0.87,0.0227986
0.4,0.88,0.0221213
0.4,0.89,0.0233863
0.4,0.9,0.0230859
0.4,0.91,0.0209043
0.4,0.92,0.0204807
0.4,0.93,0.0207863
0.4,0.94,0.0216956
0.4,0.95,0.0175295
0.4,0.96,0.0194377
0.4,0.97,0.0184361
0.4,0.98,0.0148949
0.4,0.99,0.016544
0.4,1,0.0163879
0.4,1.01,0.0139101
0.4,1.02,0.0155659
0.4,1.03,0.0126428
0.4,1.04,0.0124509
0.41,0,0.0122656
0.41,0.01,0.0139428
0.41,0.02,0.0146141
0.41,0.03,0.0139683
0.41,0.04,0.0142366
0.41,0.05,0.015846
0.41,0.06,0.0156896
0.41,0.07,0.018187
0.41,0.08,0.0196659
0.41,0.09,0.0190711
0.41,0.1,0.020365
0.41,0.11,0.0191506
0.41,0.12,0.0213667
0.41,0.13,0.0215393
0.41,0.14,0.0234091
0.41,0.15,0.0218514
0.41,0.16,0.0236406
0.41,0.17,0.0228966
0.41,0.18,0.0230025
0.41,0.19,0.0230183
0.41,0.2,0.0226956
0.41,0.21,0.0245926
0.41,0.22,0.0241319
0.41,0.23,0.024523
0.41,0.24,0.0257918
0.41,0.25,0.0257299
0.41,0.26,0.0247586
0.41,0.27,0.0251331
0.41,0.28,0.0238892
0.41,0.29,0.0249649
0.41,0.3,0.0235468
0.41,0.31,0.0252015
0.41,0.32,0.0232256
0.41,0.33,0.025153
0.41,0.34,0.0239978
0.41,0.35,0.0251213
0.41,0.36,0.0249004
0.41,0.37,0.0248977
0.41,0.38,0.0224611
0.41,0.39,0.0248827
0.41,0.4,0.023099
0.41,0.41,0.024271
0.41,0.42,0.0232374
0.41,0.43,0.0268323
0.41,0.44,0.0246098
0.41,0.45,0.0242896
0.41,0.46,0.0246905
0.41,0.47,0.0264613
0.41,0.48,0.0231389
0.41,0.49,0.0252655
0.41,0.5,0.024631
0.41,0.51,0.025115
0.41,0.52,0.0248108
0.41,0.53,0.0252045
0.41,0.54,0.0252302
0.41,0.55,0.0237376
0.41,0.56,0.0254139
0.41,0.57,0.0261777
0.41,0.58,0.0240591
0.41,0.59,0.0242575
0.41,0.6,0.0235298
0.41,0.61,0.0252871
0.41,0.62,0.0250464
0.41,0.63,0.0230886
0.41,0.64,0.0247986
0.41,0.65,0.0255953
0.41,0.66,0.0243038
0.41,0.67,0.0234188
0.41,0.68,0.0233763
0.41,0.69,0.026931
0.41,0.7,0.0237686
0.41,0.71,0.0259276
0.41,0.72,0.0230177
0.41,0.73,0.0236774
0.41,0.74,0.0229772
0.41,0.75,0.02568
0.41,0.76,0.0254166
0.41,0.77,0.0247082
0.41,0.78,0.0251229
0.41,0.79,0.0232702
0.41,0.8,0.0252178
0.41,0.81,0.0273794
0.41,0.82,0.0257562
0.41,0.83,0.0229749
0.41,0.84,0.0228812
0.41,0.85,0.0242694
0.41,0.86,0.0234326
0.41,0.87,0.0234273
0.41,0.88,0.0240089
0.41,0.89,0.0221299
0.41,0.9,0.0219219
0.41,0.91,0.020984
0.41,0.92,0.0218002
0.41,0.93,0.0189166
0.41,0.94,0.0205121
0.41,0.95,0.0187682
0.41,0.96,0.0178319
0.41,0.97,0.0187346
0.41,0.98,0.0154281
0.41,0.99,0.0153743
0.41,1,0.0171513
0.41,1.01,0.0154934
0.41,1.02,0.0128069
0.41,1.03,0.0133021
0.41,1.04,0.0134338
0.42,0,0.0128726
0.42,0.01,0.013252
0.42,0.02,0.0145193
0.42,0.03,0.014477
0.42,0.04,0.0145583
0.42,0.05,0.0162696
0.42,0.06,0.0175387
0.42,0.07,0.0169362
0.42,0.08,0.0189473
0.42,0.09,0.0192047
0.42,0.1,0.0197387
0.42,0.11,0.0195102
0.42,0.12,0.0212811
0.42,0.13,0.021797
0.42,0.14,0.0217483
0.42,0.15,0.0213993
0.42,0.16,0.0219795
0.42,0.17,0.0220516
0.42,0.18,0.0224715
0.42,0.19,0.0231233
0.42,0.2,0.0246996
0.42,0.21,0.0260974
0.42,0.22,0.0265806
0.42,0.23,0.0239645
0.42,0.24,0.0240467
0.42,0.25,0.0248744
0.42,0.26,0.0253414
0.42,0.27,0.0263361
0.42,0.28,0.0249303
0.42,0.29,0.024436
0.42,0.3,0.0253821
0.42,0.31,0.0244501
0.42,0.32,0.0216606
0.42,0.33,0.0238909
0.42,0.34,0.0252843
0.42,0.35,0.0266143
0.42,0.36,0.0229443
0.42,0.37,0.0245859
0.42,0.38,0.0255175
0.42,0.39,0.0265093
0.42,0.4,0.0261404
0.42,0.41,0.0239933
0.42,0.42,0.0234616
0.42,0.43,0.0237222
0.42,0.44,0.023598
0.42,0.45,0.0240976
0.42,0.46,0.0261022
0.42,0.47,0.0245463
0.42,0.48,0.0251309
0.42,0.49,0.0244821
0.42,0.5,0.0247461
0.42,0.51,0.0237436
0.42,0.52,0.0237508
0.42,0.53,0.0248238
0.42,0.54,0.0254694
0.42,0.55,0.0239667
0.42,0.56,0.0243435
0.42,0.57,0.0244559
0.42,0.58,0.0255897
0.42,0.59,0.02449
0.42,0.6,0.023929
0.42,0.61,0.0253276
0.42,0.62,0.0237223
0.42,0.63,0.0250826
0.42,0.64,0.0245965
0.42,0.65,0.0252745
0.42,0.66,0.0245175
0.42,0.67,0.022985
0.42,0.68,0.0241071
0.42,0.69,0.023846
0.42,0.7,0.0240277
0.42,0.71,0.0236325
0.42,0.72,0.0241502
0.42,0.73,0.0252312
0.42,0.74,0.024531
0.42,0.75,0.0255967
0.42,0.76,0.0246177
0.42,0.77,0.0239995
0.42,0.78,0.0258924
0.42,0.79,0.0236631
0.42,0.8,0.0242563
0.42,0.81,0.025901
0.42,0.82,0.0245074
0.42,0.83,0.0242065
0.42,0.84,0.0246837
0.42,0.85,0.0244333
0.42,0.86,0.0241373
0.42,0.87,0.023174
0.42,0.88,0.0220326
0.42,0.89,0.0233145
0.42,0.9,0.0227843
0.42,0.91,0.023344
0.42,0.92,0.0203988
0.42,0.93,0.0210985
0.42,0.94,0.0197175
0.42,0.95,0.0191345
0.42,0.96,0.0191919
0.42,0.97,0.0174753
0.42,0.98,0.0174444
0.42,0.99,0.0155897
0.42,1,0.014761
0.42,1.01,0.01518
0.42,1.02,0.0136554
0.42,1.03,0.0132346
0.42,1.04,0.0117258
0.43,0,0.0125377
0.43,0.01,0.0130439
0.43,0.02,0.013347
0.43,0.03,0.0151727
0.43,0.04,0.0149812
0.43,0.05,0.0162961
0.43,0.06,0.0177554
0.43,0.07,0.0162035
0.43,0.08,0.0186907
0.43,0.09,0.0188838
0.43,0.1,0.0186122
0.43,0.11,0.0199925
0.43,0.12,0.0224225
0.43,0.13,0.0210295
0.43,0.14,0.0232828
0.43,0.15,0.0239421
0.43,0.16,0.0232099
0.43,0.17,0.0236997
0.43,0.18,0.0221887
0.43,0.19,0.0245854
0.43,0.2,0.0233626
0.43,0.21,0.0234441
0.43,0.22,0.024799
0.43,0.23,0.0251638
0.43,0.24,0.0242691
0.43,0.25,0.025834
0.43,0.26,0.0258302
0.43,0.27,0.0241665
0.43,0.28,0.0244948
0.43,0.29,0.0229128
0.43,0.3,0.0222465
0.43,0.31,0.026487
0.43,0.32,0.0256858
0.43,0.33,0.0261276
0.43,0.34,0.0275605
0.43,0.35,0.0223215
0.43,0.36,0.0254352
0.43,0.37,0.0262554
0.43,0.38,0.0258834
0.43,0.39,0.0246017
0.43,0.4,0.0235984
0.43,0.41,0.0245248
0.43,0.42,0.0252405
0.43,0.43,0.0273833
0.43,0.44,0.0249341
0.43,0.45,0.0256431
0.43,0.46,0.0239694
0.43,0.47,0.0248048
0.43,0.48,0.0246023
0.43,0.49,0.0252448
0.43,0.5,0.0252854
0.43,0.51,0.0275889
0.43,0.52,0.023736
0.43,0.53,0.0252677
0.43,0.54,0.0243844
0.43,0.55,0.0247769
0.43,0.56,0.0265133
0.43,0.57,0.0251507
0.43,0.58,0.0256333
0.43,0.59,0.0230078
0.43,0.6,0.025594
0.43,0.61,0.0238346
0.43,0.62,0.0250216
0.43,0.63,0.0242408
0.43,0.64,0.0260423
0.43,0.65,0.0254145
0.43,0.66,0.0235986
0.43,0.67,0.0226661
0.43,0.68,0.023075
0.43,0.69,0.0228354
0.43,0.7,0.0257158
0.43,0.71,0.0253485
0.43,0.72,0.023614
0.43,0.73,0.0220419
0.43,0.74,0.0245273
0.43,0.75,0.0255855
0.43,0.76,0.0263955
0.43,0.77,0.0257792
0.43,0.78,0.0250089
0.43,0.79,0.0230043
0.43,0.8,0.0237262
0.43,0.81,0.0256532
0.43,0.82,0.0257166
0.43,0.83,0.024226
0.43,0.84,0.0244808
0.43,0.85,0.0231596
0.43,0.86,0.0237209
0.43,0.87,0.0227786
0.43,0.88,0.0249695
0.43,0.89,0.0236902
0.43,0.9,0.0228721
0.43,0.91,0.0217763
0.43,0.92,0.0211362
0.43,0.93,0.0193774
0.43,0.94,0.0213511
0.43,0.95,0.0202658
0.43,0.96,0.0193577
0.43,0.97,0.019542
0.43,0.98,0.0182711
0.43,0.99,0.0152415
0.43,1,0.0154642
0.43,1.01,0.0153306
0.43,1.02,0.0140054
0.43,1.03,0.0126837
0.43,1.04,0.0115584
0.44,0,0.0125069
0.44,0.01,0.0127262
0.44,0.02,0.0126823
0.44,0.03,0.0147795
0.44,0.04,0.0140234
0.44,0.05,0.0159134
0.44,0.06,0.0163041
0.44,0.07,0.0171806
0.44,0.08,0.0184507
0.44,0.09,0.0182842
0.44,0.1,0.0206728
0.44,0.11,0.0202606
0.44,0.12,0.0227582
0.44,0.13,0.0221588
0.44,0.14,0.0213591
0.44,0.15,0.022174
0.44,0.16,0.0229295
0.44,0.17,0.0229356
0.44,0.18,0.0226327
0.44,0.19,0.0240354
0.44,0.2,0.0242272
0.44,0.21,0.024967
0.44,0.22,0.0237926
0.44,0.23,0.0246157
0.44,0.24,0.0263712
0.44,0.25,0.0245604
0.44,0.26,0.0249532
0.44,0.27,0.0226086
0.44,0.28,0.0252969
0.44,0.29,0.0236985
0.44,0.3,0.0244608
0.44,0.31,0.0243118
0.44,0.32,0.0230842
0.44,0.33,0.0248624
0.44,0.34,0.0242715
0.44,0.35,0.0258477
0.44,0.36,0.0231777
0.44,0.37,0.0250079
0.44,0.38,0.0260773
0.44,0.39,0.0234147
0.44,0.4,0.0247055
0.44,0.41,0.023912
0.44,0.42,0.0252655
0.44,0.43,0.0249998
0.44,0.44,0.025336
0.44,0.45,0.0236012
0.44,0.46,0.0243469
0.44,0.47,0.025769
0.44,0.48,0.0244367
0.44,0.49,0.0219809
0.44,0.5,0.0244851
0.44,0.51,0.0246861
0.44,0.52,0.0249352
0.44,0.53,0.0228795
0.44,0.54,0.0241335
0.44,0.55,0.0258689
0.44,0.56,0.0238652
0.44,0.57,0.0248553
0.44,0.58,0.0238798
0.44,0.59,0.0238771
0.44,0.6,0.0247649
0.44,0.61,0.0249549
0.44,0.62,0.0258308
0.44,0.63,0.0240139
0.44,0.64,0.0275354
0.44,0.65,0.0270013
0.44,0.66,0.0241098
0.44,0.67,0.023835
0.44,0.68,0.0236284
0.44,0.69,0.0238355
0.44,0.7,0.0236981
0.44,0.71,0.0251061
0.44,0.72,0.024842
0.44,0.73,0.0246749
0.44,0.74,0.0251685
0.44,0.75,0.0247508
0.44,0.76,0.0238511
0.44,0.77,0.0238479
0.44,0.78,0.0264197
0.44,0.79,0.0264195
0.44,0.8,0.0236153
0.44,0.81,0.0254805
0.44,0.82,0.0258127
0.44,0.83,0.0257014
0.44,0.84,0.025315
0.44,0.85,0.0237097
0.44,0.86,0.0230389
0.44,0.87,0.0257754
0.44,0.88,0.0226499
0.44,0.89,0.0221516
0.44,0.9,0.0237077
0.44,0.91,0.0233007
0.44,0.92,0.021952
0.44,0.93,0.0205406
0.44,0.94,0.0220088
0.44,0.95,0.0201456
0.44,0.96,0.0205955
0.44,0.97,0.0205657
0.44,0.98,0.017999
0.44,0.99,0.0169518
0.44,1,0.0158846
0.44,1.01,0.0154943
0.44,1.02,0.0154405
0.44,1.03,0.0143202
0.44,1.04,0.0138194
0.45,0,0.0125335
0.45,0.01,0.0122094
0.45,0.02,0.014377
0.45,0.03,0.0145103
0.45,0.04,0.0144368
0.45,0.05,0.0158398
0.45,0.06,0.0180832
0.45,0.07,0.0170822
0.45,0.08,0.0196954
0.45,0.09,0.0175302
0.45,0.1,0.021368
0.45,0.11,0.0202513
0.45,0.12,0.0204515
0.45,0.13,0.0203116
0.45,0.14,0.0238919
0.45,0.15,0.0205024
0.45,0.16,0.0224674
0.45,0.17,0.0233284
0.45,0.18,0.023738
0.45,0.19,0.0241003
0.45,0.2,0.0238787
0.45,0.21,0.0247652
0.45,0.22,0.0244564
0.45,0.23,0.0240262
0.45,0.24,0.0250284
0.45,0.25,0.0233283
0.45,0.26,0.0242448
0.45,0.27,0.0236338
0.45,0.28,0.0232805
0.45,0.29,0.0244296
0.45,0.3,0.022302
0.45,0.31,0.0249764
0.45,0.32,0.0238152
0.45,0.33,0.0255668
0.45,0.34,0.0253644
0.45,0.35,0.0241411
0.45,0.36,0.0251373
0.45,0.37,0.0256826
0.45,0.38,0.0258181
0.45,0.39,0.025903
0.45,0.4,0.0255215
0.45,0.41,0.0240565
0.45,0.42,0.0226147
0.45,0.43,0.024899
0.45,0.44,0.0239284
0.45,0.45,0.0238123
0.45,0.46,0.0248127
0.45,0.47,0.0242287
0.45,0.48,0.0239462
0.45,0.49,0.0247859
0.45,0.5,0.0241108
0.45,0.51,0.0248161
0.45,0.52,0.0227261
0.45,0.53,0.0243501
0.45,0.54,0.0244866
0.45,0.55,0.0245631
0.45,0.56,0.0246328
0.45,0.57,0.0260685
0.45,0.58,0.0229741
0.45,0.59,0.0249865
0.45,0.6,0.0241641
0.45,0.61,0.0266547
0.45,0.62,0.0242513
0.45,0.63,0.0253918
0.45,0.64,0.0242487
0.45,0.65,0.0242271
0.45,0.66,0.0244163
0.45,0.67,0.0234262
0.45,0.68,0.0246391
0.45,0.69,0.0251044
0.45,0.7,0.0253241
0.45,0.71,0.0244996
0.45,0.72,0.0239105
0.45,0.73,0.0253519
0.45,0.74,0.0248051
0.45,0.75,0.0249534
0.45,0.76,0.0238505
0.45,0.77,0.0257464
0.45,0.78,0.0252093
0.45,0.79,0.0255462
0.45,0.8,0.0252097
0.45,0.81,0.0233696
0.45,0.82,0.0256434
0.45,0.83,0.0247113
0.45,0.84,0.0233867
0.45,0.85,0.0236616
0.45,0.86,0.0234056
0.45,0.87,0.0226189
0.45,0.88,0.0242368
0.45,0.89,0.0249617
0.45,0.9,0.0230552
0.45,0.91,0.0221347
0.45,0.92,0.0231294
0.45,0.93,0.0212917
0.45,0.94,0.019967
0.45,0.95,0.020451
0.45,0.96,0.0191517
0.45,0.97,0.0174602
0.45,0.98,0.0171733
0.45,0.99,0.0162415
0.45,1,0.0155208
0.45,1.01,0.0163913
0.45,1.02,0.0130523
0.45,1.03,0.0155376
0.45,1.04,0.0145329
0.46,0,0.0126541
0.46,0.01,0.0122146
0.46,0.02,0.0143546
0.46,0.03,0.0140972
0.46,0.04,0.0152209
0.46,0.05,0.0160136
0.46,0.06,0.0172877
0.46,0.07,0.0186765
0.46,0.08,0.0199514
0.46,0.09,0.0180599
0.46,0.1,0.0200799
0.46,0.11,0.020869
0.46,0.12,0.021275
0.46,0.13,0.0219151
0.46,0.14,0.0238609
0.46,0.15,0.0241525
0.46,0.16,0.0245554
0.46,0.17,0.0247244
0.46,0.18,0.0226881
0.46,0.19,0.0238466
0.46,0.2,0.0238686
0.46,0.21,0.0253389
0.46,0.22,0.0252939
0.46,0.23,0.0242623
0.46,0.24,0.0232775
0.46,0.25,0.025593
0.46,0.26,0.0254399
0.46,0.27,0.02479
0.46,0.28,0.0244085
0.46,0.29,0.0255156
0.46,0.3,0.0250756
0.46,0.31,0.0261006
0.46,0.32,0.0266996
0.46,0.33,0.0235944
0.46,0.34,0.0240723
0.46,0.35,0.0233921
0.46,0.36,0.025824
0.46,0.37,0.0237496
0.46,0.38,0.0240216
0.46,0.39,0.024445
0.46,0.4,0.025582
0.46,0.41,0.0243029
0.46,0.42,0.0231609
0.46,0.43,0.0244739
0.46,0.44,0.0255191
0.46,0.45,0.023995
0.46,0.46,0.0249369
0.46,0.47,0.0229541
0.46,0.48,0.0243026
0.46,0.49,0.0241833
0.46,0.5,0.025895
0.46,0.51,0.0261283
0.46,0.52,0.0234753
0.46,0.53,0.024259
0.46,0.54,0.0232665
0.46,0.55,0.0235615
0.46,0.56,0.0249559
0.46,0.57,0.0263156
0.46,0.58,0.0262814
0.46,0.59,0.0247487
0.46,0.6,0.0258603
0.46,0.61,0.0225563
0.46,0.62,0.0252655
0.46,0.63,0.0249831
0.46,0.64,0.0233245
0.46,0.65,0.0237228
0.46,0.66,0.0246906
0.46,0.67,0.0250276
0.46,0.68,0.0248549
0.46,0.69,0.0232238
0.46,0.7,0.0245641
0.46,0.71,0.0268677
0.46,0.72,0.025394
0.46,0.73,0.0234184
0.46,0.74,0.0253177
0.46,0.75,0.0249641
0.46,0.76,0.0243457
0.46,0.77,0.0258195
0.46,0.78,0.0227022
0.46,0.79,0.0246408
0.46,0.8,0.025185
0.46,0.81,0.0261625
0.46,0.82,0.0248283
0.46,0.83,0.0231604
0.46,0.84,0.0251016
0.46,0.85,0.0239788
0.46,0.86,0.0228202
0.46,0.87,0.0233074
0.46,0.88,0.0215862
0.46,0.89,0.0235501
0.46,0.9,0.0218903
0.46,0.91,0.0243017
0.46,0.92,0.0210502
0.46,0.93,0.021789
0.46,0.94,0.0188907
0.46,0.95,0.0200716
0.46,0.96,0.0190564
0.46,0.97,0.0172983
0.46,0.98,0.0183115
0.46,0.99,0.016645
0.46,1,0.015789
0.46,1.01,0.013882
0.46,1.02,0.0134802
0.46,1.03,0.0140926
0.46,1.04,0.0136344
0.47,0,0.0122503
0.47,0.01,0.0139271
0.47,0.02,0.0145879
0.47,0.03,0.0144948
0.47,0.04,0.0144925
0.47,0.05,0.0155689
0.47,0.06,0.016721
0.47,0.07,0.0185318
0.47,0.08,0.0182055
0.47,0.09,0.0193972
0.47,0.1,0.0206757
0.47,0.11,0.0203747
0.47,0.12,0.0217345
0.47,0.13,0.0226883
0.47,0.14,0.0234545
0.47,0.15,0.022603
0.47,0.16,0.023789
0.47,0.17,0.0252319
0.47,0.18,0.0237458
0.47,0.19,0.0259285
0.47,0.2,0.0235512
0.47,0.21,0.023416
0.47,0.22,0.0243171
0.47,0.23,0.023959
0.47,0.24,0.0241475
0.47,0.25,0.025082
0.47,0.26,0.0231881
0.47,0.27,0.0249817
0.47,0.28,0.0246853
0.47,0.29,0.0246725
0.47,0.3,0.025095
0.47,0.31,0.0258901
0.47,0.32,0.0248968
0.47,0.33,0.0263002
0.47,0.34,0.0250831
0.47,0.35,0.0248556
0.47,0.36,0.0238304
0.47,0.37,0.0230306
0.47,0.38,0.025019
0.47,0.39,0.0234449
0.47,0.4,0.0266847
0.47,0.41,0.0241366
0.47,0.42,0.0261083
0.47,0.43,0.0263478
0.47,0.44,0.0225106
0.47,0.45,0.0242796
0.47,0.46,0.0224365
0.47,0.47,0.0268996
0.47,0.48,0.0243568
0.47,0.49,0.023982
0.47,0.5,0.0242354
0.47,0.51,0.0241778
0.47,0.52,0.0242665
0.47,0.53,0.0249661
0.47,0.54,0.0244482
0.47,0.55,0.0242467
0.47,0.56,0.0245167
0.47,0.57,0.0245578
0.47,0.58,0.0260781
0.47,0.59,0.0236964
0.47,0.6,0.0251116
0.47,0.61,0.0236527
0.47,0.62,0.0256286
0.47,0.63,0.0250647
0.47,0.64,0.0245575
0.47,0.65,0.0261733
0.47,0.66,0.0266139
0.47,0.67,0.0244581
0.47,0.68,0.025658
0.47,0.69,0.0260783
0.47,0.7,0.0244056
0.47,0.71,0.0242743
0.47,0.72,0.0244429
0.47,0.73,0.0233937
0.47,0.74,0.0244152
0.47,0.75,0.0241903
0.47,0.76,0.0245851
0.47,0.77,0.0239951
0.47,0.78,0.02585
0.47,0.79,0.0246872
0.47,0.8,0.0245672
0.47,0.81,0.0232457
0.47,0.82,0.0253374
0.47,0.83,0.0224449
0.47,0.84,0.0256258
0.47,0.85,0.0244056
0.47,0.86,0.0238072
0.47,0.87,0.0241921
0.47,0.88,0.0242025
0.47,0.89,0.0232593
0.47,0.9,0.0224359
0.47,0.91,0.0236605
0.47,0.92,0.0234052
0.47,0.93,0.0213867
0.47,0.94,0.0222447
0.47,0.95,0.0197615
0.47,0.96,0.0186953
0.47,0.97,0.0189316
0.47,0.98,0.0183281
0.47,0.99,0.0162344
0.47,1,0.0165381
0.47,1.01,0.015735
0.47,1.02,0.0148094
0.47,1.03,0.0142338
0.47,1.04,0.0128792
0.48,0,0.0142355
0.48,0.01,0.0126777
0.48,0.02,0.0142288
0.48,0.03,0.0159549
0.48,0.04,0.014927
0.48,0.05,0.01725
0.48,0.06,0.0172646
0.48,0.07,0.0183745
0.48,0.08,0.018184
0.48,0.09,0.0198178
0.48,0.1,0.0212967
0.48,0.11,0.0226536
0.48,0.12,0.0202445
0.48,0.13,0.0227015
0.48,0.14,0.0226085
0.48,0.15,0.0233889
0.48,0.16,0.0248825
0.48,0.17,0.0235487
0.48,0.18,0.0233753
0.48,0.19,0.0255463
0.48,0.2,0.0238476
0.48,0.21,0.0258872
0.48,0.22,0.0242546
0.48,0.23,0.0251475
0.48,0.24,0.0237738
0.48,0.25,0.0251252
0.48,0.26,0.025062
0.48,0.27,0.0238334
0.48,0.28,0.0244022
0.48,0.29,0.0240312
0.48,0.3,0.0248231
0.48,0.31,0.0237331
0.48,0.32,0.0240018
0.48,0.33,0.02289
0.48,0.34,0.0239589
0.48,0.35,0.0238699
0.48,0.36,0.0249506
0.48,0.37,0.0270907
0.48,0.38,0.0243134
0.48,0.39,0.0253183
0.48,0.4,0.0262161
0.48,0.41,0.0233495
0.48,0.42,0.0267982
0.48,0.43,0.0233864
0.48,0.44,0.0248197
0.48,0.45,0.0251791
0.48,0.46,0.0228194
0.48,0.47,0.0242884
0.48,0.48,0.0255758
0.48,0.49,0.0251716
0.48,0.5,0.0240966
0.48,0.51,0.0240824
0.48,0.52,0.0229546
0.48,0.53,0.0237442
0.48,0.54,0.0233064
0.48,0.55,0.0252677
0.48,0.56,0.0239294
0.48,0.57,0.0265806
0.48,0.58,0.02511
0.48,0.59,0.0235763
0.48,0.6,0.0238766
0.48,0.61,0.0252755
0.48,0.62,0.0226514
0.48,0.63,0.0239042
0.48,0.64,0.0254064
0.48,0.65,0.0246578
0.48,0.66,0.0239385
0.48,0.67,0.024134
0.48,0.68,0.0233613
0.48,0.69,0.0243224
0.48,0.7,0.0235618
0.48,0.71,0.0262519
0.48,0.72,0.0247089
0.48,0.73,0.025661
0.48,0.74,0.0233955
0.48,0.75,0.0270309
0.48,0.76,0.0247699
0.48,0.77,0.0239933
0.48,0.78,0.0257521
0.48,0.79,0.0240771
0.48,0.8,0.025098
0.48,0.81,0.0261855
0.48,0.82,0.0243897
0.48,0.83,0.0265921
0.48,0.84,0.022332
0.48,0.85,0.0256424
0.48,0.86,0.0245116
0.48,0.87,0.0246552
0.48,0.88,0.0251247
0.48,0.89,0.0246461
0.48,0.9,0.0222952
0.48,0.91,0.023345
0.48,0.92,0.0230973
0.48,0.93,0.0209784
0.48,0.94,0.0203469
0.48,0.95,0.0194816
0.48,0.96,0.0194565
0.48,0.97,0.016408
0.48,0.98,0.0187324
0.48,0.99,0.016962
0.48,1,0.0159167
0.48,1.01,0.0153676
0.48,1.02,0.0146062
0.48,1.03,0.0136468
0.48,1.04,0.0120171
0.49,0,0.0122505
0.49,0.01,0.0126778
0.49,0.02,0.0133815
0.49,0.03,0.0144706
0.49,0.04,0.0157014
0.49,0.05,0.0159127
0.49,0.06,0.0157859
0.49,0.07,0.017064
0.49,0.08,0.0191795
0.49,0.09,0.0185525
0.49,0.1,0.0213001
0.49,0.11,0.0212457
0.49,0.12,0.0205776
0.49,0.13,0.021655
0.49,0.14,0.0239407
0.49,0.15,0.0230118
0.49,0.16,0.0239026
0.49,0.17,0.0234926
0.49,0.18,0.0246758
0.49,0.19,0.0256665
0.49,0.2,0.0231539
0.49,0.21,0.023184
0.49,0.22,0.0238262
0.49,0.23,0.0256124
0.49,0.24,0.0235272
0.49,0.25,0.0233459
0.49,0.26,0.0261896
0.49,0.27,0.0251697
0.49,0.28,0.025867
0.49,0.29,0.0253665
0.49,0.3,0.0237495
0.49,0.31,0.0250172
0.49,0.32,0.024997
0.49,0.33,0.0259903
0.49,0.34,0.0236741
0.49,0.35,0.0252703
0.49,0.36,0.0240221
0.49,0.37,0.0260222
0.49,0.38,0.0231694
0.49,0.39,0.0241051
0.49,0.4,0.0253874
0.49,0.41,0.0242028
0.49,0.42,0.0251162
0.49,0.43,0.0263472
0.49,0.44,0.0236784
0.49,0.45,0.0248255
0.49,0.46,0.0252741
0.49,0.47,0.0251567
0.49,0.48,0.0245317
0.49,0.49,0.0243602
0.49,0.5,0.0249195
0.49,0.51,0.0245555
0.49,0.52,0.0259876
0.49,0.53,0.0257515
0.49,0.54,0.0236856
0.49,0.55,0.0267858
0.49,0.56,0.0251832
0.49,0.57,0.0252603
0.49,0.58,0.0250401
0.49,0.59,0.0249384
0.49,0.6,0.0271419
0.49,0.61,0.023414
0.49,0.62,0.0249189
0.49,0.63,0.025305
0.49,0.64,0.0216758
0.49,0.65,0.0245314
0.49,0.66,0.02562
0.49,0.67,0.0251354
0.49,0.68,0.0269305
0.49,0.69,0.0235159
0.49,0.7,0.0241427
0.49,0.71,0.0234395
0.49,0.72,0.02374
0.49,0.73,0.0252423
0.49,0.74,0.0256855
0.49,0.75,0.0250343
0.49,0.76,0.0238162
0.49,0.77,0.0260104
0.49,0.78,0.0253236
0.49,0.79,0.025062
0.49,0.8,0.0243889
0.49,0.81,0.0238346
0.49,0.82,0.0234128
0.49,0.83,0.0263649
0.49,0.84,0.0252532
0.49,0.85,0.0236648
0.49,0.86,0.0242277
0.49,0.87,0.0245014
0.49,0.88,0.0224736
0.49,0.89,0.0226686
0.49,0.9,0.0223997
0.49,0.91,0.0225287
0.49,0.92,0.0211631
0.49,0.93,0.0233118
0.49,0.94,0.0212005
0.49,0.95,0.0198557
0.49,0.96,0.0199977
0.49,0.97,0.0180924
0.49,0.98,0.0190503
0.49,0.99,0.0200018
0.49,1,0.0160552
0.49,1.01,0.0153147
0.49,1.02,0.0156474
0.49,1.03,0.0138628
0.49,1.04,0.0120001
0.5,0,0.0121058
0.5,0.01,0.0136345
0.5,0.02,0.0145155
0.5,0.03,0.0146592
0.5,0.04,0.0150451
0.5,0.05,0.016039
0.5,0.06,0.0172547
0.5,0.07,0.0187242
0.5,0.08,0.0190692
0.5,0.09,0.0189286
0.5,0.1,0.0209691
0.5,0.11,0.02153
0.5,0.12,0.021145
0.5,0.13,0.0224448
0.5,0.14,0.0228477
0.5,0.15,0.0231949
0.5,0.16,0.0213963
0.5,0.17,0.024438
0.5,0.18,0.0240313
0.5,0.19,0.0229621
0.5,0.2,0.0250621
0.5,0.21,0.0235966
0.5,0.22,0.0236112
0.5,0.23,0.0253887
0.5,0.24,0.0262844
0.5,0.25,0.025189
0.5,0.26,0.0265745
0.5,0.27,0.024813
0.5,0.28,0.0233037
0.5,0.29,0.0270695
0.5,0.3,0.0251267
0.5,0.31,0.0240421
0.5,0.32,0.0234959
0.5,0.33,0.0250965
0.5,0.34,0.0255644
0.5,0.35,0.0251507
0.5,0.36,0.0241218
0.5,0.37,0.0232182
0.5,0.38,0.0247844
0.5,0.39,0.0226436
0.5,0.4,0.0258297
0.5,0.41,0.0257474
0.5,0.42,0.0250568
0.5,0.43,0.0227162
0.5,0.44,0.0239463
0.5,0.45,0.0238424
0.5,0.46,0.0234355
0.5,0.47,0.0232272
0.5,0.48,0.0250196
0.5,0.49,0.0241065
0.5,0.5,0.0260109
0.5,0.51,0.0258911
0.5,0.52,0.024553
0.5,0.53,0.0250361
0.5,0.54,0.025728
0.5,0.55,0.0242642
0.5,0.56,0.0247478
0.5,0.57,0.0253213
0.5,0.58,0.0250031
0.5,0.59,0.0239145
0.5,0.6,0.0253424
0.5,0.61,0.0231953
0.5,0.62,0.0262214
0.5,0.63,0.0245931
0.5,0.64,0.0237773
0.5,0.65,0.0256384
0.5,0.66,0.0243927
0.5,0.67,0.0242451
0.5,0.68,0.0230391
0.5,0.69,0.0251745
0.5,0.7,0.0239904
0.5,0.71,0.0243621
0.5,0.72,0.0243457
0.5,0.73,0.0252739
0.5,0.74,0.0254414
0.5,0.75,0.0231381
0.5,0.76,0.0243814
0.5,0.77,0.0242265
0.5,0.78,0.0246874
0.5,0.79,0.0237674
0.5,0.8,0.0225326
0.5,0.81,0.0238968
0.5,0.82,0.0243221
0.5,0.83,0.0261946
0.5,0.84,0.022028
0.5,0.85,0.0250608
0.5,0.86,0.0262558
0.5,0.87,0.0247328
0.5,0.88,0.0240381
0.5,0.89,0.0235582
0.5,0.9,0.0236304
0.5,0.91,0.0223367
0.5,0.92,0.0227024
0.5,0.93,0.0210188
0.5,0.94,0.0207355
0.5,0.95,0.0206472
0.5,0.96,0.0203919
0.5,0.97,0.017526
0.5,0.98,0.018776
0.5,0.99,0.0175691
0.5,1,0.0155858
0.5,1.01,0.0149274
0.5,1.02,0.0143018
0.5,1.03,0.0153696
0.5,1.04,0.0132133
0.51,0,0.0138221
0.51,0.01,0.0132635
0.51,0.02,0.0128919
0.51,0.03,0.0167862
0.51,0.04,0.0148176
0.51,0.05,0.0162645
0.51,0.06,0.0186386
0.51,0.07,0.0191618
0.51,0.08,0.019824
0.51,0.09,0.0215229
0.51,0.1,0.0206625
0.51,0.11,0.0230503
0.51,0.12,0.0204918
0.51,0.13,0.023858
0.51,0.14,0.0228549
0.51,0.15,0.0217818
0.51,0.16,0.0235297
0.51,0.17,0.024609
0.51,0.18,0.0253249
0.51,0.19,0.0227955
0.51,0.2,0.0235439
0.51,0.21,0.0235924
0.51,0.22,0.0227722
0.51,0.23,0.0247939
0.51,0.24,0.0249908
0.51,0.25,0.0249193
0.51,0.26,0.0238269
0.51,0.27,0.0263709
0.51,0.28,0.0248878
0.51,0.29,0.0255024
0.51,0.3,0.0253806
0.51,0.31,0.0253714
0.51,0.32,0.0255346
0.51,0.33,0.0251262
0.51,0.34,0.0231774
0.51,0.35,0.025246
0.51,0.36,0.0231113
0.51,0.37,0.023714
0.51,0.38,0.0264422
0.51,0.39,0.0238425
0.51,0.4,0.024223
0.51,0.41,0.0251207
0.51,0.42,0.0255784
0.51,0.43,0.0254023
0.51,0.44,0.0253702
0.51,0.45,0.0255007
0.51,0.46,0.0263511
0.51,0.47,0.0247387
0.51,0.48,0.0245582
0.51,0.49,0.0248836
0.51,0.5,0.0263467
0.51,0.51,0.0248747
0.51,0.52,0.0242757
0.51,0.53,0.0234048
0.51,0.54,0.0242492
0.51,0.55,0.0246049
0.51,0.56,0.0252841
0.51,0.57,0.0245123
0.51,0.58,0.0243458
0.51,0.59,0.0234163
0.51,0.6,0.0256627
0.51,0.61,0.0237721
0.51,0.62,0.0259307
0.51,0.63,0.0250262
0.51,0.64,0.0254393
0.51,0.65,0.0239884
0.51,0.66,0.0245375
0.51,0.67,0.0247104
0.51,0.68,0.0252968
0.51,0.69,0.0253108
0.51,0.7,0.0246784
0.51,0.71,0.024801
0.51,0.72,0.0250831
0.51,0.73,0.0248099
0.51,0.74,0.0250351
0.51,0.75,0.0227313
0.51,0.76,0.0253796
0.51,0.77,0.0240238
0.51,0.78,0.0276408
0.51,0.79,0.02558
0.51,0.8,0.0236992
0.51,0.81,0.0242956
0.51,0.82,0.0265254
0.51,0.83,0.0252773
0.51,0.84,0.0241251
0.51,0.85,0.0241594
0.51,0.86,0.0222091
0.51,0.87,0.0243509
0.51,0.88,0.0243383
0.51,0.89,0.0229645
0.51,0.9,0.0237238
0.51,0.91,0.0227128
0.51,0.92,0.0226876
0.51,0.93,0.0220605
0.51,0.94,0.0229609
0.51,0.95,0.0213713
0.51,0.96,0.0194019
0.51,0.97,0.0191147
0.51,0.98,0.0184711
0.51,0.99,0.0157478
0.51,1,0.017639
0.51,1.01,0.0143749
0.51,1.02,0.0151286
0.51,1.03,0.0142878
0.51,1.04,0.01359
0.52,0,0.012487
0.52,0.01,0.0136705
0.52,0.02,0.0137508
0.52,0.03,0.0151211
0.52,0.04,0.0157832
0.52,0.05,0.0159733
0.52,0.06,0.0166161
0.52,0.07,0.0188471
0.52,0.08,0.0188263
0.52,0.09,0.0202693
0.52,0.1,0.0214016
0.52,0.11,0.0222201
0.52,0.12,0.023906
0.52,0.13,0.0223742
0.52,0.14,0.0245874
0.52,0.15,0.0231084
0.52,0.16,0.0241057
0.52,0.17,0.0233578
0.52,0.18,0.0242973
0.52,0.19,0.025081
0.52,0.2,0.0246952
0.52,0.21,0.0240307
0.52,0.22,0.0229899
0.52,0.23,0.0250345
0.52,0.24,0.0256462
0.52,0.25,0.0239266
0.52,0.26,0.0261068
0.52,0.27,0.0250435
0.52,0.28,0.0244422
0.52,0.29,0.0244202
0.52,0.3,0.0264772
0.52,0.31,0.0256964
0.52,0.32,0.0255694
0.52,0.33,0.0262088
0.52,0.34,0.0248291
0.52,0.35,0.0241912
0.52,0.36,0.0249575
0.52,0.37,0.0243253
0.52,0.38,0.024889
0.52,0.39,0.0235478
0.52,0.4,0.0240547
0.52,0.41,0.0234969
0.52,0.42,0.0254228
0.52,0.43,0.0252471
0.52,0.44,0.0244697
0.52,0.45,0.023823
0.52,0.46,0.0252959
0.52,0.47,0.0250763
0.52,0.48,0.0250306
0.52,0.49,0.0234462
0.52,0.5,0.0241586
0.52,0.51,0.0256966
0.52,0.52,0.0270778
0.52,0.53,0.0226358
0.52,0.54,0.0237375
0.52,0.55,0.0240749
0.52,0.56,0.0239882
0.52,0.57,0.0238264
0.52,0.58,0.0259822
0.52,0.59,0.0249504
0.52,0.6,0.0261381
0.52,0.61,0.0237886
0.52,0.62,0.0249077
0.52,0.63,0.0244915
0.52,0.64,0.0232147
0.52,0.65,0.0237205
0.52,0.66,0.023937
0.52,0.67,0.0240831
0.52,0.68,0.0242152
0.52,0.69,0.0245406
0.52,0.7,0.0255682
0.52,0.71,0.0260626
0.52,0.72,0.0229925
0.52,0.73,0.0250673
0.52,0.74,0.0255826
0.52,0.75,0.0241082
0.52,0.76,0.024266
0.52,0.77,0.0244484
0.52,0.78,0.0249481
0.52,0.79,0.0238371
0.52,0.8,0.0247322
0.52,0.81,0.0248778
0.52,0.82,0.0248024
0.52,0.83,0.0242349
0.52,0.84,0.0239944
0.52,0.85,0.0246695
0.52,0.86,0.0256496
0.52,0.87,0.0248095
0.52,0.88,0.0233786
0.52,0.89,0.0257594
0.52,0.9,0.0245801
0.52,0.91,0.0242974
0.52,0.92,0.0219062
0.52,0.93,0.0245736
0.52,0.94,0.0220084
0.52,0.95,0.0228243
0.52,0.96,0.0198669
0.52,0.97,0.0186485
0.52,0.98,0.0189582
0.52,0.99,0.0172481
0.52,1,0.0153144
0.52,1.01,0.0162189
0.52,1.02,0.0149744
0.52,1.03,0.012122
0.52,1.04,0.0133628
0.53,0,0.0140192
0.53,0.01,0.0122238
0.53,0.02,0.0142462
0.53,0.03,0.0146251
0.53,0.04,0.0162803
0.53,0.05,0.0174167
0.53,0.06,0.0185481
0.53,0.07,0.0198131
0.53,0.08,0.0200627
0.53,0.09,0.0188045
0.53,0.1,0.0223218
0.53,0.11,0.0211545
0.53,0.12,0.0222857
0.53,0.13,0.0215577
0.53,0.14,0.0220583
0.53,0.15,0.0246696
0.53,0.16,0.0245629
0.53,0.17,0.024739
0.53,0.18,0.0241923
0.53,0.19,0.0241548
0.53,0.2,0.0237119
0.53,0.21,0.0238662
0.53,0.22,0.0256891
0.53,0.23,0.0254966
0.53,0.24,0.0255234
0.53,0.25,0.0226841
0.53,0.26,0.025081
0.53,0.27,0.0263475
0.53,0.28,0.0244958
0.53,0.29,0.0232078
0.53,0.3,0.0225242
0.53,0.31,0.0270515
0.53,0.32,0.0247597
0.53,0.33,0.0257619
0.53,0.34,0.0250572
0.53,0.35,0.0255905
0.53,0.36,0.0265814
0.53,0.37,0.0245041
0.53,0.38,0.0251647
0.53,0.39,0.0233359
0.53,0.4,0.023625
0.53,0.41,0.0233746
0.53,0.42,0.0245097
0.53,0.43,0.0254538
0.53,0.44,0.0234934
0.53,0.45,0.0262836
0.53,0.46,0.0224456
0.53,0.47,0.0234878
0.53,0.48,0.0245434
0.53,0.49,0.0237506
0.53,0.5,0.0245545
0.53,0.51,0.0250778
0.53,0.52,0.0237112
0.53,0.53,0.0254382
0.53,0.54,0.0248127
0.53,0.55,0.0231249
0.53,0.56,0.0228959
0.53,0.57,0.0261089
0.53,0.58,0.0254919
0.53,0.59,0.0240162
0.53,0.6,0.0254562
0.53,0.61,0.0239927
0.53,0.62,0.0260012
0.53,0.63,0.0242909
0.53,0.64,0.0234683
0.53,0.65,0.0236736
0.53,0.66,0.0232428
0.53,0.67,0.0236989
0.53,0.68,0.0251373
0.53,0.69,0.0247682
0.53,0.7,0.0248904
0.53,0.71,0.0248459
0.53,0.72,0.023851
0.53,0.73,0.0259977
0.53,0.74,0.0246697
0.53,0.75,0.0251613
0.53,0.76,0.0245984
0.53,0.77,0.0239253
0.53,0.78,0.0246131
0.53,0.79,0.023946
0.53,0.8,0.0266916
0.53,0.81,0.0252848
0.53,0.82,0.024069
0.53,0.83,0.0240828
0.53,0.84,0.0253049
0.53,0.85,0.0251062
0.53,0.86,0.0232931
0.53,0.87,0.0230628
0.53,0.88,0.0244383
0.53,0.89,0.0232037
0.53,0.9,0.0230423
0.53,0.91,0.0242438
0.53,0.92,0.0229494
0.53,0.93,0.0225907
0.53,0.94,0.0196318
0.53,0.95,0.0200958
0.53,0.96,0.0213545
0.53,0.97,0.018051
0.53,0.98,0.0196849
0.53,0.99,0.0189911
0.53,1,0.0161704
0.53,1.01,0.0172041
0.53,1.02,0.0153534
0.53,1.03,0.0127625
0.53,1.04,0.0133708
0.54,0,0.0131089
0.54,0.01,0.0135343
0.54,0.02,0.0126526
0.54,0.03,0.01591
0.54,0.04,0.0167262
0.54,0.05,0.0171103
0.54,0.06,0.0197137
0.54,0.07,0.0192933
0.54,0.08,0.0197754
0.54,0.09,0.0203798
0.54,0.1,0.0218221
0.54,0.11,0.0235026
0.54,0.12,0.0244447
0.54,0.13,0.0241114
0.54,0.14,0.0233996
0.54,0.15,0.0231501
0.54,0.16,0.024563
0.54,0.17,0.0243302
0.54,0.18,0.0244688
0.54,0.19,0.0234412
0.54,0.2,0.0239466
0.54,0.21,0.0271428
0.54,0.22,0.0256504
0.54,0.23,0.0235502
0.54,0.24,0.0253636
0.54,0.25,0.0245284
0.54,0.26,0.0219772
0.54,0.27,0.0227618
0.54,0.28,0.0248669
0.54,0.29,0.0239197
0.54,0.3,0.0230403
0.54,0.31,0.0246563
0.54,0.32,0.0244941
0.54,0.33,0.0230541
0.54,0.34,0.0225497
0.54,0.35,0.0250315
0.54,0.36,0.0261688
0.54,0.37,0.0254021
0.54,0.38,0.025072
0.54,0.39,0.0245963
0.54,0.4,0.0240876
0.54,0.41,0.0245409
0.54,0.42,0.0240376
0.54,0.43,0.0259519
0.54,0.44,0.0260902
0.54,0.45,0.0242782
0.54,0.46,0.0245011
0.54,0.47,0.0259761
0.54,0.48,0.0241367
0.54,0.49,0.0241417
0.54,0.5,0.0247134
0.54,0.51,0.0247554
0.54,0.52,0.0239667
0.54,0.53,0.0240516
0.54,0.54,0.0243012
0.54,0.55,0.0244108
0.54,0.56,0.0258808
0.54,0.57,0.0247806
0.54,0.58,0.0243668
0.54,0.59,0.0238893
0.54,0.6,0.0242574
0.54,0.61,0.0222657
0.54,0.62,0.02475
0.54,0.63,0.0249409
0.54,0.64,0.0232772
0.54,0.65,0.0234661
0.54,0.66,0.0225732
0.54,0.67,0.0250374
0.54,0.68,0.0251394
0.54,0.69,0.0259126
0.54,0.7,0.0271737
0.54,0.71,0.0261296
0.54,0.72,0.0253917
0.54,0.73,0.0236275
0.54,0.74,0.0255084
0.54,0.75,0.0248729
0.54,0.76,0.0253593
0.54,0.77,0.0269047
0.54,0.78,0.0248994
0.54,0.79,0.0240294
0.54,0.8,0.0236742
0.54,0.81,0.0256172
0.54,0.82,0.0244487
0.54,0.83,0.0247866
0.54,0.84,0.0256078
0.54,0.85,0.023564
0.54,0.86,0.0245704
0.54,0.87,0.023809
0.54,0.88,0.0237371
0.54,0.89,0.0232618
0.54,0.9,0.0218685
0.54,0.91,0.0216011
0.54,0.92,0.0218853
0.54,0.93,0.0222874
0.54,0.94,0.0215075
0.54,0.95,0.0220461
0.54,0.96,0.0209006
0.54,0.97,0.0188977
0.54,0.98,0.0191519
0.54,0.99,0.0173006
0.54,1,0.0180067
0.54,1.01,0.0151765
0.54,1.02,0.0156319
0.54,1.03,0.0139865
0.54,1.04,0.0134639
0.55,0,0.0119114
0.55,0.01,0.0132856
0.55,0.02,0.0142453
0.55,0.03,0.0162715
0.55,0.04,0.0162469
0.55,0.05,0.0179866
0.55,0.06,0.0191256
0.55,0.07,0.0192087
0.55,0.08,0.0226892
0.55,0.09,0.0191217
0.55,0.1,0.0204417
0.55,0.11,0.0219226
0.55,0.12,0.0234546
0.55,0.13,0.0223468
0.55,0.14,0.023857
0.55,0.15,0.024202
0.55,0.16,0.0242683
0.55,0.17,0.0225948
0.55,0.18,0.0234843
0.55,0.19,0.0247431
0.55,0.2,0.0245011
0.55,0.21,0.0244513
0.55,0.22,0.0233811
0.55,0.23,0.023179
0.55,0.24,0.0255242
0.55,0.25,0.0245013
0.55,0.26,0.0245231
0.55,0.27,0.0253951
0.55,0.28,0.0257767
0.55,0.29,0.0225769
0.55,0.3,0.0247099
0.55,0.31,0.0248639
0.55,0.32,0.0245761
0.55,0.33,0.0263733
0.55,0.34,0.0254213
0.55,0.35,0.0237987
0.55,0.36,0.0240639
0.55,0.37,0.025994
0.55,0.38,0.0237345
0.55,0.39,0.0247918
0.55,0.4,0.0247956
0.55,0.41,0.0245465
0.55,0.42,0.024614
0.55,0.43,0.0257438
0.55,0.44,0.0237053
0.55,0.45,0.0236774
0.55,0.46,0.0248881
0.55,0.47,0.0229605
0.55,0.48,0.025371
0.55,0.49,0.0235964
0.55,0.5,0.0243329
0.55,0.51,0.0235837
0.55,0.52,0.0247348
0.55,0.53,0.0229854
0.55,0.54,0.0223169
0.55,0.55,0.0227697
0.55,0.56,0.0256694
0.55,0.57,0.023392
0.55,0.58,0.0243135
0.55,0.59,0.0239527
0.55,0.6,0.0227567
0.55,0.61,0.0244296
0.55,0.62,0.025414
0.55,0.63,0.0230812
0.55,0.64,0.0241743
0.55,0.65,0.0230407
0.55,0.66,0.024248
0.55,0.67,0.0245395
0.55,0.68,0.0241608
0.55,0.69,0.0240885
0.55,0.7,0.0239903
0.55,0.71,0.0243516
0.55,0.72,0.0236151
0.55,0.73,0.0249135
0.55,0.74,0.0245966
0.55,0.75,0.0254944
0.55,0.76,0.0239379
0.55,0.77,0.0250083
0.55,0.78,0.0232834
0.55,0.79,0.0224515
0.55,0.8,0.0255748
0.55,0.81,0.0254741
0.55,0.82,0.024618
0.55,0.83,0.0245829
0.55,0.84,0.0253416
0.55,0.85,0.0233335
0.55,0.86,0.021975
0.55,0.87,0.0240204
0.55,0.88,0.0233549
0.55,0.89,0.0257196
0.55,0.9,0.0235814
0.55,0.91,0.0239409
0.55,0.92,0.022876
0.55,0.93,0.0217934
0.55,0.94,0.0212173
0.55,0.95,0.019407
0.55,0.96,0.0197806
0.55,0.97,0.019279
0.55,0.98,0.0179528
0.55,0.99,0.0180067
0.55,1,0.0161989
0.55,1.01,0.0166601
0.55,1.02,0.0148321
0.55,1.03,0.0136973
0.55,1.04,0.014014
0.56,0,0.0121289
0.56,0.01,0.0129016
0.56,0.02,0.0152994
0.56,0.03,0.0143918
0.56,0.04,0.015186
0.56,0.05,0.0166519
0.56,0.06,0.0170094
0.56,0.07,0.0182898
0.56,0.08,0.019485
0.56,0.09,0.0198008
0.56,0.1,0.0220838
0.56,0.11,0.0223954
0.56,0.12,0.0223157
0.56,0.13,0.0234152
0.56,0.14,0.0235725
0.56,0.15,0.0232745
0.56,0.16,0.0249896
0.56,0.17,0.0232656
0.56,0.18,0.0264615
0.56,0.19,0.025911
0.56,0.2,0.0230732
0.56,0.21,0.0228944
0.56,0.22,0.024282
0.56,0.23,0.0237264
0.56,0.24,0.0254954
0.56,0.25,0.0238841
0.56,0.26,0.0254113
0.56,0.27,0.0258685
0.56,0.28,0.0233388
0.56,0.29,0.0250528
0.56,0.3,0.0240981
0.56,0.31,0.0223244
0.56,0.32,0.0231686
0.56,0.33,0.0246032
0.56,0.34,0.0234547
0.56,0.35,0.0245384
0.56,0.36,0.023052
0.56,0.37,0.0242937
0.56,0.38,0.0237089
0.56,0.39,0.0253241
0.56,0.4,0.0246718
0.56,0.41,0.0217767
0.56,0.42,0.0260932
0.56,0.43,0.0232797
0.56,0.44,0.0244771
0.56,0.45,0.0252747
0.56,0.46,0.0250019
0.56,0.47,0.0242944
0.56,0.48,0.0245825
0.56,0.49,0.026381
0.56,0.5,0.0243597
0.56,0.51,0.02463
0.56,0.52,0.0266748
0.56,0.53,0.0233803
0.56,0.54,0.0248627
0.56,0.55,0.0250954
0.56,0.56,0.0245381
0.56,0.57,0.0253668
0.56,0.58,0.0257247
0.56,0.59,0.0234156
0.56,0.6,0.0255317
0.56,0.61,0.0234217
0.56,0.62,0.0246549
0.56,0.63,0.0242413
0.56,0.64,0.0259742
0.56,0.65,0.0244263
0.56,0.66,0.0241308
0.56,0.67,0.0244469
0.56,0.68,0.0227746
0.56,0.69,0.0261339
0.56,0.7,0.0246545
0.56,0.71,0.0238034
0.56,0.72,0.0262463
0.56,0.73,0.0232599
0.56,0.74,0.0256245
0.56,0.75,0.0250849
0.56,0.76,0.0244008
0.56,0.77,0.0249578
0.56,0.78,0.0244901
0.56,0.79,0.0235874
0.56,0.8,0.0247748
0.56,0.81,0.0243359
0.56,0.82,0.0233622
0.56,0.83,0.0229635
0.56,0.84,0.0253872
0.56,0.85,0.0259088
0.56,0.86,0.0245825
0.56,0.87,0.025453
0.56,0.88,0.0243196
0.56,0.89,0.0261881
0.56,0.9,0.0243994
0.56,0.91,0.0228209
0.56,0.92,0.0229478
0.56,0.93,0.0220242
0.56,0.94,0.0244395
0.56,0.95,0.0208215
0.56,0.96,0.0197848
0.56,0.97,0.0185617
0.56,0.98,0.0199415
0.56,0.99,0.0184902
0.56,1,0.0154512
0.56,1.01,0.0166516
0.56,1.02,0.0141121
0.56,1.03,0.0152158
0.56,1.04,0.0127859
0.57,0,0.0114779
0.57,0.01,0.0137049
0.57,0.02,0.012561
0.57,0.03,0.0157275
0.57,0.04,0.0154489
0.57,0.05,0.0171227
0.57,0.06,0.0180743
0.57,0.07,0.0194499
0.57,0.08,0.0211147
0.57,0.09,0.0213479
0.57,0.1,0.0213534
0.57,0.11,0.0217022
0.57,0.12,0.0222654
0.57,0.13,0.0227029
0.57,0.14,0.0237604
0.57,0.15,0.022679
0.57,0.16,0.0246805
0.57,0.17,0.0244993
0.57,0.18,0.0238225
0.57,0.19,0.0225272
0.57,0.2,0.0227501
0.57,0.21,0.0246944
0.57,0.22,0.0241917
0.57,0.23,0.0241896
0.57,0.24,0.0250991
0.57,0.25,0.0248604
0.57,0.26,0.0250277
0.57,0.27,0.0252628
0.57,0.28,0.0269642
0.57,0.29,0.025596
0.57,0.3,0.0233867
0.57,0.31,0.0243919
0.57,0.32,0.0238779
0.57,0.33,0.0255156
0.57,0.34,0.0230627
0.57,0.35,0.0250662
0.57,0.36,0.0256577
0.57,0.37,0.0250731
0.57,0.38,0.0253764
0.57,0.39,0.0235938
0.57,0.4,0.0238827
0.57,0.41,0.0253972
0.57,0.42,0.0251751
0.57,0.43,0.0234339
0.57,0.44,0.0252622
0.57,0.45,0.0243812
0.57,0.46,0.02636
0.57,0.47,0.0240016
0.57,0.48,0.0277679
0.57,0.49,0.0261624
0.57,0.5,0.0242866
0.57,0.51,0.024269
0.57,0.52,0.0251193
0.57,0.53,0.0248408
0.57,0.54,0.0256564
0.57,0.55,0.0252337
0.57,0.56,0.0245686
0.57,0.57,0.0253685
0.57,0.58,0.0217898
0.57,0.59,0.0238112
0.57,0.6,0.0236135
0.57,0.61,0.024584
0.57,0.62,0.0247417
0.57,0.63,0.0239946
0.57,0.64,0.024861
0.57,0.65,0.0250279
0.57,0.66,0.0256168
0.57,0.67,0.0243407
0.57,0.68,0.025628
0.57,0.69,0.0244294
0.57,0.7,0.0237831
0.57,0.71,0.0260862
0.57,0.72,0.0258838
0.57,0.73,0.025964
0.57,0.74,0.0235289
0.57,0.75,0.0242074
0.57,0.76,0.0256237
0.57,0.77,0.0241381
0.57,0.78,0.024875
0.57,0.79,0.0249271
0.57,0.8,0.0246463
0.57,0.81,0.0265137
0.57,0.82,0.0226331
0.57,0.83,0.0247548
0.57,0.84,0.0258181
0.57,0.85,0.0263539
0.57,0.86,0.0252563
0.57,0.87,0.0261023
0.57,0.88,0.0232118
0.57,0.89,0.0229093
0.57,0.9,0.0252951
0.57,0.91,0.0231337
0.57,0.92,0.0230046
0.57,0.93,0.021886
0.57,0.94,0.0215454
0.57,0.95,0.0209558
0.57,0.96,0.0189347
0.57,0.97,0.0196422
0.57,0.98,0.0186288
0.57,0.99,0.0186076
0.57,1,0.016525
0.57,1.01,0.0140414
0.57,1.02,0.0161776
0.57,1.03,0.0135132
0.57,1.04,0.0126189
0.58,0,0.0136247
0.58,0.01,0.0148814
0.58,0.02,0.013921
0.58,0.03,0.0150149
0.58,0.04,0.0175063
0.58,0.05,0.0176166
0.58,0.06,0.0202508
0.58,0.07,0.0194903
0.58,0.08,0.0202867
0.58,0.09,0.0210761
0.58,0.1,0.0195412
0.58,0.11,0.0213964
0.58,0.12,0.0212507
0.58,0.13,0.0238767
0.58,0.14,0.0246319
0.58,0.15,0.0230595
0.58,0.16,0.0232059
0.58,0.17,0.0240751
0.58,0.18,0.0248267
0.58,0.19,0.0239307
0.58,0.2,0.0240421
0.58,0.21,0.0252537
0.58,0.22,0.0238077
0.58,0.23,0.0248339
0.58,0.24,0.0253105
0.58,0.25,0.0250135
0.58,0.26,0.022631
0.58,0.27,0.0240829
0.58,0.28,0.0251421
0.58,0.29,0.0223611
0.58,0.3,0.024942
0.58,0.31,0.0252745
0.58,0.32,0.0260132
0.58,0.33,0.0245984
0.58,0.34,0.0233685
0.58,0.35,0.0248062
0.58,0.36,0.0254494
0.58,0.37,0.0250777
0.58,0.38,0.0246381
0.58,0.39,0.0242933
0.58,0.4,0.0267782
0.58,0.41,0.0249314
0.58,0.42,0.0248936
0.58,0.43,0.0241358
0.58,0.44,0.025423
0.58,0.45,0.026311
0.58,0.46,0.0249304
0.58,0.47,0.0253668
0.58,0.48,0.0240526
0.58,0.49,0.0260167
0.58,0.5,0.0233608
0.58,0.51,0.0235701
0.58,0.52,0.0251639
0.58,0.53,0.0245575
0.58,0.54,0.0232692
0.58,0.55,0.0260175
0.58,0.56,0.0257303
0.58,0.57,0.0250249
0.58,0.58,0.025384
0.58,0.59,0.0253446
0.58,0.6,0.0241718
0.58,0.61,0.0234109
0.58,0.62,0.026616
0.58,0.63,0.0261725
0.58,0.64,0.0250025
0.58,0.65,0.0247938
0.58,0.66,0.024757
0.58,0.67,0.0259894
0.58,0.68,0.0257046
0.58,0.69,0.0244743
0.58,0.7,0.0259387
0.58,0.71,0.0265347
0.58,0.72,0.0267076
0.58,0.73,0.0246352
0.58,0.74,0.025583
0.58,0.75,0.0238706
0.58,0.76,0.0244807
0.58,0.77,0.0227496
0.58,0.78,0.0225799
0.58,0.79,0.0247838
0.58,0.8,0.0256124
0.58,0.81,0.0230747
0.58,0.82,0.0245792
0.58,0.83,0.0235904
0.58,0.84,0.0230114
0.58,0.85,0.0248005
0.58,0.86,0.0233064
0.58,0.87,0.0243345
0.58,0.88,0.0266554
0.58,0.89,0.0228638
0.58,0.9,0.0250722
0.58,0.91,0.0255504
0.58,0.92,0.0240102
0.58,0.93,0.0228408
0.58,0.94,0.0202848
0.58,0.95,0.0227637
0.58,0.96,0.0216252
0.58,0.97,0.0195339
0.58,0.98,0.0182569
0.58,0.99,0.0173801
0.58,1,0.0161148
0.58,1.01,0.016034
0.58,1.02,0.0146193
0.58,1.03,0.0149273
0.58,1.04,0.0126628
0.59,0,0.0114401
0.59,0.01,0.0124902
0.59,0.02,0.0134199
0.59,0.03,0.0164128
0.59,0.04,0.0172517
0.59,0.05,0.0182454
0.59,0.06,0.0184305
0.59,0.07,0.0187519
0.59,0.08,0.0209214
0.59,0.09,0.0210491
0.59,0.1,0.02136
0.59,0.11,0.0222096
0.59,0.12,0.0232515
0.59,0.13,0.0261696
0.59,0.14,0.0238629
0.59,0.15,0.0256829
0.59,0.16,0.0240533
0.59,0.17,0.0237203
0.59,0.18,0.0239383
0.59,0.19,0.0252214
0.59,0.2,0.0237078
0.59,0.21,0.0252826
0.59,0.22,0.0252157
0.59,0.23,0.0245732
0.59,0.24,0.0239849
0.59,0.25,0.0251571
0.59,0.26,0.0228635
0.59,0.27,0.0243786
0.59,0.28,0.0257187
0.59,0.29,0.022997
0.59,0.3,0.0254203
0.59,0.31,0.0240872
0.59,0.32,0.0236625
0.59,0.33,0.0246491
0.59,0.34,0.0253487
0.59,0.35,0.0254596
0.59,0.36,0.023867
0.59,0.37,0.0261595
0.59,0.38,0.0258211
0.59,0.39,0.0239219
0.59,0.4,0.0248086
0.59,0.41,0.0240539
0.59,0.42,0.0267697
0.59,0.43,0.0241521
0.59,0.44,0.0247294
0.59,0.45,0.024766
0.59,0.46,0.0228817
0.59,0.47,0.0247422
0.59,0.48,0.0245068
0.59,0.49,0.024031
0.59,0.5,0.0242261
0.59,0.51,0.0227172
0.59,0.52,0.0255611
0.59,0.53,0.0252332
0.59,0.54,0.0259151
0.59,0.55,0.025139
0.59,0.56,0.0244389
0.59,0.57,0.0224643
0.59,0.58,0.0243331
0.59,0.59,0.0252796
0.59,0.6,0.0243457
0.59,0.61,0.0229958
0.59,0.62,0.0261545
0.59,0.63,0.0244687
0.59,0.64,0.0244124
0.59,0.65,0.0234438
0.59,0.66,0.0247002
0.59,0.67,0.0263492
0.59,0.68,0.0244662
0.59,0.69,0.025663
0.59,0.7,0.0243736
0.59,0.71,0.0277163
0.59,0.72,0.0225758
0.59,0.73,0.0245918
0.59,0.74,0.0254645
0.59,0.75,0.0253109
0.59,0.76,0.0257626
0.59,0.77,0.0239095
0.59,0.78,0.0253826
0.59,0.79,0.0231306
0.59,0.8,0.022411
0.59,0.81,0.026181
0.59,0.82,0.0249511
0.59,0.83,0.0271866
0.59,0.84,0.0224976
0.59,0.85,0.0242999
0.59,0.86,0.0241616
0.59,0.87,0.0249695
0.59,0.88,0.0242914
0.59,0.89,0.0237637
0.59,0.9,0.023273
0.59,0.91,0.0244046
0.59,0.92,0.0228374
0.59,0.93,0.0235323
0.59,0.94,0.0239884
0.59,0.95,0.020491
0.59,0.96,0.0210684
0.59,0.97,0.0193829
0.59,0.98,0.0191561
0.59,0.99,0.0182628
0.59,1,0.0172135
0.59,1.01,0.0145301
0.59,1.02,0.0149968
0.59,1.03,0.0137469
0.59,1.04,0.0125446
0.6,0,0.0121679
0.6,0.01,0.0151774
0.6,0.02,0.0139365
0.6,0.03,0.0155499
0.6,0.04,0.0154649
0.6,0.05,0.0185615
0.6,0.06,0.0201082
0.6,0.07,0.0203963
0.6,0.08,0.0199246
0.6,0.09,0.0211202
0.6,0.1,0.0219012
0.6,0.11,0.0239076
0.6,0.12,0.0227234
0.6,0.13,0.022049
0.6,0.14,0.0245838
0.6,0.15,0.0237928
0.6,0.16,0.0237935
0.6,0.17,0.0236993
0.6,0.18,0.0233395
0.6,0.19,0.0236048
0.6,0.2,0.0258886
0.6,0.21,0.0236899
0.6,0.22,0.0248193
0.6,0.23,0.0238395
0.6,0.24,0.024132
0.6,0.25,0.025524
0.6,0.26,0.0258049
0.6,0.27,0.024153
0.6,0.28,0.0237476
0.6,0.29,0.0237982
0.6,0.3,0.0254962
0.6,0.31,0.0246518
0.6,0.32,0.0239793
0.6,0.33,0.0246266
0.6,0.34,0.0233096
0.6,0.35,0.0252284
0.6,0.36,0.024231
0.6,0.37,0.0244409
0.6,0.38,0.0231138
0.6,0.39,0.0249489
0.6,0.4,0.0239414
0.6,0.41,0.0256815
0.6,0.42,0.0255923
0.6,0.43,0.0247584
0.6,0.44,0.0246672
0.6,0.45,0.0254968
0.6,0.46,0.0235961
0.6,0.47,0.0244393
0.6,0.48,0.0248352
0.6,0.49,0.0252829
0.6,0.5,0.025308
0.6,0.51,0.0236896
0.6,0.52,0.0249072
0.6,0.53,0.0253235
0.6,0.54,0.0240353
0.6,0.55,0.0258459
0.6,0.56,0.0233493
0.6,0.57,0.0263897
0.6,0.58,0.0249016
0.6,0.59,0.0243261
0.6,0.6,0.0228502
0.6,0.61,0.0243003
0.6,0.62,0.0250381
0.6,0.63,0.0247918
0.6,0.64,0.0231154
0.6,0.65,0.0253925
0.6,0.66,0.0241599
0.6,0.67,0.0253367
0.6,0.68,0.0252661
0.6,0.69,0.0278764
0.6,0.7,0.0243401
0.6,0.71,0.0247904
0.6,0.72,0.0230578
0.6,0.73,0.0256727
0.6,0.74,0.0273941
0.6,0.75,0.0255371
0.6,0.76,0.025765
0.6,0.77,0.024341
0.6,0.78,0.0248947
0.6,0.79,0.0232264
0.6,0.8,0.024929
0.6,0.81,0.0249416
0.6,0.82,0.0245248
0.6,0.83,0.0251168
0.6,0.84,0.0240412
0.6,0.85,0.0245552
0.6,0.86,0.0258655
0.6,0.87,0.0249397
0.6,0.88,0.0260346
0.6,0.89,0.0252999
0.6,0.9,0.0255439
0.6,0.91,0.0237626
0.6,0.92,0.0234873
0.6,0.93,0.0240415
0.6,0.94,0.0209019
0.6,0.95,0.0224378
0.6,0.96,0.0222737
0.6,0.97,0.0194494
0.6,0.98,0.0198468
0.6,0.99,0.0185448
0.6,1,0.0164786
0.6,1.01,0.0156204
0.6,1.02,0.0135633
0.6,1.03,0.0143847
0.6,1.04,0.0129272
0.61,0,0.0114104
0.61,0.01,0.0137349
0.61,0.02,0.0138974
0.61,0.03,0.0150464
0.61,0.04,0.0176444
0.61,0.05,0.0179927
0.61,0.06,0.0174568
0.61,0.07,0.0183166
0.61,0.08,0.0207291
0.61,0.09,0.0218242
0.61,0.1,0.0222143
0.61,0.11,0.0229841
0.61,0.12,0.0226493
0.61,0.13,0.0223887
0.61,0.14,0.0233483
0.61,0.15,0.0231018
0.61,0.16,0.0233334
0.61,0.17,0.0238695
0.61,0.18,0.0265421
0.61,0.19,0.0242567
0.61,0.2,0.0249285
0.61,0.21,0.0230766
0.61,0.22,0.0234281
0.61,0.23,0.0254715
0.61,0.24,0.0259873
0.61,0.25,0.0240638
0.61,0.26,0.026376
0.61,0.27,0.0248462
0.61,0.28,0.0247889
0.61,0.29,0.0268095
0.61,0.3,0.0243483
0.61,0.31,0.0246283
0.61,0.32,0.0251367
0.61,0.33,0.0233572
0.61,0.34,0.0237869
0.61,0.35,0.0254279
0.61,0.36,0.024415
0.61,0.37,0.0251285
0.61,0.38,0.0241479
0.61,0.39,0.0255671
0.61,0.4,0.0239697
0.61,0.41,0.0249946
0.61,0.42,0.0251366
0.61,0.43,0.0251334
0.61,0.44,0.0261833
0.61,0.45,0.0242911
0.61,0.46,0.0245091
0.61,0.47,0.023534
0.61,0.48,0.0246259
0.61,0.49,0.0252405
0.61,0.5,0.0253288
0.61,0.51,0.0257081
0.61,0.52,0.0239961
0.61,0.53,0.0235673
0.61,0.54,0.0256691
0.61,0.55,0.0247234
0.61,0.56,0.0234513
0.61,0.57,0.0246128
0.61,0.58,0.0256533
0.61,0.59,0.0245787
0.61,0.6,0.023678
0.61,0.61,0.0249336
0.61,0.62,0.0232163
0.61,0.63,0.0235382
0.61,0.64,0.025085
0.61,0.65,0.0223283
0.61,0.66,0.0233927
0.61,0.67,0.024414
0.61,0.68,0.0250493
0.61,0.69,0.0254372
0.61,0.7,0.0245315
0.61,0.71,0.0255087
0.61,0.72,0.0254101
0.61,0.73,0.0237251
0.61,0.74,0.0247852
0.61,0.75,0.0244611
0.61,0.76,0.0244958
0.61,0.77,0.0260172
0.61,0.78,0.0266752
0.61,0.79,0.022991
0.61,0.8,0.0260036
0.61,0.81,0.0219331
0.61,0.82,0.0254707
0.61,0.83,0.023446
0.61,0.84,0.025119
0.61,0.85,0.0238886
0.61,0.86,0.0235098
0.61,0.87,0.0248837
0.61,0.88,0.0241942
0.61,0.89,0.024815
0.61,0.9,0.0241498
0.61,0.91,0.0251764
0.61,0.92,0.0226397
0.61,0.93,0.0243237
0.61,0.94,0.0219293
0.61,0.95,0.0218327
0.61,0.96,0.0213643
0.61,0.97,0.0208918
0.61,0.98,0.0193714
0.61,0.99,0.017816
0.61,1,0.0184061
0.61,1.01,0.0159684
0.61,1.02,0.0158113
0.61,1.03,0.0150626
0.61,1.04,0.01436
0.62,0,0.0125054
0.62,0.01,0.0133795
0.62,0.02,0.014481
0.62,0.03,0.0175054
0.62,0.04,0.0161342
0.62,0.05,0.0183571
0.62,0.06,0.0189517
0.62,0.07,0.0223699
0.62,0.08,0.0202702
0.62,0.09,0.0220328
0.62,0.1,0.0227335
0.62,0.11,0.0212067
0.62,0.12,0.0219598
0.62,0.13,0.0239672
0.62,0.14,0.0230094
0.62,0.15,0.022626
0.62,0.16,0.0239975
0.62,0.17,0.0236045
0.62,0.18,0.0234962
0.62,0.19,0.026394
0.62,0.2,0.0234955
0.62,0.21,0.0237356
0.62,0.22,0.0250592
0.62,0.23,0.0223969
0.62,0.24,0.0241914
0.62,0.25,0.0253927
0.62,0.26,0.0266974
0.62,0.27,0.0234405
0.62,0.28,0.0246755
0.62,0.29,0.0245725
0.62,0.3,0.0235469
0.62,0.31,0.0229864
0.62,0.32,0.0246981
0.62,0.33,0.0237959
0.62,0.34,0.0251179
0.62,0.35,0.0237133
0.62,0.36,0.0256983
0.62,0.37,0.0230541
0.62,0.38,0.0249556
0.62,0.39,0.0246537
0.62,0.4,0.0235238
0.62,0.41,0.0238846
0.62,0.42,0.0253382
0.62,0.43,0.0248354
0.62,0.44,0.0251605
0.62,0.45,0.0240289
0.62,0.46,0.0227448
0.62,0.47,0.0260052
0.62,0.48,0.0236407
0.62,0.49,0.0250005
0.62,0.5,0.0239845
0.62,0.51,0.0249052
0.62,0.52,0.0237152
0.62,0.53,0.0253271
0.62,0.54,0.0234522
0.62,0.55,0.0250105
0.62,0.56,0.0227418
0.62,0.57,0.0242314
0.62,0.58,0.0238042
0.62,0.59,0.0238734
0.62,0.6,0.0240601
0.62,0.61,0.0229167
0.62,0.62,0.0256168
0.62,0.63,0.0235955
0.62,0.64,0.0267162
0.62,0.65,0.0238237
0.62,0.66,0.0250326
0.62,0.67,0.0238141
0.62,0.68,0.0262785
0.62,0.69,0.0253658
0.62,0.7,0.0239588
0.62,0.71,0.0241025
0.62,0.72,0.025144
0.62,0.73,0.0253248
0.62,0.74,0.0254523
0.62,0.75,0.0240563
0.62,0.76,0.0237493
0.62,0.77,0.0240816
0.62,0.78,0.0244381
0.62,0.79,0.0236017
0.62,0.8,0.0245574
0.62,0.81,0.0229833
0.62,0.82,0.0259685
0.62,0.83,0.0248528
0.62,0.84,0.025149
0.62,0.85,0.0239635
0.62,0.86,0.0228297
0.62,0.87,0.0247374
0.62,0.88,0.022329
0.62,0.89,0.0261481
0.62,0.9,0.0257957
0.62,0.91,0.0230244
0.62,0.92,0.0230389
0.62,0.93,0.0226764
0.62,0.94,0.0230818
0.62,0.95,0.0210539
0.62,0.96,0.0214654
0.62,0.97,0.0201112
0.62,0.98,0.0192832
0.62,0.99,0.0177016
0.62,1,0.0180129
0.62,1.01,0.0165535
0.62,1.02,0.0149716
0.62,1.03,0.0154008
0.62,1.04,0.0126012
0.63,0,0.0112494
0.63,0.01,0.0131807
0.63,0.02,0.0146893
0.63,0.03,0.0155998
0.63,0.04,0.0175139
0.63,0.05,0.0175005
0.63,0.06,0.0189003
0.63,0.07,0.0198584
0.63,0.08,0.020893
0.63,0.09,0.0214191
0.63,0.1,0.0245185
0.63,0.11,0.0238572
0.63,0.12,0.0241126
0.63,0.13,0.0220282
0.63,0.14,0.0236766
0.63,0.15,0.0258339
0.63,0.16,0.0243569
0.63,0.17,0.0246064
0.63,0.18,0.0243036
0.63,0.19,0.0239637
0.63,0.2,0.0247694
0.63,0.21,0.0245242
0.63,0.22,0.0249244
0.63,0.23,0.0243287
0.63,0.24,0.0264612
0.63,0.25,0.0241587
0.63,0.26,0.0254422
0.63,0.27,0.0235757
0.63,0.28,0.0265504
0.63,0.29,0.0253013
0.63,0.3,0.0260295
0.63,0.31,0.0244347
0.63,0.32,0.0246006
0.63,0.33,0.0230072
0.63,0.34,0.0230201
0.63,0.35,0.0246739
0.63,0.36,0.0243625
0.63,0.37,0.0235247
0.63,0.38,0.0250224
0.63,0.39,0.0247801
0.63,0.4,0.0254305
0.63,0.41,0.022897
0.63,0.42,0.0249714
0.63,0.43,0.0231891
0.63,0.44,0.0250301
0.63,0.45,0.0263714
0.63,0.46,0.0249359
0.63,0.47,0.0255045
0.63,0.48,0.0245851
0.63,0.49,0.0246714
0.63,0.5,0.0250141
0.63,0.51,0.0241781
0.63,0.52,0.0253852
0.63,0.53,0.0261191
0.63,0.54,0.0243769
0.63,0.55,0.023913
0.63,0.56,0.0250951
0.63,0.57,0.0235678
0.63,0.58,0.0237985
0.63,0.59,0.0255488
0.63,0.6,0.0241269
0.63,0.61,0.0230079
0.63,0.62,0.0234773
0.63,0.63,0.0258153
0.63,0.64,0.0248789
0.63,0.65,0.0238534
0.63,0.66,0.0248525
0.63,0.67,0.0240126
0.63,0.68,0.0243749
0.63,0.69,0.0248856
0.63,0.7,0.0245277
0.63,0.71,0.0248551
0.63,0.72,0.0242494
0.63,0.73,0.0217941
0.63,0.74,0.0237828
0.63,0.75,0.0250547
0.63,0.76,0.0248868
0.63,0.77,0.0258745
0.63,0.78,0.0236928
0.63,0.79,0.0233645
0.63,0.8,0.0262782
0.63,0.81,0.0237855
0.63,0.82,0.0249394
0.63,0.83,0.0263168
0.63,0.84,0.0255434
0.63,0.85,0.0257465
0.63,0.86,0.0242705
0.63,0.87,0.0253029
0.63,0.88,0.024219
0.63,0.89,0.0237579
0.63,0.9,0.0247257
0.63,0.91,0.0231043
0.63,0.92,0.0241296
0.63,0.93,0.0225435
0.63,0.94,0.0224484
0.63,0.95,0.0237856
0.63,0.96,0.0205927
0.63,0.97,0.0201512
0.63,0.98,0.0201963
0.63,0.99,0.0200096
0.63,1,0.0181715
0.63,1.01,0.0147274
0.63,1.02,0.0146892
0.63,1.03,0.0151572
0.63,1.04,0.0123698
0.64,0,0.0129067
0.64,0.01,0.0133838
0.64,0.02,0.0153886
0.64,0.03,0.0149192
0.64,0.04,0.0167018
0.64,0.05,0.0175454
0.64,0.06,0.0169514
0.64,0.07,0.0194277
0.64,0.08,0.0217681
0.64,0.09,0.0230349
0.64,0.1,0.0233882
0.64,0.11,0.0242625
0.64,0.12,0.0236401
0.64,0.13,0.0234345
0.64,0.14,0.0221877
0.64,0.15,0.0224907
0.64,0.16,0.0229827
0.64,0.17,0.0248149
0.64,0.18,0.0240408
0.64,0.19,0.0253944
0.64,0.2,0.0251998
0.64,0.21,0.0257439
0.64,0.22,0.0262795
0.64,0.23,0.0245343
0.64,0.24,0.0237483
0.64,0.25,0.0244736
0.64,0.26,0.02453
0.64,0.27,0.0254106
0.64,0.28,0.0251972
0.64,0.29,0.0245971
0.64,0.3,0.0238119
0.64,0.31,0.0252586
0.64,0.32,0.0225638
0.64,0.33,0.0239955
0.64,0.34,0.0241046
0.64,0.35,0.0239982
0.64,0.36,0.0240118
0.64,0.37,0.0264354
0.64,0.38,0.0238166
0.64,0.39,0.022943
0.64,0.4,0.0267871
0.64,0.41,0.0245747
0.64,0.42,0.0245599
0.64,0.43,0.0240936
0.64,0.44,0.0250382
0.64,0.45,0.0238714
0.64,0.46,0.0224244
0.64,0.47,0.0249065
0.64,0.48,0.026863
0.64,0.49,0.024151
0.64,0.5,0.0231188
0.64,0.51,0.0230381
0.64,0.52,0.0243082
0.64,0.53,0.0237841
0.64,0.54,0.0233929
0.64,0.55,0.0264225
0.64,0.56,0.0240529
0.64,0.57,0.0252198
0.64,0.58,0.0245174
0.64,0.59,0.0260995
0.64,0.6,0.0259132
0.64,0.61,0.0271169
0.64,0.62,0.0255011
0.64,0.63,0.0258139
0.64,0.64,0.024552
0.64,0.65,0.0243565
0.64,0.66,0.0256525
0.64,0.67,0.0256712
0.64,0.68,0.0240207
0.64,0.69,0.0229955
0.64,0.7,0.0251357
0.64,0.71,0.025263
0.64,0.72,0.0239963
0.64,0.73,0.0233824
0.64,0.74,0.0241617
0.64,0.75,0.0235745
0.64,0.76,0.0240353
0.64,0.77,0.0250036
0.64,0.78,0.0253891
0.64,0.79,0.0246854
0.64,0.8,0.0249168
0.64,0.81,0.0242891
0.64,0.82,0.0241067
0.64,0.83,0.0258946
0.64,0.84,0.0232374
0.64,0.85,0.022922
0.64,0.86,0.0257235
0.64,0.87,0.0252168
0.64,0.88,0.0230931
0.64,0.89,0.0244674
0.64,0.9,0.0253626
0.64,0.91,0.0234442
0.64,0.92,0.02237
0.64,0.93,0.0228127
0.64,0.94,0.0228367
0.64,0.95,0.0223875
0.64,0.96,0.0207313
0.64,0.97,0.0211139
0.64,0.98,0.0190288
0.64,0.99,0.0199399
0.64,1,0.018043
0.64,1.01,0.0161017
0.64,1.02,0.0130318
0.64,1.03,0.0135663
0.64,1.04,0.0123515
0.65,0,0.0109983
0.65,0.01,0.0146182
0.65,0.02,0.0146735
0.65,0.03,0.0157603
0.65,0.04,0.0176848
0.65,0.05,0.0175727
0.65,0.06,0.0197583
0.65,0.07,0.0196562
0.65,0.08,0.021625
0.65,0.09,0.0243461
0.65,0.1,0.0222489
0.65,0.11,0.021412
0.65,0.12,0.0235366
0.65,0.13,0.0241237
0.65,0.14,0.0249033
0.65,0.15,0.024697
0.65,0.16,0.0245675
0.65,0.17,0.0238344
0.65,0.18,0.027247
0.65,0.19,0.0245365
0.65,0.2,0.0233463
0.65,0.21,0.0239982
0.65,0.22,0.024012
0.65,0.23,0.0248929
0.65,0.24,0.0242909
0.65,0.25,0.0232655
0.65,0.26,0.0254889
0.65,0.27,0.0262425
0.65,0.28,0.0250644
0.65,0.29,0.0271826
0.65,0.3,0.0244581
0.65,0.31,0.0240358
0.65,0.32,0.0232795
0.65,0.33,0.0259845
0.65,0.34,0.0249742
0.65,0.35,0.0253042
0.65,0.36,0.0246698
0.65,0.37,0.0247546
0.65,0.38,0.0226705
0.65,0.39,0.02441
0.65,0.4,0.0256034
0.65,0.41,0.0252761
0.65,0.42,0.0251898
0.65,0.43,0.024907
0.65,0.44,0.0245219
0.65,0.45,0.0263819
0.65,0.46,0.0232425
0.65,0.47,0.0228075
0.65,0.48,0.0247965
0.65,0.49,0.0252779
0.65,0.5,0.0235394
0.65,0.51,0.02467
0.65,0.52,0.0224571
0.65,0.53,0.0230765
0.65,0.54,0.0243175
0.65,0.55,0.0249989
0.65,0.56,0.0254662
0.65,0.57,0.0241873
0.65,0.58,0.0252772
0.65,0.59,0.0234652
0.65,0.6,0.0259783
0.65,0.61,0.0260812
0.65,0.62,0.0238419
0.65,0.63,0.0251171
0.65,0.64,0.0248507
0.65,0.65,0.025405
0.65,0.66,0.0265122
0.65,0.67,0.0253223
0.65,0.68,0.0246608
0.65,0.69,0.0254672
0.65,0.7,0.0250238
0.65,0.71,0.0232449
0.65,0.72,0.0236229
0.65,0.73,0.0254579
0.65,0.74,0.0248087
0.65,0.75,0.0235199
0.65,0.76,0.0255566
0.65,0.77,0.0244927
0.65,0.78,0.0250999
0.65,0.79,0.0244249
0.65,0.8,0.0238238
0.65,0.81,0.0240625
0.65,0.82,0.0243184
0.65,0.83,0.0271576
0.65,0.84,0.024866
0.65,0.85,0.0245444
0.65,0.86,0.0250791
0.65,0.87,0.0244932
0.65,0.88,0.0244787
0.65,0.89,0.0236877
0.65,0.9,0.0251133
0.65,0.91,0.0237385
0.65,0.92,0.0218989
0.65,0.93,0.0254497
0.65,0.94,0.0227356
0.65,0.95,0.0241334
0.65,0.96,0.0216919
0.65,0.97,0.021335
0.65,0.98,0.0212361
0.65,0.99,0.0194849
0.65,1,0.0169459
0.65,1.01,0.0163152
0.65,1.02,0.0146607
0.65,1.03,0.0146695
0.65,1.04,0.012415
0.66,0,0.0111716
0.66,0.01,0.0131384
0.66,0.02,0.0143734
0.66,0.03,0.0152552
0.66,0.04,0.0172209
0.66,0.05,0.0181833
0.66,0.06,0.0186754
0.66,0.07,0.0196864
0.66,0.08,0.018957
0.66,0.09,0.021301
0.66,0.1,0.024447
0.66,0.11,0.0245224
0.66,0.12,0.0241096
0.66,0.13,0.0230153
0.66,0.14,0.0248308
0.66,0.15,0.0250769
0.66,0.16,0.0235439
0.66,0.17,0.024671
0.66,0.18,0.0243371
0.66,0.19,0.0248536
0.66,0.2,0.0239571
0.66,0.21,0.0247625
0.66,0.22,0.0250443
0.66,0.23,0.0253315
0.66,0.24,0.0245968
0.66,0.25,0.023316
0.66,0.26,0.0247348
0.66,0.27,0.0233761
0.66,0.28,0.0249474
0.66,0.29,0.0253483
0.66,0.3,0.0233908
0.66,0.31,0.0239648
0.66,0.32,0.0232047
0.66,0.33,0.0250813
0.66,0.34,0.0240371
0.66,0.35,0.0269336
0.66,0.36,0.0235785
0.66,0.37,0.0258146
0.66,0.38,0.0235006
0.66,0.39,0.0263313
0.66,0.4,0.02401
0.66,0.41,0.0235446
0.66,0.42,0.0254872
0.66,0.43,0.0249376
0.66,0.44,0.0256897
0.66,0.45,0.024467
0.66,0.46,0.0228496
0.66,0.47,0.0254843
0.66,0.48,0.025173
0.66,0.49,0.0246324
0.66,0.5,0.0245276
0.66,0.51,0.0250301
0.66,0.52,0.0244616
0.66,0.53,0.0237932
0.66,0.54,0.0232425
0.66,0.55,0.0257885
0.66,0.56,0.0247005
0.66,0.57,0.0235979
0.66,0.58,0.0244907
0.66,0.59,0.0268923
0.66,0.6,0.0240309
0.66,0.61,0.0252013
0.66,0.62,0.0237551
0.66,0.63,0.0244035
0.66,0.64,0.0246627
0.66,0.65,0.0231628
0.66,0.66,0.0241287
0.66,0.67,0.02561
0.66,0.68,0.0232923
0.66,0.69,0.0241135
0.66,0.7,0.0246226
0.66,0.71,0.0236464
0.66,0.72,0.0249437
0.66,0.73,0.0274339
0.66,0.74,0.0244613
0.66,0.75,0.0240821
0.66,0.76,0.0252531
0.66,0.77,0.023585
0.66,0.78,0.0255875
0.66,0.79,0.0246088
0.66,0.8,0.0256626
0.66,0.81,0.0250158
0.66,0.82,0.0265078
0.66,0.83,0.0240217
0.66,0.84,0.0247591
0.66,0.85,0.0249459
0.66,0.86,0.0247498
0.66,0.87,0.0261965
0.66,0.88,0.0226745
0.66,0.89,0.0248257
0.66,0.9,0.0246507
0.66,0.91,0.0237376
0.66,0.92,0.0247703
0.66,0.93,0.0209342
0.66,0.94,0.0237815
0.66,0.95,0.0234183
0.66,0.96,0.021368
0.66,0.97,0.022626
0.66,0.98,0.0200084
0.66,0.99,0.0189988
0.66,1,0.0191078
0.66,1.01,0.0145189
0.66,1.02,0.014457
0.66,1.03,0.0148077
0.66,1.04,0.013264
0.67,0,0.0119657
0.67,0.01,0.0131228
0.67,0.02,0.0146347
0.67,0.03,0.0164805
0.67,0.04,0.0176247
0.67,0.05,0.0171286
0.67,0.06,0.0194116
0.67,0.07,0.0217515
0.67,0.08,0.0205919
0.67,0.09,0.0209977
0.67,0.1,0.0221362
0.67,0.11,0.0234717
0.67,0.12,0.0240475
0.67,0.13,0.0237499
0.67,0.14,0.0223868
0.67,0.15,0.0239039
0.67,0.16,0.0250771
0.67,0.17,0.0228279
0.67,0.18,0.0238195
0.67,0.19,0.0233558
0.67,0.2,0.0263987
0.67,0.21,0.0257501
0.67,0.22,0.0254689
0.67,0.23,0.0233796
0.67,0.24,0.0253233
0.67,0.25,0.0259957
0.67,0.26,0.0243587
0.67,0.27,0.0237808
0.67,0.28,0.0263341
0.67,0.29,0.0256394
0.67,0.3,0.0259488
0.67,0.31,0.0253362
0.67,0.32,0.0234341
0.67,0.33,0.0255348
0.67,0.34,0.0241486
0.67,0.35,0.0245709
0.67,0.36,0.023298
0.67,0.37,0.0250127
0.67,0.38,0.0235811
0.67,0.39,0.0251462
0.67,0.4,0.024156
0.67,0.41,0.0247639
0.67,0.42,0.0236049
0.67,0.43,0.0259562
0.67,0.44,0.0230156
0.67,0.45,0.0252686
0.67,0.46,0.0247352
0.67,0.47,0.0271199
0.67,0.48,0.0236488
0.67,0.49,0.0259612
0.67,0.5,0.024454
0.67,0.51,0.0246548
0.67,0.52,0.0247689
0.67,0.53,0.0241885
0.67,0.54,0.0245772
0.67,0.55,0.0235715
0.67,0.56,0.0240722
0.67,0.57,0.0256625
0.67,0.58,0.0246029
0.67,0.59,0.0234684
0.67,0.6,0.0249697
0.67,0.61,0.0258771
0.67,0.62,0.0239899
0.67,0.63,0.0234119
0.67,0.64,0.0244098
0.67,0.65,0.027045
0.67,0.66,0.0242435
0.67,0.67,0.0231832
0.67,0.68,0.0267101
0.67,0.69,0.0252257
0.67,0.7,0.0261817
0.67,0.71,0.0248738
0.67,0.72,0.0259213
0.67,0.73,0.0245777
0.67,0.74,0.0248562
0.67,0.75,0.0268214
0.67,0.76,0.0243946
0.67,0.77,0.0246354
0.67,0.78,0.0248469
0.67,0.79,0.0234744
0.67,0.8,0.0235068
0.67,0.81,0.0243034
0.67,0.82,0.0234063
0.67,0.83,0.025293
0.67,0.84,0.0248109
0.67,0.85,0.0238813
0.67,0.86,0.0247449
0.67,0.87,0.0232981
0.67,0.88,0.0249843
0.67,0.89,0.0235678
0.67,0.9,0.0231331
0.67,0.91,0.0244425
0.67,0.92,0.0233456
0.67,0.93,0.0258069
0.67,0.94,0.0222765
0.67,0.95,0.0242205
0.67,0.96,0.0227116
0.67,0.97,0.0205299
0.67,0.98,0.0207236
0.67,0.99,0.0194705
0.67,1,0.0163178
0.67,1.01,0.016373
0.67,1.02,0.0161495
0.67,1.03,0.0148836
0.67,1.04,0.0129375
0.68,0,0.0117935
0.68,0.01,0.0132519
0.68,0.02,0.0156655
0.68,0.03,0.0147275
0.68,0.04,0.0156358
0.68,0.05,0.0181692
0.68,0.06,0.0195553
0.68,0.07,0.0193893
0.68,0.08,0.0235796
0.68,0.09,0.0233553
0.68,0.1,0.0236884
0.68,0.11,0.023449
0.68,0.12,0.0230341
0.68,0.13,0.024408
0.68,0.14,0.0262304
0.68,0.15,0.0234049
0.68,0.16,0.0248136
0.68,0.17,0.0223083
0.68,0.18,0.0243158
0.68,0.19,0.0247118
0.68,0.2,0.0232821
0.68,0.21,0.0236813
0.68,0.22,0.0269792
0.68,0.23,0.0243488
0.68,0.24,0.0244989
0.68,0.25,0.0252963
0.68,0.26,0.0246593
0.68,0.27,0.0244273
0.68,0.28,0.0229004
0.68,0.29,0.0241827
0.68,0.3,0.0258502
0.68,0.31,0.0257666
0.68,0.32,0.0245384
0.68,0.33,0.0244891
0.68,0.34,0.0226795
0.68,0.35,0.0246261
0.68,0.36,0.024731
0.68,0.37,0.0240178
0.68,0.38,0.023865
0.68,0.39,0.0255593
0.68,0.4,0.0252713
0.68,0.41,0.0260722
0.68,0.42,0.0238341
0.68,0.43,0.0228974
0.68,0.44,0.0255966
0.68,0.45,0.023633
0.68,0.46,0.0238877
0.68,0.47,0.023679
0.68,0.48,0.0250615
0.68,0.49,0.0237952
0.68,0.5,0.0239679
0.68,0.51,0.0234683
0.68,0.52,0.0272417
0.68,0.53,0.0264756
0.68,0.54,0.0246325
0.68,0.55,0.0245964
0.68,0.56,0.0264171
0.68,0.57,0.0253271
0.68,0.58,0.0240008
0.68,0.59,0.0245674
0.68,0.6,0.0255635
0.68,0.61,0.0253733
0.68,0.62,0.0248577
0.68,0.63,0.0241591
0.68,0.64,0.0240979
0.68,0.65,0.0249043
0.68,0.66,0.0255131
0.68,0.67,0.0244651
0.68,0.68,0.0249527
0.68,0.69,0.0251267
0.68,0.7,0.0240718
0.68,0.71,0.0231308
0.68,0.72,0.0237743
0.68,0.73,0.0265258
0.68,0.74,0.0263635
0.68,0.75,0.0260598
0.68,0.76,0.0236153
0.68,0.77,0.0245662
0.68,0.78,0.0233566
0.68,0.79,0.0233742
0.68,0.8,0.0240622
0.68,0.81,0.0253485
0.68,0.82,0.0248019
0.68,0.83,0.0260718
0.68,0.84,0.0256403
0.68,0.85,0.0239655
0.68,0.86,0.024994
0.68,0.87,0.0246863
0.68,0.88,0.0241871
0.68,0.89,0.0254072
0.68,0.9,0.0241669
0.68,0.91,0.0248169
0.68,0.92,0.024687
0.68,0.93,0.0238698
0.68,0.94,0.0225113
0.68,0.95,0.0229389
0.68,0.96,0.0229212
0.68,0.97,0.0200531
0.68,0.98,0.019741
0.68,0.99,0.018445
0.68,1,0.0170633
0.68,1.01,0.0157798
0.68,1.02,0.013031
0.68,1.03,0.0144011
0.68,1.04,0.012686
0.69,0,0.0128586
0.69,0.01,0.0131562
0.69,0.02,0.0131086
0.69,0.03,0.0157433
0.69,0.04,0.0168323
0.69,0.05,0.0186628
0.69,0.06,0.0191043
0.69,0.07,0.0225483
0.69,0.08,0.0202481
0.69,0.09,0.0221784
0.69,0.1,0.0218339
0.69,0.11,0.023726
0.69,0.12,0.0236081
0.69,0.13,0.026017
0.69,0.14,0.0248814
0.69,0.15,0.0254739
0.69,0.16,0.0245386
0.69,0.17,0.0236638
0.69,0.18,0.0250442
0.69,0.19,0.0255137
0.69,0.2,0.0226321
0.69,0.21,0.025153
0.69,0.22,0.0252007
0.69,0.23,0.0242307
0.69,0.24,0.024566
0.69,0.25,0.0249668
0.69,0.26,0.0251758
0.69,0.27,0.0230565
0.69,0.28,0.02447
0.69,0.29,0.0265101
0.69,0.3,0.0245678
0.69,0.31,0.0252037
0.69,0.32,0.0255953
0.69,0.33,0.0245373
0.69,0.34,0.0240874
0.69,0.35,0.0252606
0.69,0.36,0.0245926
0.69,0.37,0.0233958
0.69,0.38,0.0252161
0.69,0.39,0.0236515
0.69,0.4,0.0247384
0.69,0.41,0.0227779
0.69,0.42,0.0231418
0.69,0.43,0.0272593
0.69,0.44,0.0251875
0.69,0.45,0.0237662
0.69,0.46,0.0247256
0.69,0.47,0.0236946
0.69,0.48,0.0231094
0.69,0.49,0.0234792
0.69,0.5,0.0243833
0.69,0.51,0.0252595
0.69,0.52,0.0252718
0.69,0.53,0.0244279
0.69,0.54,0.0238534
0.69,0.55,0.0245009
0.69,0.56,0.0252114
0.69,0.57,0.0249396
0.69,0.58,0.024616
0.69,0.59,0.0239962
0.69,0.6,0.0253114
0.69,0.61,0.0236793
0.69,0.62,0.0232148
0.69,0.63,0.0244388
0.69,0.64,0.0264759
0.69,0.65,0.0254396
0.69,0.66,0.0235172
0.69,0.67,0.0246049
0.69,0.68,0.0253051
0.69,0.69,0.0222265
0.69,0.7,0.0228926
0.69,0.71,0.0253254
0.69,0.72,0.0261984
0.69,0.73,0.0227435
0.69,0.74,0.0242295
0.69,0.75,0.0226192
0.69,0.76,0.0253941
0.69,0.77,0.0252521
0.69,0.78,0.0250461
0.69,0.79,0.0238556
0.69,0.8,0.0232927
0.69,0.81,0.0245955
0.69,0.82,0.0252501
0.69,0.83,0.0247702
0.69,0.84,0.0241983
0.69,0.85,0.0238904
0.69,0.86,0.0249814
0.69,0.87,0.0253289
0.69,0.88,0.0231315
0.69,0.89,0.0239215
0.69,0.9,0.0240347
0.69,0.91,0.0243573
0.69,0.92,0.0245422
0.69,0.93,0.02508
0.69,0.94,0.0237596
0.69,0.95,0.0226026
0.69,0.96,0.0213974
0.69,0.97,0.0207548
0.69,0.98,0.0205174
0.69,0.99,0.0186248
0.69,1,0.0180448
0.69,1.01,0.0175422
0.69,1.02,0.0155409
0.69,1.03,0.013698
0.69,1.04,0.0132204
0.7,0,0.0111789
0.7,0.01,0.0151953
0.7,0.02,0.0140926
0.7,0.03,0.015251
0.7,0.04,0.0176221
0.7,0.05,0.0188253
0.7,0.06,0.0191956
0.7,0.07,0.0205183
0.7,0.08,0.0209971
0.7,0.09,0.0206338
0.7,0.1,0.022417
0.7,0.11,0.0245575
0.7,0.12,0.0250261
0.7,0.13,0.0237994
0.7,0.14,0.0255056
0.7,0.15,0.0249404
0.7,0.16,0.0236247
0.7,0.17,0.0251823
0.7,0.18,0.0239002
0.7,0.19,0.0243141
0.7,0.2,0.0241132
0.7,0.21,0.0252469
0.7,0.22,0.0248917
0.7,0.23,0.0247287
0.7,0.24,0.0252471
0.7,0.25,0.0256041
0.7,0.26,0.0268174
0.7,0.27,0.0254518
0.7,0.28,0.0268958
0.7,0.29,0.0273175
0.7,0.3,0.0239979
0.7,0.31,0.0243832
0.7,0.32,0.0234941
0.7,0.33,0.0253293
0.7,0.34,0.0262053
0.7,0.35,0.0256267
0.7,0.36,0.0244431
0.7,0.37,0.0257994
0.7,0.38,0.0254635
0.7,0.39,0.0265271
0.7,0.4,0.0250616
0.7,0.41,0.0249635
0.7,0.42,0.0263402
0.7,0.43,0.0237664
0.7,0.44,0.0247054
0.7,0.45,0.0231131
0.7,0.46,0.025039
0.7,0.47,0.0235391
0.7,0.48,0.0240472
0.7,0.49,0.0235765
0.7,0.5,0.0227577
0.7,0.51,0.0253448
0.7,0.52,0.0248614
0.7,0.53,0.0238097
0.7,0.54,0.0253287
0.7,0.55,0.025786
0.7,0.56,0.0239828
0.7,0.57,0.0246368
0.7,0.58,0.0257725
0.7,0.59,0.0248766
0.7,0.6,0.0241145
0.7,0.61,0.024013
0.7,0.62,0.0251587
0.7,0.63,0.0252037
0.7,0.64,0.022733
0.7,0.65,0.0229105
0.7,0.66,0.024749
0.7,0.67,0.0270524
0.7,0.68,0.0246632
0.7,0.69,0.0246917
0.7,0.7,0.023336
0.7,0.71,0.0253033
0.7,0.72,0.0233142
0.7,0.73,0.0224605
0.7,0.74,0.0246766
0.7,0.75,0.0257386
0.7,0.76,0.0250075
0.7,0.77,0.0245256
0.7,0.78,0.0248669
0.7,0.79,0.0261788
0.7,0.8,0.0249708
0.7,0.81,0.0224907
0.7,0.82,0.0239091
0.7,0.83,0.0243056
0.7,0.84,0.0257591
0.7,0.85,0.0236298
0.7,0.86,0.0243772
0.7,0.87,0.0253525
0.7,0.88,0.0266919
0.7,0.89,0.0241625
0.7,0.9,0.025384
0.7,0.91,0.0243498
0.7,0.92,0.0242021
0.7,0.93,0.0241045
0.7,0.94,0.0223224
0.7,0.95,0.0219288
0.7,0.96,0.0227955
0.7,0.97,0.0217013
0.7,0.98,0.0201761
0.7,0.99,0.018856
0.7,1,0.0186533
0.7,1.01,0.0159825
0.7,1.02,0.0158988
0.7,1.03,0.0148494
0.7,1.04,0.0132371
0.71,0,0.0116247
0.71,0.01,0.0135524
0.71,0.02,0.014525
0.71,0.03,0.014951
0.71,0.04,0.0167247
0.71,0.05,0.0188245
0.71,0.06,0.0176845
0.71,0.07,0.0212196
0.71,0.08,0.0221058
0.71,0.09,0.023194
0.71,0.1,0.0229187
0.71,0.11,0.0235517
0.71,0.12,0.0254587
0.71,0.13,0.0245189
0.71,0.14,0.0247151
0.71,0.15,0.0231149
0.71,0.16,0.0239098
0.71,0.17,0.0255487
0.71,0.18,0.0242961
0.71,0.19,0.0236629
0.71,0.2,0.0249356
0.71,0.21,0.0255856
0.71,0.22,0.0241457
0.71,0.23,0.0244774
0.71,0.24,0.0229432
0.71,0.25,0.0243895
0.71,0.26,0.0250996
0.71,0.27,0.0233117
0.71,0.28,0.0261362
0.71,0.29,0.0240565
0.71,0.3,0.0262784
0.71,0.31,0.0256665
0.71,0.32,0.0234125
0.71,0.33,0.0245542
0.71,0.34,0.023832
0.71,0.35,0.0238005
0.71,0.36,0.0265885
0.71,0.37,0.0239705
0.71,0.38,0.0242382
0.71,0.39,0.0252253
0.71,0.4,0.0246508
0.71,0.41,0.0253352
0.71,0.42,0.0251387
0.71,0.43,0.0227343
0.71,0.44,0.0240715
0.71,0.45,0.0232469
0.71,0.46,0.0245871
0.71,0.47,0.0241856
0.71,0.48,0.0242098
0.71,0.49,0.024871
0.71,0.5,0.0251274
0.71,0.51,0.0247275
0.71,0.52,0.0241926
0.71,0.53,0.0234565
0.71,0.54,0.0240179
0.71,0.55,0.0248054
0.71,0.56,0.0240203
0.71,0.57,0.0268594
0.71,0.58,0.0254004
0.71,0.59,0.0257644
0.71,0.6,0.0247193
0.71,0.61,0.0242682
0.71,0.62,0.0244728
0.71,0.63,0.02493
0.71,0.64,0.0256435
0.71,0.65,0.0262244
0.71,0.66,0.0265043
0.71,0.67,0.0251625
0.71,0.68,0.0237946
0.71,0.69,0.0243101
0.71,0.7,0.0249939
0.71,0.71,0.0257467
0.71,0.72,0.0237588
0.71,0.73,0.02438
0.71,0.74,0.0247868
0.71,0.75,0.0246493
0.71,0.76,0.0258284
0.71,0.77,0.0242697
0.71,0.78,0.0260939
0.71,0.79,0.024811
0.71,0.8,0.0236888
0.71,0.81,0.0265462
0.71,0.82,0.0249585
0.71,0.83,0.0245375
0.71,0.84,0.0243131
0.71,0.85,0.0232867
0.71,0.86,0.0259604
0.71,0.87,0.0249524
0.71,0.88,0.0236012
0.71,0.89,0.0237087
0.71,0.9,0.0248504
0.71,0.91,0.0253479
0.71,0.92,0.0241786
0.71,0.93,0.0245349
0.71,0.94,0.0239178
0.71,0.95,0.024853
0.71,0.96,0.0229723
0.71,0.97,0.0204828
0.71,0.98,0.0193558
0.71,0.99,0.0192337
0.71,1,0.0166708
0.71,1.01,0.0170686
0.71,1.02,0.0174997
0.71,1.03,0.0147193
0.71,1.04,0.0127639
0.72,0,0.0132897
0.72,0.01,0.0131491
0.72,0.02,0.0138257
0.72,0.03,0.0165277
0.72,0.04,0.0169987
0.72,0.05,0.0190798
0.72,0.06,0.0194601
0.72,0.07,0.0199909
0.72,0.08,0.0212585
0.72,0.09,0.0223153
0.72,0.1,0.0229071
0.72,0.11,0.0253253
0.72,0.12,0.0243225
0.72,0.13,0.0245984
0.72,0.14,0.0242826
0.72,0.15,0.0231943
0.72,0.16,0.0269529
0.72,0.17,0.026683
0.72,0.18,0.0235017
0.72,0.19,0.0234223
0.72,0.2,0.0257146
0.72,0.21,0.0243424
0.72,0.22,0.0250245
0.72,0.23,0.0238996
0.72,0.24,0.0262281
0.72,0.25,0.0235849
0.72,0.26,0.0229128
0.72,0.27,0.0249508
0.72,0.28,0.0249515
0.72,0.29,0.0240994
0.72,0.3,0.0240194
0.72,0.31,0.0243848
0.72,0.32,0.0256033
0.72,0.33,0.0222587
0.72,0.34,0.0255067
0.72,0.35,0.0228988
0.72,0.36,0.0237131
0.72,0.37,0.0257686
0.72,0.38,0.0263026
0.72,0.39,0.025443
0.72,0.4,0.0230108
0.72,0.41,0.0250207
0.72,0.42,0.0235185
0.72,0.43,0.0252985
0.72,0.44,0.0248869
0.72,0.45,0.0242439
0.72,0.46,0.0247614
0.72,0.47,0.0255014
0.72,0.48,0.0235076
0.72,0.49,0.0268662
0.72,0.5,0.0231977
0.72,0.51,0.0243208
0.72,0.52,0.0252586
0.72,0.53,0.0239071
0.72,0.54,0.0241342
0.72,0.55,0.0249661
0.72,0.56,0.0255873
0.72,0.57,0.0262889
0.72,0.58,0.0227624
0.72,0.59,0.0238702
0.72,0.6,0.0243231
0.72,0.61,0.0256684
0.72,0.62,0.0261827
0.72,0.63,0.0260249
0.72,0.64,0.0243805
0.72,0.65,0.0246494
0.72,0.66,0.0239065
0.72,0.67,0.025216
0.72,0.68,0.0257344
0.72,0.69,0.0269116
0.72,0.7,0.024378
0.72,0.71,0.0237998
0.72,0.72,0.0244057
0.72,0.73,0.0233492
0.72,0.74,0.02371
0.72,0.75,0.0240072
0.72,0.76,0.0235497
0.72,0.77,0.0259696
0.72,0.78,0.0260641
0.72,0.79,0.0240281
0.72,0.8,0.0243251
0.72,0.81,0.0246474
0.72,0.82,0.0246181
0.72,0.83,0.0235686
0.72,0.84,0.0250713
0.72,0.85,0.0240863
0.72,0.86,0.0237823
0.72,0.87,0.0239073
0.72,0.88,0.0219587
0.72,0.89,0.0248077
0.72,0.9,0.0241604
0.72,0.91,0.0242917
0.72,0.92,0.0249678
0.72,0.93,0.0238575
0.72,0.94,0.0242086
0.72,0.95,0.0215472
0.72,0.96,0.0226244
0.72,0.97,0.0209247
0.72,0.98,0.0215409
0.72,0.99,0.0191075
0.72,1,0.0182907
0.72,1.01,0.0171633
0.72,1.02,0.0164825
0.72,1.03,0.0138075
0.72,1.04,0.0127824
0.73,0,0.0120897
0.73,0.01,0.0124094
0.73,0.02,0.015296
0.73,0.03,0.0168289
0.73,0.04,0.0185195
0.73,0.05,0.0192589
0.73,0.06,0.0220027
0.73,0.07,0.0224358
0.73,0.08,0.0216177
0.73,0.09,0.0224297
0.73,0.1,0.0225381
0.73,0.11,0.0245483
0.73,0.12,0.0244656
0.73,0.13,0.0249419
0.73,0.14,0.0236745
0.73,0.15,0.0256087
0.73,0.16,0.0247962
0.73,0.17,0.0253043
0.73,0.18,0.0239499
0.73,0.19,0.0245047
0.73,0.2,0.0249527
0.73,0.21,0.0237949
0.73,0.22,0.024964
0.73,0.23,0.0244798
0.73,0.24,0.0246567
0.73,0.25,0.0229195
0.73,0.26,0.0254828
0.73,0.27,0.0262212
0.73,0.28,0.0245449
0.73,0.29,0.0257384
0.73,0.3,0.0252886
0.73,0.31,0.0244581
0.73,0.32,0.0239656
0.73,0.33,0.0234168
0.73,0.34,0.0246297
0.73,0.35,0.0252088
0.73,0.36,0.0242672
0.73,0.37,0.025455
0.73,0.38,0.0254222
0.73,0.39,0.0249644
0.73,0.4,0.024141
0.73,0.41,0.0249849
0.73,0.42,0.0251786
0.73,0.43,0.0254616
0.73,0.44,0.0257705
0.73,0.45,0.0250529
0.73,0.46,0.0264977
0.73,0.47,0.0259815
0.73,0.48,0.0257312
0.73,0.49,0.0258392
0.73,0.5,0.0244316
0.73,0.51,0.0237772
0.73,0.52,0.0253251
0.73,0.53,0.0250018
0.73,0.54,0.0258827
0.73,0.55,0.0256444
0.73,0.56,0.023651
0.73,0.57,0.0245032
0.73,0.58,0.0258847
0.73,0.59,0.0236274
0.73,0.6,0.0249553
0.73,0.61,0.0244078
0.73,0.62,0.0257938
0.73,0.63,0.025592
0.73,0.64,0.0236765
0.73,0.65,0.024899
0.73,0.66,0.0239737
0.73,0.67,0.0251531
0.73,0.68,0.0234753
0.73,0.69,0.0247094
0.73,0.7,0.0232004
0.73,0.71,0.0244474
0.73,0.72,0.0246496
0.73,0.73,0.0241092
0.73,0.74,0.0243375
0.73,0.75,0.0265849
0.73,0.76,0.0245389
0.73,0.77,0.0231704
0.73,0.78,0.0255933
0.73,0.79,0.0252971
0.73,0.8,0.0250358
0.73,0.81,0.0229897
0.73,0.82,0.024502
0.73,0.83,0.0245287
0.73,0.84,0.0227595
0.73,0.85,0.024581
0.73,0.86,0.0245287
0.73,0.87,0.0248843
0.73,0.88,0.0249888
0.73,0.89,0.0250486
0.73,0.9,0.0233607
0.73,0.91,0.0239113
0.73,0.92,0.0243545
0.73,0.93,0.0251328
0.73,0.94,0.024549
0.73,0.95,0.0242764
0.73,0.96,0.0234321
0.73,0.97,0.0233749
0.73,0.98,0.0205853
0.73,0.99,0.0194026
0.73,1,0.0178766
0.73,1.01,0.0158416
0.73,1.02,0.0165867
0.73,1.03,0.0149114
0.73,1.04,0.0142188
0.74,0,0.0115893
0.74,0.01,0.0141749
0.74,0.02,0.0147959
0.74,0.03,0.0153774
0.74,0.04,0.0178783
0.74,0.05,0.0189096
0.74,0.06,0.0203999
0.74,0.07,0.0213709
0.74,0.08,0.0224707
0.74,0.09,0.0223958
0.74,0.1,0.0260564
0.74,0.11,0.023014
0.74,0.12,0.0236854
0.74,0.13,0.0249882
0.74,0.14,0.0250753
0.74,0.15,0.0247215
0.74,0.16,0.0251396
0.74,0.17,0.0251898
0.74,0.18,0.0260474
0.74,0.19,0.0270731
0.74,0.2,0.024452
0.74,0.21,0.0236585
0.74,0.22,0.0256006
0.74,0.23,0.0241979
0.74,0.24,0.0260213
0.74,0.25,0.024427
0.74,0.26,0.0241497
0.74,0.27,0.0245427
0.74,0.28,0.025119
0.74,0.29,0.0266703
0.74,0.3,0.0235651
0.74,0.31,0.0236609
0.74,0.32,0.0252737
0.74,0.33,0.0240577
0.74,0.34,0.0265332
0.74,0.35,0.0238587
0.74,0.36,0.0240879
0.74,0.37,0.0240397
0.74,0.38,0.02554
0.74,0.39,0.0246405
0.74,0.4,0.0239001
0.74,0.41,0.024387
0.74,0.42,0.025776
0.74,0.43,0.0241142
0.74,0.44,0.025128
0.74,0.45,0.025952
0.74,0.46,0.0237978
0.74,0.47,0.0229587
0.74,0.48,0.0248176
0.74,0.49,0.0243699
0.74,0.5,0.0244172
0.74,0.51,0.0234993
0.74,0.52,0.0259927
0.74,0.53,0.0243687
0.74,0.54,0.0265716
0.74,0.55,0.0258729
0.74,0.56,0.0248806
0.74,0.57,0.0236132
0.74,0.58,0.0243712
0.74,0.59,0.0249292
0.74,0.6,0.0253135
0.74,0.61,0.0229693
0.74,0.62,0.0251851
0.74,0.63,0.0251622
0.74,0.64,0.024848
0.74,0.65,0.0263498
0.74,0.66,0.025443
0.74,0.67,0.0251482
0.74,0.68,0.0240772
0.74,0.69,0.0249546
0.74,0.7,0.0237065
0.74,0.71,0.0259064
0.74,0.72,0.025374
0.74,0.73,0.0250294
0.74,0.74,0.0249466
0.74,0.75,0.0247779
0.74,0.76,0.0238665
0.74,0.77,0.0230248
0.74,0.78,0.023429
0.74,0.79,0.025207
0.74,0.8,0.026867
0.74,0.81,0.0237146
0.74,0.82,0.0245115
0.74,0.83,0.0238872
0.74,0.84,0.0267141
0.74,0.85,0.0233479
0.74,0.86,0.0250595
0.74,0.87,0.0245064
0.74,0.88,0.0238459
0.74,0.89,0.0244642
0.74,0.9,0.0244635
0.74,0.91,0.0248351
0.74,0.92,0.0254241
0.74,0.93,0.0265872
0.74,0.94,0.0223534
0.74,0.95,0.0239573
0.74,0.96,0.0234032
0.74,0.97,0.021037
0.74,0.98,0.0205408
0.74,0.99,0.022131
0.74,1,0.0201956
0.74,1.01,0.0173972
0.74,1.02,0.0158323
0.74,1.03,0.0139613
0.74,1.04,0.0130205
0.75,0,0.0133712
0.75,0.01,0.0126581
0.75,0.02,0.0137723
0.75,0.03,0.0165455
0.75,0.04,0.0181347
0.75,0.05,0.0186334
0.75,0.06,0.0189173
0.75,0.07,0.0217417
0.75,0.08,0.022931
0.75,0.09,0.0252876
0.75,0.1,0.0251529
0.75,0.11,0.0262223
0.75,0.12,0.0241164
0.75,0.13,0.0258457
0.75,0.14,0.0228301
0.75,0.15,0.0241257
0.75,0.16,0.0239426
0.75,0.17,0.0245177
0.75,0.18,0.0253446
0.75,0.19,0.0243049
0.75,0.2,0.0244066
0.75,0.21,0.0261621
0.75,0.22,0.0249114
0.75,0.23,0.0257682
0.75,0.24,0.0246008
0.75,0.25,0.0250076
0.75,0.26,0.0251054
0.75,0.27,0.0247997
0.75,0.28,0.0237642
0.75,0.29,0.0234057
0.75,0.3,0.0252779
0.75,0.31,0.0236502
0.75,0.32,0.026252
0.75,0.33,0.0245319
0.75,0.34,0.0261294
0.75,0.35,0.0251734
0.75,0.36,0.0251416
0.75,0.37,0.0255102
0.75,0.38,0.0245658
0.75,0.39,0.0233252
0.75,0.4,0.0233833
0.75,0.41,0.0255914
0.75,0.42,0.0246604
0.75,0.43,0.0230355
0.75,0.44,0.0225701
0.75,0.45,0.0232184
0.75,0.46,0.0247049
0.75,0.47,0.0235285
0.75,0.48,0.0251929
0.75,0.49,0.0245693
0.75,0.5,0.0236323
0.75,0.51,0.0256878
0.75,0.52,0.0232288
0.75,0.53,0.0251402
0.75,0.54,0.0256957
0.75,0.55,0.0250748
0.75,0.56,0.0236619
0.75,0.57,0.0255481
0.75,0.58,0.0253573
0.75,0.59,0.0252718
0.75,0.6,0.0226899
0.75,0.61,0.0238543
0.75,0.62,0.0243299
0.75,0.63,0.0234817
0.75,0.64,0.0251722
0.75,0.65,0.0258212
0.75,0.66,0.0234268
0.75,0.67,0.024788
0.75,0.68,0.0229081
0.75,0.69,0.0244372
0.75,0.7,0.0229697
0.75,0.71,0.0244725
0.75,0.72,0.0251848
0.75,0.73,0.0250718
0.75,0.74,0.0234373
0.75,0.75,0.0231273
0.75,0.76,0.0231836
0.75,0.77,0.0257563
0.75,0.78,0.0265579
0.75,0.79,0.0232233
0.75,0.8,0.0239078
0.75,0.81,0.0247042
0.75,0.82,0.0246621
0.75,0.83,0.023031
0.75,0.84,0.0242435
0.75,0.85,0.0262979
0.75,0.86,0.0225857
0.75,0.87,0.0247871
0.75,0.88,0.0255189
0.75,0.89,0.023891
0.75,0.9,0.0241995
0.75,0.91,0.0239334
0.75,0.92,0.0241241
0.75,0.93,0.0245483
0.75,0.94,0.0222583
0.75,0.95,0.0259424
0.75,0.96,0.0215081
0.75,0.97,0.0218936
0.75,0.98,0.0209746
0.75,0.99,0.0196266
0.75,1,0.0189753
0.75,1.01,0.0154276
0.75,1.02,0.0167046
0.75,1.03,0.0139984
0.75,1.04,0.0128657
0.76,0,0.012306
0.76,0.01,0.0128262
0.76,0.02,0.0140554
0.76,0.03,0.015691
0.76,0.04,0.0169518
0.76,0.05,0.0186245
0.76,0.06,0.0203391
0.76,0.07,0.0191967
0.76,0.08,0.0229132
0.76,0.09,0.0237959
0.76,0.1,0.0229384
0.76,0.11,0.0243112
0.76,0.12,0.0253288
0.76,0.13,0.0246918
0.76,0.14,0.0255009
0.76,0.15,0.0260629
0.76,0.16,0.025727
0.76,0.17,0.0249509
0.76,0.18,0.0252277
0.76,0.19,0.0249324
0.76,0.2,0.0232893
0.76,0.21,0.0253388
0.76,0.22,0.0243609
0.76,0.23,0.0250953
0.76,0.24,0.0247545
0.76,0.25,0.0250465
0.76,0.26,0.0222395
0.76,0.27,0.0238563
0.76,0.28,0.0265478
0.76,0.29,0.0270279
0.76,0.3,0.0255697
0.76,0.31,0.0250179
0.76,0.32,0.0239409
0.76,0.33,0.023881
0.76,0.34,0.0237167
0.76,0.35,0.0236968
0.76,0.36,0.0248749
0.76,0.37,0.023394
0.76,0.38,0.0258099
0.76,0.39,0.0261727
0.76,0.4,0.0250927
0.76,0.41,0.0251688
0.76,0.42,0.0246081
0.76,0.43,0.0253569
0.76,0.44,0.0239549
0.76,0.45,0.0254517
0.76,0.46,0.0237087
0.76,0.47,0.02515
0.76,0.48,0.0267266
0.76,0.49,0.0256258
0.76,0.5,0.0242448
0.76,0.51,0.0246795
0.76,0.52,0.0252295
0.76,0.53,0.0260351
0.76,0.54,0.0226576
0.76,0.55,0.0244908
0.76,0.56,0.0258822
0.76,0.57,0.0270317
0.76,0.58,0.0249211
0.76,0.59,0.0250235
0.76,0.6,0.0237055
0.76,0.61,0.0230669
0.76,0.62,0.0244834
0.76,0.63,0.0264071
0.76,0.64,0.0256233
0.76,0.65,0.0264881
0.76,0.66,0.0249616
0.76,0.67,0.0234781
0.76,0.68,0.0245012
0.76,0.69,0.0234769
0.76,0.7,0.0261178
0.76,0.71,0.024189
0.76,0.72,0.024029
0.76,0.73,0.0253599
0.76,0.74,0.0256802
0.76,0.75,0.0255262
0.76,0.76,0.023997
0.76,0.77,0.0258477
0.76,0.78,0.0254783
0.76,0.79,0.0258435
0.76,0.8,0.0256734
0.76,0.81,0.0256793
0.76,0.82,0.0249963
0.76,0.83,0.0238059
0.76,0.84,0.0240224
0.76,0.85,0.0229417
0.76,0.86,0.025906
0.76,0.87,0.0257423
0.76,0.88,0.0220282
0.76,0.89,0.023017
0.76,0.9,0.0251903
0.76,0.91,0.0245088
0.76,0.92,0.0240274
0.76,0.93,0.0242822
0.76,0.94,0.024745
0.76,0.95,0.0231797
0.76,0.96,0.0240044
0.76,0.97,0.0215887
0.76,0.98,0.0200243
0.76,0.99,0.019909
0.76,1,0.0171253
0.76,1.01,0.0155312
0.76,1.02,0.014944
0.76,1.03,0.0148835
0.76,1.04,0.0137451
0.77,0,0.0133374
0.77,0.01,0.0130684
0.77,0.02,0.0143595
0.77,0.03,0.0159641
0.77,0.04,0.0164278
0.77,0.05,0.0188781
0.77,0.06,0.0185113
0.77,0.07,0.0207708
0.77,0.08,0.0216165
0.77,0.09,0.0216168
0.77,0.1,0.0235878
0.77,0.11,0.0239615
0.77,0.12,0.0265609
0.77,0.13,0.0233729
0.77,0.14,0.0243258
0.77,0.15,0.0221567
0.77,0.16,0.0246653
0.77,0.17,0.0245321
0.77,0.18,0.025332
0.77,0.19,0.0242672
0.77,0.2,0.0237649
0.77,0.21,0.0258281
0.77,0.22,0.0237124
0.77,0.23,0.0257174
0.77,0.24,0.0243365
0.77,0.25,0.0243564
0.77,0.26,0.0235351
0.77,0.27,0.0254254
0.77,0.28,0.0237265
0.77,0.29,0.0234
0.77,0.3,0.0228236
0.77,0.31,0.0242341
0.77,0.32,0.024355
0.77,0.33,0.024536
0.77,0.34,0.0249922
0.77,0.35,0.0246284
0.77,0.36,0.0252045
0.77,0.37,0.0253803
0.77,0.38,0.0247341
0.77,0.39,0.022325
0.77,0.4,0.0238563
0.77,0.41,0.0254036
0.77,0.42,0.024778
0.77,0.43,0.0233395
0.77,0.44,0.0262144
0.77,0.45,0.023792
0.77,0.46,0.0283784
0.77,0.47,0.0258369
0.77,0.48,0.0241523
0.77,0.49,0.0261994
0.77,0.5,0.0254857
0.77,0.51,0.0235301
0.77,0.52,0.0236606
0.77,0.53,0.0275933
0.77,0.54,0.0251992
0.77,0.55,0.0238069
0.77,0.56,0.0261866
0.77,0.57,0.0255121
0.77,0.58,0.0248077
0.77,0.59,0.0247094
0.77,0.6,0.0250746
0.77,0.61,0.0256713
0.77,0.62,0.0252153
0.77,0.63,0.0249757
0.77,0.64,0.0256902
0.77,0.65,0.0251029
0.77,0.66,0.0253871
0.77,0.67,0.0266497
0.77,0.68,0.0246364
0.77,0.69,0.023438
0.77,0.7,0.0241831
0.77,0.71,0.0246641
0.77,0.72,0.0232986
0.77,0.73,0.025475
0.77,0.74,0.0268112
0.77,0.75,0.026935
0.77,0.76,0.0248425
0.77,0.77,0.0251176
0.77,0.78,0.0243229
0.77,0.79,0.0225917
0.77,0.8,0.0246574
0.77,0.81,0.0231029
0.77,0.82,0.0255665
0.77,0.83,0.0244951
0.77,0.84,0.0233775
0.77,0.85,0.0239091
0.77,0.86,0.025264
0.77,0.87,0.0247019
0.77,0.88,0.0273592
0.77,0.89,0.0261222
0.77,0.9,0.0232797
0.77,0.91,0.0241602
0.77,0.92,0.0248233
0.77,0.93,0.0261698
0.77,0.94,0.0219462
0.77,0.95,0.0227761
0.77,0.96,0.0228934
0.77,0.97,0.023261
0.77,0.98,0.0233865
0.77,0.99,0.0195789
0.77,1,0.0193542
0.77,1.01,0.0172689
0.77,1.02,0.0161181
0.77,1.03,0.0140538
0.77,1.04,0.0124786
0.78,0,0.0136944
0.78,0.01,0.012307
0.78,0.02,0.0147777
0.78,0.03,0.0162844
0.78,0.04,0.0189642
0.78,0.05,0.0181899
0.78,0.06,0.0203298
0.78,0.07,0.0219733
0.78,0.08,0.0223309
0.78,0.09,0.0240269
0.78,0.1,0.0239466
0.78,0.11,0.0259182
0.78,0.12,0.0229091
0.78,0.13,0.0244364
0.78,0.14,0.0242613
0.78,0.15,0.025316
0.78,0.16,0.0251493
0.78,0.17,0.0235702
0.78,0.18,0.0247519
0.78,0.19,0.0245626
0.78,0.2,0.0247678
0.78,0.21,0.0246552
0.78,0.22,0.0258276
0.78,0.23,0.0249874
0.78,0.24,0.0237096
0.78,0.25,0.023916
0.78,0.26,0.0244964
0.78,0.27,0.0235323
0.78,0.28,0.0248996
0.78,0.29,0.0254616
0.78,0.3,0.0230395
0.78,0.31,0.0262743
0.78,0.32,0.0247915
0.78,0.33,0.0240685
0.78,0.34,0.0243306
0.78,0.35,0.026269
0.78,0.36,0.0232881
0.78,0.37,0.0245855
0.78,0.38,0.0236535
0.78,0.39,0.0243412
0.78,0.4,0.0245014
0.78,0.41,0.0240032
0.78,0.42,0.0232707
0.78,0.43,0.0246647
0.78,0.44,0.0224595
0.78,0.45,0.0258441
0.78,0.46,0.0253747
0.78,0.47,0.0223555
0.78,0.48,0.0245481
0.78,0.49,0.0244931
0.78,0.5,0.0244181
0.78,0.51,0.0241977
0.78,0.52,0.0251615
0.78,0.53,0.0248064
0.78,0.54,0.0255917
0.78,0.55,0.0266473
0.78,0.56,0.0236546
0.78,0.57,0.0257831
0.78,0.58,0.0227487
0.78,0.59,0.025474
0.78,0.6,0.0254483
0.78,0.61,0.0252079
0.78,0.62,0.0254175
0.78,0.63,0.0251454
0.78,0.64,0.0228275
0.78,0.65,0.0239114
0.78,0.66,0.0241619
0.78,0.67,0.0244899
0.78,0.68,0.0252355
0.78,0.69,0.024637
0.78,0.7,0.0260568
0.78,0.71,0.0243665
0.78,0.72,0.0264764
0.78,0.73,0.0239648
0.78,0.74,0.0240479
0.78,0.75,0.025363
0.78,0.76,0.0238973
0.78,0.77,0.0238507
0.78,0.78,0.0239244
0.78,0.79,0.023956
0.78,0.8,0.024773
0.78,0.81,0.0249555
0.78,0.82,0.0278801
0.78,0.83,0.0252438
0.78,0.84,0.025843
0.78,0.85,0.0253078
0.78,0.86,0.0241975
0.78,0.87,0.0246986
0.78,0.88,0.0258226
0.78,0.89,0.0242741
0.78,0.9,0.0241817
0.78,0.91,0.0231022
0.78,0.92,0.026018
0.78,0.93,0.0237287
0.78,0.94,0.0257936
0.78,0.95,0.0229633
0.78,0.96,0.0220334
0.78,0.97,0.0220188
0.78,0.98,0.0218685
0.78,0.99,0.0194233
0.78,1,0.0181615
0.78,1.01,0.0183241
0.78,1.02,0.0169753
0.78,1.03,0.013329
0.78,1.04,0.0131293
0.79,0,0.0115706
0.79,0.01,0.0135044
0.79,0.02,0.0146753
0.79,0.03,0.016374
0.79,0.04,0.0189577
0.79,0.05,0.0203161
0.79,0.06,0.0213759
0.79,0.07,0.0217462
0.79,0.08,0.0235501
0.79,0.09,0.0238286
0.79,0.1,0.0228485
0.79,0.11,0.0250177
0.79,0.12,0.0244816
0.79,0.13,0.0229721
0.79,0.14,0.0244624
0.79,0.15,0.0246483
0.79,0.16,0.0265095
0.79,0.17,0.0253037
0.79,0.18,0.0226811
0.79,0.19,0.0251107
0.79,0.2,0.0240437
0.79,0.21,0.0236621
0.79,0.22,0.0231538
0.79,0.23,0.024615
0.79,0.24,0.0255058
0.79,0.25,0.0252799
0.79,0.26,0.0247448
0.79,0.27,0.0241638
0.79,0.28,0.0246494
0.79,0.29,0.0239759
0.79,0.3,0.0258982
0.79,0.31,0.024388
0.79,0.32,0.0229183
0.79,0.33,0.0249965
0.79,0.34,0.0245008
0.79,0.35,0.0256434
0.79,0.36,0.0235635
0.79,0.37,0.0243219
0.79,0.38,0.0249739
0.79,0.39,0.0236375
0.79,0.4,0.0250712
0.79,0.41,0.0250096
0.79,0.42,0.0238832
0.79,0.43,0.0233107
0.79,0.44,0.0251877
0.79,0.45,0.0257038
0.79,0.46,0.0246867
0.79,0.47,0.0250749
0.79,0.48,0.0244948
0.79,0.49,0.0247384
0.79,0.5,0.0246602
0.79,0.51,0.0251074
0.79,0.52,0.0246116
0.79,0.53,0.0234597
0.79,0.54,0.0245551
0.79,0.55,0.0258395
0.79,0.56,0.02432
0.79,0.57,0.0243957
0.79,0.58,0.0248192
0.79,0.59,0.0233147
0.79,0.6,0.024614
0.79,0.61,0.023118
0.79,0.62,0.0252414
0.79,0.63,0.0221583
0.79,0.64,0.0244922
0.79,0.65,0.024872
0.79,0.66,0.0250409
0.79,0.67,0.0261261
0.79,0.68,0.026147
0.79,0.69,0.0245669
0.79,0.7,0.0271692
0.79,0.71,0.0234769
0.79,0.72,0.0277889
0.79,0.73,0.0256096
0.79,0.74,0.0245841
0.79,0.75,0.024251
0.79,0.76,0.0236442
0.79,0.77,0.0233903
0.79,0.78,0.023947
0.79,0.79,0.0255039
0.79,0.8,0.0230159
0.79,0.81,0.0244519
0.79,0.82,0.0238029
0.79,0.83,0.0256304
0.79,0.84,0.0258112
0.79,0.85,0.0245358
0.79,0.86,0.0243338
0.79,0.87,0.0253916
0.79,0.88,0.023438
0.79,0.89,0.023254
0.79,0.9,0.0228329
0.79,0.91,0.0220665
0.79,0.92,0.0252802
0.79,0.93,0.0247176
0.79,0.94,0.0242757
0.79,0.95,0.0232488
0.79,0.96,0.0224225
0.79,0.97,0.0224963
0.79,0.98,0.0221444
0.79,0.99,0.0189068
0.79,1,0.0190716
0.79,1.01,0.0151724
0.79,1.02,0.0177086
0.79,1.03,0.0143566
0.79,1.04,0.0136637
0.8,0,0.0132704
0.8,0.01,0.0132615
0.8,0.02,0.0150956
0.8,0.03,0.0162134
0.8,0.04,0.0175193
0.8,0.05,0.0194696
0.8,0.06,0.020166
0.8,0.07,0.0215323
0.8,0.08,0.0222936
0.8,0.09,0.0242346
0.8,0.1,0.0224506
0.8,0.11,0.0256227
0.8,0.12,0.0245372
0.8,0.13,0.0259135
0.8,0.14,0.0253038
0.8,0.15,0.0242028
0.8,0.16,0.0222126
0.8,0.17,0.0264602
0.8,0.18,0.0241047
0.8,0.19,0.0233182
0.8,0.2,0.0250986
0.8,0.21,0.0252433
0.8,0.22,0.0242496
0.8,0.23,0.0263893
0.8,0.24,0.0240875
0.8,0.25,0.0252563
0.8,0.26,0.0241941
0.8,0.27,0.0261693
0.8,0.28,0.0251484
0.8,0.29,0.0235953
0.8,0.3,0.0239968
0.8,0.31,0.023975
0.8,0.32,0.0254425
0.8,0.33,0.0237945
0.8,0.34,0.0239253
0.8,0.35,0.0241736
0.8,0.36,0.024997
0.8,0.37,0.0245562
0.8,0.38,0.0230292
0.8,0.39,0.0252178
0.8,0.4,0.0245637
0.8,0.41,0.0244189
0.8,0.42,0.024096
0.8,0.43,0.0235054
0.8,0.44,0.0233771
0.8,0.45,0.023058
0.8,0.46,0.0224538
0.8,0.47,0.0255993
0.8,0.48,0.0242049
0.8,0.49,0.0255824
0.8,0.5,0.0224417
0.8,0.51,0.0247848
0.8,0.52,0.0232354
0.8,0.53,0.0242662
0.8,0.54,0.0246844
0.8,0.55,0.0267528
0.8,0.56,0.0254744
0.8,0.57,0.0265787
0.8,0.58,0.0234939
0.8,0.59,0.0237568
0.8,0.6,0.0252406
0.8,0.61,0.0241251
0.8,0.62,0.0252096
0.8,0.63,0.0232357
0.8,0.64,0.0247171
0.8,0.65,0.0252252
0.8,0.66,0.0244137
0.8,0.67,0.0259836
0.8,0.68,0.0256241
0.8,0.69,0.0237725
0.8,0.7,0.0231716
0.8,0.71,0.0260991
0.8,0.72,0.0244074
0.8,0.73,0.0236072
0.8,0.74,0.0238176
0.8,0.75,0.0253558
0.8,0.76,0.0252669
0.8,0.77,0.0235227
0.8,0.78,0.0256016
0.8,0.79,0.0255427
0.8,0.8,0.0255757
0.8,0.81,0.0244548
0.8,0.82,0.0238947
0.8,0.83,0.0262286
0.8,0.84,0.024981
0.8,0.85,0.0262496
0.8,0.86,0.025923
0.8,0.87,0.0251713
0.8,0.88,0.022037
0.8,0.89,0.0245525
0.8,0.9,0.0251413
0.8,0.91,0.0238466
0.8,0.92,0.0234706
0.8,0.93,0.0228931
0.8,0.94,0.0244515
0.8,0.95,0.0229434
0.8,0.96,0.0236669
0.8,0.97,0.0228236
0.8,0.98,0.0202799
0.8,0.99,0.018993
0.8,1,0.019254
0.8,1.01,0.018591
0.8,1.02,0.0150106
0.8,1.03,0.014276
0.8,1.04,0.0133631
0.81,0,0.0137753
0.81,0.01,0.0148295
0.81,0.02,0.0157516
0.81,0.03,0.0156238
0.81,0.04,0.0181639
0.81,0.05,0.0201721
0.81,0.06,0.0210079
0.81,0.07,0.021897
0.81,0.08,0.022755
0.81,0.09,0.0224256
0.81,0.1,0.0235716
0.81,0.11,0.0235708
0.81,0.12,0.0256704
0.81,0.13,0.0256644
0.81,0.14,0.0240343
0.81,0.15,0.0239625
0.81,0.16,0.023054
0.81,0.17,0.0253897
0.81,0.18,0.0265606
0.81,0.19,0.0239595
0.81,0.2,0.0264925
0.81,0.21,0.0228506
0.81,0.22,0.024973
0.81,0.23,0.0252146
0.81,0.24,0.0254592
0.81,0.25,0.0224801
0.81,0.26,0.02386
0.81,0.27,0.0260547
0.81,0.28,0.0251126
0.81,0.29,0.0269044
0.81,0.3,0.0243243
0.81,0.31,0.0238525
0.81,0.32,0.0241332
0.81,0.33,0.0264451
0.81,0.34,0.0244762
0.81,0.35,0.0258121
0.81,0.36,0.0258457
0.81,0.37,0.025041
0.81,0.38,0.0247887
0.81,0.39,0.0228069
0.81,0.4,0.026792
0.81,0.41,0.0254027
0.81,0.42,0.0250175
0.81,0.43,0.0234565
0.81,0.44,0.0236009
0.81,0.45,0.0233312
0.81,0.46,0.0244446
0.81,0.47,0.0254498
0.81,0.48,0.0241344
0.81,0.49,0.0254548
0.81,0.5,0.027057
0.81,0.51,0.0273464
0.81,0.52,0.024513
0.81,0.53,0.0258034
0.81,0.54,0.0244345
0.81,0.55,0.0219954
0.81,0.56,0.024527
0.81,0.57,0.0244764
0.81,0.58,0.024451
0.81,0.59,0.0253715
0.81,0.6,0.0230751
0.81,0.61,0.025592
0.81,0.62,0.0264453
0.81,0.63,0.0247884
0.81,0.64,0.0263772
0.81,0.65,0.0256852
0.81,0.66,0.024223
0.81,0.67,0.0241955
0.81,0.68,0.0255867
0.81,0.69,0.0253388
0.81,0.7,0.0251454
0.81,0.71,0.0232638
0.81,0.72,0.0261494
0.81,0.73,0.0258769
0.81,0.74,0.0246702
0.81,0.75,0.0247872
0.81,0.76,0.0256018
0.81,0.77,0.0248562
0.81,0.78,0.0253628
0.81,0.79,0.0231114
0.81,0.8,0.0244531
0.81,0.81,0.0212492
0.81,0.82,0.0245221
0.81,0.83,0.0242041
0.81,0.84,0.0255154
0.81,0.85,0.0255943
0.81,0.86,0.0263838
0.81,0.87,0.0260817
0.81,0.88,0.0242664
0.81,0.89,0.0259091
0.81,0.9,0.0255889
0.81,0.91,0.0259161
0.81,0.92,0.023046
0.81,0.93,0.0244584
0.81,0.94,0.0247051
0.81,0.95,0.0235638
0.81,0.96,0.0247652
0.81,0.97,0.0220122
0.81,0.98,0.0219283
0.81,0.99,0.0192367
0.81,1,0.0174771
0.81,1.01,0.0182824
0.81,1.02,0.0167051
0.81,1.03,0.0155367
0.81,1.04,0.0128166
0.82,0,0.0130473
0.82,0.01,0.0151949
0.82,0.02,0.0151805
0.82,0.03,0.0149022
0.82,0.04,0.0190405
0.82,0.05,0.0195108
0.82,0.06,0.0226341
0.82,0.07,0.0203104
0.82,0.08,0.0228926
0.82,0.09,0.0225209
0.82,0.1,0.0233327
0.82,0.11,0.0249741
0.82,0.12,0.0245711
0.82,0.13,0.0262061
0.82,0.14,0.0246748
0.82,0.15,0.024264
0.82,0.16,0.0218555
0.82,0.17,0.0256717
0.82,0.18,0.0252237
0.82,0.19,0.0238978
0.82,0.2,0.0251301
0.82,0.21,0.02442
0.82,0.22,0.0240644
0.82,0.23,0.0251678
0.82,0.24,0.0252225
0.82,0.25,0.0242973
0.82,0.26,0.0252837
0.82,0.27,0.0226166
0.82,0.28,0.0245496
0.82,0.29,0.0243704
0.82,0.3,0.0252367
0.82,0.31,0.0255711
0.82,0.32,0.0248814
0.82,0.33,0.0243612
0.82,0.34,0.0264305
0.82,0.35,0.0269664
0.82,0.36,0.0255001
0.82,0.37,0.0269913
0.82,0.38,0.0259885
0.82,0.39,0.0255871
0.82,0.4,0.0275438
0.82,0.41,0.0250035
0.82,0.42,0.0233493
0.82,0.43,0.0232143
0.82,0.44,0.0242784
0.82,0.45,0.0258501
0.82,0.46,0.0264154
0.82,0.47,0.0244714
0.82,0.48,0.0248983
0.82,0.49,0.0243941
0.82,0.5,0.0245663
0.82,0.51,0.0246659
0.82,0.52,0.0232314
0.82,0.53,0.0249175
0.82,0.54,0.0245345
0.82,0.55,0.0238272
0.82,0.56,0.0238352
0.82,0.57,0.0243517
0.82,0.58,0.025037
0.82,0.59,0.024992
0.82,0.6,0.026681
0.82,0.61,0.0248216
0.82,0.62,0.0251145
0.82,0.63,0.024016
0.82,0.64,0.0248078
0.82,0.65,0.0233627
0.82,0.66,0.0242713
0.82,0.67,0.0248836
0.82,0.68,0.0242238
0.82,0.69,0.0259945
0.82,0.7,0.025159
0.82,0.71,0.0244268
0.82,0.72,0.0238603
0.82,0.73,0.0231174
0.82,0.74,0.0249109
0.82,0.75,0.0255974
0.82,0.76,0.0235647
0.82,0.77,0.021718
0.82,0.78,0.0228438
0.82,0.79,0.0250882
0.82,0.8,0.0237804
0.82,0.81,0.0218954
0.82,0.82,0.0226056
0.82,0.83,0.0242775
0.82,0.84,0.0242905
0.82,0.85,0.0251998
0.82,0.86,0.024098
0.82,0.87,0.0240461
0.82,0.88,0.0246312
0.82,0.89,0.024617
0.82,0.9,0.0246922
0.82,0.91,0.0247101
0.82,0.92,0.0240916
0.82,0.93,0.0251454
0.82,0.94,0.0244298
0.82,0.95,0.0245647
0.82,0.96,0.0221253
0.82,0.97,0.022373
0.82,0.98,0.020379
0.82,0.99,0.019291
0.82,1,0.0197674
0.82,1.01,0.0175732
0.82,1.02,0.0152171
0.82,1.03,0.0152864
0.82,1.04,0.0139455
0.83,0,0.0107295
0.83,0.01,0.0139952
0.83,0.02,0.0152155
0.83,0.03,0.0169385
0.83,0.04,0.0178193
0.83,0.05,0.0194159
0.83,0.06,0.0203462
0.83,0.07,0.0222689
0.83,0.08,0.0229825
0.83,0.09,0.0239436
0.83,0.1,0.0259665
0.83,0.11,0.0239532
0.83,0.12,0.0252866
0.83,0.13,0.0253104
0.83,0.14,0.0236652
0.83,0.15,0.0265038
0.83,0.16,0.0247437
0.83,0.17,0.0248656
0.83,0.18,0.0232542
0.83,0.19,0.0233174
0.83,0.2,0.0268492
0.83,0.21,0.0271567
0.83,0.22,0.0246758
0.83,0.23,0.0251503
0.83,0.24,0.025374
0.83,0.25,0.0243803
0.83,0.26,0.023208
0.83,0.27,0.0249066
0.83,0.28,0.0237947
0.83,0.29,0.0267992
0.83,0.3,0.0217866
0.83,0.31,0.024224
0.83,0.32,0.0232183
0.83,0.33,0.0232304
0.83,0.34,0.0249088
0.83,0.35,0.0238724
0.83,0.36,0.0264893
0.83,0.37,0.0254736
0.83,0.38,0.0239846
0.83,0.39,0.0240592
0.83,0.4,0.0232229
0.83,0.41,0.0246659
0.83,0.42,0.0244627
0.83,0.43,0.0244495
0.83,0.44,0.0245212
0.83,0.45,0.0247832
0.83,0.46,0.024025
0.83,0.47,0.025587
0.83,0.48,0.0255134
0.83,0.49,0.0251475
0.83,0.5,0.0248552
0.83,0.51,0.025347
0.83,0.52,0.0237992
0.83,0.53,0.0250412
0.83,0.54,0.0250549
0.83,0.55,0.0256785
0.83,0.56,0.0236281
0.83,0.57,0.0256633
0.83,0.58,0.0240584
0.83,0.59,0.0225497
0.83,0.6,0.0239864
0.83,0.61,0.0222417
0.83,0.62,0.0262914
0.83,0.63,0.0230958
0.83,0.64,0.0243735
0.83,0.65,0.0257087
0.83,0.66,0.0259377
0.83,0.67,0.0242847
0.83,0.68,0.0267345
0.83,0.69,0.0237353
0.83,0.7,0.0246657
0.83,0.71,0.0253829
0.83,0.72,0.0233655
0.83,0.73,0.0238061
0.83,0.74,0.0253547
0.83,0.75,0.0258009
0.83,0.76,0.0247217
0.83,0.77,0.0238647
0.83,0.78,0.0254649
0.83,0.79,0.0243274
0.83,0.8,0.0253542
0.83,0.81,0.0224924
0.83,0.82,0.0252617
0.83,0.83,0.0269114
0.83,0.84,0.0242566
0.83,0.85,0.0236525
0.83,0.86,0.02433
0.83,0.87,0.0262688
0.83,0.88,0.0267378
0.83,0.89,0.0246878
0.83,0.9,0.0258581
0.83,0.91,0.0246346
0.83,0.92,0.0239173
0.83,0.93,0.0258307
0.83,0.94,0.0248706
0.83,0.95,0.0266647
0.83,0.96,0.0229271
0.83,0.97,0.0196692
0.83,0.98,0.0231379
0.83,0.99,0.0203305
0.83,1,0.0189337
0.83,1.01,0.019941
0.83,1.02,0.0149487
0.83,1.03,0.0146233
0.83,1.04,0.0131353
0.84,0,0.0127908
0.84,0.01,0.0146918
0.84,0.02,0.01437
0.84,0.03,0.01692
0.84,0.04,0.0166454
0.84,0.05,0.019804
0.84,0.06,0.0211993
0.84,0.07,0.0215052
0.84,0.08,0.0239637
0.84,0.09,0.0237265
0.84,0.1,0.0240164
0.84,0.11,0.0252824
0.84,0.12,0.0232994
0.84,0.13,0.022412
0.84,0.14,0.0240827
0.84,0.15,0.0237738
0.84,0.16,0.025403
0.84,0.17,0.0246441
0.84,0.18,0.0240204
0.84,0.19,0.0246057
0.84,0.2,0.0253806
0.84,0.21,0.0255119
0.84,0.22,0.0246883
0.84,0.23,0.0255114
0.84,0.24,0.0225297
0.84,0.25,0.0256134
0.84,0.26,0.0263079
0.84,0.27,0.0251668
0.84,0.28,0.0237645
0.84,0.29,0.0247728
0.84,0.3,0.0244251
0.84,0.31,0.0240985
0.84,0.32,0.0265856
0.84,0.33,0.0252017
0.84,0.34,0.0236539
0.84,0.35,0.0246398
0.84,0.36,0.0257637
0.84,0.37,0.0249723
0.84,0.38,0.0236217
0.84,0.39,0.0251856
0.84,0.4,0.0232685
0.84,0.41,0.0237319
0.84,0.42,0.024166
0.84,0.43,0.0247208
0.84,0.44,0.0238067
0.84,0.45,0.0242239
0.84,0.46,0.023957
0.84,0.47,0.0252144
0.84,0.48,0.0265924
0.84,0.49,0.0253899
0.84,0.5,0.0258007
0.84,0.51,0.0245766
0.84,0.52,0.02609
0.84,0.53,0.0246025
0.84,0.54,0.0257642
0.84,0.55,0.0241236
0.84,0.56,0.0243278
0.84,0.57,0.0256336
0.84,0.58,0.0234351
0.84,0.59,0.0244519
0.84,0.6,0.0232766
0.84,0.61,0.0252915
0.84,0.62,0.0239956
0.84,0.63,0.0241292
0.84,0.64,0.0239601
0.84,0.65,0.0250573
0.84,0.66,0.0235966
0.84,0.67,0.023912
0.84,0.68,0.023824
0.84,0.69,0.0241816
0.84,0.7,0.0264021
0.84,0.71,0.0251327
0.84,0.72,0.0272545
0.84,0.73,0.0251881
0.84,0.74,0.0249366
0.84,0.75,0.025642
0.84,0.76,0.0270761
0.84,0.77,0.0245112
0.84,0.78,0.0240341
0.84,0.79,0.0240231
0.84,0.8,0.0246654
0.84,0.81,0.0243699
0.84,0.82,0.0238011
0.84,0.83,0.0257915
0.84,0.84,0.0229087
0.84,0.85,0.0233326
0.84,0.86,0.0232231
0.84,0.87,0.0265055
0.84,0.88,0.0255996
0.84,0.89,0.0237815
0.84,0.9,0.0248632
0.84,0.91,0.0246403
0.84,0.92,0.0235715
0.84,0.93,0.0249382
0.84,0.94,0.0235278
0.84,0.95,0.0239
0.84,0.96,0.0230391
0.84,0.97,0.0219371
0.84,0.98,0.0196139
0.84,0.99,0.0203098
0.84,1,0.0191763
0.84,1.01,0.0195636
0.84,1.02,0.0167148
0.84,1.03,0.0144956
0.84,1.04,0.0139039
0.85,0,0.0122271
0.85,0.01,0.0137889
0.85,0.02,0.0137066
0.85,0.03,0.0162373
0.85,0.04,0.0177391
0.85,0.05,0.0202322
0.85,0.06,0.0220167
0.85,0.07,0.0227958
0.85,0.08,0.0219094
0.85,0.09,0.0240245
0.85,0.1,0.0235441
0.85,0.11,0.0247692
0.85,0.12,0.0241404
0.85,0.13,0.026333
0.85,0.14,0.0243557
0.85,0.15,0.0230999
0.85,0.16,0.0244952
0.85,0.17,0.0241469
0.85,0.18,0.0239717
0.85,0.19,0.0262911
0.85,0.2,0.0246232
0.85,0.21,0.0239693
0.85,0.22,0.0267297
0.85,0.23,0.0251914
0.85,0.24,0.0246354
0.85,0.25,0.0249665
0.85,0.26,0.0231952
0.85,0.27,0.0241627
0.85,0.28,0.0252576
0.85,0.29,0.0241153
0.85,0.3,0.0266198
0.85,0.31,0.0233664
0.85,0.32,0.0250248
0.85,0.33,0.0245386
0.85,0.34,0.0227226
0.85,0.35,0.0244523
0.85,0.36,0.024844
0.85,0.37,0.0260838
0.85,0.38,0.0247806
0.85,0.39,0.0251195
0.85,0.4,0.0243359
0.85,0.41,0.0270182
0.85,0.42,0.0237228
0.85,0.43,0.0249209
0.85,0.44,0.0250245
0.85,0.45,0.0235047
0.85,0.46,0.0257778
0.85,0.47,0.0240649
0.85,0.48,0.0243123
0.85,0.49,0.0243878
0.85,0.5,0.0251341
0.85,0.51,0.0242897
0.85,0.52,0.0226852
0.85,0.53,0.0258253
0.85,0.54,0.0263616
0.85,0.55,0.0230281
0.85,0.56,0.026261
0.85,0.57,0.025482
0.85,0.58,0.0260226
0.85,0.59,0.0255375
0.85,0.6,0.022468
0.85,0.61,0.0249323
0.85,0.62,0.026704
0.85,0.63,0.0248771
0.85,0.64,0.0265749
0.85,0.65,0.0230646
0.85,0.66,0.0244059
0.85,0.67,0.0237715
0.85,0.68,0.0245521
0.85,0.69,0.0245186
0.85,0.7,0.0251967
0.85,0.71,0.0269037
0.85,0.72,0.0239049
0.85,0.73,0.0252934
0.85,0.74,0.0257178
0.85,0.75,0.0239154
0.85,0.76,0.0245692
0.85,0.77,0.023149
0.85,0.78,0.024319
0.85,0.79,0.0236325
0.85,0.8,0.0224265
0.85,0.81,0.0260346
0.85,0.82,0.0251103
0.85,0.83,0.0241257
0.85,0.84,0.0235563
0.85,0.85,0.0240132
0.85,0.86,0.0260717
0.85,0.87,0.0246364
0.85,0.88,0.0239815
0.85,0.89,0.0242123
0.85,0.9,0.0248609
0.85,0.91,0.0241075
0.85,0.92,0.0266287
0.85,0.93,0.0251587
0.85,0.94,0.0253919
0.85,0.95,0.0238531
0.85,0.96,0.0242027
0.85,0.97,0.0234602
0.85,0.98,0.0212617
0.85,0.99,0.0199927
0.85,1,0.0181167
0.85,1.01,0.01792
0.85,1.02,0.0141707
0.85,1.03,0.0134956
0.85,1.04,0.0130584
0.86,0,0.0122411
0.86,0.01,0.0145828
0.86,0.02,0.0144041
0.86,0.03,0.0146974
0.86,0.04,0.0177568
0.86,0.05,0.0197586
0.86,0.06,0.0229382
0.86,0.07,0.0218049
0.86,0.08,0.0236345
0.86,0.09,0.0243604
0.86,0.1,0.0241136
0.86,0.11,0.0247583
0.86,0.12,0.024198
0.86,0.13,0.0246766
0.86,0.14,0.0235205
0.86,0.15,0.0251613
0.86,0.16,0.025745
0.86,0.17,0.0258959
0.86,0.18,0.0244328
0.86,0.19,0.0252416
0.86,0.2,0.0245745
0.86,0.21,0.0251433
0.86,0.22,0.0261832
0.86,0.23,0.0261834
0.86,0.24,0.0241296
0.86,0.25,0.0244685
0.86,0.26,0.0236334
0.86,0.27,0.0236036
0.86,0.28,0.0249107
0.86,0.29,0.0239803
0.86,0.3,0.0241779
0.86,0.31,0.0244522
0.86,0.32,0.0246651
0.86,0.33,0.0258402
0.86,0.34,0.0244552
0.86,0.35,0.0240468
0.86,0.36,0.0249576
0.86,0.37,0.0229238
0.86,0.38,0.0252964
0.86,0.39,0.02366
0.86,0.4,0.0234596
0.86,0.41,0.0249998
0.86,0.42,0.0239136
0.86,0.43,0.0238143
0.86,0.44,0.0243257
0.86,0.45,0.0265633
0.86,0.46,0.0239731
0.86,0.47,0.0227168
0.86,0.48,0.0263206
0.86,0.49,0.0254588
0.86,0.5,0.0244159
0.86,0.51,0.0233643
0.86,0.52,0.0236878
0.86,0.53,0.0246214
0.86,0.54,0.0242873
0.86,0.55,0.0241693
0.86,0.56,0.024348
0.86,0.57,0.0245995
0.86,0.58,0.0223881
0.86,0.59,0.0257333
0.86,0.6,0.0254383
0.86,0.61,0.0247972
0.86,0.62,0.0259949
0.86,0.63,0.0248668
0.86,0.64,0.024402
0.86,0.65,0.0223477
0.86,0.66,0.0261154
0.86,0.67,0.023233
0.86,0.68,0.0257731
0.86,0.69,0.0254132
0.86,0.7,0.0244017
0.86,0.71,0.0255335
0.86,0.72,0.0268224
0.86,0.73,0.0241471
0.86,0.74,0.0249648
0.86,0.75,0.0239713
0.86,0.76,0.0245118
0.86,0.77,0.0249408
0.86,0.78,0.0272777
0.86,0.79,0.025195
0.86,0.8,0.0246214
0.86,0.81,0.0244743
0.86,0.82,0.0258603
0.86,0.83,0.0248924
0.86,0.84,0.0250291
0.86,0.85,0.0233356
0.86,0.86,0.0267362
0.86,0.87,0.0241715
0.86,0.88,0.0251878
0.86,0.89,0.0240291
0.86,0.9,0.0256841
0.86,0.91,0.0231983
0.86,0.92,0.0253371
0.86,0.93,0.0239708
0.86,0.94,0.0257481
0.86,0.95,0.0227672
0.86,0.96,0.0232651
0.86,0.97,0.0224232
0.86,0.98,0.0231908
0.86,0.99,0.0211493
0.86,1,0.0198856
0.86,1.01,0.0164216
0.86,1.02,0.0163137
0.86,1.03,0.0144008
0.86,1.04,0.0134123
0.87,0,0.011469
0.87,0.01,0.0139716
0.87,0.02,0.0172554
0.87,0.03,0.0166752
0.87,0.04,0.018655
0.87,0.05,0.0197017
0.87,0.06,0.0210996
0.87,0.07,0.0215842
0.87,0.08,0.0234559
0.87,0.09,0.0232046
0.87,0.1,0.0252118
0.87,0.11,0.0255298
0.87,0.12,0.024082
0.87,0.13,0.0258642
0.87,0.14,0.0261855
0.87,0.15,0.0248867
0.87,0.16,0.0249208
0.87,0.17,0.0247449
0.87,0.18,0.0254064
0.87,0.19,0.0239669
0.87,0.2,0.0250836
0.87,0.21,0.0241655
0.87,0.22,0.0240612
0.87,0.23,0.0258569
0.87,0.24,0.0237324
0.87,0.25,0.0243025
0.87,0.26,0.025178
0.87,0.27,0.0250883
0.87,0.28,0.0248656
0.87,0.29,0.0243725
0.87,0.3,0.0251072
0.87,0.31,0.0243485
0.87,0.32,0.0236447
0.87,0.33,0.023358
0.87,0.34,0.0238772
0.87,0.35,0.0260859
0.87,0.36,0.0257016
0.87,0.37,0.0231069
0.87,0.38,0.024219
0.87,0.39,0.0245048
0.87,0.4,0.025177
0.87,0.41,0.0258632
0.87,0.42,0.0247962
0.87,0.43,0.0249173
0.87,0.44,0.0247192
0.87,0.45,0.0256005
0.87,0.46,0.0249323
0.87,0.47,0.0235248
0.87,0.48,0.0238968
0.87,0.49,0.0256442
0.87,0.5,0.0241838
0.87,0.51,0.0247722
0.87,0.52,0.0241736
0.87,0.53,0.0249068
0.87,0.54,0.0234933
0.87,0.55,0.024929
0.87,0.56,0.0234437
0.87,0.57,0.0241321
0.87,0.58,0.0237062
0.87,0.59,0.0252968
0.87,0.6,0.0246796
0.87,0.61,0.02376
0.87,0.62,0.0247335
0.87,0.63,0.0266345
0.87,0.64,0.0254504
0.87,0.65,0.0259099
0.87,0.66,0.0236328
0.87,0.67,0.0242358
0.87,0.68,0.0234767
0.87,0.69,0.0250098
0.87,0.7,0.0241961
0.87,0.71,0.0250555
0.87,0.72,0.0255023
0.87,0.73,0.024401
0.87,0.74,0.0248984
0.87,0.75,0.0232673
0.87,0.76,0.0243772
0.87,0.77,0.0242245
0.87,0.78,0.0245106
0.87,0.79,0.024138
0.87,0.8,0.0245873
0.87,0.81,0.0243657
0.87,0.82,0.022055
0.87,0.83,0.0249537
0.87,0.84,0.0232654
0.87,0.85,0.0241128
0.87,0.86,0.0244775
0.87,0.87,0.0242072
0.87,0.88,0.0240318
0.87,0.89,0.024137
0.87,0.9,0.0269622
0.87,0.91,0.0246419
0.87,0.92,0.0228706
0.87,0.93,0.025936
0.87,0.94,0.0255815
0.87,0.95,0.0215728
0.87,0.96,0.0248554
0.87,0.97,0.0224909
0.87,0.98,0.023113
0.87,0.99,0.0213378
0.87,1,0.020114
0.87,1.01,0.0176849
0.87,1.02,0.0156302
0.87,1.03,0.0140625
0.87,1.04,0.0143533
0.88,0,0.0129829
0.88,0.01,0.011804
0.88,0.02,0.0155377
0.88,0.03,0.0176807
0.88,0.04,0.0195457
0.88,0.05,0.0200704
0.88,0.06,0.021684
0.88,0.07,0.0223898
0.88,0.08,0.0225579
0.88,0.09,0.0262371
0.88,0.1,0.024132
0.88,0.11,0.0240113
0.88,0.12,0.0238081
0.88,0.13,0.0260801
0.88,0.14,0.0245801
0.88,0.15,0.0237032
0.88,0.16,0.0244672
0.88,0.17,0.0239106
0.88,0.18,0.0248096
0.88,0.19,0.0253063
0.88,0.2,0.0229436
0.88,0.21,0.0234161
0.88,0.22,0.0245721
0.88,0.23,0.0254222
0.88,0.24,0.0254219
0.88,0.25,0.0257016
0.88,0.26,0.0240404
0.88,0.27,0.0245215
0.88,0.28,0.0243805
0.88,0.29,0.0251164
0.88,0.3,0.023791
0.88,0.31,0.0249593
0.88,0.32,0.0257832
0.88,0.33,0.024327
0.88,0.34,0.025812
0.88,0.35,0.0239655
0.88,0.36,0.0244431
0.88,0.37,0.0237923
0.88,0.38,0.023525
0.88,0.39,0.0241251
0.88,0.4,0.0230282
0.88,0.41,0.0249819
0.88,0.42,0.0241084
0.88,0.43,0.0249389
0.88,0.44,0.0244264
0.88,0.45,0.024081
0.88,0.46,0.025722
0.88,0.47,0.0257979
0.88,0.48,0.0249243
0.88,0.49,0.0239724
0.88,0.5,0.0249837
0.88,0.51,0.0234124
0.88,0.52,0.0240496
0.88,0.53,0.0240525
0.88,0.54,0.0244433
0.88,0.55,0.0262361
0.88,0.56,0.021423
0.88,0.57,0.0248216
0.88,0.58,0.0249844
0.88,0.59,0.024663
0.88,0.6,0.0253982
0.88,0.61,0.0266393
0.88,0.62,0.0241854
0.88,0.63,0.0243717
0.88,0.64,0.0249427
0.88,0.65,0.0261345
0.88,0.66,0.0240493
0.88,0.67,0.0249559
0.88,0.68,0.0245568
0.88,0.69,0.0226991
0.88,0.7,0.0255638
0.88,0.71,0.0251039
0.88,0.72,0.0243811
0.88,0.73,0.0249689
0.88,0.74,0.0227573
0.88,0.75,0.0241151
0.88,0.76,0.0252944
0.88,0.77,0.0228954
0.88,0.78,0.0249155
0.88,0.79,0.0232339
0.88,0.8,0.0262228
0.88,0.81,0.0246937
0.88,0.82,0.0225692
0.88,0.83,0.024907
0.88,0.84,0.0252004
0.88,0.85,0.0235358
0.88,0.86,0.0265457
0.88,0.87,0.0254611
0.88,0.88,0.0260077
0.88,0.89,0.0228585
0.88,0.9,0.0244606
0.88,0.91,0.0223596
0.88,0.92,0.0242763
0.88,0.93,0.0244169
0.88,0.94,0.0264396
0.88,0.95,0.02379
0.88,0.96,0.0224517
0.88,0.97,0.0222585
0.88,0.98,0.0218705
0.88,0.99,0.0214499
0.88,1,0.020356
0.88,1.01,0.0180678
0.88,1.02,0.0169496
0.88,1.03,0.0134196
0.88,1.04,0.0131374
0.89,0,0.013803
0.89,0.01,0.0158258
0.89,0.02,0.0148745
0.89,0.03,0.0158946
0.89,0.04,0.0178107
0.89,0.05,0.0204282
0.89,0.06,0.0203184
0.89,0.07,0.0202846
0.89,0.08,0.0241019
0.89,0.09,0.0241759
0.89,0.1,0.0252516
0.89,0.11,0.0239334
0.89,0.12,0.0246959
0.89,0.13,0.0248811
0.89,0.14,0.0249898
0.89,0.15,0.0254789
0.89,0.16,0.0265083
0.89,0.17,0.0245715
0.89,0.18,0.0246653
0.89,0.19,0.0239415
0.89,0.2,0.0246697
0.89,0.21,0.0227462
0.89,0.22,0.0248568
0.89,0.23,0.0254218
0.89,0.24,0.0254889
0.89,0.25,0.0247737
0.89,0.26,0.0240025
0.89,0.27,0.0219613
0.89,0.28,0.0216374
0.89,0.29,0.0230024
0.89,0.3,0.0253326
0.89,0.31,0.0253803
0.89,0.32,0.0255531
0.89,0.33,0.0248406
0.89,0.34,0.0241475
0.89,0.35,0.0235581
0.89,0.36,0.0230626
0.89,0.37,0.02518
0.89,0.38,0.0252968
0.89,0.39,0.0260558
0.89,0.4,0.0232789
0.89,0.41,0.0253586
0.89,0.42,0.0240621
0.89,0.43,0.024027
0.89,0.44,0.0242809
0.89,0.45,0.0265731
0.89,0.46,0.0250657
0.89,0.47,0.0221709
0.89,0.48,0.0238398
0.89,0.49,0.0250703
0.89,0.5,0.0259167
0.89,0.51,0.0232346
0.89,0.52,0.0235797
0.89,0.53,0.0229399
0.89,0.54,0.0242138
0.89,0.55,0.0236596
0.89,0.56,0.0247002
0.89,0.57,0.0240589
0.89,0.58,0.0228201
0.89,0.59,0.024376
0.89,0.6,0.0233162
0.89,0.61,0.0260242
0.89,0.62,0.0235689
0.89,0.63,0.0263128
0.89,0.64,0.025843
0.89,0.65,0.0230239
0.89,0.66,0.0236849
0.89,0.67,0.0249878
0.89,0.68,0.0250297
0.89,0.69,0.0259964
0.89,0.7,0.0239224
0.89,0.71,0.0246346
0.89,0.72,0.0253112
0.89,0.73,0.0243371
0.89,0.74,0.0240864
0.89,0.75,0.0247146
0.89,0.76,0.0255438
0.89,0.77,0.0228518
0.89,0.78,0.0244873
0.89,0.79,0.0250934
0.89,0.8,0.025936
0.89,0.81,0.0230886
0.89,0.82,0.024642
0.89,0.83,0.0246736
0.89,0.84,0.0243009
0.89,0.85,0.0239652
0.89,0.86,0.0246195
0.89,0.87,0.0233522
0.89,0.88,0.0242275
0.89,0.89,0.0246269
0.89,0.9,0.0235651
0.89,0.91,0.0241988
0.89,0.92,0.0234529
0.89,0.93,0.0234913
0.89,0.94,0.0227837
0.89,0.95,0.0223892
0.89,0.96,0.0218334
0.89,0.97,0.0231378
0.89,0.98,0.020906
0.89,0.99,0.020234
0.89,1,0.0196873
0.89,1.01,0.0185973
0.89,1.02,0.0181663
0.89,1.03,0.0148245
0.89,1.04,0.0142699
0.9,0,0.0132681
0.9,0.01,0.0132735
0.9,0.02,0.0159715
0.9,0.03,0.0168168
0.9,0.04,0.0194341
0.9,0.05,0.0218915
0.9,0.06,0.0215039
0.9,0.07,0.0214263
0.9,0.08,0.0217034
0.9,0.09,0.0218563
0.9,0.1,0.0247868
0.9,0.11,0.0238594
0.9,0.12,0.0245624
0.9,0.13,0.0242312
0.9,0.14,0.0241634
0.9,0.15,0.0259399
0.9,0.16,0.0245814
0.9,0.17,0.0230238
0.9,0.18,0.0252078
0.9,0.19,0.0232877
0.9,0.2,0.0229369
0.9,0.21,0.0239952
0.9,0.22,0.0241949
0.9,0.23,0.0255098
0.9,0.24,0.0264122
0.9,0.25,0.0257187
0.9,0.26,0.0258248
0.9,0.27,0.0250404
0.9,0.28,0.0261488
0.9,0.29,0.0243864
0.9,0.3,0.0231253
0.9,0.31,0.0226111
0.9,0.32,0.0251605
0.9,0.33,0.025181
0.9,0.34,0.0266019
0.9,0.35,0.0234272
0.9,0.36,0.0247251
0.9,0.37,0.0242246
0.9,0.38,0.024112
0.9,0.39,0.0247337
0.9,0.4,0.0249223
0.9,0.41,0.0250096
0.9,0.42,0.0224441
0.9,0.43,0.0234894
0.9,0.44,0.0262726
0.9,0.45,0.0243099
0.9,0.46,0.0239979
0.9,0.47,0.0261441
0.9,0.48,0.0235111
0.9,0.49,0.0259384
0.9,0.5,0.0244264
0.9,0.51,0.0249784
0.9,0.52,0.0236552
0.9,0.53,0.0238443
0.9,0.54,0.0239339
0.9,0.55,0.0238559
0.9,0.56,0.0226837
0.9,0.57,0.0230541
0.9,0.58,0.0238114
0.9,0.59,0.0268832
0.9,0.6,0.0228289
0.9,0.61,0.0246715
0.9,0.62,0.0253459
0.9,0.63,0.0241071
0.9,0.64,0.0247887
0.9,0.65,0.0253228
0.9,0.66,0.0232288
0.9,0.67,0.0253412
0.9,0.68,0.0251175
0.9,0.69,0.0233471
0.9,0.7,0.0246975
0.9,0.71,0.0252215
0.9,0.72,0.0263645
0.9,0.73,0.0242075
0.9,0.74,0.0253446
0.9,0.75,0.0248929
0.9,0.76,0.023628
0.9,0.77,0.0246863
0.9,0.78,0.0245484
0.9,0.79,0.0229212
0.9,0.8,0.0240639
0.9,0.81,0.0250663
0.9,0.82,0.0240172
0.9,0.83,0.024916
0.9,0.84,0.0240634
0.9,0.85,0.0236681
0.9,0.86,0.022713
0.9,0.87,0.0248466
0.9,0.88,0.0239068
0.9,0.89,0.022385
0.9,0.9,0.024301
0.9,0.91,0.0245431
0.9,0.92,0.0250218
0.9,0.93,0.0246561
0.9,0.94,0.0235636
0.9,0.95,0.0251237
0.9,0.96,0.02516
0.9,0.97,0.0233232
0.9,0.98,0.0217652
0.9,0.99,0.0209186
0.9,1,0.0197168
0.9,1.01,0.0183506
0.9,1.02,0.0165677
0.9,1.03,0.0145401
0.9,1.04,0.01248
0.91,0,0.0127851
0.91,0.01,0.0143669
0.91,0.02,0.0149673
0.91,0.03,0.0167531
0.91,0.04,0.0169827
0.91,0.05,0.018762
0.91,0.06,0.0208658
0.91,0.07,0.022249
0.91,0.08,0.0242005
0.91,0.09,0.0231399
0.91,0.1,0.0232839
0.91,0.11,0.0246061
0.91,0.12,0.0249781
0.91,0.13,0.0248333
0.91,0.14,0.0245225
0.91,0.15,0.0237907
0.91,0.16,0.0243094
0.91,0.17,0.0225891
0.91,0.18,0.0236394
0.91,0.19,0.0239642
0.91,0.2,0.0246997
0.91,0.21,0.023074
0.91,0.22,0.0237751
0.91,0.23,0.0229
0.91,0.24,0.024306
0.91,0.25,0.0254644
0.91,0.26,0.0235621
0.91,0.27,0.022596
0.91,0.28,0.0252515
0.91,0.29,0.0238165
0.91,0.3,0.0238464
0.91,0.31,0.0265284
0.91,0.32,0.0238243
0.91,0.33,0.0247008
0.91,0.34,0.0234331
0.91,0.35,0.025259
0.91,0.36,0.0248206
0.91,0.37,0.023088
0.91,0.38,0.0232475
0.91,0.39,0.0237224
0.91,0.4,0.023176
0.91,0.41,0.0235127
0.91,0.42,0.0234011
0.91,0.43,0.0255609
0.91,0.44,0.0236353
0.91,0.45,0.0241342
0.91,0.46,0.0234737
0.91,0.47,0.0252927
0.91,0.48,0.023895
0.91,0.49,0.0255724
0.91,0.5,0.0248288
0.91,0.51,0.0224606
0.91,0.52,0.0228649
0.91,0.53,0.0237717
0.91,0.54,0.0248056
0.91,0.55,0.0230667
0.91,0.56,0.0242973
0.91,0.57,0.0237574
0.91,0.58,0.0235964
0.91,0.59,0.0262092
0.91,0.6,0.0254363
0.91,0.61,0.0244637
0.91,0.62,0.0248868
0.91,0.63,0.0238275
0.91,0.64,0.0226759
0.91,0.65,0.0240143
0.91,0.66,0.0230058
0.91,0.67,0.0251183
0.91,0.68,0.0236973
0.91,0.69,0.0244261
0.91,0.7,0.0239748
0.91,0.71,0.0231829
0.91,0.72,0.0248817
0.91,0.73,0.0235843
0.91,0.74,0.0240918
0.91,0.75,0.024238
0.91,0.76,0.0243102
0.91,0.77,0.0270401
0.91,0.78,0.0233471
0.91,0.79,0.0245638
0.91,0.8,0.0246546
0.91,0.81,0.0236891
0.91,0.82,0.0253145
0.91,0.83,0.0238636
0.91,0.84,0.0231624
0.91,0.85,0.0240256
0.91,0.86,0.023978
0.91,0.87,0.0238104
0.91,0.88,0.0242156
0.91,0.89,0.0242788
0.91,0.9,0.0230979
0.91,0.91,0.0233315
0.91,0.92,0.0235428
0.91,0.93,0.0244772
0.91,0.94,0.0234294
0.91,0.95,0.0238823
0.91,0.96,0.0220986
0.91,0.97,0.0237206
0.91,0.98,0.0212082
0.91,0.99,0.0200576
0.91,1,0.0204267
0.91,1.01,0.0165397
0.91,1.02,0.0159462
0.91,1.03,0.0134482
0.91,1.04,0.0125113
0.92,0,0.0114977
0.92,0.01,0.0128642
0.92,0.02,0.0151113
0.92,0.03,0.0163171
0.92,0.04,0.0180105
0.92,0.05,0.0219885
0.92,0.06,0.0217572
0.92,0.07,0.0225252
0.92,0.08,0.0228974
0.92,0.09,0.0229052
0.92,0.1,0.0241214
0.92,0.11,0.0238901
0.92,0.12,0.0237056
0.92,0.13,0.0258906
0.92,0.14,0.0231656
0.92,0.15,0.0243307
0.92,0.16,0.0237023
0.92,0.17,0.0237531
0.92,0.18,0.0237282
0.92,0.19,0.0258986
0.92,0.2,0.0229056
0.92,0.21,0.025178
0.92,0.22,0.0245149
0.92,0.23,0.0246356
0.92,0.24,0.0247185
0.92,0.25,0.0226704
0.92,0.26,0.0240947
0.92,0.27,0.0242729
0.92,0.28,0.0239107
0.92,0.29,0.0257393
0.92,0.3,0.0231611
0.92,0.31,0.0234515
0.92,0.32,0.0235053
0.92,0.33,0.0237704
0.92,0.34,0.0243508
0.92,0.35,0.0236736
0.92,0.36,0.0234387
0.92,0.37,0.0238
0.92,0.38,0.0231333
0.92,0.39,0.0223555
0.92,0.4,0.0244925
0.92,0.41,0.0249207
0.92,0.42,0.0250475
0.92,0.43,0.0244643
0.92,0.44,0.0233354
0.92,0.45,0.0261242
0.92,0.46,0.0245391
0.92,0.47,0.0240266
0.92,0.48,0.0231672
0.92,0.49,0.0232645
0.92,0.5,0.0237408
0.92,0.51,0.0230349
0.92,0.52,0.0216574
0.92,0.53,0.0224181
0.92,0.54,0.0245598
0.92,0.55,0.0235435
0.92,0.56,0.0239373
0.92,0.57,0.0235085
0.92,0.58,0.0231145
0.92,0.59,0.0243613
0.92,0.6,0.0241908
0.92,0.61,0.0241692
0.92,0.62,0.0236721
0.92,0.63,0.0239515
0.92,0.64,0.0234907
0.92,0.65,0.0213914
0.92,0.66,0.0239728
0.92,0.67,0.0238846
0.92,0.68,0.0225873
0.92,0.69,0.0237337
0.92,0.7,0.023086
0.92,0.71,0.022739
0.92,0.72,0.0235997
0.92,0.73,0.0222633
0.92,0.74,0.0246244
0.92,0.75,0.0258535
0.92,0.76,0.0223557
0.92,0.77,0.024103
0.92,0.78,0.0233036
0.92,0.79,0.023872
0.92,0.8,0.0242794
0.92,0.81,0.0239758
0.92,0.82,0.0254017
0.92,0.83,0.0252869
0.92,0.84,0.0225322
0.92,0.85,0.0256866
0.92,0.86,0.0247995
0.92,0.87,0.0228621
0.92,0.88,0.0241176
0.92,0.89,0.0229885
0.92,0.9,0.0235503
0.92,0.91,0.0259476
0.92,0.92,0.0244308
0.92,0.93,0.0221744
0.92,0.94,0.0227361
0.92,0.95,0.0227169
0.92,0.96,0.0241759
0.92,0.97,0.0223394
0.92,0.98,0.0208127
0.92,0.99,0.0187713
0.92,1,0.018805
0.92,1.01,0.0192689
0.92,1.02,0.0156819
0.92,1.03,0.0149668
0.92,1.04,0.0125383
0.93,0,0.0107191
0.93,0.01,0.0126496
0.93,0.02,0.0143657
0.93,0.03,0.015828
0.93,0.04,0.018538
0.93,0.05,0.0183825
0.93,0.06,0.0190428
0.93,0.07,0.0234517
0.93,0.08,0.0203646
0.93,0.09,0.0220358
0.93,0.1,0.021585
0.93,0.11,0.0226065
0.93,0.12,0.0251842
0.93,0.13,0.0225589
0.93,0.14,0.0233098
0.93,0.15,0.0229372
0.93,0.16,0.0219383
0.93,0.17,0.0231104
0.93,0.18,0.0234283
0.93,0.19,0.022671
0.93,0.2,0.0226164
0.93,0.21,0.0222896
0.93,0.22,0.0230582
0.93,0.23,0.0234081
0.93,0.24,0.0228248
0.93,0.25,0.0247499
0.93,0.26,0.023041
0.93,0.27,0.0234887
0.93,0.28,0.0238904
0.93,0.29,0.0242315
0.93,0.3,0.0221681
0.93,0.31,0.0238162
0.93,0.32,0.0203398
0.93,0.33,0.0238271
0.93,0.34,0.0245344
0.93,0.35,0.0229525
0.93,0.36,0.0235325
0.93,0.37,0.0213732
0.93,0.38,0.0233558
0.93,0.39,0.0218843
0.93,0.4,0.0212252
0.93,0.41,0.0226715
0.93,0.42,0.0236105
0.93,0.43,0.0231697
0.93,0.44,0.0226374
0.93,0.45,0.0230694
0.93,0.46,0.022768
0.93,0.47,0.0221798
0.93,0.48,0.0242636
0.93,0.49,0.0231982
0.93,0.5,0.0233724
0.93,0.51,0.0230724
0.93,0.52,0.0233719
0.93,0.53,0.0223103
0.93,0.54,0.0207547
0.93,0.55,0.0217756
0.93,0.56,0.0230543
0.93,0.57,0.0225329
0.93,0.58,0.0224496
0.93,0.59,0.0224058
0.93,0.6,0.0241361
0.93,0.61,0.0232496
0.93,0.62,0.0228931
0.93,0.63,0.0231589
0.93,0.64,0.022627
0.93,0.65,0.0239123
0.93,0.66,0.0219075
0.93,0.67,0.0239797
0.93,0.68,0.0230242
0.93,0.69,0.0228481
0.93,0.7,0.0235718
0.93,0.71,0.0218314
0.93,0.72,0.0221344
0.93,0.73,0.0211562
0.93,0.74,0.0241948
0.93,0.75,0.0231297
0.93,0.76,0.0229897
0.93,0.77,0.0238146
0.93,0.78,0.0226074
0.93,0.79,0.0217022
0.93,0.8,0.0241485
0.93,0.81,0.0236659
0.93,0.82,0.0224007
0.93,0.83,0.0210104
0.93,0.84,0.0230171
0.93,0.85,0.02376
0.93,0.86,0.0224874
0.93,0.87,0.0215906
0.93,0.88,0.0205353
0.93,0.89,0.0236275
0.93,0.9,0.0224442
0.93,0.91,0.0226436
0.93,0.92,0.0241209
0.93,0.93,0.0231302
0.93,0.94,0.0202118
0.93,0.95,0.0226238
0.93,0.96,0.0218717
0.93,0.97,0.0223961
0.93,0.98,0.0206713
0.93,0.99,0.0181272
0.93,1,0.0183445
0.93,1.01,0.0158436
0.93,1.02,0.014569
0.93,1.03,0.0143596
0.93,1.04,0.0122967
0.94,0,0.0109097
0.94,0.01,0.0125162
0.94,0.02,0.0138129
0.94,0.03,0.0163695
0.94,0.04,0.0170063
0.94,0.05,0.0172985
0.94,0.06,0.0188929
0.94,0.07,0.0210421
0.94,0.08,0.0198825
0.94,0.09,0.0197521
0.94,0.1,0.0219747
0.94,0.11,0.0216609
0.94,0.12,0.0228566
0.94,0.13,0.0211574
0.94,0.14,0.0216015
0.94,0.15,0.0207985
0.94,0.16,0.0217183
0.94,0.17,0.0212701
0.94,0.18,0.0219271
0.94,0.19,0.0214566
0.94,0.2,0.023267
0.94,0.21,0.0237401
0.94,0.22,0.0209558
0.94,0.23,0.0209842
0.94,0.24,0.0209387
0.94,0.25,0.0210478
0.94,0.26,0.0217294
0.94,0.27,0.0236874
0.94,0.28,0.0224986
0.94,0.29,0.0223452
0.94,0.3,0.022385
0.94,0.31,0.0225166
0.94,0.32,0.0229426
0.94,0.33,0.0233593
0.94,0.34,0.0223125
0.94,0.35,0.0213765
0.94,0.36,0.0203223
0.94,0.37,0.0224253
0.94,0.38,0.0230397
0.94,0.39,0.0218347
0.94,0.4,0.0205049
0.94,0.41,0.0213075
0.94,0.42,0.021938
0.94,0.43,0.0208835
0.94,0.44,0.0219125
0.94,0.45,0.0218385
0.94,0.46,0.0216347
0.94,0.47,0.0218931
0.94,0.48,0.020384
0.94,0.49,0.0211591
0.94,0.5,0.0222927
0.94,0.51,0.0222781
0.94,0.52,0.0196509
0.94,0.53,0.0224851
0.94,0.54,0.0200775
0.94,0.55,0.0216125
0.94,0.56,0.0231005
0.94,0.57,0.0236739
0.94,0.58,0.0209082
0.94,0.59,0.0210389
0.94,0.6,0.0231105
0.94,0.61,0.0223059
0.94,0.62,0.0223158
0.94,0.63,0.0227595
0.94,0.64,0.0231024
0.94,0.65,0.0216365
0.94,0.66,0.0216894
0.94,0.67,0.0225141
0.94,0.68,0.023301
0.94,0.69,0.0226215
0.94,0.7,0.022903
0.94,0.71,0.0213082
0.94,0.72,0.0231253
0.94,0.73,0.0230528
0.94,0.74,0.0205115
0.94,0.75,0.0224354
0.94,0.76,0.0208236
0.94,0.77,0.0215983
0.94,0.78,0.0228898
0.94,0.79,0.0223496
0.94,0.8,0.0217357
0.94,0.81,0.0218808
0.94,0.82,0.0239004
0.94,0.83,0.0231121
0.94,0.84,0.0211166
0.94,0.85,0.0233279
0.94,0.86,0.0212246
0.94,0.87,0.0231782
0.94,0.88,0.0215614
0.94,0.89,0.0225712
0.94,0.9,0.0219923
0.94,0.91,0.0219834
0.94,0.92,0.0211236
0.94,0.93,0.0210033
0.94,0.94,0.0228877
0.94,0.95,0.0233832
0.94,0.96,0.0203036
0.94,0.97,0.0236194
0.94,0.98,0.021038
0.94,0.99,0.0186322
0.94,1,0.0188331
0.94,1.01,0.0175035
0.94,1.02,0.014783
0.94,1.03,0.0122333
0.94,1.04,0.0118536
0.95,0,0.0094533
0.95,0.01,0.0114522
0.95,0.02,0.0130538
0.95,0.03,0.0125426
0.95,0.04,0.0154637
0.95,0.05,0.0170617
0.95,0.06,0.0171905
0.95,0.07,0.0192844
0.95,0.08,0.0199665
0.95,0.09,0.0201158
0.95,0.1,0.019906
0.95,0.11,0.0200459
0.95,0.12,0.0219265
0.95,0.13,0.020971
0.95,0.14,0.0199071
0.95,0.15,0.0216175
0.95,0.16,0.0193393
0.95,0.17,0.0216147
0.95,0.18,0.0210688
0.95,0.19,0.0202768
0.95,0.2,0.022187
0.95,0.21,0.0210267
0.95,0.22,0.0208272
0.95,0.23,0.0203598
0.95,0.24,0.0211366
0.95,0.25,0.0221487
0.95,0.26,0.0218322
0.95,0.27,0.0213492
0.95,0.28,0.0215858
0.95,0.29,0.0198407
0.95,0.3,0.0206439
0.95,0.31,0.0214643
0.95,0.32,0.0198366
0.95,0.33,0.0207024
0.95,0.34,0.0196559
0.95,0.35,0.0204116
0.95,0.36,0.0201551
0.95,0.37,0.0188118
0.95,0.38,0.0204192
0.95,0.39,0.0190202
0.95,0.4,0.020969
0.95,0.41,0.0207524
0.95,0.42,0.0218688
0.95,0.43,0.0204252
0.95,0.44,0.0207262
0.95,0.45,0.0202351
0.95,0.46,0.0211174
0.95,0.47,0.0213434
0.95,0.48,0.0210531
0.95,0.49,0.0212899
0.95,0.5,0.021259
0.95,0.51,0.0213759
0.95,0.52,0.0202297
0.95,0.53,0.0191684
0.95,0.54,0.0210157
0.95,0.55,0.0219433
0.95,0.56,0.0196646
0.95,0.57,0.020274
0.95,0.58,0.0210796
0.95,0.59,0.019034
0.95,0.6,0.0200918
0.95,0.61,0.0196658
0.95,0.62,0.0208534
0.95,0.63,0.0201727
0.95,0.64,0.0206187
0.95,0.65,0.0191613
0.95,0.66,0.0206971
0.95,0.67,0.020191
0.95,0.68,0.0198486
0.95,0.69,0.0230468
0.95,0.7,0.0217271
0.95,0.71,0.0200732
0.95,0.72,0.0203209
0.95,0.73,0.0205151
0.95,0.74,0.0206262
0.95,0.75,0.0206392
0.95,0.76,0.0201991
0.95,0.77,0.0201935
0.95,0.78,0.0194697
0.95,0.79,0.0193312
0.95,0.8,0.0207612
0.95,0.81,0.022888
0.95,0.82,0.021799
0.95,0.83,0.0210182
0.95,0.84,0.0220527
0.95,0.85,0.0210275
0.95,0.86,0.0213759
0.95,0.87,0.0210842
0.95,0.88,0.0194022
0.95,0.89,0.0192584
0.95,0.9,0.0222403
0.95,0.91,0.0206738
0.95,0.92,0.0216944
0.95,0.93,0.0218725
0.95,0.94,0.0215542
0.95,0.95,0.0210059
0.95,0.96,0.0215149
0.95,0.97,0.0188906
0.95,0.98,0.0195384
0.95,0.99,0.016496
0.95,1,0.0177952
0.95,1.01,0.0148032
0.95,1.02,0.0167543
0.95,1.03,0.0121519
0.95,1.04,0.0105887
0.96,0,0.0107253
0.96,0.01,0.0111675
0.96,0.02,0.013286
0.96,0.03,0.0137705
0.96,0.04,0.0132867
0.96,0.05,0.0155827
0.96,0.06,0.0163902
0.96,0.07,0.0184215
0.96,0.08,0.0179432
0.96,0.09,0.0197755
0.96,0.1,0.0199233
0.96,0.11,0.0202139
0.96,0.12,0.0183142
0.96,0.13,0.0191351
0.96,0.14,0.0193159
0.96,0.15,0.0219772
0.96,0.16,0.0187906
0.96,0.17,0.0202367
0.96,0.18,0.01935
0.96,0.19,0.0187581
0.96,0.2,0.0190793
0.96,0.21,0.0180917
0.96,0.22,0.0187522
0.96,0.23,0.0177224
0.96,0.24,0.0187171
0.96,0.25,0.016515
0.96,0.26,0.0206446
0.96,0.27,0.0189967
0.96,0.28,0.020036
0.96,0.29,0.0192203
0.96,0.3,0.0189952
0.96,0.31,0.0186236
0.96,0.32,0.0198902
0.96,0.33,0.0194616
0.96,0.34,0.0184506
0.96,0.35,0.0201662
0.96,0.36,0.020321
0.96,0.37,0.0182776
0.96,0.38,0.0196712
0.96,0.39,0.019593
0.96,0.4,0.0193638
0.96,0.41,0.0182118
0.96,0.42,0.0172034
0.96,0.43,0.0193764
0.96,0.44,0.0183392
0.96,0.45,0.0198683
0.96,0.46,0.0189675
0.96,0.47,0.0206037
0.96,0.48,0.0181136
0.96,0.49,0.0174578
0.96,0.5,0.0201992
0.96,0.51,0.0194834
0.96,0.52,0.0189813
0.96,0.53,0.0198451
0.96,0.54,0.0199981
0.96,0.55,0.017625
0.96,0.56,0.017833
0.96,0.57,0.0193887
0.96,0.58,0.0203756
0.96,0.59,0.0191983
0.96,0.6,0.0192777
0.96,0.61,0.0179268
0.96,0.62,0.0189584
0.96,0.63,0.0190543
0.96,0.64,0.019542
0.96,0.65,0.0175657
0.96,0.66,0.0203008
0.96,0.67,0.0199093
0.96,0.68,0.0187954
0.96,0.69,0.0160908
0.96,0.7,0.0184744
0.96,0.71,0.0175424
0.96,0.72,0.0189878
0.96,0.73,0.0183434
0.96,0.74,0.0194624
0.96,0.75,0.0184032
0.96,0.76,0.0176026
0.96,0.77,0.0201502
0.96,0.78,0.0191447
0.96,0.79,0.0190417
0.96,0.8,0.0178514
0.96,0.81,0.0194616
0.96,0.82,0.0187141
0.96,0.83,0.0181931
0.96,0.84,0.0190823
0.96,0.85,0.0186195
0.96,0.86,0.0184407
0.96,0.87,0.0185917
0.96,0.88,0.0198486
0.96,0.89,0.0187063
0.96,0.9,0.0177714
0.96,0.91,0.0172163
0.96,0.92,0.018053
0.96,0.93,0.0202679
0.96,0.94,0.0191338
0.96,0.95,0.0189775
0.96,0.96,0.0178138
0.96,0.97,0.0178408
0.96,0.98,0.0160871
0.96,0.99,0.0173732
0.96,1,0.0142171
0.96,1.01,0.0146993
0.96,1.02,0.0130196
0.96,1.03,0.0113571
0.96,1.04,0.00983692
0.97,0,0.00923001
0.97,0.01,0.00902171
0.97,0.02,0.0114867
0.97,0.03,0.0109846
0.97,0.04,0.0127531
0.97,0.05,0.0143802
0.97,0.06,0.0145703
0.97,0.07,0.0161905
0.97,0.08,0.0160022
0.97,0.09,0.0168627
0.97,0.1,0.015779
0.97,0.11,0.0180507
0.97,0.12,0.0173252
0.97,0.13,0.0161819
0.97,0.14,0.0185882
0.97,0.15,0.0183201
0.97,0.16,0.0162793
0.97,0.17,0.018739
0.97,0.18,0.0166823
0.97,0.19,0.0162171
0.97,0.2,0.0181306
0.97,0.21,0.0175538
0.97,0.22,0.0172417
0.97,0.23,0.0173448
0.97,0.24,0.0170757
0.97,0.25,0.0170483
0.97,0.26,0.0186977
0.97,0.27,0.0175946
0.97,0.28,0.0166924
0.97,0.29,0.0192755
0.97,0.3,0.0181532
0.97,0.31,0.0176295
0.97,0.32,0.0180625
0.97,0.33,0.0173381
0.97,0.34,0.0172808
0.97,0.35,0.0185807
0.97,0.36,0.0163511
0.97,0.37,0.0155632
0.97,0.38,0.0174533
0.97,0.39,0.0183459
0.97,0.4,0.0173143
0.97,0.41,0.0188211
0.97,0.42,0.0174331
0.97,0.43,0.0173054
0.97,0.44,0.0178326
0.97,0.45,0.0169426
0.97,0.46,0.0167939
0.97,0.47,0.0174987
0.97,0.48,0.0176643
0.97,0.49,0.0177372
0.97,0.5,0.0186189
0.97,0.51,0.0163405
0.97,0.52,0.0177681
0.97,0.53,0.0163833
0.97,0.54,0.0186328
0.97,0.55,0.0167923
0.97,0.56,0.0186169
0.97,0.57,0.017776
0.97,0.58,0.0170273
0.97,0.59,0.0175811
0.97,0.6,0.0170503
0.97,0.61,0.0180907
0.97,0.62,0.0165367
0.97,0.63,0.0163703
0.97,0.64,0.0181599
0.97,0.65,0.018092
0.97,0.66,0.0156039
0.97,0.67,0.0169646
0.97,0.68,0.0176017
0.97,0.69,0.0179788
0.97,0.7,0.0183807
0.97,0.71,0.0161075
0.97,0.72,0.0168932
0.97,0.73,0.017641
0.97,0.74,0.015948
0.97,0.75,0.0184976
0.97,0.76,0.0169784
0.97,0.77,0.0186597
0.97,0.78,0.018213
0.97,0.79,0.0182062
0.97,0.8,0.0162705
0.97,0.81,0.0191586
0.97,0.82,0.0164389
0.97,0.83,0.0177236
0.97,0.84,0.0179222
0.97,0.85,0.0169346
0.97,0.86,0.0161314
0.97,0.87,0.0174841
0.97,0.88,0.0168098
0.97,0.89,0.0173534
0.97,0.9,0.0167871
0.97,0.91,0.0170166
0.97,0.92,0.0165639
0.97,0.93,0.0179961
0.97,0.94,0.0172267
0.97,0.95,0.019548
0.97,0.96,0.0146653
0.97,0.97,0.01694
0.97,0.98,0.015906
0.97,0.99,0.0147019
0.97,1,0.0127175
0.97,1.01,0.0129212
0.97,1.02,0.0118517
0.97,1.03,0.0110612
0.97,1.04,0.0103656
0.98,0,0.00752836
0.98,0.01,0.00819563
0.98,0.02,0.00864672
0.98,0.03,0.0110877
0.98,0.04,0.0111737
0.98,0.05,0.0120655
0.98,0.06,0.0125
0.98,0.07,0.0137784
0.98,0.08,0.0143475
0.98,0.09,0.0141668
0.98,0.1,0.0152662
0.98,0.11,0.0163594
0.98,0.12,0.017706
0.98,0.13,0.016344
0.98,0.14,0.0163994
0.98,0.15,0.0147989
0.98,0.16,0.0154786
0.98,0.17,0.0149456
0.98,0.18,0.0149694
0.98,0.19,0.0158694
0.98,0.2,0.0145805
0.98,0.21,0.0148737
0.98,0.22,0.0165201
0.98,0.23,0.0168543
0.98,0.24,0.0167588
0.98,0.25,0.0163194
0.98,0.26,0.0151733
0.98,0.27,0.0155959
0.98,0.28,0.0152367
0.98,0.29,0.0161023
0.98,0.3,0.0142085
0.98,0.31,0.0158223
0.98,0.32,0.0150758
0.98,0.33,0.0160202
0.98,0.34,0.0144924
0.98,0.35,0.0149716
0.98,0.36,0.0132563
0.98,0.37,0.015952
0.98,0.38,0.0160004
0.98,0.39,0.0160385
0.98,0.4,0.0150995
0.98,0.41,0.0147981
0.98,0.42,0.0165395
0.98,0.43,0.0146231
0.98,0.44,0.0158949
0.98,0.45,0.016404
0.98,0.46,0.015407
0.98,0.47,0.0151776
0.98,0.48,0.0161662
0.98,0.49,0.0148818
0.98,0.5,0.0144383
0.98,0.51,0.0152774
0.98,0.52,0.0138438
0.98,0.53,0.0157606
0.98,0.54,0.0149282
0.98,0.55,0.015548
0.98,0.56,0.014971
0.98,0.57,0.015284
0.98,0.58,0.0157958
0.98,0.59,0.0153213
0.98,0.6,0.0162264
0.98,0.61,0.0163109
0.98,0.62,0.0148929
0.98,0.63,0.0148986
0.98,0.64,0.016425
0.98,0.65,0.0166815
0.98,0.66,0.0154614
0.98,0.67,0.0168757
0.98,0.68,0.0168522
0.98,0.69,0.0158714
0.98,0.7,0.0154945
0.98,0.71,0.0165961
0.98,0.72,0.0153223
0.98,0.73,0.0152158
0.98,0.74,0.0152616
0.98,0.75,0.0152205
0.98,0.76,0.0152867
0.98,0.77,0.013934
0.98,0.78,0.0149585
0.98,0.79,0.0155473
0.98,0.8,0.0145329
0.98,0.81,0.0151102
0.98,0.82,0.0162211
0.98,0.83,0.016735
0.98,0.84,0.0146528
0.98,0.85,0.0150341
0.98,0.86,0.0144656
0.98,0.87,0.0152633
0.98,0.88,0.0159407
0.98,0.89,0.0161832
0.98,0.9,0.0163741
0.98,0.91,0.0153525
0.98,0.92,0.0158968
0.98,0.93,0.016054
0.98,0.94,0.0143398
0.98,0.95,0.0141393
0.98,0.96,0.0154352
0.98,0.97,0.0151763
0.98,0.98,0.0141201
0.98,0.99,0.0125992
0.98,1,0.0125383
0.98,1.01,0.0103376
0.98,1.02,0.0105525
0.98,1.03,0.00855733
0.98,1.04,0.00798083
0.99,0,0.00741277
0.99,0.01,0.00785817
0.99,0.02,0.00816403
0.99,0.03,0.00967305
0.99,0.04,0.0111949
0.99,0.05,0.011081
0.99,0.06,0.0109535
0.99,0.07,0.0124472
0.99,0.08,0.0119703
0.99,0.09,0.0132509
0.99,0.1,0.0129075
0.99,0.11,0.0132711
0.99,0.12,0.013716
0.99,0.13,0.0124878
0.99,0.14,0.0140333
0.99,0.15,0.0121716
0.99,0.16,0.0139094
0.99,0.17,0.0133395
0.99,0.18,0.0133896
0.99,0.19,0.0141177
0.99,0.2,0.0145384
0.99,0.21,0.0144993
0.99,0.22,0.0142031
0.99,0.23,0.0134952
0.99,0.24,0.0136493
0.99,0.25,0.0133162
0.99,0.26,0.0139476
0.99,0.27,0.0131561
0.99,0.28,0.0131939
0.99,0.29,0.0139301
0.99,0.3,0.0137404
0.99,0.31,0.0135781
0.99,0.32,0.0143362
0.99,0.33,0.0126917
0.99,0.34,0.0122469
0.99,0.35,0.014513
0.99,0.36,0.0135099
0.99,0.37,0.0147311
0.99,0.38,0.0139113
0.99,0.39,0.0143803
0.99,0.4,0.0145845
0.99,0.41,0.0134884
0.99,0.42,0.013287
0.99,0.43,0.0144122
0.99,0.44,0.0132864
0.99,0.45,0.0138933
0.99,0.46,0.0135727
0.99,0.47,0.0138165
0.99,0.48,0.01439
0.99,0.49,0.0134219
0.99,0.5,0.0132315
0.99,0.51,0.0128055
0.99,0.52,0.0130901
0.99,0.53,0.0137618
0.99,0.54,0.0127174
0.99,0.55,0.0138226
0.99,0.56,0.0141415
0.99,0.57,0.013645
0.99,0.58,0.0142277
0.99,0.59,0.0128193
0.99,0.6,0.0142672
0.99,0.61,0.0141638
0.99,0.62,0.0136959
0.99,0.63,0.0141382
0.99,0.64,0.0150836
0.99,0.65,0.0124339
0.99,0.66,0.0128069
0.99,0.67,0.0134473
0.99,0.68,0.0133457
0.99,0.69,0.0125604
0.99,0.7,0.0129057
0.99,0.71,0.0131878
0.99,0.72,0.0139267
0.99,0.73,0.0120431
0.99,0.74,0.0133706
0.99,0.75,0.0132848
0.99,0.76,0.0138898
0.99,0.77,0.0144411
0.99,0.78,0.0137456
0.99,0.79,0.0136689
0.99,0.8,0.0143125
0.99,0.81,0.0138764
0.99,0.82,0.0135769
0.99,0.83,0.0133548
0.99,0.84,0.0133027
0.99,0.85,0.0136307
0.99,0.86,0.0158494
0.99,0.87,0.0132853
0.99,0.88,0.0144859
0.99,0.89,0.014999
0.99,0.9,0.0137542
0.99,0.91,0.013639
0.99,0.92,0.0135246
0.99,0.93,0.0139737
0.99,0.94,0.0145688
0.99,0.95,0.0133706
0.99,0.96,0.0124835
0.99,0.97,0.0128033
0.99,0.98,0.0117483
0.99,0.99,0.0115
0.99,1,0.0113944
0.99,1.01,0.0109665
0.99,1.02,0.00944262
0.99,1.03,0.00862017
0.99,1.04,0.00831538
