x,y,mass
0,0,0.0129357
0,0.01,0.0137662
0,0.02,0.0144126
0,0.03,0.0155757
0,0.04,0.0164329
0,0.05,0.0172412
0,0.06,0.0180651
0,0.07,0.0195757
0,0.08,0.0201933
0,0.09,0.0211347
0,0.1,0.0218973
0,0.11,0.0225243
0,0.12,0.0232896
0,0.13,0.0234375
0,0.14,0.0240113
0,0.15,0.0245753
0,0.16,0.025064
0,0.17,0.024914
0,0.18,0.025355
0,0.19,0.0255514
0,0.2,0.0257937
0,0.21,0.0257681
0,0.22,0.0259373
0,0.23,0.0256063
0,0.24,0.0256728
0,0.25,0.0258201
0,0.26,0.0254102
0,0.27,0.0257642
0,0.28,0.0257282
0,0.29,0.0257584
0,0.3,0.0259884
0,0.31,0.0257501
0,0.32,0.0259106
0,0.33,0.0258215
0,0.34,0.0257748
0,0.35,0.02602
0,0.36,0.0256356
0,0.37,0.0258583
0,0.38,0.0259939
0,0.39,0.0258123
0,0.4,0.0257894
0,0.41,0.0257668
0,0.42,0.0260231
0,0.43,0.0261167
0,0.44,0.0260378
0,0.45,0.0257093
0,0.46,0.0260943
0,0.47,0.0258866
0,0.48,0.025919
0,0.49,0.025806
0,0.5,0.0258733
0,0.51,0.0257773
0,0.52,0.0257657
0,0.53,0.0259768
0,0.54,0.0260196
0,0.55,0.0257652
0,0.56,0.0260253
0,0.57,0.0259823
0,0.58,0.0258291
0,0.59,0.0259408
0,0.6,0.0256557
0,0.61,0.0257575
0,0.62,0.0256704
0,0.63,0.0259374
0,0.64,0.0259143
0,0.65,0.0257032
0,0.66,0.0256499
0,0.67,0.0260672
0,0.68,0.0257507
0,0.69,0.0259243
0,0.7,0.0260834
0,0.71,0.0257939
0,0.72,0.0257082
0,0.73,0.0261058
0,0.74,0.0259526
0,0.75,0.0260245
0,0.76,0.0259379
0,0.77,0.0255972
0,0.78,0.0257479
0,0.79,0.025596
0,0.8,0.0257707
0,0.81,0.0253287
0,0.82,0.0254215
0,0.83,0.0253602
0,0.84,0.0247603
0,0.85,0.024598
0,0.86,0.0243245
0,0.87,0.0236518
0,0.88,0.0232422
0,0.89,0.0224289
0,0.9,0.0217849
0,0.91,0.0210539
0,0.92,0.0201125
0,0.93,0.0192777
0,0.94,0.0181508
0,0.95,0.0173624
0,0.96,0.0165309
0,0.97,0.0153201
0,0.98,0.0145525
0,0.99,0.0137253
0.01,0,0.0137095
0.01,0.01,0.0146693
0.01,0.02,0.0154924
0.01,0.03,0.0164045
0.01,0.04,0.0173094
0.01,0.05,0.0182156
0.01,0.06,0.0191871
0.01,0.07,0.0202087
0.01,0.08,0.0210872
0.01,0.09,0.022088
0.01,0.1,0.0230996
0.01,0.11,0.0237987
0.01,0.12,0.0248834
0.01,0.13,0.0252075
0.01,0.14,0.025567
0.01,0.15,0.0262764
0.01,0.16,0.0267079
0.01,0.17,0.0269572
0.01,0.18,0.0271157
0.01,0.19,0.0270402
0.01,0.2,0.0273519
0.01,0.21,0.0270945
0.01,0.22,0.0272866
0.01,0.23,0.0275111
0.01,0.24,0.02726
0.01,0.25,0.0276897
0.01,0.26,0.0275636
0.01,0.27,0.0274455
0.01,0.28,0.0275522
0.01,0.29,0.0275308
0.01,0.3,0.0273729
0.01,0.31,0.0275857
0.01,0.32,0.0277214
0.01,0.33,0.0274049
0.01,0.34,0.0272156
0.01,0.35,0.0273439
0.01,0.36,0.0275143
0.01,0.37,0.0273761
0.01,0.38,0.027478
0.01,0.39,0.0275471
0.01,0.4,0.0273322
0.01,0.41,0.0276245
0.01,0.42,0.0274068
0.01,0.43,0.0273419
0.01,0.44,0.0273852
0.01,0.45,0.0276604
0.01,0.46,0.0272998
0.01,0.47,0.0274096
0.01,0.48,0.0275065
0.01,0.49,0.0276394
0.01,0.5,0.0275561
0.01,0.51,0.0278062
0.01,0.52,0.0273806
0.01,0.53,0.027542
0.01,0.54,0.0274256
0.01,0.55,0.0274643
0.01,0.56,0.0272437
0.01,0.57,0.0276366
0.01,0.58,0.027705
0.01,0.59,0.0277378
0.01,0.6,0.0278672
0.01,0.61,0.027228
0.01,0.62,0.0276948
0.01,0.63,0.0275359
0.01,0.64,0.0273588
0.01,0.65,0.0274105
0.01,0.66,0.0273103
0.01,0.67,0.0276605
0.01,0.68,0.027388
0.01,0.69,0.0274857
0.01,0.7,0.0274477
0.01,0.71,0.0273926
0.01,0.72,0.0277779
0.01,0.73,0.0275351
0.01,0.74,0.0277344
0.01,0.75,0.0275767
0.01,0.76,0.0275274
0.01,0.77,0.0272366
0.01,0.78,0.0271241
0.01,0.79,0.0271026
0.01,0.8,0.0271515
0.01,0.81,0.0270645
0.01,0.82,0.0269158
0.01,0.83,0.0267197
0.01,0.84,0.0263816
0.01,0.85,0.0262114
0.01,0.86,0.0257431
0.01,0.87,0.024914
0.01,0.88,0.0249434
0.01,0.89,0.024273
0.01,0.9,0.0232437
0.01,0.91,0.0223083
0.01,0.92,0.0212675
0.01,0.93,0.0203655
0.01,0.94,0.0192187
0.01,0.95,0.0182294
0.01,0.96,0.0175174
0.01,0.97,0.0162228
0.01,0.98,0.0151982
0.01,0.99,0.0144261
0.02,0,0.014608
0.02,0.01,0.0153718
0.02,0.02,0.0164692
0.02,0.03,0.0173027
0.02,0.04,0.0183201
0.02,0.05,0.0192978
0.02,0.06,0.020335
0.02,0.07,0.0214293
0.02,0.08,0.022585
0.02,0.09,0.0233769
0.02,0.1,0.0247487
0.02,0.11,0.0253767
0.02,0.12,0.0265611
0.02,0.13,0.0267915
0.02,0.14,0.027062
0.02,0.15,0.0273748
0.02,0.16,0.0282251
0.02,0.17,0.0286822
0.02,0.18,0.0284987
0.02,0.19,0.028779
0.02,0.2,0.0289394
0.02,0.21,0.0290622
0.02,0.22,0.0290428
0.02,0.23,0.0291798
0.02,0.24,0.0291157
0.02,0.25,0.029063
0.02,0.26,0.0291452
0.02,0.27,0.0293718
0.02,0.28,0.0293283
0.02,0.29,0.028941
0.02,0.3,0.0291414
0.02,0.31,0.0288112
0.02,0.32,0.0291357
0.02,0.33,0.0292471
0.02,0.34,0.0292925
0.02,0.35,0.0289619
0.02,0.36,0.0291431
0.02,0.37,0.0291522
0.02,0.38,0.0292865
0.02,0.39,0.0290197
0.02,0.4,0.0293842
0.02,0.41,0.028978
0.02,0.42,0.029282
0.02,0.43,0.0291023
0.02,0.44,0.029201
0.02,0.45,0.0291904
0.02,0.46,0.0291174
0.02,0.47,0.0291013
0.02,0.48,0.029045
0.02,0.49,0.0291808
0.02,0.5,0.0292863
0.02,0.51,0.0292336
0.02,0.52,0.0291329
0.02,0.53,0.0293816
0.02,0.54,0.029379
0.02,0.55,0.0290741
0.02,0.56,0.029134
0.02,0.57,0.0292958
0.02,0.58,0.0293218
0.02,0.59,0.029255
0.02,0.6,0.0292879
0.02,0.61,0.0293007
0.02,0.62,0.0292596
0.02,0.63,0.0290216
0.02,0.64,0.0290874
0.02,0.65,0.0291979
0.02,0.66,0.0293198
0.02,0.67,0.0293932
0.02,0.68,0.0290678
0.02,0.69,0.0293242
0.02,0.7,0.0290481
0.02,0.71,0.0290663
0.02,0.72,0.0289875
0.02,0.73,0.0290964
0.02,0.74,0.0289609
0.02,0.75,0.0291307
0.02,0.76,0.0289788
0.02,0.77,0.0294111
0.02,0.78,0.029093
0.02,0.79,0.0291746
0.02,0.8,0.0290832
0.02,0.81,0.028529
0.02,0.82,0.028552
0.02,0.83,0.0285278
0.02,0.84,0.0281783
0.02,0.85,0.0278235
0.02,0.86,0.027348
0.02,0.87,0.0267725
0.02,0.88,0.0259893
0.02,0.89,0.0252283
0.02,0.9,0.0244732
0.02,0.91,0.0235784
0.02,0.92,0.0225635
0.02,0.93,0.0211375
0.02,0.94,0.0204912
0.02,0.95,0.0192365
0.02,0.96,0.01839
0.02,0.97,0.0171591
0.02,0.98,0.0159936
0.02,0.99,0.0155026
0.03,0,0.0156572
0.03,0.01,0.0162301
0.03,0.02,0.0170432
0.03,0.03,0.01831
0.03,0.04,0.0192423
0.03,0.05,0.020345
0.03,0.06,0.021499
0.03,0.07,0.0225257
0.03,0.08,0.0237174
0.03,0.09,0.0249614
0.03,0.1,0.0258902
0.03,0.11,0.0266556
0.03,0.12,0.0275154
0.03,0.13,0.0285103
0.03,0.14,0.0285976
0.03,0.15,0.0294724
0.03,0.16,0.0295776
0.03,0.17,0.0299248
0.03,0.18,0.0304123
0.03,0.19,0.0306028
0.03,0.2,0.0305231
0.03,0.21,0.0310393
0.03,0.22,0.0310061
0.03,0.23,0.0309118
0.03,0.24,0.0312044
0.03,0.25,0.0312034
0.03,0.26,0.0309159
0.03,0.27,0.0307147
0.03,0.28,0.0311057
0.03,0.29,0.030867
0.03,0.3,0.0310192
0.03,0.31,0.0309747
0.03,0.32,0.0307863
0.03,0.33,0.0311812
0.03,0.34,0.0310649
0.03,0.35,0.0312036
0.03,0.36,0.0309626
0.03,0.37,0.0309465
0.03,0.38,0.0310102
0.03,0.39,0.0312849
0.03,0.4,0.0313154
0.03,0.41,0.0310002
0.03,0.42,0.0311626
0.03,0.43,0.0308562
0.03,0.44,0.0310254
0.03,0.45,0.0309329
0.03,0.46,0.0309534
0.03,0.47,0.0309277
0.03,0.48,0.0309996
0.03,0.49,0.0309731
0.03,0.5,0.0307649
0.03,0.51,0.0308459
0.03,0.52,0.0311823
0.03,0.53,0.030773
0.03,0.54,0.0308935
0.03,0.55,0.0309133
0.03,0.56,0.0311701
0.03,0.57,0.0309731
0.03,0.58,0.0312564
0.03,0.59,0.0310944
0.03,0.6,0.0308226
0.03,0.61,0.0314276
0.03,0.62,0.0308903
0.03,0.63,0.0311548
0.03,0.64,0.0308369
0.03,0.65,0.0310985
0.03,0.66,0.0310024
0.03,0.67,0.0310923
0.03,0.68,0.0312228
0.03,0.69,0.0307663
0.03,0.7,0.0311346
0.03,0.71,0.0309128
0.03,0.72,0.0307416
0.03,0.73,0.030803
0.03,0.74,0.0308876
0.03,0.75,0.0307395
0.03,0.76,0.0308102
0.03,0.77,0.031025
0.03,0.78,0.0308011
0.03,0.79,0.0306756
0.03,0.8,0.0305975
0.03,0.81,0.0306046
0.03,0.82,0.0301967
0.03,0.83,0.030004
0.03,0.84,0.02957
0.03,0.85,0.0293356
0.03,0.86,0.0288529
0.03,0.87,0.0285219
0.03,0.88,0.0275485
0.03,0.89,0.0267003
0.03,0.9,0.0259797
0.03,0.91,0.0250491
0.03,0.92,0.0237823
0.03,0.93,0.0227419
0.03,0.94,0.0215604
0.03,0.95,0.0205008
0.03,0.96,0.0193834
0.03,0.97,0.0181938
0.03,0.98,0.0174597
0.03,0.99,0.0161099
0.04,0,0.0165515
0.04,0.01,0.017506
0.04,0.02,0.018331
0.04,0.03,0.0191186
0.04,0.04,0.020398
0.04,0.05,0.0215727
0.04,0.06,0.0228342
0.04,0.07,0.0238237
0.04,0.08,0.0252549
0.04,0.09,0.0261003
0.04,0.1,0.0274017
0.04,0.11,0.0281274
0.04,0.12,0.0295067
0.04,0.13,0.030064
0.04,0.14,0.0306577
0.04,0.15,0.0311179
0.04,0.16,0.0315136
0.04,0.17,0.0318791
0.04,0.18,0.0319985
0.04,0.19,0.0323811
0.04,0.2,0.0323932
0.04,0.21,0.0326434
0.04,0.22,0.0327397
0.04,0.23,0.0330167
0.04,0.24,0.0327302
0.04,0.25,0.0329297
0.04,0.26,0.0328262
0.04,0.27,0.0324875
0.04,0.28,0.0329243
0.04,0.29,0.032945
0.04,0.3,0.0327667
0.04,0.31,0.0327335
0.04,0.32,0.0327279
0.04,0.33,0.0328158
0.04,0.34,0.0327798
0.04,0.35,0.0330772
0.04,0.36,0.0328369
0.04,0.37,0.0328588
0.04,0.38,0.0325676
0.04,0.39,0.0327077
0.04,0.4,0.0327573
0.04,0.41,0.0327467
0.04,0.42,0.032922
0.04,0.43,0.0328259
0.04,0.44,0.0327298
0.04,0.45,0.0328597
0.04,0.46,0.0327662
0.04,0.47,0.0328049
0.04,0.48,0.0329485
0.04,0.49,0.0329647
0.04,0.5,0.0329406
0.04,0.51,0.0326609
0.04,0.52,0.0331011
0.04,0.53,0.0330409
0.04,0.54,0.0328376
0.04,0.55,0.032519
0.04,0.56,0.0328908
0.04,0.57,0.032779
0.04,0.58,0.0330005
0.04,0.59,0.032821
0.04,0.6,0.0328493
0.04,0.61,0.0329009
0.04,0.62,0.0326991
0.04,0.63,0.0329406
0.04,0.64,0.0328462
0.04,0.65,0.0328619
0.04,0.66,0.0328607
0.04,0.67,0.0326596
0.04,0.68,0.0333418
0.04,0.69,0.032484
0.04,0.7,0.032782
0.04,0.71,0.0325869
0.04,0.72,0.0329314
0.04,0.73,0.0325679
0.04,0.74,0.0327983
0.04,0.75,0.0325493
0.04,0.76,0.0326404
0.04,0.77,0.032539
0.04,0.78,0.0326147
0.04,0.79,0.0327873
0.04,0.8,0.0327214
0.04,0.81,0.032564
0.04,0.82,0.032124
0.04,0.83,0.0317251
0.04,0.84,0.0320142
0.04,0.85,0.0310999
0.04,0.86,0.0304611
0.04,0.87,0.0296534
0.04,0.88,0.0294753
0.04,0.89,0.0281291
0.04,0.9,0.0272775
0.04,0.91,0.0260504
0.04,0.92,0.0248036
0.04,0.93,0.0239365
0.04,0.94,0.0228495
0.04,0.95,0.0214961
0.04,0.96,0.020372
0.04,0.97,0.0193597
0.04,0.98,0.0180572
0.04,0.99,0.0173139
0.05,0,0.0174382
0.05,0.01,0.0180709
0.05,0.02,0.0195122
0.05,0.03,0.0206003
0.05,0.04,0.0212958
0.05,0.05,0.0228936
0.05,0.06,0.0242335
0.05,0.07,0.0255078
0.05,0.08,0.0265807
0.05,0.09,0.0278017
0.05,0.1,0.0290951
0.05,0.11,0.0298261
0.05,0.12,0.0312282
0.05,0.13,0.0316314
0.05,0.14,0.032255
0.05,0.15,0.0328218
0.05,0.16,0.0335577
0.05,0.17,0.0338196
0.05,0.18,0.0339715
0.05,0.19,0.0341055
0.05,0.2,0.0344522
0.05,0.21,0.0346857
0.05,0.22,0.0342627
0.05,0.23,0.0347625
0.05,0.24,0.0347566
0.05,0.25,0.0346307
0.05,0.26,0.0348582
0.05,0.27,0.0345264
0.05,0.28,0.0347868
0.05,0.29,0.0344542
0.05,0.3,0.0345263
0.05,0.31,0.0345871
0.05,0.32,0.0346078
0.05,0.33,0.034744
0.05,0.34,0.0347503
0.05,0.35,0.0346823
0.05,0.36,0.0347853
0.05,0.37,0.0347837
0.05,0.38,0.0346806
0.05,0.39,0.0345111
0.05,0.4,0.0346471
0.05,0.41,0.0348787
0.05,0.42,0.034567
0.05,0.43,0.0346316
0.05,0.44,0.0345517
0.05,0.45,0.0347697
0.05,0.46,0.0348843
0.05,0.47,0.0346929
0.05,0.48,0.034328
0.05,0.49,0.0348274
0.05,0.5,0.0347887
0.05,0.51,0.0349072
0.05,0.52,0.0347123
0.05,0.53,0.0351131
0.05,0.54,0.0347889
0.05,0.55,0.0346549
0.05,0.56,0.0348294
0.05,0.57,0.0345484
0.05,0.58,0.0347304
0.05,0.59,0.0347894
0.05,0.6,0.0345094
0.05,0.61,0.0346622
0.05,0.62,0.0346619
0.05,0.63,0.0346549
0.05,0.64,0.0345538
0.05,0.65,0.0348315
0.05,0.66,0.0344147
0.05,0.67,0.0346006
0.05,0.68,0.0348176
0.05,0.69,0.0346691
0.05,0.7,0.0348656
0.05,0.71,0.0348373
0.05,0.72,0.034563
0.05,0.73,0.0346105
0.05,0.74,0.0345934
0.05,0.75,0.034751
0.05,0.76,0.0344964
0.05,0.77,0.0347162
0.05,0.78,0.0346144
0.05,0.79,0.0348506
0.05,0.8,0.0343854
0.05,0.81,0.0341898
0.05,0.82,0.0339677
0.05,0.83,0.033914
0.05,0.84,0.0333861
0.05,0.85,0.0328451
0.05,0.86,0.0325092
0.05,0.87,0.0319245
0.05,0.88,0.0306852
0.05,0.89,0.0299272
0.05,0.9,0.029051
0.05,0.91,0.0278291
0.05,0.92,0.0264276
0.05,0.93,0.0250858
0.05,0.94,0.0241391
0.05,0.95,0.0227474
0.05,0.96,0.0216268
0.05,0.97,0.020349
0.05,0.98,0.0194025
0.05,0.99,0.0182102
0.06,0,0.0180638
0.06,0.01,0.0190822
0.06,0.02,0.0205847
0.06,0.03,0.0216895
0.06,0.04,0.022858
0.06,0.05,0.0240142
0.06,0.06,0.0250372
0.06,0.07,0.0264643
0.06,0.08,0.0280619
0.06,0.09,0.0292821
0.06,0.1,0.0304262
0.06,0.11,0.0314058
0.06,0.12,0.0326233
0.06,0.13,0.0331827
0.06,0.14,0.0343265
0.06,0.15,0.0344451
0.06,0.16,0.035251
0.06,0.17,0.0353461
0.06,0.18,0.0357858
0.06,0.19,0.0361811
0.06,0.2,0.0363538
0.06,0.21,0.036352
0.06,0.22,0.0365157
0.06,0.23,0.0363215
0.06,0.24,0.0364301
0.06,0.25,0.0366139
0.06,0.26,0.0366345
0.06,0.27,0.0366686
0.06,0.28,0.0363378
0.06,0.29,0.0365676
0.06,0.3,0.0367523
0.06,0.31,0.0364297
0.06,0.32,0.0367077
0.06,0.33,0.0364566
0.06,0.34,0.0367397
0.06,0.35,0.0369451
0.06,0.36,0.0367504
0.06,0.37,0.0365336
0.06,0.38,0.0367498
0.06,0.39,0.0370077
0.06,0.4,0.0362906
0.06,0.41,0.0369174
0.06,0.42,0.036602
0.06,0.43,0.0368335
0.06,0.44,0.0368507
0.06,0.45,0.0364186
0.06,0.46,0.0369196
0.06,0.47,0.0367913
0.06,0.48,0.0363586
0.06,0.49,0.0362818
0.06,0.5,0.0366618
0.06,0.51,0.0366434
0.06,0.52,0.0365412
0.06,0.53,0.0366631
0.06,0.54,0.0367301
0.06,0.55,0.0365235
0.06,0.56,0.0365409
0.06,0.57,0.0366429
0.06,0.58,0.0368553
0.06,0.59,0.036689
0.06,0.6,0.0365944
0.06,0.61,0.0364183
0.06,0.62,0.036512
0.06,0.63,0.0365268
0.06,0.64,0.0364448
0.06,0.65,0.0367284
0.06,0.66,0.0366489
0.06,0.67,0.0364164
0.06,0.68,0.0371083
0.06,0.69,0.0364164
0.06,0.7,0.0370262
0.06,0.71,0.0365236
0.06,0.72,0.0366938
0.06,0.73,0.0364003
0.06,0.74,0.0365841
0.06,0.75,0.0365827
0.06,0.76,0.0364394
0.06,0.77,0.0365482
0.06,0.78,0.0362723
0.06,0.79,0.0363054
0.06,0.8,0.0362466
0.06,0.81,0.0358259
0.06,0.82,0.0357579
0.06,0.83,0.0353952
0.06,0.84,0.0352334
0.06,0.85,0.0348219
0.06,0.86,0.0342122
0.06,0.87,0.0331834
0.06,0.88,0.0323983
0.06,0.89,0.0315813
0.06,0.9,0.0306289
0.06,0.91,0.0292239
0.06,0.92,0.0279874
0.06,0.93,0.0267136
0.06,0.94,0.0254703
0.06,0.95,0.0238702
0.06,0.96,0.022476
0.06,0.97,0.0215591
0.06,0.98,0.0203096
0.06,0.99,0.019427
0.07,0,0.0193204
0.07,0.01,0.0202945
0.07,0.02,0.0213287
0.07,0.03,0.0225962
0.07,0.04,0.023965
0.07,0.05,0.0252551
0.07,0.06,0.0265206
0.07,0.07,0.0279467
0.07,0.08,0.0298077
0.07,0.09,0.030901
0.07,0.1,0.032145
0.07,0.11,0.0329212
0.07,0.12,0.0339774
0.07,0.13,0.0352131
0.07,0.14,0.0354275
0.07,0.15,0.0367854
0.07,0.16,0.0369037
0.07,0.17,0.0373112
0.07,0.18,0.0378889
0.07,0.19,0.03765
0.07,0.2,0.0381603
0.07,0.21,0.0381411
0.07,0.22,0.038335
0.07,0.23,0.0383094
0.07,0.24,0.0383409
0.07,0.25,0.0384327
0.07,0.26,0.0387426
0.07,0.27,0.0386575
0.07,0.28,0.0384331
0.07,0.29,0.0386492
0.07,0.3,0.0387151
0.07,0.31,0.0384628
0.07,0.32,0.0382888
0.07,0.33,0.0385938
0.07,0.34,0.0384482
0.07,0.35,0.0385842
0.07,0.36,0.0381437
0.07,0.37,0.0383996
0.07,0.38,0.0387346
0.07,0.39,0.0385626
0.07,0.4,0.038429
0.07,0.41,0.0386749
0.07,0.42,0.0386739
0.07,0.43,0.0386935
0.07,0.44,0.0383269
0.07,0.45,0.038588
0.07,0.46,0.0384337
0.07,0.47,0.0386494
0.07,0.48,0.0384555
0.07,0.49,0.0383898
0.07,0.5,0.0384705
0.07,0.51,0.0383142
0.07,0.52,0.0384416
0.07,0.53,0.0383988
0.07,0.54,0.0387486
0.07,0.55,0.0382406
0.07,0.56,0.0382222
0.07,0.57,0.0384507
0.07,0.58,0.038429
0.07,0.59,0.0383766
0.07,0.6,0.038641
0.07,0.61,0.0385335
0.07,0.62,0.0386657
0.07,0.63,0.0384041
0.07,0.64,0.0385897
0.07,0.65,0.0386421
0.07,0.66,0.0384205
0.07,0.67,0.0387665
0.07,0.68,0.0381816
0.07,0.69,0.0386326
0.07,0.7,0.0386256
0.07,0.71,0.038151
0.07,0.72,0.038362
0.07,0.73,0.038252
0.07,0.74,0.038502
0.07,0.75,0.0385606
0.07,0.76,0.0384387
0.07,0.77,0.038648
0.07,0.78,0.0384396
0.07,0.79,0.0380505
0.07,0.8,0.0381006
0.07,0.81,0.03823
0.07,0.82,0.037863
0.07,0.83,0.0376535
0.07,0.84,0.0371516
0.07,0.85,0.0369426
0.07,0.86,0.0360904
0.07,0.87,0.0350794
0.07,0.88,0.0339638
0.07,0.89,0.0331227
0.07,0.9,0.0323728
0.07,0.91,0.0311399
0.07,0.92,0.0294332
0.07,0.93,0.0280222
0.07,0.94,0.0269001
0.07,0.95,0.0252929
0.07,0.96,0.0239519
0.07,0.97,0.0225918
0.07,0.98,0.0214517
0.07,0.99,0.0204142
0.08,0,0.0202245
0.08,0.01,0.0212193
0.08,0.02,0.0225065
0.08,0.03,0.0236776
0.08,0.04,0.0249213
0.08,0.05,0.0265709
0.08,0.06,0.0276194
0.08,0.07,0.0294837
0.08,0.08,0.0307677
0.08,0.09,0.0324698
0.08,0.1,0.0337242
0.08,0.11,0.0350559
0.08,0.12,0.0359752
0.08,0.13,0.0367426
0.08,0.14,0.0373874
0.08,0.15,0.0384286
0.08,0.16,0.038409
0.08,0.17,0.039061
0.08,0.18,0.0393543
0.08,0.19,0.0396248
0.08,0.2,0.0401089
0.08,0.21,0.0401967
0.08,0.22,0.0404534
0.08,0.23,0.0402894
0.08,0.24,0.0401055
0.08,0.25,0.0404761
0.08,0.26,0.0405767
0.08,0.27,0.0402264
0.08,0.28,0.0403852
0.08,0.29,0.0401674
0.08,0.3,0.040306
0.08,0.31,0.0401881
0.08,0.32,0.0400735
0.08,0.33,0.040078
0.08,0.34,0.0398383
0.08,0.35,0.040066
0.08,0.36,0.0403111
0.08,0.37,0.0402025
0.08,0.38,0.0404939
0.08,0.39,0.0404579
0.08,0.4,0.0403405
0.08,0.41,0.0403541
0.08,0.42,0.0405101
0.08,0.43,0.0403335
0.08,0.44,0.0404141
0.08,0.45,0.0401411
0.08,0.46,0.0399151
0.08,0.47,0.0404138
0.08,0.48,0.0403713
0.08,0.49,0.0407277
0.08,0.5,0.0405211
0.08,0.51,0.0401125
0.08,0.52,0.0405069
0.08,0.53,0.040055
0.08,0.54,0.040426
0.08,0.55,0.0403663
0.08,0.56,0.0402179
0.08,0.57,0.0401733
0.08,0.58,0.0404203
0.08,0.59,0.0404162
0.08,0.6,0.0403305
0.08,0.61,0.0402792
0.08,0.62,0.0401308
0.08,0.63,0.0402328
0.08,0.64,0.0404635
0.08,0.65,0.0402125
0.08,0.66,0.0402183
0.08,0.67,0.0402242
0.08,0.68,0.0403706
0.08,0.69,0.0400249
0.08,0.7,0.0403763
0.08,0.71,0.0403394
0.08,0.72,0.0404914
0.08,0.73,0.0403108
0.08,0.74,0.0401338
0.08,0.75,0.0402288
0.08,0.76,0.0404375
0.08,0.77,0.040243
0.08,0.78,0.0400054
0.08,0.79,0.0398257
0.08,0.8,0.0395896
0.08,0.81,0.0401364
0.08,0.82,0.0393011
0.08,0.83,0.0390558
0.08,0.84,0.0388314
0.08,0.85,0.038128
0.08,0.86,0.0379441
0.08,0.87,0.037083
0.08,0.88,0.0357592
0.08,0.89,0.0351443
0.08,0.9,0.0336971
0.08,0.91,0.0321503
0.08,0.92,0.0307131
0.08,0.93,0.0295352
0.08,0.94,0.0279227
0.08,0.95,0.0265391
0.08,0.96,0.0250596
0.08,0.97,0.0240564
0.08,0.98,0.0226628
0.08,0.99,0.0212863
0.09,0,0.020906
0.09,0.01,0.022218
0.09,0.02,0.0234251
0.09,0.03,0.0248089
0.09,0.04,0.0262494
0.09,0.05,0.0278809
0.09,0.06,0.0295077
0.09,0.07,0.0307559
0.09,0.08,0.0324409
0.09,0.09,0.0336347
0.09,0.1,0.035137
0.09,0.11,0.0365802
0.09,0.12,0.0375312
0.09,0.13,0.0384353
0.09,0.14,0.0393525
0.09,0.15,0.0398827
0.09,0.16,0.0404404
0.09,0.17,0.0411945
0.09,0.18,0.0411987
0.09,0.19,0.0416048
0.09,0.2,0.0419644
0.09,0.21,0.0417088
0.09,0.22,0.0417878
0.09,0.23,0.0416337
0.09,0.24,0.0419757
0.09,0.25,0.0416464
0.09,0.26,0.0420816
0.09,0.27,0.0417688
0.09,0.28,0.0422435
0.09,0.29,0.0421469
0.09,0.3,0.0419389
0.09,0.31,0.0424075
0.09,0.32,0.0418809
0.09,0.33,0.0422638
0.09,0.34,0.0423401
0.09,0.35,0.0420571
0.09,0.36,0.0423488
0.09,0.37,0.0421536
0.09,0.38,0.0420623
0.09,0.39,0.0419816
0.09,0.4,0.041881
0.09,0.41,0.0421165
0.09,0.42,0.042599
0.09,0.43,0.0420488
0.09,0.44,0.04179
0.09,0.45,0.0419334
0.09,0.46,0.0418971
0.09,0.47,0.0417793
0.09,0.48,0.042384
0.09,0.49,0.0421241
0.09,0.5,0.0418462
0.09,0.51,0.0419376
0.09,0.52,0.0423418
0.09,0.53,0.0422599
0.09,0.54,0.0420943
0.09,0.55,0.0419459
0.09,0.56,0.0420952
0.09,0.57,0.0417207
0.09,0.58,0.0417653
0.09,0.59,0.0422105
0.09,0.6,0.0417944
0.09,0.61,0.0419132
0.09,0.62,0.0421319
0.09,0.63,0.041848
0.09,0.64,0.041969
0.09,0.65,0.0418807
0.09,0.66,0.0422497
0.09,0.67,0.0421567
0.09,0.68,0.0420264
0.09,0.69,0.0415853
0.09,0.7,0.0422059
0.09,0.71,0.0423052
0.09,0.72,0.0421182
0.09,0.73,0.0415915
0.09,0.74,0.0420729
0.09,0.75,0.0417338
0.09,0.76,0.0421693
0.09,0.77,0.0419794
0.09,0.78,0.0416858
0.09,0.79,0.0419682
0.09,0.8,0.0414381
0.09,0.81,0.0416345
0.09,0.82,0.041095
0.09,0.83,0.0408723
0.09,0.84,0.0398908
0.09,0.85,0.0398439
0.09,0.86,0.0392427
0.09,0.87,0.0385073
0.09,0.88,0.0378815
0.09,0.89,0.0362607
0.09,0.9,0.0351114
0.09,0.91,0.0339541
0.09,0.92,0.0322301
0.09,0.93,0.0309222
0.09,0.94,0.0292294
0.09,0.95,0.027668
0.09,0.96,0.0262295
0.09,0.97,0.0250251
0.09,0.98,0.0233329
0.09,0.99,0.0224401
0.1,0,0.0217585
0.1,0.01,0.0229088
0.1,0.02,0.0243955
0.1,0.03,0.0256157
0.1,0.04,0.0271807
0.1,0.05,0.0287595
0.1,0.06,0.0302627
0.1,0.07,0.032231
0.1,0.08,0.0338583
0.1,0.09,0.0354218
0.1,0.1,0.0364363
0.1,0.11,0.0378629
0.1,0.12,0.0387078
0.1,0.13,0.0401356
0.1,0.14,0.0410055
0.1,0.15,0.0413123
0.1,0.16,0.0419469
0.1,0.17,0.042323
0.1,0.18,0.0427982
0.1,0.19,0.0428054
0.1,0.2,0.043378
0.1,0.21,0.0433242
0.1,0.22,0.0432923
0.1,0.23,0.0437787
0.1,0.24,0.0435599
0.1,0.25,0.0437622
0.1,0.26,0.0436311
0.1,0.27,0.0436057
0.1,0.28,0.0434694
0.1,0.29,0.0436269
0.1,0.3,0.0437139
0.1,0.31,0.0439778
0.1,0.32,0.0437101
0.1,0.33,0.0434481
0.1,0.34,0.0435849
0.1,0.35,0.0438599
0.1,0.36,0.0437743
0.1,0.37,0.0433227
0.1,0.38,0.0439697
0.1,0.39,0.0434757
0.1,0.4,0.0433267
0.1,0.41,0.0436487
0.1,0.42,0.0436246
0.1,0.43,0.0437379
0.1,0.44,0.0435361
0.1,0.45,0.0439904
0.1,0.46,0.0437324
0.1,0.47,0.0434424
0.1,0.48,0.0436171
0.1,0.49,0.0436584
0.1,0.5,0.0440746
0.1,0.51,0.0437178
0.1,0.52,0.0436157
0.1,0.53,0.0436525
0.1,0.54,0.0439161
0.1,0.55,0.0438742
0.1,0.56,0.0437905
0.1,0.57,0.0438524
0.1,0.58,0.0437855
0.1,0.59,0.043621
0.1,0.6,0.0435956
0.1,0.61,0.0436554
0.1,0.62,0.0432957
0.1,0.63,0.0435888
0.1,0.64,0.0435682
0.1,0.65,0.0435976
0.1,0.66,0.0431469
0.1,0.67,0.0436376
0.1,0.68,0.0439099
0.1,0.69,0.0436188
0.1,0.7,0.0436525
0.1,0.71,0.0432185
0.1,0.72,0.0438448
0.1,0.73,0.0435049
0.1,0.74,0.0434962
0.1,0.75,0.0436503
0.1,0.76,0.0431096
0.1,0.77,0.0436678
0.1,0.78,0.0434406
0.1,0.79,0.0432907
0.1,0.8,0.0433976
0.1,0.81,0.0429347
0.1,0.82,0.0429621
0.1,0.83,0.0423392
0.1,0.84,0.0418948
0.1,0.85,0.0416231
0.1,0.86,0.0410059
0.1,0.87,0.0397742
0.1,0.88,0.0391804
0.1,0.89,0.0376605
0.1,0.9,0.0364113
0.1,0.91,0.0351882
0.1,0.92,0.0338417
0.1,0.93,0.0320372
0.1,0.94,0.0305913
0.1,0.95,0.0289933
0.1,0.96,0.0275752
0.1,0.97,0.0258155
0.1,0.98,0.0245236
0.1,0.99,0.0231999
0.11,0,0.0223857
0.11,0.01,0.0237167
0.11,0.02,0.0252555
0.11,0.03,0.0269867
0.11,0.04,0.028235
0.11,0.05,0.0297423
0.11,0.06,0.0315116
0.11,0.07,0.0335363
0.11,0.08,0.0351001
0.11,0.09,0.0361363
0.11,0.1,0.0379581
0.11,0.11,0.0390368
0.11,0.12,0.0403605
0.11,0.13,0.0411674
0.11,0.14,0.042201
0.11,0.15,0.0427079
0.11,0.16,0.043305
0.11,0.17,0.0436257
0.11,0.18,0.0442446
0.11,0.19,0.0443268
0.11,0.2,0.0447774
0.11,0.21,0.0443547
0.11,0.22,0.0448955
0.11,0.23,0.045288
0.11,0.24,0.0449341
0.11,0.25,0.0454393
0.11,0.26,0.0452239
0.11,0.27,0.0454667
0.11,0.28,0.0448351
0.11,0.29,0.0449306
0.11,0.3,0.0447343
0.11,0.31,0.0450541
0.11,0.32,0.0451467
0.11,0.33,0.044766
0.11,0.34,0.0450658
0.11,0.35,0.045221
0.11,0.36,0.0448246
0.11,0.37,0.0454957
0.11,0.38,0.0452115
0.11,0.39,0.0450246
0.11,0.4,0.0451617
0.11,0.41,0.0448528
0.11,0.42,0.0452357
0.11,0.43,0.0449835
0.11,0.44,0.0449728
0.11,0.45,0.0453768
0.11,0.46,0.0454002
0.11,0.47,0.0450337
0.11,0.48,0.045333
0.11,0.49,0.045041
0.11,0.5,0.0449629
0.11,0.51,0.0449325
0.11,0.52,0.0450765
0.11,0.53,0.0449997
0.11,0.54,0.0450485
0.11,0.55,0.0452427
0.11,0.56,0.0448185
0.11,0.57,0.0452678
0.11,0.58,0.0454066
0.11,0.59,0.0453947
0.11,0.6,0.0449393
0.11,0.61,0.0451433
0.11,0.62,0.0450838
0.11,0.63,0.0451694
0.11,0.64,0.0451916
0.11,0.65,0.0453821
0.11,0.66,0.0448703
0.11,0.67,0.0453136
0.11,0.68,0.0451329
0.11,0.69,0.0448893
0.11,0.7,0.0449516
0.11,0.71,0.0452359
0.11,0.72,0.0448949
0.11,0.73,0.0451894
0.11,0.74,0.0451973
0.11,0.75,0.0451462
0.11,0.76,0.0452994
0.11,0.77,0.0451707
0.11,0.78,0.0448527
0.11,0.79,0.045031
0.11,0.8,0.0447932
0.11,0.81,0.0441277
0.11,0.82,0.0445538
0.11,0.83,0.0439819
0.11,0.84,0.0434166
0.11,0.85,0.0429555
0.11,0.86,0.041851
0.11,0.87,0.0412568
0.11,0.88,0.039939
0.11,0.89,0.0392163
0.11,0.9,0.0376258
0.11,0.91,0.036222
0.11,0.92,0.0349871
0.11,0.93,0.0329559
0.11,0.94,0.0315157
0.11,0.95,0.0297256
0.11,0.96,0.0282986
0.11,0.97,0.0267761
0.11,0.98,0.0253084
0.11,0.99,0.0238118
0.12,0,0.0232533
0.12,0.01,0.0247371
0.12,0.02,0.0262792
0.12,0.03,0.0272787
0.12,0.04,0.0290112
0.12,0.05,0.0306567
0.12,0.06,0.0326247
0.12,0.07,0.0342338
0.12,0.08,0.0355452
0.12,0.09,0.0377536
0.12,0.1,0.0389593
0.12,0.11,0.0403276
0.12,0.12,0.0413325
0.12,0.13,0.0425079
0.12,0.14,0.0435832
0.12,0.15,0.0440669
0.12,0.16,0.0446234
0.12,0.17,0.0450345
0.12,0.18,0.0453099
0.12,0.19,0.0455583
0.12,0.2,0.0458514
0.12,0.21,0.0462976
0.12,0.22,0.0464063
0.12,0.23,0.0461147
0.12,0.24,0.0461441
0.12,0.25,0.0465348
0.12,0.26,0.0463553
0.12,0.27,0.0467588
0.12,0.28,0.046306
0.12,0.29,0.0460769
0.12,0.3,0.0463584
0.12,0.31,0.0463431
0.12,0.32,0.0461783
0.12,0.33,0.0464742
0.12,0.34,0.0462311
0.12,0.35,0.0465889
0.12,0.36,0.0467855
0.12,0.37,0.046318
0.12,0.38,0.0463383
0.12,0.39,0.0462366
0.12,0.4,0.0462834
0.12,0.41,0.0466353
0.12,0.42,0.0467469
0.12,0.43,0.0465953
0.12,0.44,0.047037
0.12,0.45,0.0464683
0.12,0.46,0.0464997
0.12,0.47,0.0463624
0.12,0.48,0.0465063
0.12,0.49,0.0463815
0.12,0.5,0.0465079
0.12,0.51,0.0462121
0.12,0.52,0.0462922
0.12,0.53,0.0463677
0.12,0.54,0.0465391
0.12,0.55,0.0465721
0.12,0.56,0.0462561
0.12,0.57,0.0461485
0.12,0.58,0.0464579
0.12,0.59,0.0466454
0.12,0.6,0.0461316
0.12,0.61,0.0462425
0.12,0.62,0.0463616
0.12,0.63,0.0463731
0.12,0.64,0.0465199
0.12,0.65,0.0463267
0.12,0.66,0.046445
0.12,0.67,0.0465345
0.12,0.68,0.0461097
0.12,0.69,0.0467028
0.12,0.7,0.0467589
0.12,0.71,0.0463186
0.12,0.72,0.0464665
0.12,0.73,0.0464313
0.12,0.74,0.0466683
0.12,0.75,0.046477
0.12,0.76,0.0461987
0.12,0.77,0.0460756
0.12,0.78,0.0462579
0.12,0.79,0.0459454
0.12,0.8,0.0458488
0.12,0.81,0.0459502
0.12,0.82,0.0456322
0.12,0.83,0.0450711
0.12,0.84,0.0448855
0.12,0.85,0.043971
0.12,0.86,0.0433201
0.12,0.87,0.0423948
0.12,0.88,0.0411631
0.12,0.89,0.0402913
0.12,0.9,0.0387009
0.12,0.91,0.0379515
0.12,0.92,0.0361845
0.12,0.93,0.0339512
0.12,0.94,0.0326533
0.12,0.95,0.0309565
0.12,0.96,0.0289946
0.12,0.97,0.0275844
0.12,0.98,0.0261297
0.12,0.99,0.0245605
0.13,0,0.023768
0.13,0.01,0.0251657
0.13,0.02,0.0266156
0.13,0.03,0.0279033
0.13,0.04,0.0301819
0.13,0.05,0.0317016
0.13,0.06,0.0335102
0.13,0.07,0.0352579
0.13,0.08,0.0369416
0.13,0.09,0.0382198
0.13,0.1,0.0397844
0.13,0.11,0.0412195
0.13,0.12,0.0426128
0.13,0.13,0.0435196
0.13,0.14,0.044615
0.13,0.15,0.0453471
0.13,0.16,0.0461035
0.13,0.17,0.0462978
0.13,0.18,0.0466814
0.13,0.19,0.0469437
0.13,0.2,0.0473667
0.13,0.21,0.0476457
0.13,0.22,0.0477844
0.13,0.23,0.0475418
0.13,0.24,0.0475735
0.13,0.25,0.0477414
0.13,0.26,0.0475014
0.13,0.27,0.047802
0.13,0.28,0.0477818
0.13,0.29,0.0475549
0.13,0.3,0.0478509
0.13,0.31,0.0475514
0.13,0.32,0.0477561
0.13,0.33,0.0476008
0.13,0.34,0.0474966
0.13,0.35,0.0475735
0.13,0.36,0.0476096
0.13,0.37,0.047481
0.13,0.38,0.0476373
0.13,0.39,0.0477074
0.13,0.4,0.0474401
0.13,0.41,0.0473985
0.13,0.42,0.0478904
0.13,0.43,0.0476907
0.13,0.44,0.0477885
0.13,0.45,0.0475707
0.13,0.46,0.0476743
0.13,0.47,0.0477732
0.13,0.48,0.047571
0.13,0.49,0.0472924
0.13,0.5,0.0474896
0.13,0.51,0.0475998
0.13,0.52,0.0474442
0.13,0.53,0.0476323
0.13,0.54,0.0472961
0.13,0.55,0.0476298
0.13,0.56,0.047554
0.13,0.57,0.0470503
0.13,0.58,0.0475555
0.13,0.59,0.0472722
0.13,0.6,0.0475337
0.13,0.61,0.047394
0.13,0.62,0.0472652
0.13,0.63,0.0476092
0.13,0.64,0.0476483
0.13,0.65,0.047681
0.13,0.66,0.0479342
0.13,0.67,0.0472956
0.13,0.68,0.0476083
0.13,0.69,0.0475291
0.13,0.7,0.0476144
0.13,0.71,0.0473379
0.13,0.72,0.0474166
0.13,0.73,0.0474878
0.13,0.74,0.047269
0.13,0.75,0.0474238
0.13,0.76,0.0474499
0.13,0.77,0.0472353
0.13,0.78,0.0477525
0.13,0.79,0.0472923
0.13,0.8,0.0469546
0.13,0.81,0.0468881
0.13,0.82,0.0466751
0.13,0.83,0.0460917
0.13,0.84,0.0456347
0.13,0.85,0.0452941
0.13,0.86,0.0444531
0.13,0.87,0.0436236
0.13,0.88,0.0424333
0.13,0.89,0.041279
0.13,0.9,0.0401055
0.13,0.91,0.0389326
0.13,0.92,0.037077
0.13,0.93,0.0350101
0.13,0.94,0.0334354
0.13,0.95,0.0316348
0.13,0.96,0.0298859
0.13,0.97,0.0285015
0.13,0.98,0.026732
0.13,0.99,0.0254732
0.14,0,0.0238928
0.14,0.01,0.0258005
0.14,0.02,0.0272547
0.14,0.03,0.0290294
0.14,0.04,0.0307629
0.14,0.05,0.0320969
0.14,0.06,0.0341749
0.14,0.07,0.0358816
0.14,0.08,0.0375816
0.14,0.09,0.0391181
0.14,0.1,0.0408894
0.14,0.11,0.0423906
0.14,0.12,0.0434051
0.14,0.13,0.0443119
0.14,0.14,0.0452311
0.14,0.15,0.0463424
0.14,0.16,0.0471383
0.14,0.17,0.047337
0.14,0.18,0.0474512
0.14,0.19,0.0477961
0.14,0.2,0.0483128
0.14,0.21,0.0482255
0.14,0.22,0.0482605
0.14,0.23,0.0481887
0.14,0.24,0.0482195
0.14,0.25,0.0484765
0.14,0.26,0.0481716
0.14,0.27,0.047973
0.14,0.28,0.0486955
0.14,0.29,0.0482849
0.14,0.3,0.0487083
0.14,0.31,0.0486737
0.14,0.32,0.0484583
0.14,0.33,0.048411
0.14,0.34,0.0484093
0.14,0.35,0.0483278
0.14,0.36,0.048468
0.14,0.37,0.048492
0.14,0.38,0.0484735
0.14,0.39,0.0486819
0.14,0.4,0.0486542
0.14,0.41,0.0485046
0.14,0.42,0.0486474
0.14,0.43,0.0482669
0.14,0.44,0.048324
0.14,0.45,0.0481071
0.14,0.46,0.0486193
0.14,0.47,0.048399
0.14,0.48,0.0484725
0.14,0.49,0.0483567
0.14,0.5,0.04843
0.14,0.51,0.0487954
0.14,0.52,0.0486017
0.14,0.53,0.048312
0.14,0.54,0.0484978
0.14,0.55,0.0483636
0.14,0.56,0.0484412
0.14,0.57,0.0484307
0.14,0.58,0.0485475
0.14,0.59,0.048428
0.14,0.6,0.0489436
0.14,0.61,0.04868
0.14,0.62,0.0488603
0.14,0.63,0.0482504
0.14,0.64,0.0486518
0.14,0.65,0.0485087
0.14,0.66,0.0485322
0.14,0.67,0.0486871
0.14,0.68,0.0486906
0.14,0.69,0.0485988
0.14,0.7,0.0486609
0.14,0.71,0.0483304
0.14,0.72,0.0482688
0.14,0.73,0.0482896
0.14,0.74,0.0481152
0.14,0.75,0.0480865
0.14,0.76,0.0483435
0.14,0.77,0.0481977
0.14,0.78,0.0479827
0.14,0.79,0.0482416
0.14,0.8,0.0480732
0.14,0.81,0.0477025
0.14,0.82,0.0473745
0.14,0.83,0.0472321
0.14,0.84,0.0467354
0.14,0.85,0.0461013
0.14,0.86,0.0453461
0.14,0.87,0.0445651
0.14,0.88,0.043342
0.14,0.89,0.0420074
0.14,0.9,0.0408202
0.14,0.91,0.039345
0.14,0.92,0.0372368
0.14,0.93,0.0360916
0.14,0.94,0.0340883
0.14,0.95,0.0323199
0.14,0.96,0.0307743
0.14,0.97,0.0288763
0.14,0.98,0.0273414
0.14,0.99,0.0257554
0.15,0,0.0246029
0.15,0.01,0.0261189
0.15,0.02,0.0279472
0.15,0.03,0.0292508
0.15,0.04,0.0308687
0.15,0.05,0.032588
0.15,0.06,0.0343572
0.15,0.07,0.0367809
0.15,0.08,0.0384764
0.15,0.09,0.0400233
0.15,0.1,0.0416515
0.15,0.11,0.0426219
0.15,0.12,0.0440136
0.15,0.13,0.0453171
0.15,0.14,0.0457125
0.15,0.15,0.0475289
0.15,0.16,0.0474642
0.15,0.17,0.0476531
0.15,0.18,0.0482701
0.15,0.19,0.0484193
0.15,0.2,0.0487051
0.15,0.21,0.0488031
0.15,0.22,0.0488897
0.15,0.23,0.0492837
0.15,0.24,0.048903
0.15,0.25,0.0494462
0.15,0.26,0.0495245
0.15,0.27,0.049236
0.15,0.28,0.0491994
0.15,0.29,0.0493778
0.15,0.3,0.0489392
0.15,0.31,0.0490188
0.15,0.32,0.0493552
0.15,0.33,0.0492388
0.15,0.34,0.0494919
0.15,0.35,0.0490384
0.15,0.36,0.0491761
0.15,0.37,0.0492649
0.15,0.38,0.0490591
0.15,0.39,0.0489617
0.15,0.4,0.0493642
0.15,0.41,0.049525
0.15,0.42,0.0493927
0.15,0.43,0.0493584
0.15,0.44,0.0494235
0.15,0.45,0.0491007
0.15,0.46,0.0491022
0.15,0.47,0.0493506
0.15,0.48,0.049226
0.15,0.49,0.0490575
0.15,0.5,0.0492034
0.15,0.51,0.0488462
0.15,0.52,0.0489252
0.15,0.53,0.0493825
0.15,0.54,0.0493421
0.15,0.55,0.0490144
0.15,0.56,0.0492775
0.15,0.57,0.0492623
0.15,0.58,0.0490788
0.15,0.59,0.0494995
0.15,0.6,0.0495467
0.15,0.61,0.0493498
0.15,0.62,0.0492301
0.15,0.63,0.04907
0.15,0.64,0.0491807
0.15,0.65,0.049449
0.15,0.66,0.0491327
0.15,0.67,0.04914
0.15,0.68,0.0493045
0.15,0.69,0.049037
0.15,0.7,0.0490908
0.15,0.71,0.0492059
0.15,0.72,0.0494813
0.15,0.73,0.0490466
0.15,0.74,0.04927
0.15,0.75,0.0490656
0.15,0.76,0.0489118
0.15,0.77,0.0490713
0.15,0.78,0.0492444
0.15,0.79,0.0489115
0.15,0.8,0.0487506
0.15,0.81,0.048562
0.15,0.82,0.0486283
0.15,0.83,0.0477918
0.15,0.84,0.0472428
0.15,0.85,0.0467389
0.15,0.86,0.0458097
0.15,0.87,0.0453567
0.15,0.88,0.0444122
0.15,0.89,0.0429147
0.15,0.9,0.0414673
0.15,0.91,0.0402376
0.15,0.92,0.0381924
0.15,0.93,0.0365883
0.15,0.94,0.0346871
0.15,0.95,0.0330127
0.15,0.96,0.0309128
0.15,0.97,0.0295899
0.15,0.98,0.0273449
0.15,0.99,0.0259645
0.16,0,0.0248733
0.16,0.01,0.0264634
0.16,0.02,0.0280785
0.16,0.03,0.0296627
0.16,0.04,0.0316345
0.16,0.05,0.0332779
0.16,0.06,0.0353101
0.16,0.07,0.0369305
0.16,0.08,0.0388465
0.16,0.09,0.0401906
0.16,0.1,0.0420691
0.16,0.11,0.0436302
0.16,0.12,0.0447084
0.16,0.13,0.045992
0.16,0.14,0.0462099
0.16,0.15,0.0473284
0.16,0.16,0.048087
0.16,0.17,0.0485662
0.16,0.18,0.0490676
0.16,0.19,0.0492721
0.16,0.2,0.0489801
0.16,0.21,0.0492167
0.16,0.22,0.0498501
0.16,0.23,0.049526
0.16,0.24,0.0499225
0.16,0.25,0.0502601
0.16,0.26,0.0498314
0.16,0.27,0.0498686
0.16,0.28,0.0497426
0.16,0.29,0.0496565
0.16,0.3,0.0496445
0.16,0.31,0.0499159
0.16,0.32,0.0500257
0.16,0.33,0.0492878
0.16,0.34,0.0501523
0.16,0.35,0.0500368
0.16,0.36,0.0501513
0.16,0.37,0.0499307
0.16,0.38,0.0497533
0.16,0.39,0.0495797
0.16,0.4,0.0498844
0.16,0.41,0.0497769
0.16,0.42,0.0499308
0.16,0.43,0.0502095
0.16,0.44,0.0495798
0.16,0.45,0.0496647
0.16,0.46,0.0498713
0.16,0.47,0.0499927
0.16,0.48,0.0495999
0.16,0.49,0.0498816
0.16,0.5,0.0497361
0.16,0.51,0.0500101
0.16,0.52,0.0496551
0.16,0.53,0.0499305
0.16,0.54,0.0497341
0.16,0.55,0.0495696
0.16,0.56,0.0497514
0.16,0.57,0.0499442
0.16,0.58,0.0498879
0.16,0.59,0.0498393
0.16,0.6,0.0497387
0.16,0.61,0.0491857
0.16,0.62,0.0498953
0.16,0.63,0.0499317
0.16,0.64,0.049945
0.16,0.65,0.0500074
0.16,0.66,0.0499112
0.16,0.67,0.050206
0.16,0.68,0.0494231
0.16,0.69,0.0498045
0.16,0.7,0.0497322
0.16,0.71,0.0496626
0.16,0.72,0.0494311
0.16,0.73,0.0496005
0.16,0.74,0.0501446
0.16,0.75,0.0499243
0.16,0.76,0.0496691
0.16,0.77,0.0497754
0.16,0.78,0.0495083
0.16,0.79,0.0496364
0.16,0.8,0.0494462
0.16,0.81,0.0493467
0.16,0.82,0.0487245
0.16,0.83,0.0486093
0.16,0.84,0.0482906
0.16,0.85,0.0471534
0.16,0.86,0.0467051
0.16,0.87,0.0455796
0.16,0.88,0.0448226
0.16,0.89,0.0436662
0.16,0.9,0.0419725
0.16,0.91,0.0403603
0.16,0.92,0.0385313
0.16,0.93,0.036747
0.16,0.94,0.0350919
0.16,0.95,0.0330778
0.16,0.96,0.0316284
0.16,0.97,0.030254
0.16,0.98,0.0276714
0.16,0.99,0.0265465
0.17,0,0.0248622
0.17,0.01,0.0265647
0.17,0.02,0.0284649
0.17,0.03,0.0299604
0.17,0.04,0.0319509
0.17,0.05,0.0336134
0.17,0.06,0.035131
0.17,0.07,0.0377421
0.17,0.08,0.0391086
0.17,0.09,0.0407718
0.17,0.1,0.0424666
0.17,0.11,0.0438874
0.17,0.12,0.0451894
0.17,0.13,0.0458823
0.17,0.14,0.047064
0.17,0.15,0.0479671
0.17,0.16,0.0485811
0.17,0.17,0.0487788
0.17,0.18,0.0494954
0.17,0.19,0.0494216
0.17,0.2,0.0498173
0.17,0.21,0.0502429
0.17,0.22,0.0500786
0.17,0.23,0.0502921
0.17,0.24,0.0506565
0.17,0.25,0.0504656
0.17,0.26,0.0503001
0.17,0.27,0.0503024
0.17,0.28,0.0503982
0.17,0.29,0.0504959
0.17,0.3,0.0506394
0.17,0.31,0.0505752
0.17,0.32,0.0505459
0.17,0.33,0.0504803
0.17,0.34,0.0503488
0.17,0.35,0.050576
0.17,0.36,0.0505954
0.17,0.37,0.0505896
0.17,0.38,0.0506533
0.17,0.39,0.0504619
0.17,0.4,0.0502013
0.17,0.41,0.0504757
0.17,0.42,0.0500356
0.17,0.43,0.0505598
0.17,0.44,0.0499304
0.17,0.45,0.050421
0.17,0.46,0.0503149
0.17,0.47,0.0504358
0.17,0.48,0.0501214
0.17,0.49,0.0506523
0.17,0.5,0.0502165
0.17,0.51,0.0503183
0.17,0.52,0.0502083
0.17,0.53,0.0502298
0.17,0.54,0.0504297
0.17,0.55,0.0504622
0.17,0.56,0.0502618
0.17,0.57,0.0503105
0.17,0.58,0.0503474
0.17,0.59,0.0505692
0.17,0.6,0.0505381
0.17,0.61,0.0503995
0.17,0.62,0.050262
0.17,0.63,0.05049
0.17,0.64,0.0502655
0.17,0.65,0.0500197
0.17,0.66,0.050301
0.17,0.67,0.0500384
0.17,0.68,0.0500429
0.17,0.69,0.0503323
0.17,0.7,0.0501806
0.17,0.71,0.0502333
0.17,0.72,0.0502974
0.17,0.73,0.0501235
0.17,0.74,0.0499827
0.17,0.75,0.0505399
0.17,0.76,0.0499176
0.17,0.77,0.0502891
0.17,0.78,0.049942
0.17,0.79,0.0501265
0.17,0.8,0.0495605
0.17,0.81,0.0497701
0.17,0.82,0.0491345
0.17,0.83,0.0487898
0.17,0.84,0.0487277
0.17,0.85,0.0478869
0.17,0.86,0.0472259
0.17,0.87,0.0460471
0.17,0.88,0.0449357
0.17,0.89,0.0438944
0.17,0.9,0.0419627
0.17,0.91,0.0411686
0.17,0.92,0.0391448
0.17,0.93,0.0372314
0.17,0.94,0.0354459
0.17,0.95,0.0339335
0.17,0.96,0.0318898
0.17,0.97,0.0298559
0.17,0.98,0.0283021
0.17,0.99,0.0265932
0.18,0,0.0252927
0.18,0.01,0.0271207
0.18,0.02,0.0290754
0.18,0.03,0.0302301
0.18,0.04,0.0323456
0.18,0.05,0.0339727
0.18,0.06,0.0360172
0.18,0.07,0.03754
0.18,0.08,0.0394108
0.18,0.09,0.0412788
0.18,0.1,0.0427387
0.18,0.11,0.0440981
0.18,0.12,0.0455436
0.18,0.13,0.0466213
0.18,0.14,0.0476558
0.18,0.15,0.0481535
0.18,0.16,0.0489244
0.18,0.17,0.0494636
0.18,0.18,0.0500295
0.18,0.19,0.0496337
0.18,0.2,0.050482
0.18,0.21,0.0507484
0.18,0.22,0.0504883
0.18,0.23,0.0508718
0.18,0.24,0.0508597
0.18,0.25,0.0507457
0.18,0.26,0.0505827
0.18,0.27,0.050614
0.18,0.28,0.0508344
0.18,0.29,0.0505068
0.18,0.3,0.0506252
0.18,0.31,0.0507273
0.18,0.32,0.0509056
0.18,0.33,0.0504694
0.18,0.34,0.0508335
0.18,0.35,0.0507595
0.18,0.36,0.0506787
0.18,0.37,0.0507387
0.18,0.38,0.0506961
0.18,0.39,0.0504361
0.18,0.4,0.0508581
0.18,0.41,0.0504515
0.18,0.42,0.0506037
0.18,0.43,0.0505428
0.18,0.44,0.0507483
0.18,0.45,0.0509582
0.18,0.46,0.0505674
0.18,0.47,0.0506679
0.18,0.48,0.0509456
0.18,0.49,0.0506332
0.18,0.5,0.0505912
0.18,0.51,0.0505939
0.18,0.52,0.0512344
0.18,0.53,0.0510265
0.18,0.54,0.0507044
0.18,0.55,0.0510319
0.18,0.56,0.0507432
0.18,0.57,0.0507747
0.18,0.58,0.0506075
0.18,0.59,0.0507319
0.18,0.6,0.0508062
0.18,0.61,0.0506893
0.18,0.62,0.0505547
0.18,0.63,0.0504663
0.18,0.64,0.0508751
0.18,0.65,0.0504007
0.18,0.66,0.0504591
0.18,0.67,0.0503921
0.18,0.68,0.0506529
0.18,0.69,0.0507008
0.18,0.7,0.0505912
0.18,0.71,0.0506692
0.18,0.72,0.0509285
0.18,0.73,0.0505768
0.18,0.74,0.0509215
0.18,0.75,0.0508567
0.18,0.76,0.0506599
0.18,0.77,0.0507631
0.18,0.78,0.0502723
0.18,0.79,0.0506205
0.18,0.8,0.0506615
0.18,0.81,0.0498841
0.18,0.82,0.0498693
0.18,0.83,0.049436
0.18,0.84,0.0485823
0.18,0.85,0.0488355
0.18,0.86,0.0475923
0.18,0.87,0.0467578
0.18,0.88,0.0456578
0.18,0.89,0.0444481
0.18,0.9,0.0428703
0.18,0.91,0.0412168
0.18,0.92,0.0395404
0.18,0.93,0.0376182
0.18,0.94,0.0359752
0.18,0.95,0.0343107
0.18,0.96,0.032468
0.18,0.97,0.0301998
0.18,0.98,0.0286138
0.18,0.99,0.0267305
0.19,0,0.0258491
0.19,0.01,0.0275529
0.19,0.02,0.0288256
0.19,0.03,0.0303409
0.19,0.04,0.03248
0.19,0.05,0.0343358
0.19,0.06,0.0362132
0.19,0.07,0.0376516
0.19,0.08,0.039664
0.19,0.09,0.0414919
0.19,0.1,0.0431704
0.19,0.11,0.0445558
0.19,0.12,0.0455174
0.19,0.13,0.0470047
0.19,0.14,0.0481384
0.19,0.15,0.0486106
0.19,0.16,0.0494583
0.19,0.17,0.0497342
0.19,0.18,0.0495294
0.19,0.19,0.0505276
0.19,0.2,0.050795
0.19,0.21,0.0507162
0.19,0.22,0.0505191
0.19,0.23,0.0506371
0.19,0.24,0.0510904
0.19,0.25,0.0502211
0.19,0.26,0.0505773
0.19,0.27,0.0511311
0.19,0.28,0.0507833
0.19,0.29,0.0511794
0.19,0.3,0.0510663
0.19,0.31,0.0510399
0.19,0.32,0.0509116
0.19,0.33,0.0510731
0.19,0.34,0.0511486
0.19,0.35,0.0510565
0.19,0.36,0.051127
0.19,0.37,0.0510312
0.19,0.38,0.0508919
0.19,0.39,0.051234
0.19,0.4,0.0508132
0.19,0.41,0.0508305
0.19,0.42,0.0510173
0.19,0.43,0.050872
0.19,0.44,0.0510462
0.19,0.45,0.0507509
0.19,0.46,0.0513605
0.19,0.47,0.050976
0.19,0.48,0.0506296
0.19,0.49,0.0508212
0.19,0.5,0.0509256
0.19,0.51,0.051111
0.19,0.52,0.0508804
0.19,0.53,0.0513213
0.19,0.54,0.0510634
0.19,0.55,0.0506609
0.19,0.56,0.0508967
0.19,0.57,0.0508113
0.19,0.58,0.0511351
0.19,0.59,0.0512089
0.19,0.6,0.0511566
0.19,0.61,0.0510615
0.19,0.62,0.0509278
0.19,0.63,0.051046
0.19,0.64,0.0510484
0.19,0.65,0.0510726
0.19,0.66,0.0512204
0.19,0.67,0.0512079
0.19,0.68,0.0508209
0.19,0.69,0.0508477
0.19,0.7,0.0505527
0.19,0.71,0.05094
0.19,0.72,0.0507589
0.19,0.73,0.0506476
0.19,0.74,0.0508438
0.19,0.75,0.0509472
0.19,0.76,0.0507744
0.19,0.77,0.0510444
0.19,0.78,0.0508614
0.19,0.79,0.0503501
0.19,0.8,0.0503773
0.19,0.81,0.0505556
0.19,0.82,0.0501836
0.19,0.83,0.0497727
0.19,0.84,0.0488487
0.19,0.85,0.0483858
0.19,0.86,0.0477485
0.19,0.87,0.0470626
0.19,0.88,0.0458233
0.19,0.89,0.0444812
0.19,0.9,0.0430196
0.19,0.91,0.0412864
0.19,0.92,0.0398937
0.19,0.93,0.0380441
0.19,0.94,0.0355825
0.19,0.95,0.0339833
0.19,0.96,0.0322409
0.19,0.97,0.0304463
0.19,0.98,0.0287695
0.19,0.99,0.0268841
0.2,0,0.0256954
0.2,0.01,0.0273628
0.2,0.02,0.0288739
0.2,0.03,0.0305055
0.2,0.04,0.0323722
0.2,0.05,0.0343363
0.2,0.06,0.0362424
0.2,0.07,0.0377924
0.2,0.08,0.0398145
0.2,0.09,0.0419625
0.2,0.1,0.0429225
0.2,0.11,0.0446821
0.2,0.12,0.0460812
0.2,0.13,0.0472666
0.2,0.14,0.0481456
0.2,0.15,0.0484649
0.2,0.16,0.0491399
0.2,0.17,0.0499755
0.2,0.18,0.0504975
0.2,0.19,0.0503753
0.2,0.2,0.0505786
0.2,0.21,0.0506805
0.2,0.22,0.0510428
0.2,0.23,0.0511247
0.2,0.24,0.0509353
0.2,0.25,0.0514403
0.2,0.26,0.0511856
0.2,0.27,0.0514
0.2,0.28,0.0513546
0.2,0.29,0.0513587
0.2,0.3,0.0508788
0.2,0.31,0.0511579
0.2,0.32,0.0513717
0.2,0.33,0.0512991
0.2,0.34,0.0511919
0.2,0.35,0.0510679
0.2,0.36,0.051409
0.2,0.37,0.0511349
0.2,0.38,0.0517922
0.2,0.39,0.0512894
0.2,0.4,0.051039
0.2,0.41,0.0514119
0.2,0.42,0.0511009
0.2,0.43,0.0513298
0.2,0.44,0.051489
0.2,0.45,0.0507409
0.2,0.46,0.0510981
0.2,0.47,0.0512829
0.2,0.48,0.051342
0.2,0.49,0.0512619
0.2,0.5,0.051403
0.2,0.51,0.0511416
0.2,0.52,0.0510074
0.2,0.53,0.0510687
0.2,0.54,0.0510169
0.2,0.55,0.0509352
0.2,0.56,0.0515251
0.2,0.57,0.0511452
0.2,0.58,0.0511447
0.2,0.59,0.0513563
0.2,0.6,0.0512824
0.2,0.61,0.0517477
0.2,0.62,0.0510993
0.2,0.63,0.0508494
0.2,0.64,0.0510223
0.2,0.65,0.0511417
0.2,0.66,0.0510757
0.2,0.67,0.0512029
0.2,0.68,0.0512181
0.2,0.69,0.0512945
0.2,0.7,0.0513821
0.2,0.71,0.0512998
0.2,0.72,0.0513039
0.2,0.73,0.0512753
0.2,0.74,0.0510166
0.2,0.75,0.0513262
0.2,0.76,0.0510018
0.2,0.77,0.0511179
0.2,0.78,0.0510083
0.2,0.79,0.0506875
0.2,0.8,0.0511259
0.2,0.81,0.0506292
0.2,0.82,0.0500311
0.2,0.83,0.0499836
0.2,0.84,0.0496721
0.2,0.85,0.0486988
0.2,0.86,0.0482741
0.2,0.87,0.046755
0.2,0.88,0.0455573
0.2,0.89,0.044558
0.2,0.9,0.0432814
0.2,0.91,0.041516
0.2,0.92,0.0399218
0.2,0.93,0.0379302
0.2,0.94,0.0363944
0.2,0.95,0.0343465
0.2,0.96,0.0324909
0.2,0.97,0.0304766
0.2,0.98,0.0288584
0.2,0.99,0.0268566
0.21,0,0.0258204
0.21,0.01,0.02713
0.21,0.02,0.0286946
0.21,0.03,0.030891
0.21,0.04,0.03263
0.21,0.05,0.0343214
0.21,0.06,0.0364221
0.21,0.07,0.0380381
0.21,0.08,0.0401173
0.21,0.09,0.0414843
0.21,0.1,0.0433937
0.21,0.11,0.0449885
0.21,0.12,0.04605
0.21,0.13,0.0468613
0.21,0.14,0.0481109
0.21,0.15,0.0487814
0.21,0.16,0.0498813
0.21,0.17,0.0501602
0.21,0.18,0.0504892
0.21,0.19,0.0509044
0.21,0.2,0.0508338
0.21,0.21,0.0510378
0.21,0.22,0.0510027
0.21,0.23,0.0515678
0.21,0.24,0.0511665
0.21,0.25,0.0514712
0.21,0.26,0.0511134
0.21,0.27,0.0512079
0.21,0.28,0.0513449
0.21,0.29,0.051397
0.21,0.3,0.0514509
0.21,0.31,0.0513154
0.21,0.32,0.0514126
0.21,0.33,0.0514247
0.21,0.34,0.0517064
0.21,0.35,0.0513441
0.21,0.36,0.0513274
0.21,0.37,0.0512243
0.21,0.38,0.0511944
0.21,0.39,0.051462
0.21,0.4,0.0515228
0.21,0.41,0.0510029
0.21,0.42,0.0512003
0.21,0.43,0.0513356
0.21,0.44,0.0514046
0.21,0.45,0.0514466
0.21,0.46,0.0515209
0.21,0.47,0.0513963
0.21,0.48,0.0519323
0.21,0.49,0.051268
0.21,0.5,0.051447
0.21,0.51,0.0514707
0.21,0.52,0.0514357
0.21,0.53,0.0512675
0.21,0.54,0.0510603
0.21,0.55,0.0514302
0.21,0.56,0.0514687
0.21,0.57,0.0512317
0.21,0.58,0.0510015
0.21,0.59,0.051591
0.21,0.6,0.0514126
0.21,0.61,0.0514523
0.21,0.62,0.0515786
0.21,0.63,0.0516902
0.21,0.64,0.0513811
0.21,0.65,0.0517104
0.21,0.66,0.0510855
0.21,0.67,0.0511782
0.21,0.68,0.0513955
0.21,0.69,0.0511326
0.21,0.7,0.051499
0.21,0.71,0.0508704
0.21,0.72,0.0510271
0.21,0.73,0.051195
0.21,0.74,0.051015
0.21,0.75,0.0508627
0.21,0.76,0.0512554
0.21,0.77,0.0510861
0.21,0.78,0.0513724
0.21,0.79,0.0509484
0.21,0.8,0.0505578
0.21,0.81,0.0508844
0.21,0.82,0.0504734
0.21,0.83,0.0499205
0.21,0.84,0.0494036
0.21,0.85,0.0484755
0.21,0.86,0.0480053
0.21,0.87,0.0473
0.21,0.88,0.0463261
0.21,0.89,0.0447149
0.21,0.9,0.0434322
0.21,0.91,0.0415297
0.21,0.92,0.0402777
0.21,0.93,0.0384266
0.21,0.94,0.0364699
0.21,0.95,0.0343402
0.21,0.96,0.0327723
0.21,0.97,0.0310532
0.21,0.98,0.0291102
0.21,0.99,0.0271681
0.22,0,0.0256037
0.22,0.01,0.027272
0.22,0.02,0.0287589
0.22,0.03,0.0306157
0.22,0.04,0.0325431
0.22,0.05,0.0344174
0.22,0.06,0.0359182
0.22,0.07,0.0383059
0.22,0.08,0.0403915
0.22,0.09,0.041453
0.22,0.1,0.0435937
0.22,0.11,0.0449879
0.22,0.12,0.0464497
0.22,0.13,0.0468944
0.22,0.14,0.0487023
0.22,0.15,0.0490647
0.22,0.16,0.0494215
0.22,0.17,0.0499033
0.22,0.18,0.0507194
0.22,0.19,0.0505269
0.22,0.2,0.0509846
0.22,0.21,0.0509684
0.22,0.22,0.0513706
0.22,0.23,0.0509671
0.22,0.24,0.0511005
0.22,0.25,0.0515646
0.22,0.26,0.0512654
0.22,0.27,0.0515025
0.22,0.28,0.0513782
0.22,0.29,0.0517622
0.22,0.3,0.0515718
0.22,0.31,0.0514577
0.22,0.32,0.0511683
0.22,0.33,0.0511201
0.22,0.34,0.0514964
0.22,0.35,0.0515117
0.22,0.36,0.0514302
0.22,0.37,0.0513722
0.22,0.38,0.0513564
0.22,0.39,0.0512979
0.22,0.4,0.0514517
0.22,0.41,0.0514998
0.22,0.42,0.0518084
0.22,0.43,0.0516718
0.22,0.44,0.0516431
0.22,0.45,0.0513841
0.22,0.46,0.0513876
0.22,0.47,0.0516951
0.22,0.48,0.0515182
0.22,0.49,0.0515579
0.22,0.5,0.0514069
0.22,0.51,0.0512006
0.22,0.52,0.0517782
0.22,0.53,0.0516544
0.22,0.54,0.0518041
0.22,0.55,0.0513593
0.22,0.56,0.0514303
0.22,0.57,0.0514794
0.22,0.58,0.0515518
0.22,0.59,0.0517083
0.22,0.6,0.0515942
0.22,0.61,0.0515168
0.22,0.62,0.0514425
0.22,0.63,0.0515912
0.22,0.64,0.0511047
0.22,0.65,0.0515362
0.22,0.66,0.0517114
0.22,0.67,0.0515813
0.22,0.68,0.0511462
0.22,0.69,0.0517856
0.22,0.7,0.0515634
0.22,0.71,0.0515455
0.22,0.72,0.0515242
0.22,0.73,0.0517374
0.22,0.74,0.0511232
0.22,0.75,0.0514714
0.22,0.76,0.0514374
0.22,0.77,0.0513099
0.22,0.78,0.0508847
0.22,0.79,0.0508224
0.22,0.8,0.0509133
0.22,0.81,0.0506767
0.22,0.82,0.0507573
0.22,0.83,0.0502261
0.22,0.84,0.0492855
0.22,0.85,0.0489466
0.22,0.86,0.0484498
0.22,0.87,0.0473973
0.22,0.88,0.046729
0.22,0.89,0.0446032
0.22,0.9,0.043411
0.22,0.91,0.0418482
0.22,0.92,0.0403678
0.22,0.93,0.0382046
0.22,0.94,0.0362144
0.22,0.95,0.0341904
0.22,0.96,0.0325852
0.22,0.97,0.0307096
0.22,0.98,0.0290753
0.22,0.99,0.0273037
0.23,0,0.025909
0.23,0.01,0.0272424
0.23,0.02,0.0291595
0.23,0.03,0.0313223
0.23,0.04,0.033021
0.23,0.05,0.0345058
0.23,0.06,0.0366938
0.23,0.07,0.0384035
0.23,0.08,0.0400795
0.23,0.09,0.0421262
0.23,0.1,0.0433818
0.23,0.11,0.0446647
0.23,0.12,0.0461323
0.23,0.13,0.0477108
0.23,0.14,0.0483221
0.23,0.15,0.0492256
0.23,0.16,0.0500698
0.23,0.17,0.0503775
0.23,0.18,0.0504517
0.23,0.19,0.0510358
0.23,0.2,0.0511582
0.23,0.21,0.0511485
0.23,0.22,0.0519796
0.23,0.23,0.0514015
0.23,0.24,0.0513197
0.23,0.25,0.0513633
0.23,0.26,0.0513704
0.23,0.27,0.0512453
0.23,0.28,0.0514862
0.23,0.29,0.0510209
0.23,0.3,0.0515245
0.23,0.31,0.051279
0.23,0.32,0.0514671
0.23,0.33,0.0516814
0.23,0.34,0.0515882
0.23,0.35,0.0514582
0.23,0.36,0.0514742
0.23,0.37,0.0513239
0.23,0.38,0.0513457
0.23,0.39,0.0511023
0.23,0.4,0.051045
0.23,0.41,0.0515585
0.23,0.42,0.0514402
0.23,0.43,0.051547
0.23,0.44,0.0513986
0.23,0.45,0.0514451
0.23,0.46,0.0518258
0.23,0.47,0.0516162
0.23,0.48,0.0511531
0.23,0.49,0.0515642
0.23,0.5,0.0514851
0.23,0.51,0.0515354
0.23,0.52,0.0518643
0.23,0.53,0.0518915
0.23,0.54,0.0519974
0.23,0.55,0.0521303
0.23,0.56,0.0517896
0.23,0.57,0.051676
0.23,0.58,0.0514193
0.23,0.59,0.0514914
0.23,0.6,0.0515478
0.23,0.61,0.0515521
0.23,0.62,0.0515079
0.23,0.63,0.0518174
0.23,0.64,0.0513811
0.23,0.65,0.0516685
0.23,0.66,0.0512692
0.23,0.67,0.0517866
0.23,0.68,0.0514056
0.23,0.69,0.0515672
0.23,0.7,0.0517722
0.23,0.71,0.0516066
0.23,0.72,0.0516053
0.23,0.73,0.0512819
0.23,0.74,0.0515568
0.23,0.75,0.0511731
0.23,0.76,0.0512133
0.23,0.77,0.0516484
0.23,0.78,0.0514917
0.23,0.79,0.0512093
0.23,0.8,0.0508522
0.23,0.81,0.0509585
0.23,0.82,0.0504099
0.23,0.83,0.0500241
0.23,0.84,0.0493702
0.23,0.85,0.0489116
0.23,0.86,0.0484438
0.23,0.87,0.0476171
0.23,0.88,0.0460817
0.23,0.89,0.0448182
0.23,0.9,0.043676
0.23,0.91,0.0419328
0.23,0.92,0.040579
0.23,0.93,0.0384766
0.23,0.94,0.0367448
0.23,0.95,0.0346063
0.23,0.96,0.0325093
0.23,0.97,0.0307758
0.23,0.98,0.0291318
0.23,0.99,0.0273572
0.24,0,0.025671
0.24,0.01,0.0276028
0.24,0.02,0.0289964
0.24,0.03,0.0312316
0.24,0.04,0.0326701
0.24,0.05,0.0345589
0.24,0.06,0.0366167
0.24,0.07,0.0384968
0.24,0.08,0.0399971
0.24,0.09,0.0417966
0.24,0.1,0.043699
0.24,0.11,0.0450438
0.24,0.12,0.0461704
0.24,0.13,0.0474753
0.24,0.14,0.0482319
0.24,0.15,0.0490979
0.24,0.16,0.0497045
0.24,0.17,0.0503611
0.24,0.18,0.0505655
0.24,0.19,0.05112
0.24,0.2,0.0513554
0.24,0.21,0.0509773
0.24,0.22,0.0514259
0.24,0.23,0.0516475
0.24,0.24,0.0518214
0.24,0.25,0.051575
0.24,0.26,0.0516192
0.24,0.27,0.0519548
0.24,0.28,0.0517327
0.24,0.29,0.0517509
0.24,0.3,0.0514539
0.24,0.31,0.0518295
0.24,0.32,0.0512568
0.24,0.33,0.0513612
0.24,0.34,0.0515959
0.24,0.35,0.0517669
0.24,0.36,0.051766
0.24,0.37,0.0518467
0.24,0.38,0.051908
0.24,0.39,0.0514361
0.24,0.4,0.0516773
0.24,0.41,0.0514316
0.24,0.42,0.0515573
0.24,0.43,0.0517169
0.24,0.44,0.0518084
0.24,0.45,0.0517143
0.24,0.46,0.051828
0.24,0.47,0.051729
0.24,0.48,0.0515566
0.24,0.49,0.0520497
0.24,0.5,0.0518816
0.24,0.51,0.0515891
0.24,0.52,0.0518074
0.24,0.53,0.051777
0.24,0.54,0.0518642
0.24,0.55,0.0513885
0.24,0.56,0.0514228
0.24,0.57,0.0515985
0.24,0.58,0.0515903
0.24,0.59,0.0517743
0.24,0.6,0.051654
0.24,0.61,0.0515758
0.24,0.62,0.0514985
0.24,0.63,0.0516448
0.24,0.64,0.0517017
0.24,0.65,0.0514023
0.24,0.66,0.0516339
0.24,0.67,0.051536
0.24,0.68,0.0512763
0.24,0.69,0.0517352
0.24,0.7,0.0518434
0.24,0.71,0.0518157
0.24,0.72,0.0515727
0.24,0.73,0.0513655
0.24,0.74,0.0513352
0.24,0.75,0.0513209
0.24,0.76,0.0515879
0.24,0.77,0.0514921
0.24,0.78,0.0512141
0.24,0.79,0.0514265
0.24,0.8,0.0510413
0.24,0.81,0.0506165
0.24,0.82,0.0503789
0.24,0.83,0.0504881
0.24,0.84,0.0496834
0.24,0.85,0.0490861
0.24,0.86,0.0488766
0.24,0.87,0.0471289
0.24,0.88,0.0457832
0.24,0.89,0.0450394
0.24,0.9,0.0436021
0.24,0.91,0.0420312
0.24,0.92,0.0404039
0.24,0.93,0.0385878
0.24,0.94,0.0365292
0.24,0.95,0.0346467
0.24,0.96,0.0329196
0.24,0.97,0.0309067
0.24,0.98,0.0288796
0.24,0.99,0.0273002
0.25,0,0.0255147
0.25,0.01,0.0272659
0.25,0.02,0.0290752
0.25,0.03,0.03076
0.25,0.04,0.0327318
0.25,0.05,0.0347361
0.25,0.06,0.0364417
0.25,0.07,0.0386635
0.25,0.08,0.0403067
0.25,0.09,0.0421598
0.25,0.1,0.0439069
0.25,0.11,0.0451038
0.25,0.12,0.0462339
0.25,0.13,0.0473407
0.25,0.14,0.0487126
0.25,0.15,0.0491634
0.25,0.16,0.0497017
0.25,0.17,0.0504917
0.25,0.18,0.0506426
0.25,0.19,0.0509063
0.25,0.2,0.0512994
0.25,0.21,0.0511816
0.25,0.22,0.0516707
0.25,0.23,0.051241
0.25,0.24,0.051288
0.25,0.25,0.0516229
0.25,0.26,0.0515259
0.25,0.27,0.0513227
0.25,0.28,0.0517507
0.25,0.29,0.0515395
0.25,0.3,0.0520907
0.25,0.31,0.0516699
0.25,0.32,0.0517968
0.25,0.33,0.0513948
0.25,0.34,0.0517978
0.25,0.35,0.0515577
0.25,0.36,0.0518969
0.25,0.37,0.0516677
0.25,0.38,0.0519329
0.25,0.39,0.051418
0.25,0.4,0.0515932
0.25,0.41,0.0515616
0.25,0.42,0.051585
0.25,0.43,0.0515809
0.25,0.44,0.0516335
0.25,0.45,0.0516718
0.25,0.46,0.0517748
0.25,0.47,0.0515079
0.25,0.48,0.0512373
0.25,0.49,0.0518174
0.25,0.5,0.051792
0.25,0.51,0.0518192
0.25,0.52,0.0514466
0.25,0.53,0.0514733
0.25,0.54,0.0516344
0.25,0.55,0.0514844
0.25,0.56,0.051677
0.25,0.57,0.051657
0.25,0.58,0.0520042
0.25,0.59,0.0519286
0.25,0.6,0.0515583
0.25,0.61,0.0514594
0.25,0.62,0.0519213
0.25,0.63,0.0517895
0.25,0.64,0.0516221
0.25,0.65,0.0516127
0.25,0.66,0.051836
0.25,0.67,0.0515182
0.25,0.68,0.0517524
0.25,0.69,0.0519945
0.25,0.7,0.0516421
0.25,0.71,0.0517453
0.25,0.72,0.0516228
0.25,0.73,0.0517536
0.25,0.74,0.0514512
0.25,0.75,0.0515016
0.25,0.76,0.0520306
0.25,0.77,0.0514102
0.25,0.78,0.0513033
0.25,0.79,0.0515954
0.25,0.8,0.0512421
0.25,0.81,0.0507482
0.25,0.82,0.0506587
0.25,0.83,0.0501282
0.25,0.84,0.0498274
0.25,0.85,0.0488605
0.25,0.86,0.0484867
0.25,0.87,0.0474712
0.25,0.88,0.0465474
0.25,0.89,0.0450765
0.25,0.9,0.043802
0.25,0.91,0.0420788
0.25,0.92,0.0402628
0.25,0.93,0.0384644
0.25,0.94,0.0366845
0.25,0.95,0.0346506
0.25,0.96,0.0326527
0.25,0.97,0.0308831
0.25,0.98,0.0294253
0.25,0.99,0.0273788
0.26,0,0.0259124
0.26,0.01,0.027359
0.26,0.02,0.0291499
0.26,0.03,0.030778
0.26,0.04,0.0325981
0.26,0.05,0.0346007
0.26,0.06,0.0366762
0.26,0.07,0.0385519
0.26,0.08,0.0403523
0.26,0.09,0.0416414
0.26,0.1,0.0437971
0.26,0.11,0.0448794
0.26,0.12,0.0467735
0.26,0.13,0.0475081
0.26,0.14,0.0484901
0.26,0.15,0.0490221
0.26,0.16,0.0497588
0.26,0.17,0.050043
0.26,0.18,0.0507299
0.26,0.19,0.0512724
0.26,0.2,0.0510298
0.26,0.21,0.0515953
0.26,0.22,0.0513422
0.26,0.23,0.0516878
0.26,0.24,0.0513498
0.26,0.25,0.0513772
0.26,0.26,0.0516989
0.26,0.27,0.0516139
0.26,0.28,0.0518195
0.26,0.29,0.0517053
0.26,0.3,0.0512334
0.26,0.31,0.0519549
0.26,0.32,0.0518209
0.26,0.33,0.0518212
0.26,0.34,0.0519389
0.26,0.35,0.0515191
0.26,0.36,0.0515173
0.26,0.37,0.0517805
0.26,0.38,0.051874
0.26,0.39,0.0516449
0.26,0.4,0.0513774
0.26,0.41,0.051423
0.26,0.42,0.0516906
0.26,0.43,0.0517539
0.26,0.44,0.0518766
0.26,0.45,0.0516233
0.26,0.46,0.0516595
0.26,0.47,0.0514041
0.26,0.48,0.051523
0.26,0.49,0.051798
0.26,0.5,0.0516884
0.26,0.51,0.0519852
0.26,0.52,0.0515024
0.26,0.53,0.0513758
0.26,0.54,0.0515347
0.26,0.55,0.0516893
0.26,0.56,0.0515809
0.26,0.57,0.0517759
0.26,0.58,0.0517514
0.26,0.59,0.0516979
0.26,0.6,0.051523
0.26,0.61,0.0510896
0.26,0.62,0.0514853
0.26,0.63,0.0514572
0.26,0.64,0.0514667
0.26,0.65,0.0515265
0.26,0.66,0.0515081
0.26,0.67,0.0517758
0.26,0.68,0.0518495
0.26,0.69,0.0519397
0.26,0.7,0.05151
0.26,0.71,0.0515527
0.26,0.72,0.0514968
0.26,0.73,0.0513598
0.26,0.74,0.0514524
0.26,0.75,0.0514744
0.26,0.76,0.0516678
0.26,0.77,0.0517085
0.26,0.78,0.0513868
0.26,0.79,0.0514779
0.26,0.8,0.0513706
0.26,0.81,0.0511142
0.26,0.82,0.05047
0.26,0.83,0.0505073
0.26,0.84,0.0492831
0.26,0.85,0.049377
0.26,0.86,0.0483258
0.26,0.87,0.0474086
0.26,0.88,0.0463009
0.26,0.89,0.045196
0.26,0.9,0.0432914
0.26,0.91,0.0420232
0.26,0.92,0.0402823
0.26,0.93,0.0384618
0.26,0.94,0.0364553
0.26,0.95,0.0345733
0.26,0.96,0.0328665
0.26,0.97,0.0309872
0.26,0.98,0.0291456
0.26,0.99,0.0274334
0.27,0,0.0256307
0.27,0.01,0.0277065
0.27,0.02,0.0295683
0.27,0.03,0.0310109
0.27,0.04,0.0327961
0.27,0.05,0.0349238
0.27,0.06,0.036472
0.27,0.07,0.0385434
0.27,0.08,0.0403211
0.27,0.09,0.0420651
0.27,0.1,0.0436801
0.27,0.11,0.0450566
0.27,0.12,0.046188
0.27,0.13,0.0477798
0.27,0.14,0.0481241
0.27,0.15,0.0489756
0.27,0.16,0.0496285
0.27,0.17,0.0507089
0.27,0.18,0.0505624
0.27,0.19,0.0507137
0.27,0.2,0.0513428
0.27,0.21,0.0511315
0.27,0.22,0.0514037
0.27,0.23,0.0521306
0.27,0.24,0.051627
0.27,0.25,0.0517159
0.27,0.26,0.051545
0.27,0.27,0.0516648
0.27,0.28,0.0519643
0.27,0.29,0.0515753
0.27,0.3,0.0515231
0.27,0.31,0.0515149
0.27,0.32,0.0513874
0.27,0.33,0.0513167
0.27,0.34,0.0514408
0.27,0.35,0.0517526
0.27,0.36,0.0520876
0.27,0.37,0.051543
0.27,0.38,0.0515998
0.27,0.39,0.0517862
0.27,0.4,0.0516346
0.27,0.41,0.0514876
0.27,0.42,0.0518563
0.27,0.43,0.0517698
0.27,0.44,0.051358
0.27,0.45,0.0513746
0.27,0.46,0.0513508
0.27,0.47,0.0513982
0.27,0.48,0.0518808
0.27,0.49,0.051609
0.27,0.5,0.051747
0.27,0.51,0.0515259
0.27,0.52,0.0516716
0.27,0.53,0.0517835
0.27,0.54,0.0516887
0.27,0.55,0.0516987
0.27,0.56,0.0516873
0.27,0.57,0.0514659
0.27,0.58,0.0516191
0.27,0.59,0.0515768
0.27,0.6,0.0517757
0.27,0.61,0.0518443
0.27,0.62,0.0518663
0.27,0.63,0.0518666
0.27,0.64,0.0518306
0.27,0.65,0.0519272
0.27,0.66,0.0513711
0.27,0.67,0.0518609
0.27,0.68,0.0516836
0.27,0.69,0.0516541
0.27,0.7,0.0516608
0.27,0.71,0.0514952
0.27,0.72,0.0512058
0.27,0.73,0.0516425
0.27,0.74,0.0518043
0.27,0.75,0.0513417
0.27,0.76,0.0516664
0.27,0.77,0.0515266
0.27,0.78,0.051414
0.27,0.79,0.0515588
0.27,0.8,0.0511393
0.27,0.81,0.0508747
0.27,0.82,0.0506563
0.27,0.83,0.0504878
0.27,0.84,0.0498325
0.27,0.85,0.049345
0.27,0.86,0.048502
0.27,0.87,0.0474956
0.27,0.88,0.046066
0.27,0.89,0.0449935
0.27,0.9,0.0436758
0.27,0.91,0.0421517
0.27,0.92,0.0404221
0.27,0.93,0.0384961
0.27,0.94,0.0365333
0.27,0.95,0.0345256
0.27,0.96,0.0327465
0.27,0.97,0.0307544
0.27,0.98,0.0290916
0.27,0.99,0.0272862
0.28,0,0.0261911
0.28,0.01,0.0271916
0.28,0.02,0.0292361
0.28,0.03,0.0306387
0.28,0.04,0.0326163
0.28,0.05,0.0345932
0.28,0.06,0.0365773
0.28,0.07,0.0386079
0.28,0.08,0.0400173
0.28,0.09,0.0418422
0.28,0.1,0.0435228
0.28,0.11,0.0453152
0.28,0.12,0.0469581
0.28,0.13,0.0474136
0.28,0.14,0.0481422
0.28,0.15,0.0487427
0.28,0.16,0.0499194
0.28,0.17,0.0503818
0.28,0.18,0.050198
0.28,0.19,0.0514115
0.28,0.2,0.0510617
0.28,0.21,0.0516543
0.28,0.22,0.0513807
0.28,0.23,0.0515882
0.28,0.24,0.0514389
0.28,0.25,0.0513557
0.28,0.26,0.0515239
0.28,0.27,0.0515224
0.28,0.28,0.0520219
0.28,0.29,0.0517688
0.28,0.3,0.0514027
0.28,0.31,0.0516091
0.28,0.32,0.0518312
0.28,0.33,0.0520132
0.28,0.34,0.0516824
0.28,0.35,0.0514178
0.28,0.36,0.0518636
0.28,0.37,0.0516119
0.28,0.38,0.0514835
0.28,0.39,0.0517014
0.28,0.4,0.0516636
0.28,0.41,0.0516433
0.28,0.42,0.0517568
0.28,0.43,0.0517466
0.28,0.44,0.0516728
0.28,0.45,0.0520877
0.28,0.46,0.051686
0.28,0.47,0.0515437
0.28,0.48,0.0514227
0.28,0.49,0.0519356
0.28,0.5,0.0518884
0.28,0.51,0.0515928
0.28,0.52,0.0516996
0.28,0.53,0.0517303
0.28,0.54,0.0518604
0.28,0.55,0.0513887
0.28,0.56,0.0514182
0.28,0.57,0.0520911
0.28,0.58,0.0516591
0.28,0.59,0.0520401
0.28,0.6,0.0516529
0.28,0.61,0.0515921
0.28,0.62,0.0520712
0.28,0.63,0.0516388
0.28,0.64,0.051473
0.28,0.65,0.0520256
0.28,0.66,0.05185
0.28,0.67,0.0514653
0.28,0.68,0.0514046
0.28,0.69,0.0516415
0.28,0.7,0.0513983
0.28,0.71,0.0515719
0.28,0.72,0.0515648
0.28,0.73,0.0513225
0.28,0.74,0.0518251
0.28,0.75,0.05144
0.28,0.76,0.051329
0.28,0.77,0.0517282
0.28,0.78,0.0518247
0.28,0.79,0.0511733
0.28,0.8,0.0512457
0.28,0.81,0.0514252
0.28,0.82,0.0505308
0.28,0.83,0.049948
0.28,0.84,0.0497183
0.28,0.85,0.0492757
0.28,0.86,0.0485278
0.28,0.87,0.0474414
0.28,0.88,0.0466718
0.28,0.89,0.0449279
0.28,0.9,0.0436469
0.28,0.91,0.0418539
0.28,0.92,0.0403015
0.28,0.93,0.038449
0.28,0.94,0.0367856
0.28,0.95,0.0345662
0.28,0.96,0.0324903
0.28,0.97,0.0309297
0.28,0.98,0.0292663
0.28,0.99,0.0274213
0.29,0,0.0257781
0.29,0.01,0.0278866
0.29,0.02,0.028894
0.29,0.03,0.0309776
0.29,0.04,0.0328131
0.29,0.05,0.0346296
0.29,0.06,0.0364171
0.29,0.07,0.0387289
0.29,0.08,0.0400753
0.29,0.09,0.0417289
0.29,0.1,0.0437297
0.29,0.11,0.0450509
0.29,0.12,0.0461198
0.29,0.13,0.0473993
0.29,0.14,0.0483946
0.29,0.15,0.0491425
0.29,0.16,0.0496572
0.29,0.17,0.0502579
0.29,0.18,0.0508763
0.29,0.19,0.0507775
0.29,0.2,0.0514839
0.29,0.21,0.0514964
0.29,0.22,0.0512702
0.29,0.23,0.0515537
0.29,0.24,0.0513594
0.29,0.25,0.0515918
0.29,0.26,0.0516747
0.29,0.27,0.0516013
0.29,0.28,0.05139
0.29,0.29,0.051455
0.29,0.3,0.0517604
0.29,0.31,0.0518457
0.29,0.32,0.0515495
0.29,0.33,0.0518151
0.29,0.34,0.0519397
0.29,0.35,0.0516115
0.29,0.36,0.0518315
0.29,0.37,0.0517655
0.29,0.38,0.0515648
0.29,0.39,0.0518409
0.29,0.4,0.0515065
0.29,0.41,0.0514029
0.29,0.42,0.051816
0.29,0.43,0.0517343
0.29,0.44,0.0516463
0.29,0.45,0.0515473
0.29,0.46,0.0516834
0.29,0.47,0.0517893
0.29,0.48,0.051659
0.29,0.49,0.0518748
0.29,0.5,0.0517054
0.29,0.51,0.0519505
0.29,0.52,0.0516667
0.29,0.53,0.0511818
0.29,0.54,0.051457
0.29,0.55,0.051824
0.29,0.56,0.0514947
0.29,0.57,0.0518638
0.29,0.58,0.0516409
0.29,0.59,0.0515553
0.29,0.6,0.0520174
0.29,0.61,0.0517309
0.29,0.62,0.0517748
0.29,0.63,0.0519291
0.29,0.64,0.0515098
0.29,0.65,0.0517912
0.29,0.66,0.0518033
0.29,0.67,0.0515241
0.29,0.68,0.0515275
0.29,0.69,0.0520383
0.29,0.7,0.0519373
0.29,0.71,0.0516812
0.29,0.72,0.0516915
0.29,0.73,0.0517262
0.29,0.74,0.0515326
0.29,0.75,0.0515713
0.29,0.76,0.0517986
0.29,0.77,0.0514961
0.29,0.78,0.0517744
0.29,0.79,0.051213
0.29,0.8,0.0514311
0.29,0.81,0.0511217
0.29,0.82,0.0505883
0.29,0.83,0.0502196
0.29,0.84,0.0498826
0.29,0.85,0.0489847
0.29,0.86,0.0485036
0.29,0.87,0.0475698
0.29,0.88,0.0464786
0.29,0.89,0.0449193
0.29,0.9,0.043263
0.29,0.91,0.0418811
0.29,0.92,0.0400135
0.29,0.93,0.0386317
0.29,0.94,0.0368772
0.29,0.95,0.0346549
0.29,0.96,0.0329937
0.29,0.97,0.0309724
0.29,0.98,0.0293041
0.29,0.99,0.0274472
0.3,0,0.0259766
0.3,0.01,0.0274586
0.3,0.02,0.0291209
0.3,0.03,0.0307715
0.3,0.04,0.0327095
0.3,0.05,0.0349609
0.3,0.06,0.0367066
0.3,0.07,0.0386076
0.3,0.08,0.0405071
0.3,0.09,0.0417365
0.3,0.1,0.0437247
0.3,0.11,0.044918
0.3,0.12,0.046318
0.3,0.13,0.0468672
0.3,0.14,0.0484459
0.3,0.15,0.0491879
0.3,0.16,0.0496624
0.3,0.17,0.0503222
0.3,0.18,0.050234
0.3,0.19,0.05096
0.3,0.2,0.051533
0.3,0.21,0.0515519
0.3,0.22,0.0513957
0.3,0.23,0.0516489
0.3,0.24,0.0515709
0.3,0.25,0.051729
0.3,0.26,0.05182
0.3,0.27,0.0516238
0.3,0.28,0.0516846
0.3,0.29,0.0515979
0.3,0.3,0.0515656
0.3,0.31,0.0515632
0.3,0.32,0.0516106
0.3,0.33,0.0515209
0.3,0.34,0.0517458
0.3,0.35,0.0518186
0.3,0.36,0.0516697
0.3,0.37,0.0512237
0.3,0.38,0.0519053
0.3,0.39,0.0513877
0.3,0.4,0.0518909
0.3,0.41,0.0516168
0.3,0.42,0.0515157
0.3,0.43,0.0514072
0.3,0.44,0.0513062
0.3,0.45,0.0517591
0.3,0.46,0.0516051
0.3,0.47,0.0517019
0.3,0.48,0.0516307
0.3,0.49,0.0514656
0.3,0.5,0.0515481
0.3,0.51,0.0518472
0.3,0.52,0.0515
0.3,0.53,0.0517068
0.3,0.54,0.0515455
0.3,0.55,0.0514057
0.3,0.56,0.051518
0.3,0.57,0.0518183
0.3,0.58,0.0513413
0.3,0.59,0.0514523
0.3,0.6,0.0516996
0.3,0.61,0.051686
0.3,0.62,0.0517884
0.3,0.63,0.0517277
0.3,0.64,0.0519123
0.3,0.65,0.0516707
0.3,0.66,0.0515392
0.3,0.67,0.0514553
0.3,0.68,0.0518384
0.3,0.69,0.0515073
0.3,0.7,0.0516231
0.3,0.71,0.0514031
0.3,0.72,0.0517718
0.3,0.73,0.0518373
0.3,0.74,0.0517754
0.3,0.75,0.0513873
0.3,0.76,0.0514343
0.3,0.77,0.0515714
0.3,0.78,0.0514619
0.3,0.79,0.0515747
0.3,0.8,0.0508726
0.3,0.81,0.0509005
0.3,0.82,0.0506386
0.3,0.83,0.0503261
0.3,0.84,0.0499567
0.3,0.85,0.0488678
0.3,0.86,0.048427
0.3,0.87,0.0479081
0.3,0.88,0.0465932
0.3,0.89,0.0449634
0.3,0.9,0.0435186
0.3,0.91,0.0421168
0.3,0.92,0.0403291
0.3,0.93,0.0384373
0.3,0.94,0.0366521
0.3,0.95,0.034749
0.3,0.96,0.0327871
0.3,0.97,0.031131
0.3,0.98,0.0292509
0.3,0.99,0.0274315
0.31,0,0.0259269
0.31,0.01,0.0275689
0.31,0.02,0.0292472
0.31,0.03,0.030651
0.31,0.04,0.0328921
0.31,0.05,0.034754
0.31,0.06,0.0364594
0.31,0.07,0.0386361
0.31,0.08,0.0402716
0.31,0.09,0.0418427
0.31,0.1,0.0436529
0.31,0.11,0.0449931
0.31,0.12,0.0465716
0.31,0.13,0.0476017
0.31,0.14,0.0484029
0.31,0.15,0.0492168
0.31,0.16,0.0496806
0.31,0.17,0.0501709
0.31,0.18,0.050502
0.31,0.19,0.0509857
0.31,0.2,0.0511634
0.31,0.21,0.0511432
0.31,0.22,0.0514388
0.31,0.23,0.0512231
0.31,0.24,0.051383
0.31,0.25,0.0515297
0.31,0.26,0.0512545
0.31,0.27,0.0515151
0.31,0.28,0.0513802
0.31,0.29,0.0516722
0.31,0.3,0.0515889
0.31,0.31,0.05159
0.31,0.32,0.0517024
0.31,0.33,0.0516433
0.31,0.34,0.0518112
0.31,0.35,0.0518895
0.31,0.36,0.0516096
0.31,0.37,0.0518001
0.31,0.38,0.0519031
0.31,0.39,0.0515281
0.31,0.4,0.0515908
0.31,0.41,0.051789
0.31,0.42,0.0515235
0.31,0.43,0.051614
0.31,0.44,0.0514527
0.31,0.45,0.051517
0.31,0.46,0.051756
0.31,0.47,0.0514144
0.31,0.48,0.0512041
0.31,0.49,0.0515144
0.31,0.5,0.051719
0.31,0.51,0.0515218
0.31,0.52,0.0516987
0.31,0.53,0.0518083
0.31,0.54,0.0516314
0.31,0.55,0.0515414
0.31,0.56,0.0517662
0.31,0.57,0.0517025
0.31,0.58,0.0516274
0.31,0.59,0.0514168
0.31,0.6,0.0516098
0.31,0.61,0.0516178
0.31,0.62,0.0516474
0.31,0.63,0.0518745
0.31,0.64,0.0518015
0.31,0.65,0.0516085
0.31,0.66,0.0517109
0.31,0.67,0.0516145
0.31,0.68,0.0515086
0.31,0.69,0.0514585
0.31,0.7,0.0515629
0.31,0.71,0.0517212
0.31,0.72,0.051731
0.31,0.73,0.0516354
0.31,0.74,0.0517291
0.31,0.75,0.0517503
0.31,0.76,0.051896
0.31,0.77,0.0514124
0.31,0.78,0.0517457
0.31,0.79,0.051369
0.31,0.8,0.0512425
0.31,0.81,0.0507239
0.31,0.82,0.0508542
0.31,0.83,0.0499602
0.31,0.84,0.0499618
0.31,0.85,0.0491142
0.31,0.86,0.0485943
0.31,0.87,0.0473842
0.31,0.88,0.0466679
0.31,0.89,0.0452
0.31,0.9,0.0440548
0.31,0.91,0.0422289
0.31,0.92,0.0400639
0.31,0.93,0.0383629
0.31,0.94,0.0366976
0.31,0.95,0.0345926
0.31,0.96,0.0329799
0.31,0.97,0.0306867
0.31,0.98,0.0293093
0.31,0.99,0.0274174
0.32,0,0.0258266
0.32,0.01,0.0275395
0.32,0.02,0.0292812
0.32,0.03,0.030791
0.32,0.04,0.032932
0.32,0.05,0.0345145
0.32,0.06,0.0366984
0.32,0.07,0.0384421
0.32,0.08,0.0405885
0.32,0.09,0.0419699
0.32,0.1,0.0439801
0.32,0.11,0.0452516
0.32,0.12,0.0463857
0.32,0.13,0.0473557
0.32,0.14,0.0484519
0.32,0.15,0.0491729
0.32,0.16,0.0499051
0.32,0.17,0.0504221
0.32,0.18,0.0507348
0.32,0.19,0.0511087
0.32,0.2,0.0517825
0.32,0.21,0.051249
0.32,0.22,0.0514342
0.32,0.23,0.0514509
0.32,0.24,0.0513953
0.32,0.25,0.0513899
0.32,0.26,0.0514977
0.32,0.27,0.0515102
0.32,0.28,0.0516838
0.32,0.29,0.0514198
0.32,0.3,0.0513228
0.32,0.31,0.0518603
0.32,0.32,0.0519323
0.32,0.33,0.0516558
0.32,0.34,0.0520834
0.32,0.35,0.0513284
0.32,0.36,0.0515324
0.32,0.37,0.0519306
0.32,0.38,0.051657
0.32,0.39,0.0516873
0.32,0.4,0.0517807
0.32,0.41,0.0516706
0.32,0.42,0.0516086
0.32,0.43,0.0516963
0.32,0.44,0.0520799
0.32,0.45,0.0518192
0.32,0.46,0.0520496
0.32,0.47,0.052234
0.32,0.48,0.0516502
0.32,0.49,0.0517001
0.32,0.5,0.051899
0.32,0.51,0.0516493
0.32,0.52,0.0516887
0.32,0.53,0.0514487
0.32,0.54,0.0519255
0.32,0.55,0.0515323
0.32,0.56,0.0516797
0.32,0.57,0.0516265
0.32,0.58,0.0513182
0.32,0.59,0.051399
0.32,0.6,0.0516728
0.32,0.61,0.0517489
0.32,0.62,0.0521851
0.32,0.63,0.0518164
0.32,0.64,0.0517581
0.32,0.65,0.0517337
0.32,0.66,0.0514436
0.32,0.67,0.0517153
0.32,0.68,0.0516817
0.32,0.69,0.0516304
0.32,0.7,0.0519471
0.32,0.71,0.0516194
0.32,0.72,0.0514759
0.32,0.73,0.0519894
0.32,0.74,0.0513407
0.32,0.75,0.0517269
0.32,0.76,0.0511977
0.32,0.77,0.0516456
0.32,0.78,0.0513138
0.32,0.79,0.0514385
0.32,0.8,0.0508572
0.32,0.81,0.0509451
0.32,0.82,0.0508326
0.32,0.83,0.0501739
0.32,0.84,0.0499085
0.32,0.85,0.0491083
0.32,0.86,0.048141
0.32,0.87,0.0477068
0.32,0.88,0.0462139
0.32,0.89,0.0451257
0.32,0.9,0.0435724
0.32,0.91,0.0423061
0.32,0.92,0.0403837
0.32,0.93,0.0384116
0.32,0.94,0.0367053
0.32,0.95,0.0346717
0.32,0.96,0.0328634
0.32,0.97,0.0313476
0.32,0.98,0.0291967
0.32,0.99,0.0274696
0.33,0,0.0258018
0.33,0.01,0.0272605
0.33,0.02,0.0293104
0.33,0.03,0.03115
0.33,0.04,0.0328665
0.33,0.05,0.0344943
0.33,0.06,0.0365259
0.33,0.07,0.0387326
0.33,0.08,0.040274
0.33,0.09,0.0421026
0.33,0.1,0.0436163
0.33,0.11,0.0451167
0.33,0.12,0.0459416
0.33,0.13,0.0476347
0.33,0.14,0.0481863
0.33,0.15,0.0491546
0.33,0.16,0.0495079
0.33,0.17,0.0501973
0.33,0.18,0.0505089
0.33,0.19,0.050938
0.33,0.2,0.0510417
0.33,0.21,0.0515434
0.33,0.22,0.0513318
0.33,0.23,0.051254
0.33,0.24,0.0516129
0.33,0.25,0.0513427
0.33,0.26,0.0515102
0.33,0.27,0.0515265
0.33,0.28,0.0518379
0.33,0.29,0.0513411
0.33,0.3,0.0514382
0.33,0.31,0.0516858
0.33,0.32,0.0515361
0.33,0.33,0.0516969
0.33,0.34,0.0519059
0.33,0.35,0.0511705
0.33,0.36,0.0515762
0.33,0.37,0.0517626
0.33,0.38,0.0518631
0.33,0.39,0.0515071
0.33,0.4,0.0517719
0.33,0.41,0.0516404
0.33,0.42,0.0518985
0.33,0.43,0.051627
0.33,0.44,0.0516151
0.33,0.45,0.0514577
0.33,0.46,0.0515481
0.33,0.47,0.0515082
0.33,0.48,0.0517019
0.33,0.49,0.0517928
0.33,0.5,0.0518097
0.33,0.51,0.0515973
0.33,0.52,0.051579
0.33,0.53,0.0518957
0.33,0.54,0.0517149
0.33,0.55,0.0519745
0.33,0.56,0.0514747
0.33,0.57,0.0518262
0.33,0.58,0.0513536
0.33,0.59,0.0515643
0.33,0.6,0.0514849
0.33,0.61,0.0518128
0.33,0.62,0.0516863
0.33,0.63,0.0516917
0.33,0.64,0.0519382
0.33,0.65,0.051668
0.33,0.66,0.05186
0.33,0.67,0.0516118
0.33,0.68,0.051842
0.33,0.69,0.0518447
0.33,0.7,0.0517503
0.33,0.71,0.0516402
0.33,0.72,0.0517787
0.33,0.73,0.0516213
0.33,0.74,0.0514374
0.33,0.75,0.0519454
0.33,0.76,0.0514868
0.33,0.77,0.0517145
0.33,0.78,0.051747
0.33,0.79,0.051324
0.33,0.8,0.0513121
0.33,0.81,0.0511627
0.33,0.82,0.0513585
0.33,0.83,0.0505052
0.33,0.84,0.0498801
0.33,0.85,0.0493816
0.33,0.86,0.0482527
0.33,0.87,0.0475436
0.33,0.88,0.0466203
0.33,0.89,0.045198
0.33,0.9,0.0439683
0.33,0.91,0.042023
0.33,0.92,0.0399344
0.33,0.93,0.0384807
0.33,0.94,0.0361509
0.33,0.95,0.0346332
0.33,0.96,0.0326362
0.33,0.97,0.0308832
0.33,0.98,0.0292323
0.33,0.99,0.0276945
0.34,0,0.0258761
0.34,0.01,0.0275732
0.34,0.02,0.029358
0.34,0.03,0.0314196
0.34,0.04,0.0326747
0.34,0.05,0.034584
0.34,0.06,0.0365306
0.34,0.07,0.0386863
0.34,0.08,0.0402454
0.34,0.09,0.0421221
0.34,0.1,0.0437613
0.34,0.11,0.0450455
0.34,0.12,0.046507
0.34,0.13,0.0477121
0.34,0.14,0.0486612
0.34,0.15,0.0490134
0.34,0.16,0.0496272
0.34,0.17,0.050166
0.34,0.18,0.0507708
0.34,0.19,0.0508446
0.34,0.2,0.0510914
0.34,0.21,0.0514118
0.34,0.22,0.0514721
0.34,0.23,0.0514478
0.34,0.24,0.0517999
0.34,0.25,0.0515037
0.34,0.26,0.0515454
0.34,0.27,0.051904
0.34,0.28,0.0518467
0.34,0.29,0.0517132
0.34,0.3,0.0515806
0.34,0.31,0.0516791
0.34,0.32,0.0517961
0.34,0.33,0.0512507
0.34,0.34,0.0522465
0.34,0.35,0.0516003
0.34,0.36,0.0516908
0.34,0.37,0.0520763
0.34,0.38,0.0517368
0.34,0.39,0.051779
0.34,0.4,0.0517683
0.34,0.41,0.0518938
0.34,0.42,0.0519597
0.34,0.43,0.0514115
0.34,0.44,0.0517067
0.34,0.45,0.0511577
0.34,0.46,0.0518221
0.34,0.47,0.0515853
0.34,0.48,0.0513435
0.34,0.49,0.0515413
0.34,0.5,0.0519459
0.34,0.51,0.0516767
0.34,0.52,0.0519667
0.34,0.53,0.0518116
0.34,0.54,0.0514341
0.34,0.55,0.0514096
0.34,0.56,0.0516631
0.34,0.57,0.0517559
0.34,0.58,0.0515643
0.34,0.59,0.0515269
0.34,0.6,0.0519464
0.34,0.61,0.0516683
0.34,0.62,0.0516284
0.34,0.63,0.0518518
0.34,0.64,0.0522234
0.34,0.65,0.0520881
0.34,0.66,0.0514703
0.34,0.67,0.0516438
0.34,0.68,0.0514634
0.34,0.69,0.0516657
0.34,0.7,0.0518836
0.34,0.71,0.0509844
0.34,0.72,0.0516775
0.34,0.73,0.0516133
0.34,0.74,0.0516859
0.34,0.75,0.0516048
0.34,0.76,0.0517106
0.34,0.77,0.0512795
0.34,0.78,0.0515539
0.34,0.79,0.0515618
0.34,0.8,0.0513115
0.34,0.81,0.0511356
0.34,0.82,0.0510495
0.34,0.83,0.0505177
0.34,0.84,0.0496575
0.34,0.85,0.0492188
0.34,0.86,0.0485708
0.34,0.87,0.0474308
0.34,0.88,0.0465615
0.34,0.89,0.0449831
0.34,0.9,0.0435889
0.34,0.91,0.0419739
0.34,0.92,0.040362
0.34,0.93,0.0383422
0.34,0.94,0.0365143
0.34,0.95,0.0349196
0.34,0.96,0.0327459
0.34,0.97,0.0307852
0.34,0.98,0.028946
0.34,0.99,0.0276033
0.35,0,0.0255733
0.35,0.01,0.027451
0.35,0.02,0.029156
0.35,0.03,0.0308141
0.35,0.04,0.0325985
0.35,0.05,0.034646
0.35,0.06,0.0364602
0.35,0.07,0.0382652
0.35,0.08,0.0408062
0.35,0.09,0.0420934
0.35,0.1,0.0435763
0.35,0.11,0.0452438
0.35,0.12,0.0464887
0.35,0.13,0.0475955
0.35,0.14,0.0484968
0.35,0.15,0.0492617
0.35,0.16,0.0502183
0.35,0.17,0.050543
0.35,0.18,0.0506048
0.35,0.19,0.0510652
0.35,0.2,0.0510451
0.35,0.21,0.051497
0.35,0.22,0.051729
0.35,0.23,0.0515971
0.35,0.24,0.051625
0.35,0.25,0.0514533
0.35,0.26,0.051603
0.35,0.27,0.05158
0.35,0.28,0.0512113
0.35,0.29,0.0518159
0.35,0.3,0.0515153
0.35,0.31,0.0516505
0.35,0.32,0.0514558
0.35,0.33,0.0517701
0.35,0.34,0.0518815
0.35,0.35,0.0517372
0.35,0.36,0.0516666
0.35,0.37,0.0517057
0.35,0.38,0.0517271
0.35,0.39,0.0520074
0.35,0.4,0.0516728
0.35,0.41,0.0516285
0.35,0.42,0.0518214
0.35,0.43,0.0516542
0.35,0.44,0.0515141
0.35,0.45,0.0515754
0.35,0.46,0.0518388
0.35,0.47,0.0519629
0.35,0.48,0.0516988
0.35,0.49,0.0517466
0.35,0.5,0.0518771
0.35,0.51,0.0514948
0.35,0.52,0.051547
0.35,0.53,0.051871
0.35,0.54,0.0515139
0.35,0.55,0.0519009
0.35,0.56,0.05168
0.35,0.57,0.0519413
0.35,0.58,0.0516838
0.35,0.59,0.0517523
0.35,0.6,0.0518387
0.35,0.61,0.0513509
0.35,0.62,0.0520306
0.35,0.63,0.0515218
0.35,0.64,0.051524
0.35,0.65,0.0513832
0.35,0.66,0.0519582
0.35,0.67,0.0518251
0.35,0.68,0.0516496
0.35,0.69,0.0516957
0.35,0.7,0.0516607
0.35,0.71,0.0519285
0.35,0.72,0.0520462
0.35,0.73,0.0511274
0.35,0.74,0.051656
0.35,0.75,0.0516516
0.35,0.76,0.0517981
0.35,0.77,0.0515278
0.35,0.78,0.051465
0.35,0.79,0.0514701
0.35,0.8,0.0514502
0.35,0.81,0.0513432
0.35,0.82,0.0505846
0.35,0.83,0.0501844
0.35,0.84,0.0497413
0.35,0.85,0.0491059
0.35,0.86,0.0483776
0.35,0.87,0.0476426
0.35,0.88,0.046368
0.35,0.89,0.0453002
0.35,0.9,0.0434185
0.35,0.91,0.0421706
0.35,0.92,0.040019
0.35,0.93,0.0385375
0.35,0.94,0.0367343
0.35,0.95,0.0345901
0.35,0.96,0.0328059
0.35,0.97,0.0309618
0.35,0.98,0.0292318
0.35,0.99,0.027627
0.36,0,0.0258638
0.36,0.01,0.0273373
0.36,0.02,0.029002
0.36,0.03,0.0308497
0.36,0.04,0.0326822
0.36,0.05,0.0346071
0.36,0.06,0.0366841
0.36,0.07,0.0384998
0.36,0.08,0.040533
0.36,0.09,0.0421293
0.36,0.1,0.0437815
0.36,0.11,0.044729
0.36,0.12,0.0461745
0.36,0.13,0.0475205
0.36,0.14,0.0484063
0.36,0.15,0.049333
0.36,0.16,0.0498018
0.36,0.17,0.0502388
0.36,0.18,0.0505675
0.36,0.19,0.0510215
0.36,0.2,0.0512638
0.36,0.21,0.0513723
0.36,0.22,0.0511829
0.36,0.23,0.0514195
0.36,0.24,0.0515457
0.36,0.25,0.0516404
0.36,0.26,0.0514857
0.36,0.27,0.0517186
0.36,0.28,0.0517336
0.36,0.29,0.0518371
0.36,0.3,0.0518249
0.36,0.31,0.0516524
0.36,0.32,0.0514985
0.36,0.33,0.0515704
0.36,0.34,0.051738
0.36,0.35,0.0512902
0.36,0.36,0.0518863
0.36,0.37,0.0514588
0.36,0.38,0.051975
0.36,0.39,0.0518348
0.36,0.4,0.0515204
0.36,0.41,0.0516406
0.36,0.42,0.0515186
0.36,0.43,0.0515058
0.36,0.44,0.0519269
0.36,0.45,0.0517559
0.36,0.46,0.0518831
0.36,0.47,0.0516801
0.36,0.48,0.0512189
0.36,0.49,0.0516669
0.36,0.5,0.0516141
0.36,0.51,0.0517672
0.36,0.52,0.0516069
0.36,0.53,0.0517047
0.36,0.54,0.051756
0.36,0.55,0.0517965
0.36,0.56,0.0515863
0.36,0.57,0.0518404
0.36,0.58,0.0519486
0.36,0.59,0.0516075
0.36,0.6,0.0517945
0.36,0.61,0.0519014
0.36,0.62,0.0515151
0.36,0.63,0.0518717
0.36,0.64,0.0519213
0.36,0.65,0.0518521
0.36,0.66,0.0512962
0.36,0.67,0.0517695
0.36,0.68,0.05156
0.36,0.69,0.0512658
0.36,0.7,0.0519719
0.36,0.71,0.0517685
0.36,0.72,0.0513487
0.36,0.73,0.0514042
0.36,0.74,0.0515009
0.36,0.75,0.0517329
0.36,0.76,0.0515896
0.36,0.77,0.0518049
0.36,0.78,0.0514529
0.36,0.79,0.0513404
0.36,0.8,0.0508716
0.36,0.81,0.0514332
0.36,0.82,0.0509181
0.36,0.83,0.0504105
0.36,0.84,0.0497274
0.36,0.85,0.0489135
0.36,0.86,0.0481685
0.36,0.87,0.04729
0.36,0.88,0.0464809
0.36,0.89,0.045397
0.36,0.9,0.0438725
0.36,0.91,0.0422934
0.36,0.92,0.0400143
0.36,0.93,0.0384414
0.36,0.94,0.0365932
0.36,0.95,0.0346081
0.36,0.96,0.0326163
0.36,0.97,0.0308517
0.36,0.98,0.0293351
0.36,0.99,0.0275685
0.37,0,0.0259186
0.37,0.01,0.0276774
0.37,0.02,0.0292921
0.37,0.03,0.0309958
0.37,0.04,0.0327774
0.37,0.05,0.0344479
0.37,0.06,0.0365378
0.37,0.07,0.0386043
0.37,0.08,0.0402307
0.37,0.09,0.0418631
0.37,0.1,0.0438599
0.37,0.11,0.044837
0.37,0.12,0.0466181
0.37,0.13,0.0473571
0.37,0.14,0.0488442
0.37,0.15,0.0488303
0.37,0.16,0.0496481
0.37,0.17,0.0507038
0.37,0.18,0.0507366
0.37,0.19,0.0510352
0.37,0.2,0.051137
0.37,0.21,0.0514265
0.37,0.22,0.0514197
0.37,0.23,0.0515472
0.37,0.24,0.0515441
0.37,0.25,0.0518032
0.37,0.26,0.0514636
0.37,0.27,0.0517395
0.37,0.28,0.0512959
0.37,0.29,0.0514155
0.37,0.3,0.0514345
0.37,0.31,0.0517142
0.37,0.32,0.0515896
0.37,0.33,0.0517543
0.37,0.34,0.051657
0.37,0.35,0.051564
0.37,0.36,0.0517317
0.37,0.37,0.0517788
0.37,0.38,0.0514102
0.37,0.39,0.0515787
0.37,0.4,0.0517017
0.37,0.41,0.0517255
0.37,0.42,0.0517537
0.37,0.43,0.0516428
0.37,0.44,0.0517152
0.37,0.45,0.0517176
0.37,0.46,0.0516474
0.37,0.47,0.0514762
0.37,0.48,0.0518254
0.37,0.49,0.0518115
0.37,0.5,0.0518438
0.37,0.51,0.0515831
0.37,0.52,0.0518443
0.37,0.53,0.0515965
0.37,0.54,0.0514057
0.37,0.55,0.0519244
0.37,0.56,0.0515341
0.37,0.57,0.0516049
0.37,0.58,0.0516603
0.37,0.59,0.0517672
0.37,0.6,0.0514064
0.37,0.61,0.0515657
0.37,0.62,0.0515466
0.37,0.63,0.0516392
0.37,0.64,0.0514308
0.37,0.65,0.0514317
0.37,0.66,0.0517013
0.37,0.67,0.0517216
0.37,0.68,0.0515951
0.37,0.69,0.0512792
0.37,0.7,0.0520564
0.37,0.71,0.051449
0.37,0.72,0.0517537
0.37,0.73,0.0512407
0.37,0.74,0.0517492
0.37,0.75,0.051257
0.37,0.76,0.0516719
0.37,0.77,0.0515969
0.37,0.78,0.0510463
0.37,0.79,0.0514897
0.37,0.8,0.0510775
0.37,0.81,0.0506901
0.37,0.82,0.0508041
0.37,0.83,0.0503327
0.37,0.84,0.0498064
0.37,0.85,0.0492382
0.37,0.86,0.0483997
0.37,0.87,0.0476684
0.37,0.88,0.0466351
0.37,0.89,0.0453834
0.37,0.9,0.0438578
0.37,0.91,0.0419589
0.37,0.92,0.040384
0.37,0.93,0.0385327
0.37,0.94,0.0364125
0.37,0.95,0.034745
0.37,0.96,0.0329859
0.37,0.97,0.0310832
0.37,0.98,0.0295196
0.37,0.99,0.0276339
0.38,0,0.0257413
0.38,0.01,0.0278006
0.38,0.02,0.0287721
0.38,0.03,0.030983
0.38,0.04,0.0326335
0.38,0.05,0.0347702
0.38,0.06,0.0368453
0.38,0.07,0.0385234
0.38,0.08,0.0401215
0.38,0.09,0.0422812
0.38,0.1,0.0437016
0.38,0.11,0.0453052
0.38,0.12,0.046465
0.38,0.13,0.0470922
0.38,0.14,0.0484467
0.38,0.15,0.0492239
0.38,0.16,0.0499339
0.38,0.17,0.0498135
0.38,0.18,0.050758
0.38,0.19,0.0506625
0.38,0.2,0.0514282
0.38,0.21,0.0513311
0.38,0.22,0.0519586
0.38,0.23,0.0513576
0.38,0.24,0.0511141
0.38,0.25,0.0517891
0.38,0.26,0.0517038
0.38,0.27,0.051282
0.38,0.28,0.0513627
0.38,0.29,0.0519478
0.38,0.3,0.0519517
0.38,0.31,0.0515366
0.38,0.32,0.0514582
0.38,0.33,0.0514926
0.38,0.34,0.0516302
0.38,0.35,0.0516553
0.38,0.36,0.0516699
0.38,0.37,0.05181
0.38,0.38,0.0519002
0.38,0.39,0.0516832
0.38,0.4,0.0517775
0.38,0.41,0.0516624
0.38,0.42,0.0520188
0.38,0.43,0.0516034
0.38,0.44,0.0519611
0.38,0.45,0.0515225
0.38,0.46,0.0516613
0.38,0.47,0.0518258
0.38,0.48,0.0515383
0.38,0.49,0.051761
0.38,0.5,0.0514683
0.38,0.51,0.0518332
0.38,0.52,0.0516018
0.38,0.53,0.0513764
0.38,0.54,0.0513343
0.38,0.55,0.0517417
0.38,0.56,0.0517879
0.38,0.57,0.0516753
0.38,0.58,0.0518973
0.38,0.59,0.0516482
0.38,0.6,0.0518793
0.38,0.61,0.0517835
0.38,0.62,0.0514396
0.38,0.63,0.051826
0.38,0.64,0.0517095
0.38,0.65,0.0514282
0.38,0.66,0.0514536
0.38,0.67,0.0518274
0.38,0.68,0.0518373
0.38,0.69,0.0514941
0.38,0.7,0.0520467
0.38,0.71,0.0516901
0.38,0.72,0.0518435
0.38,0.73,0.0514149
0.38,0.74,0.0513731
0.38,0.75,0.0517903
0.38,0.76,0.0513849
0.38,0.77,0.0517486
0.38,0.78,0.0514734
0.38,0.79,0.0513481
0.38,0.8,0.0513138
0.38,0.81,0.0512992
0.38,0.82,0.0510317
0.38,0.83,0.0504294
0.38,0.84,0.0501272
0.38,0.85,0.0493411
0.38,0.86,0.0484066
0.38,0.87,0.0476218
0.38,0.88,0.0464124
0.38,0.89,0.0450657
0.38,0.9,0.0435356
0.38,0.91,0.0419046
0.38,0.92,0.0404126
0.38,0.93,0.0381639
0.38,0.94,0.0369792
0.38,0.95,0.034907
0.38,0.96,0.0326476
0.38,0.97,0.0310905
0.38,0.98,0.0293273
0.38,0.99,0.0274059
0.39,0,0.0257842
0.39,0.01,0.0273117
0.39,0.02,0.0294885
0.39,0.03,0.0311224
0.39,0.04,0.0326273
0.39,0.05,0.0345177
0.39,0.06,0.0365769
0.39,0.07,0.0384443
0.39,0.08,0.0404296
0.39,0.09,0.0415661
0.39,0.1,0.0439949
0.39,0.11,0.0448506
0.39,0.12,0.0461029
0.39,0.13,0.0473832
0.39,0.14,0.0483956
0.39,0.15,0.0489526
0.39,0.16,0.0497355
0.39,0.17,0.0504077
0.39,0.18,0.0510257
0.39,0.19,0.0507758
0.39,0.2,0.0511363
0.39,0.21,0.0512347
0.39,0.22,0.0511744
0.39,0.23,0.0514899
0.39,0.24,0.0513295
0.39,0.25,0.0517217
0.39,0.26,0.0515997
0.39,0.27,0.0517059
0.39,0.28,0.0516651
0.39,0.29,0.0518273
0.39,0.3,0.0516333
0.39,0.31,0.0516599
0.39,0.32,0.0515247
0.39,0.33,0.0512084
0.39,0.34,0.0517288
0.39,0.35,0.0518026
0.39,0.36,0.0517181
0.39,0.37,0.0516052
0.39,0.38,0.0517936
0.39,0.39,0.0516947
0.39,0.4,0.0513343
0.39,0.41,0.0517727
0.39,0.42,0.0514954
0.39,0.43,0.0521905
0.39,0.44,0.0518089
0.39,0.45,0.0515692
0.39,0.46,0.0517371
0.39,0.47,0.0518975
0.39,0.48,0.0514214
0.39,0.49,0.0515478
0.39,0.5,0.0516023
0.39,0.51,0.0517738
0.39,0.52,0.0519145
0.39,0.53,0.0514828
0.39,0.54,0.0513934
0.39,0.55,0.0517705
0.39,0.56,0.0516358
0.39,0.57,0.0517663
0.39,0.58,0.0515288
0.39,0.59,0.0517358
0.39,0.6,0.0516578
0.39,0.61,0.051667
0.39,0.62,0.0515596
0.39,0.63,0.0513088
0.39,0.64,0.0517795
0.39,0.65,0.0516021
0.39,0.66,0.0514559
0.39,0.67,0.0517673
0.39,0.68,0.0517005
0.39,0.69,0.0519332
0.39,0.7,0.0519802
0.39,0.71,0.051803
0.39,0.72,0.051732
0.39,0.73,0.0518913
0.39,0.74,0.0517483
0.39,0.75,0.0515107
0.39,0.76,0.0513591
0.39,0.77,0.0515768
0.39,0.78,0.0514259
0.39,0.79,0.0514822
0.39,0.8,0.0512332
0.39,0.81,0.0510837
0.39,0.82,0.0508861
0.39,0.83,0.0502932
0.39,0.84,0.049976
0.39,0.85,0.0492026
0.39,0.86,0.0482798
0.39,0.87,0.0477962
0.39,0.88,0.0464551
0.39,0.89,0.0453327
0.39,0.9,0.0436235
0.39,0.91,0.0419178
0.39,0.92,0.0402276
0.39,0.93,0.0387128
0.39,0.94,0.036938
0.39,0.95,0.0348522
0.39,0.96,0.0327745
0.39,0.97,0.0312268
0.39,0.98,0.0291161
0.39,0.99,0.0275625
0.4,0,0.0260683
0.4,0.01,0.0272468
0.4,0.02,0.0292241
0.4,0.03,0.030788
0.4,0.04,0.0326384
0.4,0.05,0.03487
0.4,0.06,0.0364205
0.4,0.07,0.0388043
0.4,0.08,0.0404998
0.4,0.09,0.0420525
0.4,0.1,0.0437894
0.4,0.11,0.045421
0.4,0.12,0.0466754
0.4,0.13,0.0476373
0.4,0.14,0.0483937
0.4,0.15,0.0493177
0.4,0.16,0.0499508
0.4,0.17,0.050332
0.4,0.18,0.0507477
0.4,0.19,0.0507231
0.4,0.2,0.0513422
0.4,0.21,0.0515311
0.4,0.22,0.0513273
0.4,0.23,0.0513465
0.4,0.24,0.0514377
0.4,0.25,0.0513628
0.4,0.26,0.0520189
0.4,0.27,0.0514235
0.4,0.28,0.0515814
0.4,0.29,0.0519025
0.4,0.3,0.0519745
0.4,0.31,0.0519533
0.4,0.32,0.0518943
0.4,0.33,0.0516629
0.4,0.34,0.0519454
0.4,0.35,0.0517595
0.4,0.36,0.0514295
0.4,0.37,0.0517956
0.4,0.38,0.0516189
0.4,0.39,0.0515571
0.4,0.4,0.0517279
0.4,0.41,0.0517177
0.4,0.42,0.0517067
0.4,0.43,0.0514573
0.4,0.44,0.0517772
0.4,0.45,0.0511704
0.4,0.46,0.0516585
0.4,0.47,0.0517337
0.4,0.48,0.0512929
0.4,0.49,0.0516716
0.4,0.5,0.0517358
0.4,0.51,0.0515917
0.4,0.52,0.0511552
0.4,0.53,0.0518443
0.4,0.54,0.051294
0.4,0.55,0.0518361
0.4,0.56,0.051792
0.4,0.57,0.0518524
0.4,0.58,0.0515646
0.4,0.59,0.0513328
0.4,0.6,0.0516889
0.4,0.61,0.0514748
0.4,0.62,0.0518634
0.4,0.63,0.0513404
0.4,0.64,0.0514637
0.4,0.65,0.0517367
0.4,0.66,0.0515467
0.4,0.67,0.0518322
0.4,0.68,0.0517899
0.4,0.69,0.0514022
0.4,0.7,0.0519023
0.4,0.71,0.0513104
0.4,0.72,0.0517584
0.4,0.73,0.0518786
0.4,0.74,0.0512205
0.4,0.75,0.0521587
0.4,0.76,0.0514871
0.4,0.77,0.0514319
0.4,0.78,0.0512307
0.4,0.79,0.0514235
0.4,0.8,0.051729
0.4,0.81,0.0510776
0.4,0.82,0.0510249
0.4,0.83,0.0505007
0.4,0.84,0.0502579
0.4,0.85,0.0493923
0.4,0.86,0.0484564
0.4,0.87,0.0472709
0.4,0.88,0.0463808
0.4,0.89,0.0453377
0.4,0.9,0.0434921
0.4,0.91,0.0416932
0.4,0.92,0.0402226
0.4,0.93,0.0385454
0.4,0.94,0.0369204
0.4,0.95,0.0348429
0.4,0.96,0.0324196
0.4,0.97,0.0311006
0.4,0.98,0.0291185
0.4,0.99,0.0274425
0.41,0,0.0258385
0.41,0.01,0.0275117
0.41,0.02,0.029211
0.41,0.03,0.0308383
0.41,0.04,0.0327843
0.41,0.05,0.0348634
0.41,0.06,0.0364752
0.41,0.07,0.0382799
0.41,0.08,0.040268
0.41,0.09,0.0423122
0.41,0.1,0.0437823
0.41,0.11,0.0454006
0.41,0.12,0.0461633
0.41,0.13,0.04772
0.41,0.14,0.0482215
0.41,0.15,0.0492596
0.41,0.16,0.0497159
0.41,0.17,0.0503326
0.41,0.18,0.0505885
0.41,0.19,0.0510316
0.41,0.2,0.0510284
0.41,0.21,0.0512662
0.41,0.22,0.0512211
0.41,0.23,0.0514297
0.41,0.24,0.0518735
0.41,0.25,0.0514835
0.41,0.26,0.0517152
0.41,0.27,0.0515397
0.41,0.28,0.0519084
0.41,0.29,0.0514903
0.41,0.3,0.0515995
0.41,0.31,0.0519317
0.41,0.32,0.0515698
0.41,0.33,0.0518606
0.41,0.34,0.0516527
0.41,0.35,0.0513315
0.41,0.36,0.051554
0.41,0.37,0.0514337
0.41,0.38,0.0518536
0.41,0.39,0.0513836
0.41,0.4,0.0516318
0.41,0.41,0.0518938
0.41,0.42,0.0518338
0.41,0.43,0.0517446
0.41,0.44,0.0515177
0.41,0.45,0.0518599
0.41,0.46,0.0517155
0.41,0.47,0.0515015
0.41,0.48,0.0516944
0.41,0.49,0.0517659
0.41,0.5,0.0515434
0.41,0.51,0.0517354
0.41,0.52,0.0519353
0.41,0.53,0.051752
0.41,0.54,0.0517099
0.41,0.55,0.0516959
0.41,0.56,0.0514703
0.41,0.57,0.0516692
0.41,0.58,0.0520079
0.41,0.59,0.0517726
0.41,0.6,0.0516506
0.41,0.61,0.0519625
0.41,0.62,0.0516156
0.41,0.63,0.051737
0.41,0.64,0.0512392
0.41,0.65,0.0515977
0.41,0.66,0.0518568
0.41,0.67,0.0517358
0.41,0.68,0.0519409
0.41,0.69,0.0515556
0.41,0.7,0.0519807
0.41,0.71,0.0517745
0.41,0.72,0.0515127
0.41,0.73,0.0517213
0.41,0.74,0.0518307
0.41,0.75,0.0515496
0.41,0.76,0.051859
0.41,0.77,0.0518609
0.41,0.78,0.0509955
0.41,0.79,0.0513364
0.41,0.8,0.0515039
0.41,0.81,0.0509533
0.41,0.82,0.0506834
0.41,0.83,0.0506245
0.41,0.84,0.049673
0.41,0.85,0.0490278
0.41,0.86,0.0485135
0.41,0.87,0.0475754
0.41,0.88,0.0461694
0.41,0.89,0.0449334
0.41,0.9,0.0434936
0.41,0.91,0.0419173
0.41,0.92,0.0404547
0.41,0.93,0.0385013
0.41,0.94,0.0368251
0.41,0.95,0.0346593
0.41,0.96,0.0328854
0.41,0.97,0.0311754
0.41,0.98,0.0290906
0.41,0.99,0.0273103
0.42,0,0.0258788
0.42,0.01,0.027569
0.42,0.02,0.0290951
0.42,0.03,0.0307989
0.42,0.04,0.0328579
0.42,0.05,0.0348034
0.42,0.06,0.0367756
0.42,0.07,0.0383319
0.42,0.08,0.0402183
0.42,0.09,0.0421604
0.42,0.1,0.0441449
0.42,0.11,0.0451687
0.42,0.12,0.0462564
0.42,0.13,0.0476563
0.42,0.14,0.048577
0.42,0.15,0.0494921
0.42,0.16,0.0496691
0.42,0.17,0.0500149
0.42,0.18,0.0505347
0.42,0.19,0.0509246
0.42,0.2,0.0515269
0.42,0.21,0.0516267
0.42,0.22,0.051796
0.42,0.23,0.0515864
0.42,0.24,0.051783
0.42,0.25,0.0518826
0.42,0.26,0.0514283
0.42,0.27,0.0519788
0.42,0.28,0.0516112
0.42,0.29,0.051504
0.42,0.3,0.0514077
0.42,0.31,0.051749
0.42,0.32,0.051487
0.42,0.33,0.0518091
0.42,0.34,0.0513164
0.42,0.35,0.0519205
0.42,0.36,0.051751
0.42,0.37,0.0517141
0.42,0.38,0.0515594
0.42,0.39,0.0516614
0.42,0.4,0.0518283
0.42,0.41,0.0517968
0.42,0.42,0.0514891
0.42,0.43,0.0520527
0.42,0.44,0.0515224
0.42,0.45,0.0515777
0.42,0.46,0.0514111
0.42,0.47,0.0520487
0.42,0.48,0.0516913
0.42,0.49,0.0517683
0.42,0.5,0.0517926
0.42,0.51,0.0516685
0.42,0.52,0.052076
0.42,0.53,0.0514865
0.42,0.54,0.0513505
0.42,0.55,0.0519089
0.42,0.56,0.0513764
0.42,0.57,0.0518511
0.42,0.58,0.051617
0.42,0.59,0.0519064
0.42,0.6,0.05164
0.42,0.61,0.0519447
0.42,0.62,0.0517135
0.42,0.63,0.0517916
0.42,0.64,0.0516594
0.42,0.65,0.0518979
0.42,0.66,0.0517397
0.42,0.67,0.0518039
0.42,0.68,0.051582
0.42,0.69,0.0517225
0.42,0.7,0.0516033
0.42,0.71,0.051755
0.42,0.72,0.0523025
0.42,0.73,0.0520286
0.42,0.74,0.0516123
0.42,0.75,0.0518108
0.42,0.76,0.0517976
0.42,0.77,0.0514958
0.42,0.78,0.0515786
0.42,0.79,0.0513837
0.42,0.8,0.051036
0.42,0.81,0.0509125
0.42,0.82,0.0504801
0.42,0.83,0.0505353
0.42,0.84,0.0500223
0.42,0.85,0.0493938
0.42,0.86,0.0483266
0.42,0.87,0.0474825
0.42,0.88,0.0462983
0.42,0.89,0.0448195
0.42,0.9,0.0437243
0.42,0.91,0.042118
0.42,0.92,0.0402821
0.42,0.93,0.0384419
0.42,0.94,0.0368216
0.42,0.95,0.0347287
0.42,0.96,0.0329068
0.42,0.97,0.0312861
0.42,0.98,0.0291444
0.42,0.99,0.0274937
0.43,0,0.0258675
0.43,0.01,0.0277028
0.43,0.02,0.029078
0.43,0.03,0.0310911
0.43,0.04,0.0325866
0.43,0.05,0.0348183
0.43,0.06,0.0364366
0.43,0.07,0.0384653
0.43,0.08,0.0404752
0.43,0.09,0.0417296
0.43,0.1,0.0430325
0.43,0.11,0.0450521
0.43,0.12,0.0463226
0.43,0.13,0.0472969
0.43,0.14,0.0483492
0.43,0.15,0.0488287
0.43,0.16,0.0500408
0.43,0.17,0.0501347
0.43,0.18,0.0506829
0.43,0.19,0.0508331
0.43,0.2,0.0506905
0.43,0.21,0.0514564
0.43,0.22,0.0512545
0.43,0.23,0.0513363
0.43,0.24,0.0514871
0.43,0.25,0.0514987
0.43,0.26,0.0519439
0.43,0.27,0.0516329
0.43,0.28,0.0514748
0.43,0.29,0.0520911
0.43,0.3,0.0514139
0.43,0.31,0.0517039
0.43,0.32,0.051803
0.43,0.33,0.0514927
0.43,0.34,0.0515473
0.43,0.35,0.051699
0.43,0.36,0.0518115
0.43,0.37,0.051641
0.43,0.38,0.0511852
0.43,0.39,0.0515694
0.43,0.4,0.0515092
0.43,0.41,0.0518505
0.43,0.42,0.0516521
0.43,0.43,0.0518638
0.43,0.44,0.0515343
0.43,0.45,0.0517103
0.43,0.46,0.0515721
0.43,0.47,0.0518995
0.43,0.48,0.0518341
0.43,0.49,0.0514416
0.43,0.5,0.0511355
0.43,0.51,0.0517278
0.43,0.52,0.0517139
0.43,0.53,0.0516906
0.43,0.54,0.0517305
0.43,0.55,0.0520489
0.43,0.56,0.0517407
0.43,0.57,0.0516782
0.43,0.58,0.0517557
0.43,0.59,0.0517523
0.43,0.6,0.0515961
0.43,0.61,0.0519023
0.43,0.62,0.0518506
0.43,0.63,0.0516305
0.43,0.64,0.0518416
0.43,0.65,0.051876
0.43,0.66,0.0519147
0.43,0.67,0.0517259
0.43,0.68,0.0518835
0.43,0.69,0.0515048
0.43,0.7,0.0511771
0.43,0.71,0.0520914
0.43,0.72,0.0519555
0.43,0.73,0.0514993
0.43,0.74,0.0513888
0.43,0.75,0.0518
0.43,0.76,0.0517684
0.43,0.77,0.0513792
0.43,0.78,0.0514713
0.43,0.79,0.0513815
0.43,0.8,0.05101
0.43,0.81,0.0506511
0.43,0.82,0.0509628
0.43,0.83,0.0498945
0.43,0.84,0.0497644
0.43,0.85,0.0489727
0.43,0.86,0.048321
0.43,0.87,0.0474265
0.43,0.88,0.0468539
0.43,0.89,0.0453519
0.43,0.9,0.0433353
0.43,0.91,0.0422245
0.43,0.92,0.0402561
0.43,0.93,0.0382294
0.43,0.94,0.036965
0.43,0.95,0.0348395
0.43,0.96,0.0327189
0.43,0.97,0.0307978
0.43,0.98,0.0292325
0.43,0.99,0.0274701
0.44,0,0.0257384
0.44,0.01,0.0276107
0.44,0.02,0.0291495
0.44,0.03,0.031261
0.44,0.04,0.0327657
0.44,0.05,0.0347651
0.44,0.06,0.0366714
0.44,0.07,0.0385486
0.44,0.08,0.0404334
0.44,0.09,0.0418363
0.44,0.1,0.0436126
0.44,0.11,0.0452341
0.44,0.12,0.0464117
0.44,0.13,0.0475427
0.44,0.14,0.0482191
0.44,0.15,0.0492678
0.44,0.16,0.0497115
0.44,0.17,0.0502194
0.44,0.18,0.0506203
0.44,0.19,0.050832
0.44,0.2,0.0510236
0.44,0.21,0.0514194
0.44,0.22,0.051632
0.44,0.23,0.0511647
0.44,0.24,0.0516924
0.44,0.25,0.0516226
0.44,0.26,0.0516275
0.44,0.27,0.0515076
0.44,0.28,0.0516642
0.44,0.29,0.0517442
0.44,0.3,0.0515385
0.44,0.31,0.0516736
0.44,0.32,0.0516096
0.44,0.33,0.0519389
0.44,0.34,0.0513723
0.44,0.35,0.0513308
0.44,0.36,0.0514727
0.44,0.37,0.0518658
0.44,0.38,0.0520112
0.44,0.39,0.0516134
0.44,0.4,0.0518286
0.44,0.41,0.0516228
0.44,0.42,0.0517954
0.44,0.43,0.0516721
0.44,0.44,0.0517848
0.44,0.45,0.0515418
0.44,0.46,0.0510074
0.44,0.47,0.0516197
0.44,0.48,0.0515023
0.44,0.49,0.0516294
0.44,0.5,0.0516197
0.44,0.51,0.0517143
0.44,0.52,0.0517097
0.44,0.53,0.0519745
0.44,0.54,0.0514899
0.44,0.55,0.0512975
0.44,0.56,0.051864
0.44,0.57,0.0515351
0.44,0.58,0.0518106
0.44,0.59,0.0520242
0.44,0.6,0.0515451
0.44,0.61,0.0516787
0.44,0.62,0.051849
0.44,0.63,0.0521856
0.44,0.64,0.0519331
0.44,0.65,0.0518812
0.44,0.66,0.0519939
0.44,0.67,0.0514322
0.44,0.68,0.0516056
0.44,0.69,0.0517031
0.44,0.7,0.0515906
0.44,0.71,0.0515327
0.44,0.72,0.0517614
0.44,0.73,0.0513389
0.44,0.74,0.051752
0.44,0.75,0.0516134
0.44,0.76,0.0519885
0.44,0.77,0.0514971
0.44,0.78,0.0518753
0.44,0.79,0.0516417
0.44,0.8,0.0513259
0.44,0.81,0.0510385
0.44,0.82,0.0506625
0.44,0.83,0.0505675
0.44,0.84,0.0500774
0.44,0.85,0.0490541
0.44,0.86,0.048231
0.44,0.87,0.0477132
0.44,0.88,0.0462575
0.44,0.89,0.0455602
0.44,0.9,0.0434804
0.44,0.91,0.041885
0.44,0.92,0.0402984
0.44,0.93,0.0386141
0.44,0.94,0.0367631
0.44,0.95,0.0347675
0.44,0.96,0.0327715
0.44,0.97,0.0308772
0.44,0.98,0.029088
0.44,0.99,0.0277169
0.45,0,0.025927
0.45,0.01,0.0274813
0.45,0.02,0.029607
0.45,0.03,0.0308253
0.45,0.04,0.0326085
0.45,0.05,0.0345275
0.45,0.06,0.0368188
0.45,0.07,0.0385266
0.45,0.08,0.0401602
0.45,0.09,0.0420673
0.45,0.1,0.0434702
0.45,0.11,0.0449899
0.45,0.12,0.0462016
0.45,0.13,0.0477965
0.45,0.14,0.0486597
0.45,0.15,0.048983
0.45,0.16,0.0497999
0.45,0.17,0.0504386
0.45,0.18,0.0510072
0.45,0.19,0.0506742
0.45,0.2,0.0517974
0.45,0.21,0.051334
0.45,0.22,0.0515486
0.45,0.23,0.0513969
0.45,0.24,0.0519725
0.45,0.25,0.0518004
0.45,0.26,0.0519223
0.45,0.27,0.0517186
0.45,0.28,0.0517536
0.45,0.29,0.051558
0.45,0.3,0.0515626
0.45,0.31,0.0520323
0.45,0.32,0.0515465
0.45,0.33,0.051819
0.45,0.34,0.0514603
0.45,0.35,0.0516607
0.45,0.36,0.0516445
0.45,0.37,0.0513058
0.45,0.38,0.0521275
0.45,0.39,0.0514739
0.45,0.4,0.0512051
0.45,0.41,0.0514449
0.45,0.42,0.0514267
0.45,0.43,0.0519624
0.45,0.44,0.0515752
0.45,0.45,0.0517431
0.45,0.46,0.0520372
0.45,0.47,0.0514764
0.45,0.48,0.0515118
0.45,0.49,0.0515004
0.45,0.5,0.0518545
0.45,0.51,0.0518925
0.45,0.52,0.0518404
0.45,0.53,0.0514643
0.45,0.54,0.0516934
0.45,0.55,0.0517769
0.45,0.56,0.051658
0.45,0.57,0.0515289
0.45,0.58,0.0516529
0.45,0.59,0.051475
0.45,0.6,0.0517714
0.45,0.61,0.0514856
0.45,0.62,0.0514251
0.45,0.63,0.0513562
0.45,0.64,0.0516977
0.45,0.65,0.0517112
0.45,0.66,0.0520113
0.45,0.67,0.051713
0.45,0.68,0.0518977
0.45,0.69,0.0522303
0.45,0.7,0.0516496
0.45,0.71,0.0514354
0.45,0.72,0.0517242
0.45,0.73,0.0515921
0.45,0.74,0.0514619
0.45,0.75,0.0517412
0.45,0.76,0.0513168
0.45,0.77,0.0516307
0.45,0.78,0.0512944
0.45,0.79,0.0512543
0.45,0.8,0.0511101
0.45,0.81,0.0510598
0.45,0.82,0.0504485
0.45,0.83,0.0506202
0.45,0.84,0.0499787
0.45,0.85,0.049307
0.45,0.86,0.0485576
0.45,0.87,0.0476595
0.45,0.88,0.0465027
0.45,0.89,0.0448943
0.45,0.9,0.0436542
0.45,0.91,0.04208
0.45,0.92,0.0405551
0.45,0.93,0.0384531
0.45,0.94,0.0363139
0.45,0.95,0.0348246
0.45,0.96,0.0325887
0.45,0.97,0.0308587
0.45,0.98,0.0294817
0.45,0.99,0.0275799
0.46,0,0.0257927
0.46,0.01,0.0274673
0.46,0.02,0.0290987
0.46,0.03,0.0306708
0.46,0.04,0.0328434
0.46,0.05,0.0345132
0.46,0.06,0.0365192
0.46,0.07,0.0382548
0.46,0.08,0.040146
0.46,0.09,0.0421395
0.46,0.1,0.0436929
0.46,0.11,0.0452151
0.46,0.12,0.0461409
0.46,0.13,0.0474657
0.46,0.14,0.0485345
0.46,0.15,0.0497816
0.46,0.16,0.0496841
0.46,0.17,0.0502823
0.46,0.18,0.0504607
0.46,0.19,0.0509414
0.46,0.2,0.0512901
0.46,0.21,0.0513205
0.46,0.22,0.0513551
0.46,0.23,0.0515512
0.46,0.24,0.0517442
0.46,0.25,0.0518497
0.46,0.26,0.0514048
0.46,0.27,0.0517921
0.46,0.28,0.0515704
0.46,0.29,0.0516692
0.46,0.3,0.0518402
0.46,0.31,0.0517511
0.46,0.32,0.0520598
0.46,0.33,0.0516436
0.46,0.34,0.0515915
0.46,0.35,0.0515853
0.46,0.36,0.0517188
0.46,0.37,0.0518681
0.46,0.38,0.0515872
0.46,0.39,0.051783
0.46,0.4,0.0516154
0.46,0.41,0.051821
0.46,0.42,0.0517583
0.46,0.43,0.0517703
0.46,0.44,0.0517189
0.46,0.45,0.0516908
0.46,0.46,0.0512709
0.46,0.47,0.0517994
0.46,0.48,0.0514712
0.46,0.49,0.0518326
0.46,0.5,0.0518011
0.46,0.51,0.0513356
0.46,0.52,0.0521666
0.46,0.53,0.0516312
0.46,0.54,0.0516236
0.46,0.55,0.0516427
0.46,0.56,0.0517342
0.46,0.57,0.0515753
0.46,0.58,0.0519195
0.46,0.59,0.0519216
0.46,0.6,0.051571
0.46,0.61,0.0517236
0.46,0.62,0.0517699
0.46,0.63,0.0519653
0.46,0.64,0.0511548
0.46,0.65,0.0517553
0.46,0.66,0.0518445
0.46,0.67,0.0515758
0.46,0.68,0.0517532
0.46,0.69,0.0519447
0.46,0.7,0.0514645
0.46,0.71,0.0516695
0.46,0.72,0.0520395
0.46,0.73,0.0515881
0.46,0.74,0.0514796
0.46,0.75,0.0514694
0.46,0.76,0.0514388
0.46,0.77,0.0512857
0.46,0.78,0.0514625
0.46,0.79,0.051431
0.46,0.8,0.0512695
0.46,0.81,0.0508782
0.46,0.82,0.0506677
0.46,0.83,0.0501461
0.46,0.84,0.0496732
0.46,0.85,0.0491386
0.46,0.86,0.0485173
0.46,0.87,0.0474695
0.46,0.88,0.0463957
0.46,0.89,0.044991
0.46,0.9,0.0438486
0.46,0.91,0.0418594
0.46,0.92,0.040333
0.46,0.93,0.0386588
0.46,0.94,0.0364238
0.46,0.95,0.0346196
0.46,0.96,0.0325435
0.46,0.97,0.0313743
0.46,0.98,0.0295361
0.46,0.99,0.0274789
0.47,0,0.0256145
0.47,0.01,0.027755
0.47,0.02,0.0293043
0.47,0.03,0.0311546
0.47,0.04,0.0330542
0.47,0.05,0.0345286
0.47,0.06,0.0362065
0.47,0.07,0.0382983
0.47,0.08,0.0406548
0.47,0.09,0.0420777
0.47,0.1,0.0437568
0.47,0.11,0.0450856
0.47,0.12,0.046377
0.47,0.13,0.0475496
0.47,0.14,0.0483566
0.47,0.15,0.049286
0.47,0.16,0.0498395
0.47,0.17,0.0503779
0.47,0.18,0.0502926
0.47,0.19,0.050917
0.47,0.2,0.0514156
0.47,0.21,0.0513512
0.47,0.22,0.0511635
0.47,0.23,0.0515952
0.47,0.24,0.0514515
0.47,0.25,0.0514775
0.47,0.26,0.0516037
0.47,0.27,0.0514339
0.47,0.28,0.05166
0.47,0.29,0.0518314
0.47,0.3,0.0513793
0.47,0.31,0.0520756
0.47,0.32,0.0513822
0.47,0.33,0.0515013
0.47,0.34,0.051457
0.47,0.35,0.0515471
0.47,0.36,0.0515436
0.47,0.37,0.0513465
0.47,0.38,0.0514522
0.47,0.39,0.0518471
0.47,0.4,0.0519095
0.47,0.41,0.0515442
0.47,0.42,0.0516425
0.47,0.43,0.0512061
0.47,0.44,0.0517998
0.47,0.45,0.0518373
0.47,0.46,0.0518209
0.47,0.47,0.0514076
0.47,0.48,0.051255
0.47,0.49,0.0519174
0.47,0.5,0.0518448
0.47,0.51,0.0519482
0.47,0.52,0.0515137
0.47,0.53,0.0512949
0.47,0.54,0.0517857
0.47,0.55,0.0514396
0.47,0.56,0.0517575
0.47,0.57,0.0516605
0.47,0.58,0.0514308
0.47,0.59,0.0516851
0.47,0.6,0.0516653
0.47,0.61,0.0518215
0.47,0.62,0.051658
0.47,0.63,0.0516075
0.47,0.64,0.0518421
0.47,0.65,0.0514003
0.47,0.66,0.0518655
0.47,0.67,0.0519601
0.47,0.68,0.0514124
0.47,0.69,0.0515547
0.47,0.7,0.0517005
0.47,0.71,0.0517877
0.47,0.72,0.0517594
0.47,0.73,0.0515207
0.47,0.74,0.0512408
0.47,0.75,0.0518088
0.47,0.76,0.0517462
0.47,0.77,0.0513568
0.47,0.78,0.0514017
0.47,0.79,0.0513308
0.47,0.8,0.0512053
0.47,0.81,0.0508007
0.47,0.82,0.0507146
0.47,0.83,0.0501006
0.47,0.84,0.0497749
0.47,0.85,0.0490562
0.47,0.86,0.0485605
0.47,0.87,0.0475416
0.47,0.88,0.0467618
0.47,0.89,0.0453356
0.47,0.9,0.0434127
0.47,0.91,0.041835
0.47,0.92,0.040592
0.47,0.93,0.0384343
0.47,0.94,0.0366502
0.47,0.95,0.0344387
0.47,0.96,0.0330494
0.47,0.97,0.0309911
0.47,0.98,0.0294234
0.47,0.99,0.0277642
0.48,0,0.0259132
0.48,0.01,0.0274351
0.48,0.02,0.0292691
0.48,0.03,0.0311668
0.48,0.04,0.0330858
0.48,0.05,0.0347366
0.48,0.06,0.0365389
0.48,0.07,0.0383863
0.48,0.08,0.0404082
0.48,0.09,0.0419982
0.48,0.1,0.0439442
0.48,0.11,0.0452146
0.48,0.12,0.0467173
0.48,0.13,0.0478051
0.48,0.14,0.0483139
0.48,0.15,0.0493995
0.48,0.16,0.0497094
0.48,0.17,0.0504347
0.48,0.18,0.0508285
0.48,0.19,0.0510427
0.48,0.2,0.0510517
0.48,0.21,0.0513886
0.48,0.22,0.0516168
0.48,0.23,0.0512369
0.48,0.24,0.0517855
0.48,0.25,0.0520045
0.48,0.26,0.0514217
0.48,0.27,0.0518427
0.48,0.28,0.0517153
0.48,0.29,0.0518079
0.48,0.3,0.0517761
0.48,0.31,0.0515375
0.48,0.32,0.0518465
0.48,0.33,0.0516333
0.48,0.34,0.051857
0.48,0.35,0.0515699
0.48,0.36,0.0515977
0.48,0.37,0.0516823
0.48,0.38,0.0516935
0.48,0.39,0.0516636
0.48,0.4,0.0519078
0.48,0.41,0.0514687
0.48,0.42,0.0515737
0.48,0.43,0.0515743
0.48,0.44,0.0513066
0.48,0.45,0.0518802
0.48,0.46,0.0516798
0.48,0.47,0.0518927
0.48,0.48,0.0516945
0.48,0.49,0.0514832
0.48,0.5,0.0515465
0.48,0.51,0.0518211
0.48,0.52,0.0516392
0.48,0.53,0.051625
0.48,0.54,0.0519573
0.48,0.55,0.0516316
0.48,0.56,0.0516254
0.48,0.57,0.0519952
0.48,0.58,0.0518078
0.48,0.59,0.0519935
0.48,0.6,0.0518783
0.48,0.61,0.0515759
0.48,0.62,0.0517431
0.48,0.63,0.051461
0.48,0.64,0.0519657
0.48,0.65,0.0518179
0.48,0.66,0.0519205
0.48,0.67,0.051511
0.48,0.68,0.0514003
0.48,0.69,0.051918
0.48,0.7,0.0517605
0.48,0.71,0.0516582
0.48,0.72,0.0516386
0.48,0.73,0.0519234
0.48,0.74,0.0516569
0.48,0.75,0.0518562
0.48,0.76,0.0518907
0.48,0.77,0.0514107
0.48,0.78,0.0514144
0.48,0.79,0.0513949
0.48,0.8,0.0510657
0.48,0.81,0.0509973
0.48,0.82,0.0503441
0.48,0.83,0.0501918
0.48,0.84,0.0497445
0.48,0.85,0.04903
0.48,0.86,0.0483098
0.48,0.87,0.0475946
0.48,0.88,0.0463861
0.48,0.89,0.045318
0.48,0.9,0.0439098
0.48,0.91,0.0421316
0.48,0.92,0.0406381
0.48,0.93,0.0383957
0.48,0.94,0.0370151
0.48,0.95,0.0344606
0.48,0.96,0.0330247
0.48,0.97,0.0309103
0.48,0.98,0.0291454
0.48,0.99,0.0272601
0.49,0,0.0257343
0.49,0.01,0.0274002
0.49,0.02,0.0294476
0.49,0.03,0.0311049
0.49,0.04,0.0327021
0.49,0.05,0.034543
0.49,0.06,0.0365969
0.49,0.07,0.038515
0.49,0.08,0.0403765
0.49,0.09,0.0418535
0.49,0.1,0.0437078
0.49,0.11,0.0450575
0.49,0.12,0.0463585
0.49,0.13,0.047285
0.49,0.14,0.0485014
0.49,0.15,0.0493847
0.49,0.16,0.0501246
0.49,0.17,0.0503349
0.49,0.18,0.0506187
0.49,0.19,0.0508288
0.49,0.2,0.0511682
0.49,0.21,0.0512676
0.49,0.22,0.0514757
0.49,0.23,0.0516045
0.49,0.24,0.0516829
0.49,0.25,0.051358
0.49,0.26,0.0513437
0.49,0.27,0.0517022
0.49,0.28,0.051442
0.49,0.29,0.0515332
0.49,0.3,0.051638
0.49,0.31,0.0516199
0.49,0.32,0.0519251
0.49,0.33,0.0516718
0.49,0.34,0.0515828
0.49,0.35,0.0515794
0.49,0.36,0.0515704
0.49,0.37,0.0516945
0.49,0.38,0.0516695
0.49,0.39,0.0517226
0.49,0.4,0.0515481
0.49,0.41,0.0517181
0.49,0.42,0.0514101
0.49,0.43,0.0518967
0.49,0.44,0.0517459
0.49,0.45,0.0516932
0.49,0.46,0.0516733
0.49,0.47,0.0514353
0.49,0.48,0.0517207
0.49,0.49,0.0514762
0.49,0.5,0.0517491
0.49,0.51,0.0517045
0.49,0.52,0.0517738
0.49,0.53,0.051717
0.49,0.54,0.0517384
0.49,0.55,0.051512
0.49,0.56,0.051802
0.49,0.57,0.0514841
0.49,0.58,0.0516916
0.49,0.59,0.0519132
0.49,0.6,0.0515104
0.49,0.61,0.0516433
0.49,0.62,0.0518909
0.49,0.63,0.051648
0.49,0.64,0.0518415
0.49,0.65,0.051504
0.49,0.66,0.0513955
0.49,0.67,0.05209
0.49,0.68,0.0518847
0.49,0.69,0.0518017
0.49,0.7,0.0516211
0.49,0.71,0.0515764
0.49,0.72,0.0521664
0.49,0.73,0.0516933
0.49,0.74,0.0517908
0.49,0.75,0.051649
0.49,0.76,0.0518118
0.49,0.77,0.0511472
0.49,0.78,0.0513707
0.49,0.79,0.0515108
0.49,0.8,0.0507749
0.49,0.81,0.0512016
0.49,0.82,0.0511874
0.49,0.83,0.0500824
0.49,0.84,0.0500012
0.49,0.85,0.049218
0.49,0.86,0.0486723
0.49,0.87,0.0473617
0.49,0.88,0.0465765
0.49,0.89,0.0449919
0.49,0.9,0.0434899
0.49,0.91,0.0418623
0.49,0.92,0.0404905
0.49,0.93,0.0380092
0.49,0.94,0.0365882
0.49,0.95,0.034695
0.49,0.96,0.032655
0.49,0.97,0.0311957
0.49,0.98,0.0293376
0.49,0.99,0.0274269
0.5,0,0.0256856
0.5,0.01,0.0276616
0.5,0.02,0.0292348
0.5,0.03,0.0307898
0.5,0.04,0.0325392
0.5,0.05,0.0346522
0.5,0.06,0.0365
0.5,0.07,0.0385645
0.5,0.08,0.0401648
0.5,0.09,0.0422515
0.5,0.1,0.0437303
0.5,0.11,0.0454143
0.5,0.12,0.0462521
0.5,0.13,0.0473924
0.5,0.14,0.0483744
0.5,0.15,0.0493365
0.5,0.16,0.0494394
0.5,0.17,0.0501908
0.5,0.18,0.0504282
0.5,0.19,0.0513526
0.5,0.2,0.0511874
0.5,0.21,0.0517374
0.5,0.22,0.0510971
0.5,0.23,0.0515563
0.5,0.24,0.051522
0.5,0.25,0.0514785
0.5,0.26,0.0516888
0.5,0.27,0.0517305
0.5,0.28,0.051444
0.5,0.29,0.0517204
0.5,0.3,0.0516715
0.5,0.31,0.0514298
0.5,0.32,0.0518254
0.5,0.33,0.0516657
0.5,0.34,0.0515898
0.5,0.35,0.0518771
0.5,0.36,0.0518997
0.5,0.37,0.0515636
0.5,0.38,0.0513785
0.5,0.39,0.0516819
0.5,0.4,0.0516222
0.5,0.41,0.0513392
0.5,0.42,0.0516851
0.5,0.43,0.051913
0.5,0.44,0.0515152
0.5,0.45,0.0516385
0.5,0.46,0.0518616
0.5,0.47,0.0516292
0.5,0.48,0.0516806
0.5,0.49,0.0515659
0.5,0.5,0.0515596
0.5,0.51,0.0515208
0.5,0.52,0.0516667
0.5,0.53,0.0514583
0.5,0.54,0.0516159
0.5,0.55,0.0519479
0.5,0.56,0.0517577
0.5,0.57,0.0517585
0.5,0.58,0.0513463
0.5,0.59,0.0516467
0.5,0.6,0.0515634
0.5,0.61,0.0515889
0.5,0.62,0.0514237
0.5,0.63,0.0513257
0.5,0.64,0.0520815
0.5,0.65,0.051565
0.5,0.66,0.0515888
0.5,0.67,0.0516254
0.5,0.68,0.0515187
0.5,0.69,0.0516666
0.5,0.7,0.0514585
0.5,0.71,0.051465
0.5,0.72,0.0516201
0.5,0.73,0.0519024
0.5,0.74,0.0520731
0.5,0.75,0.0512502
0.5,0.76,0.0517266
0.5,0.77,0.0512016
0.5,0.78,0.0516345
0.5,0.79,0.05108
0.5,0.8,0.0511821
0.5,0.81,0.0510365
0.5,0.82,0.0509541
0.5,0.83,0.0504642
0.5,0.84,0.0496858
0.5,0.85,0.0491894
0.5,0.86,0.0484388
0.5,0.87,0.0476858
0.5,0.88,0.046711
0.5,0.89,0.0451968
0.5,0.9,0.0441265
0.5,0.91,0.0420014
0.5,0.92,0.0403561
0.5,0.93,0.0387983
0.5,0.94,0.0368478
0.5,0.95,0.0347744
0.5,0.96,0.0327184
0.5,0.97,0.0309867
0.5,0.98,0.0291152
0.5,0.99,0.0271476
0.51,0,0.0258987
0.51,0.01,0.0274287
0.51,0.02,0.0293955
0.51,0.03,0.0308629
0.51,0.04,0.0329507
0.51,0.05,0.0344901
0.51,0.06,0.0363619
0.51,0.07,0.0385575
0.51,0.08,0.0406085
0.51,0.09,0.0420976
0.51,0.1,0.0434829
0.51,0.11,0.0449187
0.51,0.12,0.0465368
0.51,0.13,0.0475572
0.51,0.14,0.0487518
0.51,0.15,0.0491149
0.51,0.16,0.0498898
0.51,0.17,0.0505815
0.51,0.18,0.0507834
0.51,0.19,0.0510929
0.51,0.2,0.0511858
0.51,0.21,0.0512967
0.51,0.22,0.0514117
0.51,0.23,0.0515696
0.51,0.24,0.0514378
0.51,0.25,0.0515337
0.51,0.26,0.0514939
0.51,0.27,0.0514466
0.51,0.28,0.0518727
0.51,0.29,0.0516954
0.51,0.3,0.0517497
0.51,0.31,0.0514906
0.51,0.32,0.051183
0.51,0.33,0.0519108
0.51,0.34,0.0519139
0.51,0.35,0.0515878
0.51,0.36,0.0515843
0.51,0.37,0.0519787
0.51,0.38,0.0515263
0.51,0.39,0.0518
0.51,0.4,0.0516131
0.51,0.41,0.0515977
0.51,0.42,0.0517867
0.51,0.43,0.0519794
0.51,0.44,0.0519044
0.51,0.45,0.0515018
0.51,0.46,0.051738
0.51,0.47,0.0514674
0.51,0.48,0.0513478
0.51,0.49,0.0516777
0.51,0.5,0.0515357
0.51,0.51,0.0518044
0.51,0.52,0.0517445
0.51,0.53,0.0518682
0.51,0.54,0.0519135
0.51,0.55,0.0515265
0.51,0.56,0.0515562
0.51,0.57,0.051737
0.51,0.58,0.0517913
0.51,0.59,0.0520378
0.51,0.6,0.0519659
0.51,0.61,0.0517465
0.51,0.62,0.0521734
0.51,0.63,0.0514415
0.51,0.64,0.0520067
0.51,0.65,0.051616
0.51,0.66,0.0516036
0.51,0.67,0.0513978
0.51,0.68,0.0519662
0.51,0.69,0.0517567
0.51,0.7,0.0518809
0.51,0.71,0.0519792
0.51,0.72,0.0518452
0.51,0.73,0.0515002
0.51,0.74,0.0519485
0.51,0.75,0.0515916
0.51,0.76,0.0517077
0.51,0.77,0.0514792
0.51,0.78,0.051493
0.51,0.79,0.051433
0.51,0.8,0.0512758
0.51,0.81,0.051237
0.51,0.82,0.0504529
0.51,0.83,0.0504491
0.51,0.84,0.0494047
0.51,0.85,0.0492207
0.51,0.86,0.0485039
0.51,0.87,0.0473761
0.51,0.88,0.0464512
0.51,0.89,0.0451946
0.51,0.9,0.0435465
0.51,0.91,0.0424267
0.51,0.92,0.0402416
0.51,0.93,0.0379521
0.51,0.94,0.0363137
0.51,0.95,0.0346398
0.51,0.96,0.0326766
0.51,0.97,0.0309793
0.51,0.98,0.0291263
0.51,0.99,0.0275802
0.52,0,0.0258637
0.52,0.01,0.0274252
0.52,0.02,0.0290874
0.52,0.03,0.0311713
0.52,0.04,0.0329003
0.52,0.05,0.0346024
0.52,0.06,0.0366863
0.52,0.07,0.0385686
0.52,0.08,0.040257
0.52,0.09,0.0424619
0.52,0.1,0.0436555
0.52,0.11,0.0457063
0.52,0.12,0.0465916
0.52,0.13,0.0474348
0.52,0.14,0.0482769
0.52,0.15,0.0494276
0.52,0.16,0.0501588
0.52,0.17,0.0502015
0.52,0.18,0.0510246
0.52,0.19,0.0509088
0.52,0.2,0.0512716
0.52,0.21,0.0513923
0.52,0.22,0.0516721
0.52,0.23,0.0518894
0.52,0.24,0.0522225
0.52,0.25,0.0515716
0.52,0.26,0.0514385
0.52,0.27,0.0518431
0.52,0.28,0.0519548
0.52,0.29,0.0516337
0.52,0.3,0.0514679
0.52,0.31,0.0510976
0.52,0.32,0.0512634
0.52,0.33,0.0517881
0.52,0.34,0.0520965
0.52,0.35,0.0518566
0.52,0.36,0.0513071
0.52,0.37,0.0515216
0.52,0.38,0.0517757
0.52,0.39,0.0514399
0.52,0.4,0.0519637
0.52,0.41,0.0515718
0.52,0.42,0.051462
0.52,0.43,0.0516099
0.52,0.44,0.0516642
0.52,0.45,0.0514029
0.52,0.46,0.0517465
0.52,0.47,0.0516986
0.52,0.48,0.051748
0.52,0.49,0.051361
0.52,0.5,0.0514583
0.52,0.51,0.0512665
0.52,0.52,0.0514546
0.52,0.53,0.051744
0.52,0.54,0.0519957
0.52,0.55,0.0516967
0.52,0.56,0.0515838
0.52,0.57,0.051372
0.52,0.58,0.0517583
0.52,0.59,0.0521146
0.52,0.6,0.0510738
0.52,0.61,0.0517521
0.52,0.62,0.0516635
0.52,0.63,0.0519621
0.52,0.64,0.0514154
0.52,0.65,0.0516521
0.52,0.66,0.0513932
0.52,0.67,0.0518569
0.52,0.68,0.0519445
0.52,0.69,0.0520848
0.52,0.7,0.0517625
0.52,0.71,0.0517249
0.52,0.72,0.0517303
0.52,0.73,0.0514752
0.52,0.74,0.0517582
0.52,0.75,0.0518232
0.52,0.76,0.0516081
0.52,0.77,0.0517632
0.52,0.78,0.0514319
0.52,0.79,0.0515106
0.52,0.8,0.0514357
0.52,0.81,0.0512649
0.52,0.82,0.0507078
0.52,0.83,0.050343
0.52,0.84,0.0497527
0.52,0.85,0.049343
0.52,0.86,0.0484784
0.52,0.87,0.0474452
0.52,0.88,0.0462498
0.52,0.89,0.0454003
0.52,0.9,0.0435964
0.52,0.91,0.0425019
0.52,0.92,0.0402015
0.52,0.93,0.0383548
0.52,0.94,0.0368063
0.52,0.95,0.0348559
0.52,0.96,0.032978
0.52,0.97,0.0307599
0.52,0.98,0.0293302
0.52,0.99,0.0272595
0.53,0,0.0257078
0.53,0.01,0.0276352
0.53,0.02,0.0290034
0.53,0.03,0.0305207
0.53,0.04,0.0328146
0.53,0.05,0.0347014
0.53,0.06,0.0365631
0.53,0.07,0.0383324
0.53,0.08,0.0404817
0.53,0.09,0.0420975
0.53,0.1,0.0434442
0.53,0.11,0.0446229
0.53,0.12,0.0462334
0.53,0.13,0.0475801
0.53,0.14,0.0486215
0.53,0.15,0.0494871
0.53,0.16,0.0497476
0.53,0.17,0.0501445
0.53,0.18,0.0505137
0.53,0.19,0.0510673
0.53,0.2,0.0510075
0.53,0.21,0.0513756
0.53,0.22,0.0514652
0.53,0.23,0.051569
0.53,0.24,0.0514928
0.53,0.25,0.0515459
0.53,0.26,0.05155
0.53,0.27,0.0518712
0.53,0.28,0.0516702
0.53,0.29,0.0516217
0.53,0.3,0.0515508
0.53,0.31,0.0517448
0.53,0.32,0.0516717
0.53,0.33,0.0516306
0.53,0.34,0.0516782
0.53,0.35,0.0517029
0.53,0.36,0.0516935
0.53,0.37,0.0519599
0.53,0.38,0.0515599
0.53,0.39,0.0518891
0.53,0.4,0.0517043
0.53,0.41,0.0516877
0.53,0.42,0.0517241
0.53,0.43,0.0519299
0.53,0.44,0.0515295
0.53,0.45,0.0517703
0.53,0.46,0.0513493
0.53,0.47,0.0516035
0.53,0.48,0.0514479
0.53,0.49,0.0513603
0.53,0.5,0.0517193
0.53,0.51,0.0518655
0.53,0.52,0.0519464
0.53,0.53,0.0515345
0.53,0.54,0.0513819
0.53,0.55,0.0519035
0.53,0.56,0.0514416
0.53,0.57,0.051311
0.53,0.58,0.0515754
0.53,0.59,0.0515854
0.53,0.6,0.051642
0.53,0.61,0.0516551
0.53,0.62,0.0517987
0.53,0.63,0.0516777
0.53,0.64,0.0517892
0.53,0.65,0.0517178
0.53,0.66,0.0518782
0.53,0.67,0.0517627
0.53,0.68,0.0516201
0.53,0.69,0.0518886
0.53,0.7,0.051642
0.53,0.71,0.0516959
0.53,0.72,0.0517077
0.53,0.73,0.0514925
0.53,0.74,0.0515648
0.53,0.75,0.0516326
0.53,0.76,0.0517093
0.53,0.77,0.0515167
0.53,0.78,0.0515788
0.53,0.79,0.0511268
0.53,0.8,0.0510618
0.53,0.81,0.0513556
0.53,0.82,0.050576
0.53,0.83,0.0503096
0.53,0.84,0.0496936
0.53,0.85,0.0492495
0.53,0.86,0.0485309
0.53,0.87,0.0475031
0.53,0.88,0.0464426
0.53,0.89,0.0455786
0.53,0.9,0.0435178
0.53,0.91,0.0418643
0.53,0.92,0.0402497
0.53,0.93,0.0383694
0.53,0.94,0.036691
0.53,0.95,0.0345795
0.53,0.96,0.0327588
0.53,0.97,0.0309136
0.53,0.98,0.0289467
0.53,0.99,0.027502
0.54,0,0.0256995
0.54,0.01,0.0277046
0.54,0.02,0.0295734
0.54,0.03,0.0307077
0.54,0.04,0.032438
0.54,0.05,0.0345727
0.54,0.06,0.0364569
0.54,0.07,0.0383571
0.54,0.08,0.040191
0.54,0.09,0.042159
0.54,0.1,0.0439815
0.54,0.11,0.0448478
0.54,0.12,0.0464984
0.54,0.13,0.0476044
0.54,0.14,0.0486129
0.54,0.15,0.0495417
0.54,0.16,0.0499044
0.54,0.17,0.0500768
0.54,0.18,0.0509181
0.54,0.19,0.0506453
0.54,0.2,0.0510929
0.54,0.21,0.0513137
0.54,0.22,0.0513113
0.54,0.23,0.0514223
0.54,0.24,0.0517025
0.54,0.25,0.0514629
0.54,0.26,0.0514051
0.54,0.27,0.0517389
0.54,0.28,0.0514478
0.54,0.29,0.0515004
0.54,0.3,0.051719
0.54,0.31,0.0517026
0.54,0.32,0.0517639
0.54,0.33,0.0516423
0.54,0.34,0.0510711
0.54,0.35,0.0514233
0.54,0.36,0.0516989
0.54,0.37,0.0518216
0.54,0.38,0.0512319
0.54,0.39,0.0514793
0.54,0.4,0.0516614
0.54,0.41,0.051758
0.54,0.42,0.0518731
0.54,0.43,0.051647
0.54,0.44,0.0518081
0.54,0.45,0.0515411
0.54,0.46,0.0512351
0.54,0.47,0.0513955
0.54,0.48,0.0516577
0.54,0.49,0.0516806
0.54,0.5,0.051578
0.54,0.51,0.0517657
0.54,0.52,0.0519018
0.54,0.53,0.0518124
0.54,0.54,0.0514917
0.54,0.55,0.0513306
0.54,0.56,0.0514218
0.54,0.57,0.0514295
0.54,0.58,0.0517785
0.54,0.59,0.0517458
0.54,0.6,0.051731
0.54,0.61,0.0516215
0.54,0.62,0.0516347
0.54,0.63,0.0513497
0.54,0.64,0.0517409
0.54,0.65,0.0516754
0.54,0.66,0.0519028
0.54,0.67,0.0518
0.54,0.68,0.0515937
0.54,0.69,0.0515639
0.54,0.7,0.0520413
0.54,0.71,0.0518748
0.54,0.72,0.0514922
0.54,0.73,0.0516273
0.54,0.74,0.0517363
0.54,0.75,0.051638
0.54,0.76,0.0515355
0.54,0.77,0.0515321
0.54,0.78,0.0512586
0.54,0.79,0.0510871
0.54,0.8,0.0512938
0.54,0.81,0.0508678
0.54,0.82,0.0508791
0.54,0.83,0.0503628
0.54,0.84,0.0497112
0.54,0.85,0.049301
0.54,0.86,0.0486947
0.54,0.87,0.0475062
0.54,0.88,0.0463388
0.54,0.89,0.0452202
0.54,0.9,0.0438309
0.54,0.91,0.0420021
0.54,0.92,0.0404364
0.54,0.93,0.0386161
0.54,0.94,0.0366431
0.54,0.95,0.0347691
0.54,0.96,0.0328393
0.54,0.97,0.031061
0.54,0.98,0.0291683
0.54,0.99,0.0274743
0.55,0,0.0258695
0.55,0.01,0.0274415
0.55,0.02,0.0291101
0.55,0.03,0.0310731
0.55,0.04,0.0326093
0.55,0.05,0.0345344
0.55,0.06,0.0366944
0.55,0.07,0.0385196
0.55,0.08,0.0402527
0.55,0.09,0.0422777
0.55,0.1,0.043643
0.55,0.11,0.044934
0.55,0.12,0.0461046
0.55,0.13,0.0480908
0.55,0.14,0.048492
0.55,0.15,0.049439
0.55,0.16,0.04991
0.55,0.17,0.0504126
0.55,0.18,0.0503738
0.55,0.19,0.0511176
0.55,0.2,0.0513106
0.55,0.21,0.051263
0.55,0.22,0.0515244
0.55,0.23,0.0516321
0.55,0.24,0.0519077
0.55,0.25,0.0514258
0.55,0.26,0.0515098
0.55,0.27,0.0516665
0.55,0.28,0.0519418
0.55,0.29,0.0520411
0.55,0.3,0.0518739
0.55,0.31,0.0516112
0.55,0.32,0.0517198
0.55,0.33,0.0514692
0.55,0.34,0.0517309
0.55,0.35,0.0519318
0.55,0.36,0.0514887
0.55,0.37,0.0517288
0.55,0.38,0.0518635
0.55,0.39,0.0520036
0.55,0.4,0.0521387
0.55,0.41,0.0517913
0.55,0.42,0.0520848
0.55,0.43,0.0516187
0.55,0.44,0.0514578
0.55,0.45,0.0518927
0.55,0.46,0.0513983
0.55,0.47,0.0519654
0.55,0.48,0.0520812
0.55,0.49,0.0515992
0.55,0.5,0.0518578
0.55,0.51,0.0516971
0.55,0.52,0.0519902
0.55,0.53,0.0516913
0.55,0.54,0.0515842
0.55,0.55,0.0516787
0.55,0.56,0.051778
0.55,0.57,0.0518801
0.55,0.58,0.0516611
0.55,0.59,0.0516707
0.55,0.6,0.0516313
0.55,0.61,0.0515192
0.55,0.62,0.0518736
0.55,0.63,0.0514995
0.55,0.64,0.0514356
0.55,0.65,0.0517573
0.55,0.66,0.0519483
0.55,0.67,0.05206
0.55,0.68,0.051852
0.55,0.69,0.0514735
0.55,0.7,0.0517958
0.55,0.71,0.0517388
0.55,0.72,0.0515703
0.55,0.73,0.0517866
0.55,0.74,0.0518463
0.55,0.75,0.0515522
0.55,0.76,0.0517813
0.55,0.77,0.0512513
0.55,0.78,0.0515405
0.55,0.79,0.0513485
0.55,0.8,0.0513314
0.55,0.81,0.0511638
0.55,0.82,0.050724
0.55,0.83,0.0504979
0.55,0.84,0.0499387
0.55,0.85,0.0490883
0.55,0.86,0.0482951
0.55,0.87,0.0474993
0.55,0.88,0.0464378
0.55,0.89,0.0452111
0.55,0.9,0.0435153
0.55,0.91,0.0422139
0.55,0.92,0.0404443
0.55,0.93,0.038538
0.55,0.94,0.0367817
0.55,0.95,0.0345694
0.55,0.96,0.0327325
0.55,0.97,0.0306824
0.55,0.98,0.0293117
0.55,0.99,0.0273909
0.56,0,0.0257629
0.56,0.01,0.0276026
0.56,0.02,0.0293222
0.56,0.03,0.0312629
0.56,0.04,0.0330484
0.56,0.05,0.0346298
0.56,0.06,0.0364305
0.56,0.07,0.0384743
0.56,0.08,0.0406201
0.56,0.09,0.041986
0.56,0.1,0.0434104
0.56,0.11,0.04548
0.56,0.12,0.0463581
0.56,0.13,0.047783
0.56,0.14,0.0486489
0.56,0.15,0.0493186
0.56,0.16,0.0500418
0.56,0.17,0.0503492
0.56,0.18,0.0504651
0.56,0.19,0.0508778
0.56,0.2,0.0512452
0.56,0.21,0.0511597
0.56,0.22,0.0513184
0.56,0.23,0.0517905
0.56,0.24,0.0514792
0.56,0.25,0.0515078
0.56,0.26,0.0515936
0.56,0.27,0.0518123
0.56,0.28,0.0511506
0.56,0.29,0.051659
0.56,0.3,0.0518669
0.56,0.31,0.0513837
0.56,0.32,0.0518769
0.56,0.33,0.0516
0.56,0.34,0.0520767
0.56,0.35,0.0518757
0.56,0.36,0.0516524
0.56,0.37,0.0517036
0.56,0.38,0.0514927
0.56,0.39,0.0516672
0.56,0.4,0.0520208
0.56,0.41,0.0517549
0.56,0.42,0.0519888
0.56,0.43,0.0519029
0.56,0.44,0.0516598
0.56,0.45,0.0518269
0.56,0.46,0.052105
0.56,0.47,0.0518772
0.56,0.48,0.0516151
0.56,0.49,0.0515117
0.56,0.5,0.0518084
0.56,0.51,0.0517966
0.56,0.52,0.0517049
0.56,0.53,0.0517787
0.56,0.54,0.0518182
0.56,0.55,0.0517179
0.56,0.56,0.0516389
0.56,0.57,0.0518814
0.56,0.58,0.0519116
0.56,0.59,0.0518735
0.56,0.6,0.0514915
0.56,0.61,0.0513155
0.56,0.62,0.0516118
0.56,0.63,0.0515574
0.56,0.64,0.0517828
0.56,0.65,0.051463
0.56,0.66,0.0520187
0.56,0.67,0.0517828
0.56,0.68,0.051689
0.56,0.69,0.0515958
0.56,0.7,0.0514929
0.56,0.71,0.0517262
0.56,0.72,0.0514314
0.56,0.73,0.051683
0.56,0.74,0.0514905
0.56,0.75,0.0517073
0.56,0.76,0.0516703
0.56,0.77,0.0519813
0.56,0.78,0.0512924
0.56,0.79,0.0513728
0.56,0.8,0.0508708
0.56,0.81,0.0505201
0.56,0.82,0.0506811
0.56,0.83,0.0503817
0.56,0.84,0.0499751
0.56,0.85,0.0494291
0.56,0.86,0.0483979
0.56,0.87,0.0475281
0.56,0.88,0.0460241
0.56,0.89,0.0453879
0.56,0.9,0.0434842
0.56,0.91,0.0418304
0.56,0.92,0.0401756
0.56,0.93,0.0388043
0.56,0.94,0.0367473
0.56,0.95,0.0347661
0.56,0.96,0.0325715
0.56,0.97,0.0308437
0.56,0.98,0.0292985
0.56,0.99,0.0276289
0.57,0,0.0257506
0.57,0.01,0.0275469
0.57,0.02,0.0291665
0.57,0.03,0.0312083
0.57,0.04,0.0327385
0.57,0.05,0.034788
0.57,0.06,0.0364577
0.57,0.07,0.0388028
0.57,0.08,0.040227
0.57,0.09,0.0418725
0.57,0.1,0.0438292
0.57,0.11,0.0452937
0.57,0.12,0.0464516
0.57,0.13,0.0476003
0.57,0.14,0.0485933
0.57,0.15,0.0491191
0.57,0.16,0.049961
0.57,0.17,0.0503425
0.57,0.18,0.0505934
0.57,0.19,0.0507263
0.57,0.2,0.0513604
0.57,0.21,0.0512028
0.57,0.22,0.0516732
0.57,0.23,0.051532
0.57,0.24,0.0514843
0.57,0.25,0.0517914
0.57,0.26,0.0516883
0.57,0.27,0.0514966
0.57,0.28,0.0513759
0.57,0.29,0.0514302
0.57,0.3,0.0515141
0.57,0.31,0.0516606
0.57,0.32,0.0520206
0.57,0.33,0.0514962
0.57,0.34,0.0519373
0.57,0.35,0.0516586
0.57,0.36,0.0514194
0.57,0.37,0.0514892
0.57,0.38,0.0514282
0.57,0.39,0.0514066
0.57,0.4,0.0515234
0.57,0.41,0.052218
0.57,0.42,0.0518367
0.57,0.43,0.0514855
0.57,0.44,0.0518805
0.57,0.45,0.0517143
0.57,0.46,0.052164
0.57,0.47,0.0513848
0.57,0.48,0.0516432
0.57,0.49,0.05185
0.57,0.5,0.0515995
0.57,0.51,0.0516955
0.57,0.52,0.0517996
0.57,0.53,0.0518054
0.57,0.54,0.0517548
0.57,0.55,0.0516843
0.57,0.56,0.0518256
0.57,0.57,0.0517211
0.57,0.58,0.0521219
0.57,0.59,0.0517113
0.57,0.6,0.051712
0.57,0.61,0.0516995
0.57,0.62,0.0514759
0.57,0.63,0.0519944
0.57,0.64,0.0518095
0.57,0.65,0.0517959
0.57,0.66,0.052014
0.57,0.67,0.0514239
0.57,0.68,0.0520285
0.57,0.69,0.0515705
0.57,0.7,0.0517316
0.57,0.71,0.0514177
0.57,0.72,0.0517627
0.57,0.73,0.0517713
0.57,0.74,0.051517
0.57,0.75,0.0516629
0.57,0.76,0.0515968
0.57,0.77,0.0521034
0.57,0.78,0.0510065
0.57,0.79,0.0516441
0.57,0.8,0.0514164
0.57,0.81,0.0509229
0.57,0.82,0.0509649
0.57,0.83,0.0502223
0.57,0.84,0.0498595
0.57,0.85,0.0490185
0.57,0.86,0.048565
0.57,0.87,0.0478985
0.57,0.88,0.0464973
0.57,0.89,0.0449268
0.57,0.9,0.0438715
0.57,0.91,0.0418614
0.57,0.92,0.0398282
0.57,0.93,0.0384618
0.57,0.94,0.0369682
0.57,0.95,0.0345336
0.57,0.96,0.033062
0.57,0.97,0.0310404
0.57,0.98,0.0291471
0.57,0.99,0.0273358
0.58,0,0.0257899
0.58,0.01,0.0272918
0.58,0.02,0.0294903
0.58,0.03,0.0308472
0.58,0.04,0.0331434
0.58,0.05,0.0344278
0.58,0.06,0.0362592
0.58,0.07,0.0384621
0.58,0.08,0.0407163
0.58,0.09,0.0419934
0.58,0.1,0.0436532
0.58,0.11,0.0451806
0.58,0.12,0.0464105
0.58,0.13,0.0479813
0.58,0.14,0.0483714
0.58,0.15,0.0491649
0.58,0.16,0.0498202
0.58,0.17,0.0506659
0.58,0.18,0.0504998
0.58,0.19,0.0510306
0.58,0.2,0.050868
0.58,0.21,0.0511395
0.58,0.22,0.0511185
0.58,0.23,0.0513555
0.58,0.24,0.051805
0.58,0.25,0.0516651
0.58,0.26,0.0511408
0.58,0.27,0.0514606
0.58,0.28,0.0513491
0.58,0.29,0.0516462
0.58,0.3,0.0516072
0.58,0.31,0.0518252
0.58,0.32,0.0516688
0.58,0.33,0.0515548
0.58,0.34,0.0514899
0.58,0.35,0.0515826
0.58,0.36,0.0514618
0.58,0.37,0.0515221
0.58,0.38,0.0517572
0.58,0.39,0.0514638
0.58,0.4,0.0518178
0.58,0.41,0.0515328
0.58,0.42,0.0519319
0.58,0.43,0.0518124
0.58,0.44,0.0519173
0.58,0.45,0.0517835
0.58,0.46,0.0516524
0.58,0.47,0.0518051
0.58,0.48,0.051678
0.58,0.49,0.0518408
0.58,0.5,0.0520698
0.58,0.51,0.0516509
0.58,0.52,0.0519705
0.58,0.53,0.0517874
0.58,0.54,0.051695
0.58,0.55,0.0516591
0.58,0.56,0.0516204
0.58,0.57,0.0516462
0.58,0.58,0.0513626
0.58,0.59,0.051442
0.58,0.6,0.051763
0.58,0.61,0.0513794
0.58,0.62,0.0516134
0.58,0.63,0.0517941
0.58,0.64,0.0518171
0.58,0.65,0.0517666
0.58,0.66,0.0522056
0.58,0.67,0.051676
0.58,0.68,0.0519428
0.58,0.69,0.0516715
0.58,0.7,0.0517453
0.58,0.71,0.0517395
0.58,0.72,0.0514652
0.58,0.73,0.0516212
0.58,0.74,0.0516728
0.58,0.75,0.0514951
0.58,0.76,0.0514811
0.58,0.77,0.0513621
0.58,0.78,0.0514829
0.58,0.79,0.0514734
0.58,0.8,0.0512289
0.58,0.81,0.0509395
0.58,0.82,0.0509039
0.58,0.83,0.0508192
0.58,0.84,0.0497303
0.58,0.85,0.0495255
0.58,0.86,0.0482711
0.58,0.87,0.0477505
0.58,0.88,0.0463194
0.58,0.89,0.0447719
0.58,0.9,0.0435188
0.58,0.91,0.0417845
0.58,0.92,0.0401125
0.58,0.93,0.0386881
0.58,0.94,0.0364593
0.58,0.95,0.0348827
0.58,0.96,0.0328804
0.58,0.97,0.0308025
0.58,0.98,0.0291699
0.58,0.99,0.0273213
0.59,0,0.0258678
0.59,0.01,0.0275375
0.59,0.02,0.0291905
0.59,0.03,0.0310127
0.59,0.04,0.0324391
0.59,0.05,0.0346723
0.59,0.06,0.0364142
0.59,0.07,0.0385171
0.59,0.08,0.0405004
0.59,0.09,0.0421581
0.59,0.1,0.0440497
0.59,0.11,0.0448975
0.59,0.12,0.0462673
0.59,0.13,0.0477461
0.59,0.14,0.0482719
0.59,0.15,0.0492668
0.59,0.16,0.0497707
0.59,0.17,0.0504131
0.59,0.18,0.0503155
0.59,0.19,0.0514195
0.59,0.2,0.0509139
0.59,0.21,0.051346
0.59,0.22,0.0516215
0.59,0.23,0.0518036
0.59,0.24,0.0515721
0.59,0.25,0.051485
0.59,0.26,0.0514407
0.59,0.27,0.0516527
0.59,0.28,0.0516402
0.59,0.29,0.0515629
0.59,0.3,0.0511181
0.59,0.31,0.051617
0.59,0.32,0.0516446
0.59,0.33,0.0514725
0.59,0.34,0.0514839
0.59,0.35,0.0516234
0.59,0.36,0.0515769
0.59,0.37,0.0518945
0.59,0.38,0.0517223
0.59,0.39,0.0515394
0.59,0.4,0.0516699
0.59,0.41,0.0518311
0.59,0.42,0.0514754
0.59,0.43,0.0516423
0.59,0.44,0.0516584
0.59,0.45,0.0516825
0.59,0.46,0.0516844
0.59,0.47,0.0515932
0.59,0.48,0.0516455
0.59,0.49,0.0515213
0.59,0.5,0.051605
0.59,0.51,0.051703
0.59,0.52,0.0515946
0.59,0.53,0.0519564
0.59,0.54,0.0514438
0.59,0.55,0.0515001
0.59,0.56,0.0518843
0.59,0.57,0.0516376
0.59,0.58,0.0517413
0.59,0.59,0.0513949
0.59,0.6,0.051622
0.59,0.61,0.0516569
0.59,0.62,0.0514616
0.59,0.63,0.0512302
0.59,0.64,0.0519251
0.59,0.65,0.0518558
0.59,0.66,0.051703
0.59,0.67,0.0513645
0.59,0.68,0.0514583
0.59,0.69,0.0516726
0.59,0.7,0.0517677
0.59,0.71,0.051427
0.59,0.72,0.051558
0.59,0.73,0.0515401
0.59,0.74,0.0517164
0.59,0.75,0.0518527
0.59,0.76,0.0517397
0.59,0.77,0.0518939
0.59,0.78,0.0515027
0.59,0.79,0.0514446
0.59,0.8,0.0514248
0.59,0.81,0.0508843
0.59,0.82,0.0505431
0.59,0.83,0.0503482
0.59,0.84,0.0497641
0.59,0.85,0.0491494
0.59,0.86,0.048515
0.59,0.87,0.0472005
0.59,0.88,0.046285
0.59,0.89,0.0447457
0.59,0.9,0.0439418
0.59,0.91,0.0422741
0.59,0.92,0.0403307
0.59,0.93,0.0384642
0.59,0.94,0.0364535
0.59,0.95,0.034699
0.59,0.96,0.0327577
0.59,0.97,0.0308347
0.59,0.98,0.0291059
0.59,0.99,0.0276096
0.6,0,0.0259258
0.6,0.01,0.0275484
0.6,0.02,0.029188
0.6,0.03,0.0310334
0.6,0.04,0.0325958
0.6,0.05,0.0349223
0.6,0.06,0.0365725
0.6,0.07,0.0382314
0.6,0.08,0.0407449
0.6,0.09,0.0419604
0.6,0.1,0.0436302
0.6,0.11,0.0453391
0.6,0.12,0.0462815
0.6,0.13,0.0474899
0.6,0.14,0.0484317
0.6,0.15,0.0491207
0.6,0.16,0.0499108
0.6,0.17,0.0501492
0.6,0.18,0.0505488
0.6,0.19,0.0510485
0.6,0.2,0.0513483
0.6,0.21,0.0511436
0.6,0.22,0.0514341
0.6,0.23,0.0515494
0.6,0.24,0.0517808
0.6,0.25,0.0518719
0.6,0.26,0.0518372
0.6,0.27,0.0515988
0.6,0.28,0.0516888
0.6,0.29,0.0517048
0.6,0.3,0.0517546
0.6,0.31,0.0517645
0.6,0.32,0.0516934
0.6,0.33,0.0515702
0.6,0.34,0.0514935
0.6,0.35,0.0516918
0.6,0.36,0.051803
0.6,0.37,0.0520507
0.6,0.38,0.0517155
0.6,0.39,0.0516184
0.6,0.4,0.0519234
0.6,0.41,0.0516246
0.6,0.42,0.0519351
0.6,0.43,0.0511588
0.6,0.44,0.0518187
0.6,0.45,0.0515667
0.6,0.46,0.0517776
0.6,0.47,0.0516732
0.6,0.48,0.0516532
0.6,0.49,0.0516011
0.6,0.5,0.0521468
0.6,0.51,0.0515257
0.6,0.52,0.0518338
0.6,0.53,0.051682
0.6,0.54,0.0512914
0.6,0.55,0.0518198
0.6,0.56,0.0517576
0.6,0.57,0.0517423
0.6,0.58,0.0515723
0.6,0.59,0.0515833
0.6,0.6,0.0513712
0.6,0.61,0.0515756
0.6,0.62,0.0516138
0.6,0.63,0.0519094
0.6,0.64,0.051336
0.6,0.65,0.0515604
0.6,0.66,0.0514958
0.6,0.67,0.0517019
0.6,0.68,0.0518807
0.6,0.69,0.0518404
0.6,0.7,0.0513452
0.6,0.71,0.0516505
0.6,0.72,0.0517803
0.6,0.73,0.051709
0.6,0.74,0.0520699
0.6,0.75,0.0516215
0.6,0.76,0.0516577
0.6,0.77,0.0514605
0.6,0.78,0.0515416
0.6,0.79,0.0516758
0.6,0.8,0.0505944
0.6,0.81,0.0510499
0.6,0.82,0.050896
0.6,0.83,0.0501741
0.6,0.84,0.0497682
0.6,0.85,0.0489843
0.6,0.86,0.0483064
0.6,0.87,0.0476752
0.6,0.88,0.0468446
0.6,0.89,0.0450745
0.6,0.9,0.043757
0.6,0.91,0.0422046
0.6,0.92,0.0396935
0.6,0.93,0.0385452
0.6,0.94,0.0365298
0.6,0.95,0.0347334
0.6,0.96,0.0327372
0.6,0.97,0.0308201
0.6,0.98,0.0290062
0.6,0.99,0.0275188
0.61,0,0.0260796
0.61,0.01,0.0273901
0.61,0.02,0.0293497
0.61,0.03,0.0307814
0.61,0.04,0.0329602
0.61,0.05,0.035054
0.61,0.06,0.0365959
0.61,0.07,0.0384172
0.61,0.08,0.0404823
0.61,0.09,0.0422825
0.61,0.1,0.0436973
0.61,0.11,0.044921
0.61,0.12,0.046497
0.61,0.13,0.047585
0.61,0.14,0.0483331
0.61,0.15,0.0493089
0.61,0.16,0.0497956
0.61,0.17,0.0502597
0.61,0.18,0.0506396
0.61,0.19,0.0510436
0.61,0.2,0.0510069
0.61,0.21,0.0511269
0.61,0.22,0.0514703
0.61,0.23,0.0520286
0.61,0.24,0.0515938
0.61,0.25,0.0518215
0.61,0.26,0.0515831
0.61,0.27,0.0514603
0.61,0.28,0.0517057
0.61,0.29,0.0515361
0.61,0.3,0.0511208
0.61,0.31,0.0517094
0.61,0.32,0.0520588
0.61,0.33,0.0516833
0.61,0.34,0.0512984
0.61,0.35,0.0516205
0.61,0.36,0.0518558
0.61,0.37,0.0515953
0.61,0.38,0.0516222
0.61,0.39,0.0516157
0.61,0.4,0.0513596
0.61,0.41,0.0519356
0.61,0.42,0.0515119
0.61,0.43,0.0516892
0.61,0.44,0.0514965
0.61,0.45,0.0519123
0.61,0.46,0.0516618
0.61,0.47,0.0518993
0.61,0.48,0.0520652
0.61,0.49,0.0516357
0.61,0.5,0.0517094
0.61,0.51,0.051615
0.61,0.52,0.0515906
0.61,0.53,0.0517007
0.61,0.54,0.0518288
0.61,0.55,0.0522287
0.61,0.56,0.0515692
0.61,0.57,0.052031
0.61,0.58,0.052059
0.61,0.59,0.0515894
0.61,0.6,0.0518931
0.61,0.61,0.051811
0.61,0.62,0.052087
0.61,0.63,0.0515679
0.61,0.64,0.0521908
0.61,0.65,0.0515694
0.61,0.66,0.0517638
0.61,0.67,0.051678
0.61,0.68,0.0515179
0.61,0.69,0.0515395
0.61,0.7,0.052021
0.61,0.71,0.05168
0.61,0.72,0.051577
0.61,0.73,0.0514075
0.61,0.74,0.0517932
0.61,0.75,0.051442
0.61,0.76,0.0514903
0.61,0.77,0.0514265
0.61,0.78,0.0513318
0.61,0.79,0.051221
0.61,0.8,0.0516766
0.61,0.81,0.0510802
0.61,0.82,0.0506557
0.61,0.83,0.0504308
0.61,0.84,0.0497098
0.61,0.85,0.049414
0.61,0.86,0.0487803
0.61,0.87,0.0474629
0.61,0.88,0.0462356
0.61,0.89,0.0449729
0.61,0.9,0.0439484
0.61,0.91,0.042468
0.61,0.92,0.0400662
0.61,0.93,0.0387234
0.61,0.94,0.0364336
0.61,0.95,0.0346229
0.61,0.96,0.0325626
0.61,0.97,0.0307419
0.61,0.98,0.0290472
0.61,0.99,0.0275672
0.62,0,0.026108
0.62,0.01,0.027729
0.62,0.02,0.0291938
0.62,0.03,0.0309074
0.62,0.04,0.032818
0.62,0.05,0.0345693
0.62,0.06,0.0365414
0.62,0.07,0.038783
0.62,0.08,0.0404131
0.62,0.09,0.0421188
0.62,0.1,0.0438203
0.62,0.11,0.0451178
0.62,0.12,0.0468899
0.62,0.13,0.0473907
0.62,0.14,0.0479165
0.62,0.15,0.04962
0.62,0.16,0.0498648
0.62,0.17,0.0501616
0.62,0.18,0.0507385
0.62,0.19,0.051026
0.62,0.2,0.0509697
0.62,0.21,0.0514292
0.62,0.22,0.0517755
0.62,0.23,0.0515597
0.62,0.24,0.0516055
0.62,0.25,0.0517283
0.62,0.26,0.0515057
0.62,0.27,0.0516598
0.62,0.28,0.0519574
0.62,0.29,0.0514744
0.62,0.3,0.0518028
0.62,0.31,0.0517976
0.62,0.32,0.0513361
0.62,0.33,0.0518363
0.62,0.34,0.0514067
0.62,0.35,0.0521754
0.62,0.36,0.0517638
0.62,0.37,0.05209
0.62,0.38,0.0518126
0.62,0.39,0.0518598
0.62,0.4,0.0518464
0.62,0.41,0.0515877
0.62,0.42,0.0515523
0.62,0.43,0.0515076
0.62,0.44,0.0516011
0.62,0.45,0.0514944
0.62,0.46,0.0515237
0.62,0.47,0.051518
0.62,0.48,0.0517441
0.62,0.49,0.0519237
0.62,0.5,0.0521885
0.62,0.51,0.0514624
0.62,0.52,0.0519712
0.62,0.53,0.0517425
0.62,0.54,0.051793
0.62,0.55,0.0515828
0.62,0.56,0.0514544
0.62,0.57,0.0514793
0.62,0.58,0.0519022
0.62,0.59,0.0519591
0.62,0.6,0.0519764
0.62,0.61,0.0518866
0.62,0.62,0.051988
0.62,0.63,0.0517182
0.62,0.64,0.0514748
0.62,0.65,0.0516827
0.62,0.66,0.0515218
0.62,0.67,0.0516354
0.62,0.68,0.0518164
0.62,0.69,0.0515566
0.62,0.7,0.0517536
0.62,0.71,0.0518313
0.62,0.72,0.0515937
0.62,0.73,0.0515395
0.62,0.74,0.0515729
0.62,0.75,0.0519396
0.62,0.76,0.0517147
0.62,0.77,0.0514833
0.62,0.78,0.0516791
0.62,0.79,0.051834
0.62,0.8,0.051598
0.62,0.81,0.0512821
0.62,0.82,0.0511667
0.62,0.83,0.0501938
0.62,0.84,0.0497294
0.62,0.85,0.0493551
0.62,0.86,0.0486578
0.62,0.87,0.0476041
0.62,0.88,0.0466511
0.62,0.89,0.0449453
0.62,0.9,0.0434712
0.62,0.91,0.0420266
0.62,0.92,0.0400979
0.62,0.93,0.0387543
0.62,0.94,0.0363295
0.62,0.95,0.0350997
0.62,0.96,0.0326345
0.62,0.97,0.0312156
0.62,0.98,0.0290795
0.62,0.99,0.0275089
0.63,0,0.0258001
0.63,0.01,0.0276694
0.63,0.02,0.0291984
0.63,0.03,0.0310011
0.63,0.04,0.0327131
0.63,0.05,0.0348424
0.63,0.06,0.0365725
0.63,0.07,0.0380144
0.63,0.08,0.0403967
0.63,0.09,0.0423459
0.63,0.1,0.0435853
0.63,0.11,0.0451757
0.63,0.12,0.0465065
0.63,0.13,0.0475387
0.63,0.14,0.0480689
0.63,0.15,0.049402
0.63,0.16,0.0497011
0.63,0.17,0.0501813
0.63,0.18,0.0508133
0.63,0.19,0.0511001
0.63,0.2,0.0510755
0.63,0.21,0.0514143
0.63,0.22,0.0514862
0.63,0.23,0.0512929
0.63,0.24,0.0515827
0.63,0.25,0.0516458
0.63,0.26,0.0514647
0.63,0.27,0.0517424
0.63,0.28,0.0518677
0.63,0.29,0.0517801
0.63,0.3,0.0515274
0.63,0.31,0.0514298
0.63,0.32,0.0514917
0.63,0.33,0.0519944
0.63,0.34,0.0517023
0.63,0.35,0.0514776
0.63,0.36,0.0519676
0.63,0.37,0.0515411
0.63,0.38,0.0518985
0.63,0.39,0.0518315
0.63,0.4,0.0518692
0.63,0.41,0.0517556
0.63,0.42,0.051596
0.63,0.43,0.051469
0.63,0.44,0.0517039
0.63,0.45,0.0518296
0.63,0.46,0.0516967
0.63,0.47,0.0512017
0.63,0.48,0.0519281
0.63,0.49,0.0520977
0.63,0.5,0.0516255
0.63,0.51,0.0517444
0.63,0.52,0.0519249
0.63,0.53,0.0515262
0.63,0.54,0.0514097
0.63,0.55,0.0521671
0.63,0.56,0.0517305
0.63,0.57,0.0519764
0.63,0.58,0.0517257
0.63,0.59,0.0515955
0.63,0.6,0.0513535
0.63,0.61,0.0517776
0.63,0.62,0.0514452
0.63,0.63,0.0518891
0.63,0.64,0.0521171
0.63,0.65,0.0518177
0.63,0.66,0.0518683
0.63,0.67,0.0513185
0.63,0.68,0.0517109
0.63,0.69,0.0515778
0.63,0.7,0.051794
0.63,0.71,0.0516383
0.63,0.72,0.0515003
0.63,0.73,0.0519098
0.63,0.74,0.0515996
0.63,0.75,0.0515623
0.63,0.76,0.0517315
0.63,0.77,0.0514711
0.63,0.78,0.0514008
0.63,0.79,0.0513576
0.63,0.8,0.0514598
0.63,0.81,0.0512418
0.63,0.82,0.050429
0.63,0.83,0.0501493
0.63,0.84,0.0497053
0.63,0.85,0.0493977
0.63,0.86,0.0486275
0.63,0.87,0.0474376
0.63,0.88,0.0467276
0.63,0.89,0.04494
0.63,0.9,0.0435297
0.63,0.91,0.0421131
0.63,0.92,0.0404688
0.63,0.93,0.0387144
0.63,0.94,0.0366663
0.63,0.95,0.0348531
0.63,0.96,0.0328403
0.63,0.97,0.0306303
0.63,0.98,0.0291818
0.63,0.99,0.0274717
0.64,0,0.0257507
0.64,0.01,0.0273232
0.64,0.02,0.0290721
0.64,0.03,0.0310976
0.64,0.04,0.0329354
0.64,0.05,0.0345711
0.64,0.06,0.0367569
0.64,0.07,0.0383799
0.64,0.08,0.0402927
0.64,0.09,0.0421847
0.64,0.1,0.0440021
0.64,0.11,0.0450063
0.64,0.12,0.0463708
0.64,0.13,0.0476839
0.64,0.14,0.0484164
0.64,0.15,0.0490538
0.64,0.16,0.0501247
0.64,0.17,0.0503366
0.64,0.18,0.0504762
0.64,0.19,0.0512085
0.64,0.2,0.0514474
0.64,0.21,0.051093
0.64,0.22,0.0517919
0.64,0.23,0.0515211
0.64,0.24,0.0513451
0.64,0.25,0.0513533
0.64,0.26,0.0516262
0.64,0.27,0.0515994
0.64,0.28,0.05169
0.64,0.29,0.0514255
0.64,0.3,0.0520804
0.64,0.31,0.051624
0.64,0.32,0.05157
0.64,0.33,0.0514874
0.64,0.34,0.051609
0.64,0.35,0.0513629
0.64,0.36,0.0517881
0.64,0.37,0.0519891
0.64,0.38,0.0515726
0.64,0.39,0.0519854
0.64,0.4,0.0516537
0.64,0.41,0.0517643
0.64,0.42,0.051672
0.64,0.43,0.0515709
0.64,0.44,0.0519052
0.64,0.45,0.0516775
0.64,0.46,0.0516189
0.64,0.47,0.0519157
0.64,0.48,0.0515382
0.64,0.49,0.0518605
0.64,0.5,0.0510994
0.64,0.51,0.0515151
0.64,0.52,0.0519288
0.64,0.53,0.0515418
0.64,0.54,0.051599
0.64,0.55,0.0518092
0.64,0.56,0.0517053
0.64,0.57,0.0516629
0.64,0.58,0.0519324
0.64,0.59,0.0515793
0.64,0.6,0.0516945
0.64,0.61,0.051533
0.64,0.62,0.0518324
0.64,0.63,0.051855
0.64,0.64,0.0519684
0.64,0.65,0.0516252
0.64,0.66,0.0520403
0.64,0.67,0.0516518
0.64,0.68,0.0517674
0.64,0.69,0.0517296
0.64,0.7,0.0518056
0.64,0.71,0.0516675
0.64,0.72,0.0513684
0.64,0.73,0.0517878
0.64,0.74,0.0513708
0.64,0.75,0.0514412
0.64,0.76,0.0516348
0.64,0.77,0.0516978
0.64,0.78,0.0513643
0.64,0.79,0.0513843
0.64,0.8,0.0512848
0.64,0.81,0.0509833
0.64,0.82,0.0508936
0.64,0.83,0.050032
0.64,0.84,0.0495131
0.64,0.85,0.0488186
0.64,0.86,0.048535
0.64,0.87,0.0476193
0.64,0.88,0.0464672
0.64,0.89,0.044804
0.64,0.9,0.0437898
0.64,0.91,0.0423107
0.64,0.92,0.0402789
0.64,0.93,0.0383022
0.64,0.94,0.0367816
0.64,0.95,0.0349175
0.64,0.96,0.0328739
0.64,0.97,0.0309241
0.64,0.98,0.0291489
0.64,0.99,0.0276472
0.65,0,0.0257073
0.65,0.01,0.027211
0.65,0.02,0.0293325
0.65,0.03,0.0311422
0.65,0.04,0.0328874
0.65,0.05,0.034588
0.65,0.06,0.0365708
0.65,0.07,0.0384491
0.65,0.08,0.0401602
0.65,0.09,0.042217
0.65,0.1,0.0432339
0.65,0.11,0.0451834
0.65,0.12,0.0466626
0.65,0.13,0.0474784
0.65,0.14,0.048824
0.65,0.15,0.0492961
0.65,0.16,0.0500309
0.65,0.17,0.0502726
0.65,0.18,0.0506127
0.65,0.19,0.0507883
0.65,0.2,0.0511316
0.65,0.21,0.0511113
0.65,0.22,0.0516041
0.65,0.23,0.0512444
0.65,0.24,0.0512031
0.65,0.25,0.0513959
0.65,0.26,0.0516023
0.65,0.27,0.0517184
0.65,0.28,0.0515579
0.65,0.29,0.0512722
0.65,0.3,0.0517977
0.65,0.31,0.0516089
0.65,0.32,0.0516618
0.65,0.33,0.0515975
0.65,0.34,0.0517179
0.65,0.35,0.0517605
0.65,0.36,0.0512452
0.65,0.37,0.0516731
0.65,0.38,0.0515258
0.65,0.39,0.0518767
0.65,0.4,0.0516198
0.65,0.41,0.0517407
0.65,0.42,0.0517454
0.65,0.43,0.0516173
0.65,0.44,0.0516735
0.65,0.45,0.0515438
0.65,0.46,0.0518032
0.65,0.47,0.051853
0.65,0.48,0.0518759
0.65,0.49,0.0515592
0.65,0.5,0.0516657
0.65,0.51,0.0516796
0.65,0.52,0.0512707
0.65,0.53,0.0519703
0.65,0.54,0.0517634
0.65,0.55,0.0517254
0.65,0.56,0.0512789
0.65,0.57,0.0515188
0.65,0.58,0.051352
0.65,0.59,0.0517014
0.65,0.6,0.0512696
0.65,0.61,0.0516631
0.65,0.62,0.0514058
0.65,0.63,0.0515705
0.65,0.64,0.0519669
0.65,0.65,0.0515826
0.65,0.66,0.0515897
0.65,0.67,0.0519944
0.65,0.68,0.0519423
0.65,0.69,0.0516362
0.65,0.7,0.0518008
0.65,0.71,0.0516082
0.65,0.72,0.0515326
0.65,0.73,0.0518735
0.65,0.74,0.0519553
0.65,0.75,0.0514706
0.65,0.76,0.0516959
0.65,0.77,0.051874
0.65,0.78,0.0512662
0.65,0.79,0.051416
0.65,0.8,0.0513095
0.65,0.81,0.0508672
0.65,0.82,0.0503408
0.65,0.83,0.0501258
0.65,0.84,0.0498503
0.65,0.85,0.0496147
0.65,0.86,0.048138
0.65,0.87,0.0478412
0.65,0.88,0.0466669
0.65,0.89,0.0449623
0.65,0.9,0.0436722
0.65,0.91,0.0421281
0.65,0.92,0.0405517
0.65,0.93,0.0385206
0.65,0.94,0.0364857
0.65,0.95,0.0345635
0.65,0.96,0.0329198
0.65,0.97,0.0309003
0.65,0.98,0.029134
0.65,0.99,0.0275715
0.66,0,0.0258658
0.66,0.01,0.0275822
0.66,0.02,0.0287962
0.66,0.03,0.0309423
0.66,0.04,0.0330006
0.66,0.05,0.0352077
0.66,0.06,0.0364693
0.66,0.07,0.0385048
0.66,0.08,0.0401749
0.66,0.09,0.0419538
0.66,0.1,0.0434605
0.66,0.11,0.0451229
0.66,0.12,0.0463709
0.66,0.13,0.047123
0.66,0.14,0.0484439
0.66,0.15,0.0489894
0.66,0.16,0.0498038
0.66,0.17,0.0502697
0.66,0.18,0.050689
0.66,0.19,0.0510457
0.66,0.2,0.0516526
0.66,0.21,0.0511932
0.66,0.22,0.0517742
0.66,0.23,0.0513167
0.66,0.24,0.0515414
0.66,0.25,0.0517486
0.66,0.26,0.051693
0.66,0.27,0.0516034
0.66,0.28,0.0521216
0.66,0.29,0.0514245
0.66,0.3,0.0519024
0.66,0.31,0.0515117
0.66,0.32,0.0517525
0.66,0.33,0.0518084
0.66,0.34,0.0518324
0.66,0.35,0.051716
0.66,0.36,0.0517836
0.66,0.37,0.0514334
0.66,0.38,0.0517708
0.66,0.39,0.0517294
0.66,0.4,0.0517207
0.66,0.41,0.0518457
0.66,0.42,0.0514493
0.66,0.43,0.0516652
0.66,0.44,0.0519643
0.66,0.45,0.0514518
0.66,0.46,0.0517089
0.66,0.47,0.0518088
0.66,0.48,0.0514631
0.66,0.49,0.0517996
0.66,0.5,0.0515426
0.66,0.51,0.0515409
0.66,0.52,0.0516945
0.66,0.53,0.0517535
0.66,0.54,0.0514764
0.66,0.55,0.0515736
0.66,0.56,0.0514635
0.66,0.57,0.0517633
0.66,0.58,0.0519548
0.66,0.59,0.0516287
0.66,0.6,0.0517262
0.66,0.61,0.0514111
0.66,0.62,0.0517988
0.66,0.63,0.0515269
0.66,0.64,0.0516745
0.66,0.65,0.0515908
0.66,0.66,0.0519872
0.66,0.67,0.0517973
0.66,0.68,0.0519776
0.66,0.69,0.051717
0.66,0.7,0.051693
0.66,0.71,0.051518
0.66,0.72,0.0518815
0.66,0.73,0.0515943
0.66,0.74,0.0517464
0.66,0.75,0.0517275
0.66,0.76,0.0516097
0.66,0.77,0.0516154
0.66,0.78,0.0514938
0.66,0.79,0.051146
0.66,0.8,0.0511028
0.66,0.81,0.0508644
0.66,0.82,0.0508369
0.66,0.83,0.0499675
0.66,0.84,0.0496032
0.66,0.85,0.0491503
0.66,0.86,0.048594
0.66,0.87,0.0476221
0.66,0.88,0.0464389
0.66,0.89,0.0449882
0.66,0.9,0.0436056
0.66,0.91,0.042184
0.66,0.92,0.0404241
0.66,0.93,0.0386158
0.66,0.94,0.0364944
0.66,0.95,0.0349064
0.66,0.96,0.0325912
0.66,0.97,0.0310868
0.66,0.98,0.029475
0.66,0.99,0.0273718
0.67,0,0.0258932
0.67,0.01,0.0276361
0.67,0.02,0.0291831
0.67,0.03,0.0307793
0.67,0.04,0.032896
0.67,0.05,0.0348346
0.67,0.06,0.0366194
0.67,0.07,0.038364
0.67,0.08,0.040389
0.67,0.09,0.0420179
0.67,0.1,0.0436264
0.67,0.11,0.0450061
0.67,0.12,0.0466984
0.67,0.13,0.0475391
0.67,0.14,0.0483942
0.67,0.15,0.0491271
0.67,0.16,0.0501834
0.67,0.17,0.0500387
0.67,0.18,0.0509373
0.67,0.19,0.0513376
0.67,0.2,0.0512638
0.67,0.21,0.0516335
0.67,0.22,0.0513307
0.67,0.23,0.0519935
0.67,0.24,0.0509929
0.67,0.25,0.0515751
0.67,0.26,0.0513533
0.67,0.27,0.0513242
0.67,0.28,0.0518643
0.67,0.29,0.0516137
0.67,0.3,0.0513767
0.67,0.31,0.0515352
0.67,0.32,0.0519119
0.67,0.33,0.051965
0.67,0.34,0.0513094
0.67,0.35,0.0514613
0.67,0.36,0.0520597
0.67,0.37,0.0517381
0.67,0.38,0.0513098
0.67,0.39,0.0514611
0.67,0.4,0.0515409
0.67,0.41,0.0519395
0.67,0.42,0.0517541
0.67,0.43,0.0515039
0.67,0.44,0.0517416
0.67,0.45,0.0519668
0.67,0.46,0.0516503
0.67,0.47,0.0517478
0.67,0.48,0.0517211
0.67,0.49,0.05139
0.67,0.5,0.0515661
0.67,0.51,0.0514311
0.67,0.52,0.0517137
0.67,0.53,0.0515457
0.67,0.54,0.0517959
0.67,0.55,0.0517789
0.67,0.56,0.0515325
0.67,0.57,0.0518353
0.67,0.58,0.051774
0.67,0.59,0.051916
0.67,0.6,0.0515288
0.67,0.61,0.051836
0.67,0.62,0.0518767
0.67,0.63,0.0516076
0.67,0.64,0.052103
0.67,0.65,0.0514228
0.67,0.66,0.0516789
0.67,0.67,0.0514968
0.67,0.68,0.0518211
0.67,0.69,0.0515565
0.67,0.7,0.0517076
0.67,0.71,0.051642
0.67,0.72,0.0512987
0.67,0.73,0.0515091
0.67,0.74,0.0513354
0.67,0.75,0.0514563
0.67,0.76,0.0512458
0.67,0.77,0.0515982
0.67,0.78,0.0515584
0.67,0.79,0.0514636
0.67,0.8,0.0514408
0.67,0.81,0.0509825
0.67,0.82,0.0510461
0.67,0.83,0.0505831
0.67,0.84,0.0497496
0.67,0.85,0.0493815
0.67,0.86,0.0485455
0.67,0.87,0.047693
0.67,0.88,0.0464867
0.67,0.89,0.0451044
0.67,0.9,0.0437187
0.67,0.91,0.0424341
0.67,0.92,0.0401722
0.67,0.93,0.0385133
0.67,0.94,0.0365987
0.67,0.95,0.0345357
0.67,0.96,0.0330178
0.67,0.97,0.031278
0.67,0.98,0.029101
0.67,0.99,0.0277364
0.68,0,0.0259021
0.68,0.01,0.0274478
0.68,0.02,0.0291752
0.68,0.03,0.0304527
0.68,0.04,0.0328143
0.68,0.05,0.0346719
0.68,0.06,0.0364162
0.68,0.07,0.0382703
0.68,0.08,0.0402256
0.68,0.09,0.0419627
0.68,0.1,0.0437641
0.68,0.11,0.0448646
0.68,0.12,0.0468125
0.68,0.13,0.0476155
0.68,0.14,0.0483273
0.68,0.15,0.0492578
0.68,0.16,0.0497244
0.68,0.17,0.0508896
0.68,0.18,0.050703
0.68,0.19,0.0510572
0.68,0.2,0.0511712
0.68,0.21,0.0518843
0.68,0.22,0.0516548
0.68,0.23,0.0516641
0.68,0.24,0.0516863
0.68,0.25,0.0514791
0.68,0.26,0.0518157
0.68,0.27,0.0515045
0.68,0.28,0.0518077
0.68,0.29,0.0516843
0.68,0.3,0.0517233
0.68,0.31,0.0511737
0.68,0.32,0.0515308
0.68,0.33,0.0516959
0.68,0.34,0.0518619
0.68,0.35,0.0519429
0.68,0.36,0.0515296
0.68,0.37,0.0515781
0.68,0.38,0.0514593
0.68,0.39,0.0517147
0.68,0.4,0.0518522
0.68,0.41,0.0517811
0.68,0.42,0.0516395
0.68,0.43,0.0517015
0.68,0.44,0.0513227
0.68,0.45,0.0514037
0.68,0.46,0.0515155
0.68,0.47,0.0515233
0.68,0.48,0.0517256
0.68,0.49,0.0517951
0.68,0.5,0.0519836
0.68,0.51,0.0515547
0.68,0.52,0.0516642
0.68,0.53,0.0519565
0.68,0.54,0.0513805
0.68,0.55,0.0518587
0.68,0.56,0.0514552
0.68,0.57,0.0515595
0.68,0.58,0.0515927
0.68,0.59,0.0515758
0.68,0.6,0.051711
0.68,0.61,0.0514045
0.68,0.62,0.051948
0.68,0.63,0.0517172
0.68,0.64,0.0518888
0.68,0.65,0.0514952
0.68,0.66,0.0517067
0.68,0.67,0.051536
0.68,0.68,0.0518229
0.68,0.69,0.0516496
0.68,0.7,0.0517653
0.68,0.71,0.0515545
0.68,0.72,0.0517699
0.68,0.73,0.0517695
0.68,0.74,0.0517799
0.68,0.75,0.0516064
0.68,0.76,0.0514649
0.68,0.77,0.0516292
0.68,0.78,0.0516082
0.68,0.79,0.0509381
0.68,0.8,0.0506846
0.68,0.81,0.0510647
0.68,0.82,0.0506091
0.68,0.83,0.0504697
0.68,0.84,0.0496753
0.68,0.85,0.0490005
0.68,0.86,0.0486159
0.68,0.87,0.0476035
0.68,0.88,0.0462078
0.68,0.89,0.0451773
0.68,0.9,0.0437806
0.68,0.91,0.0423586
0.68,0.92,0.0402084
0.68,0.93,0.0382997
0.68,0.94,0.0364812
0.68,0.95,0.0347478
0.68,0.96,0.0324661
0.68,0.97,0.0309296
0.68,0.98,0.0292832
0.68,0.99,0.0275146
0.69,0,0.0257908
0.69,0.01,0.0271035
0.69,0.02,0.0290693
0.69,0.03,0.0308045
0.69,0.04,0.0327648
0.69,0.05,0.0345758
0.69,0.06,0.0367455
0.69,0.07,0.0385217
0.69,0.08,0.0403322
0.69,0.09,0.0420535
0.69,0.1,0.0435832
0.69,0.11,0.0451098
0.69,0.12,0.0460847
0.69,0.13,0.0474835
0.69,0.14,0.0484831
0.69,0.15,0.0490478
0.69,0.16,0.0496072
0.69,0.17,0.0503169
0.69,0.18,0.0505087
0.69,0.19,0.0508949
0.69,0.2,0.0513107
0.69,0.21,0.0517726
0.69,0.22,0.0513515
0.69,0.23,0.0516229
0.69,0.24,0.0515225
0.69,0.25,0.0518951
0.69,0.26,0.0513084
0.69,0.27,0.0513733
0.69,0.28,0.0517765
0.69,0.29,0.0519209
0.69,0.3,0.0515581
0.69,0.31,0.0520054
0.69,0.32,0.0517104
0.69,0.33,0.0517092
0.69,0.34,0.0513998
0.69,0.35,0.0514781
0.69,0.36,0.0514656
0.69,0.37,0.0511669
0.69,0.38,0.0517664
0.69,0.39,0.0520017
0.69,0.4,0.0517241
0.69,0.41,0.0519334
0.69,0.42,0.0515401
0.69,0.43,0.0515489
0.69,0.44,0.0517708
0.69,0.45,0.0518176
0.69,0.46,0.0518072
0.69,0.47,0.0518237
0.69,0.48,0.0514507
0.69,0.49,0.0512641
0.69,0.5,0.0514858
0.69,0.51,0.0520337
0.69,0.52,0.0516456
0.69,0.53,0.0521847
0.69,0.54,0.0514899
0.69,0.55,0.0516556
0.69,0.56,0.0519375
0.69,0.57,0.0518648
0.69,0.58,0.0519062
0.69,0.59,0.0516462
0.69,0.6,0.0511611
0.69,0.61,0.0514428
0.69,0.62,0.0516273
0.69,0.63,0.0518015
0.69,0.64,0.051476
0.69,0.65,0.0513673
0.69,0.66,0.0515847
0.69,0.67,0.0520875
0.69,0.68,0.0516812
0.69,0.69,0.0516057
0.69,0.7,0.0517802
0.69,0.71,0.0517744
0.69,0.72,0.0518102
0.69,0.73,0.0514937
0.69,0.74,0.0516162
0.69,0.75,0.0517698
0.69,0.76,0.05176
0.69,0.77,0.0513708
0.69,0.78,0.0513436
0.69,0.79,0.0511523
0.69,0.8,0.0512035
0.69,0.81,0.0505359
0.69,0.82,0.0508373
0.69,0.83,0.0501102
0.69,0.84,0.0500391
0.69,0.85,0.0491121
0.69,0.86,0.0490511
0.69,0.87,0.0475314
0.69,0.88,0.0463016
0.69,0.89,0.0453317
0.69,0.9,0.0439718
0.69,0.91,0.0419583
0.69,0.92,0.0402121
0.69,0.93,0.0384427
0.69,0.94,0.036819
0.69,0.95,0.0345107
0.69,0.96,0.0328114
0.69,0.97,0.0309157
0.69,0.98,0.0291829
0.69,0.99,0.027731
0.7,0,0.0258077
0.7,0.01,0.027692
0.7,0.02,0.0291101
0.7,0.03,0.031204
0.7,0.04,0.0326801
0.7,0.05,0.0343439
0.7,0.06,0.0364926
0.7,0.07,0.0383398
0.7,0.08,0.0401414
0.7,0.09,0.0420833
0.7,0.1,0.0438906
0.7,0.11,0.0449655
0.7,0.12,0.0464074
0.7,0.13,0.0472607
0.7,0.14,0.0484461
0.7,0.15,0.0490002
0.7,0.16,0.0499873
0.7,0.17,0.0502495
0.7,0.18,0.0503891
0.7,0.19,0.0508857
0.7,0.2,0.0509463
0.7,0.21,0.0511071
0.7,0.22,0.0518323
0.7,0.23,0.0515425
0.7,0.24,0.0517894
0.7,0.25,0.0513201
0.7,0.26,0.0515637
0.7,0.27,0.0514333
0.7,0.28,0.0518946
0.7,0.29,0.0517635
0.7,0.3,0.0519899
0.7,0.31,0.0517058
0.7,0.32,0.0516605
0.7,0.33,0.0514301
0.7,0.34,0.0515529
0.7,0.35,0.0517521
0.7,0.36,0.0516782
0.7,0.37,0.0515487
0.7,0.38,0.0516266
0.7,0.39,0.0517801
0.7,0.4,0.0519187
0.7,0.41,0.0517328
0.7,0.42,0.0517219
0.7,0.43,0.0518104
0.7,0.44,0.051643
0.7,0.45,0.0515816
0.7,0.46,0.05166
0.7,0.47,0.0517064
0.7,0.48,0.0517938
0.7,0.49,0.0519085
0.7,0.5,0.0518134
0.7,0.51,0.0512097
0.7,0.52,0.0513912
0.7,0.53,0.0515637
0.7,0.54,0.0514249
0.7,0.55,0.051661
0.7,0.56,0.0515728
0.7,0.57,0.0517307
0.7,0.58,0.0516019
0.7,0.59,0.0513051
0.7,0.6,0.05132
0.7,0.61,0.0515848
0.7,0.62,0.0519004
0.7,0.63,0.0517696
0.7,0.64,0.0521054
0.7,0.65,0.0519377
0.7,0.66,0.0518766
0.7,0.67,0.051338
0.7,0.68,0.0519435
0.7,0.69,0.0512512
0.7,0.7,0.0515848
0.7,0.71,0.051869
0.7,0.72,0.0514783
0.7,0.73,0.0517156
0.7,0.74,0.0519353
0.7,0.75,0.0517257
0.7,0.76,0.0515868
0.7,0.77,0.051225
0.7,0.78,0.0515126
0.7,0.79,0.0511665
0.7,0.8,0.0508334
0.7,0.81,0.0506118
0.7,0.82,0.0508191
0.7,0.83,0.0503014
0.7,0.84,0.0501684
0.7,0.85,0.0493957
0.7,0.86,0.0487355
0.7,0.87,0.0478919
0.7,0.88,0.0466003
0.7,0.89,0.0451412
0.7,0.9,0.0437362
0.7,0.91,0.0418825
0.7,0.92,0.0404733
0.7,0.93,0.0384861
0.7,0.94,0.0366927
0.7,0.95,0.0348559
0.7,0.96,0.0325105
0.7,0.97,0.0308839
0.7,0.98,0.0294736
0.7,0.99,0.0274387
0.71,0,0.0259078
0.71,0.01,0.0276334
0.71,0.02,0.0290994
0.71,0.03,0.0309313
0.71,0.04,0.0327691
0.71,0.05,0.0345982
0.71,0.06,0.0364153
0.71,0.07,0.0385097
0.71,0.08,0.0400705
0.71,0.09,0.0419652
0.71,0.1,0.0439682
0.71,0.11,0.0452368
0.71,0.12,0.0461089
0.71,0.13,0.0474389
0.71,0.14,0.0484175
0.71,0.15,0.0493108
0.71,0.16,0.0498743
0.71,0.17,0.0501056
0.71,0.18,0.0509231
0.71,0.19,0.0512579
0.71,0.2,0.051456
0.71,0.21,0.0515651
0.71,0.22,0.051575
0.71,0.23,0.0513452
0.71,0.24,0.0516353
0.71,0.25,0.0514541
0.71,0.26,0.0517574
0.71,0.27,0.0517156
0.71,0.28,0.0515789
0.71,0.29,0.0516482
0.71,0.3,0.051949
0.71,0.31,0.0515993
0.71,0.32,0.0518292
0.71,0.33,0.0517175
0.71,0.34,0.0515797
0.71,0.35,0.0514755
0.71,0.36,0.051747
0.71,0.37,0.0518064
0.71,0.38,0.0518043
0.71,0.39,0.0515477
0.71,0.4,0.0516469
0.71,0.41,0.0519543
0.71,0.42,0.0514988
0.71,0.43,0.0520053
0.71,0.44,0.0518372
0.71,0.45,0.0514585
0.71,0.46,0.0514369
0.71,0.47,0.0519425
0.71,0.48,0.051868
0.71,0.49,0.0515733
0.71,0.5,0.0515453
0.71,0.51,0.0516759
0.71,0.52,0.051681
0.71,0.53,0.0519066
0.71,0.54,0.0515707
0.71,0.55,0.0518071
0.71,0.56,0.0520008
0.71,0.57,0.0512663
0.71,0.58,0.0514907
0.71,0.59,0.0515288
0.71,0.6,0.0515027
0.71,0.61,0.0513713
0.71,0.62,0.0516976
0.71,0.63,0.0513947
0.71,0.64,0.0517233
0.71,0.65,0.0522095
0.71,0.66,0.0513665
0.71,0.67,0.0518497
0.71,0.68,0.0514
0.71,0.69,0.0518338
0.71,0.7,0.0520349
0.71,0.71,0.0515745
0.71,0.72,0.0514393
0.71,0.73,0.0517949
0.71,0.74,0.0521243
0.71,0.75,0.0513851
0.71,0.76,0.0516161
0.71,0.77,0.0515706
0.71,0.78,0.0517902
0.71,0.79,0.0516665
0.71,0.8,0.0512861
0.71,0.81,0.0508189
0.71,0.82,0.0507672
0.71,0.83,0.0505969
0.71,0.84,0.0499291
0.71,0.85,0.049188
0.71,0.86,0.0484547
0.71,0.87,0.0473875
0.71,0.88,0.0463589
0.71,0.89,0.0447847
0.71,0.9,0.0434471
0.71,0.91,0.0421618
0.71,0.92,0.0400133
0.71,0.93,0.0385942
0.71,0.94,0.0362362
0.71,0.95,0.0349298
0.71,0.96,0.0329623
0.71,0.97,0.0311534
0.71,0.98,0.0292801
0.71,0.99,0.0273733
0.72,0,0.0258764
0.72,0.01,0.0274938
0.72,0.02,0.0290487
0.72,0.03,0.0309521
0.72,0.04,0.0326361
0.72,0.05,0.0346575
0.72,0.06,0.0364045
0.72,0.07,0.0384805
0.72,0.08,0.0402227
0.72,0.09,0.0421784
0.72,0.1,0.0438152
0.72,0.11,0.0451677
0.72,0.12,0.0464111
0.72,0.13,0.0475782
0.72,0.14,0.0485817
0.72,0.15,0.0492907
0.72,0.16,0.0499703
0.72,0.17,0.0501333
0.72,0.18,0.050766
0.72,0.19,0.0507418
0.72,0.2,0.0512683
0.72,0.21,0.0513998
0.72,0.22,0.0516334
0.72,0.23,0.0517592
0.72,0.24,0.0513929
0.72,0.25,0.0515183
0.72,0.26,0.0516233
0.72,0.27,0.0511915
0.72,0.28,0.0513141
0.72,0.29,0.0518085
0.72,0.3,0.0517943
0.72,0.31,0.0515228
0.72,0.32,0.0513688
0.72,0.33,0.0515829
0.72,0.34,0.0516852
0.72,0.35,0.0515915
0.72,0.36,0.052122
0.72,0.37,0.0516134
0.72,0.38,0.0516592
0.72,0.39,0.0513022
0.72,0.4,0.0512681
0.72,0.41,0.0521104
0.72,0.42,0.0518253
0.72,0.43,0.05138
0.72,0.44,0.0510829
0.72,0.45,0.0515081
0.72,0.46,0.0514371
0.72,0.47,0.0520487
0.72,0.48,0.0519036
0.72,0.49,0.05151
0.72,0.5,0.0517813
0.72,0.51,0.0521175
0.72,0.52,0.0516163
0.72,0.53,0.0515029
0.72,0.54,0.0520034
0.72,0.55,0.0520164
0.72,0.56,0.0514618
0.72,0.57,0.051631
0.72,0.58,0.0515143
0.72,0.59,0.0516472
0.72,0.6,0.0519261
0.72,0.61,0.0514666
0.72,0.62,0.0520902
0.72,0.63,0.051752
0.72,0.64,0.051835
0.72,0.65,0.0513896
0.72,0.66,0.0514388
0.72,0.67,0.0518048
0.72,0.68,0.0515288
0.72,0.69,0.0519013
0.72,0.7,0.0514839
0.72,0.71,0.0514726
0.72,0.72,0.0519063
0.72,0.73,0.0517409
0.72,0.74,0.0517402
0.72,0.75,0.0519833
0.72,0.76,0.0515059
0.72,0.77,0.0514398
0.72,0.78,0.0514839
0.72,0.79,0.0515872
0.72,0.8,0.0516282
0.72,0.81,0.050877
0.72,0.82,0.051067
0.72,0.83,0.0503174
0.72,0.84,0.0497302
0.72,0.85,0.0492112
0.72,0.86,0.048297
0.72,0.87,0.0477484
0.72,0.88,0.0464319
0.72,0.89,0.045246
0.72,0.9,0.0435945
0.72,0.91,0.0418956
0.72,0.92,0.0401052
0.72,0.93,0.0385801
0.72,0.94,0.0361913
0.72,0.95,0.0345593
0.72,0.96,0.0327845
0.72,0.97,0.0311285
0.72,0.98,0.0291974
0.72,0.99,0.0274173
0.73,0,0.0256508
0.73,0.01,0.02766
0.73,0.02,0.0290294
0.73,0.03,0.031337
0.73,0.04,0.032683
0.73,0.05,0.0345661
0.73,0.06,0.036587
0.73,0.07,0.0385478
0.73,0.08,0.0404599
0.73,0.09,0.0418618
0.73,0.1,0.0435491
0.73,0.11,0.0449439
0.73,0.12,0.0464677
0.73,0.13,0.0472885
0.73,0.14,0.0484415
0.73,0.15,0.0490554
0.73,0.16,0.049684
0.73,0.17,0.0504238
0.73,0.18,0.050759
0.73,0.19,0.0511265
0.73,0.2,0.0511382
0.73,0.21,0.0512497
0.73,0.22,0.0514436
0.73,0.23,0.0513066
0.73,0.24,0.051282
0.73,0.25,0.0510695
0.73,0.26,0.0515182
0.73,0.27,0.051779
0.73,0.28,0.0519086
0.73,0.29,0.052013
0.73,0.3,0.0518726
0.73,0.31,0.0515524
0.73,0.32,0.0515547
0.73,0.33,0.0515586
0.73,0.34,0.0516748
0.73,0.35,0.0516217
0.73,0.36,0.05191
0.73,0.37,0.0517009
0.73,0.38,0.0515972
0.73,0.39,0.0516927
0.73,0.4,0.0515225
0.73,0.41,0.0518387
0.73,0.42,0.0520041
0.73,0.43,0.0518818
0.73,0.44,0.0515147
0.73,0.45,0.0514089
0.73,0.46,0.0517014
0.73,0.47,0.0515662
0.73,0.48,0.0521328
0.73,0.49,0.0515527
0.73,0.5,0.0516505
0.73,0.51,0.0515897
0.73,0.52,0.0514283
0.73,0.53,0.0517446
0.73,0.54,0.0518602
0.73,0.55,0.0516195
0.73,0.56,0.0518109
0.73,0.57,0.0513182
0.73,0.58,0.051677
0.73,0.59,0.0515768
0.73,0.6,0.0518997
0.73,0.61,0.0512663
0.73,0.62,0.0517832
0.73,0.63,0.0517728
0.73,0.64,0.0519639
0.73,0.65,0.0517647
0.73,0.66,0.0519216
0.73,0.67,0.0518679
0.73,0.68,0.0516938
0.73,0.69,0.0517292
0.73,0.7,0.0514676
0.73,0.71,0.0518092
0.73,0.72,0.0519013
0.73,0.73,0.0514353
0.73,0.74,0.0510532
0.73,0.75,0.0517563
0.73,0.76,0.0513925
0.73,0.77,0.0511415
0.73,0.78,0.0511778
0.73,0.79,0.0510809
0.73,0.8,0.0509913
0.73,0.81,0.0507636
0.73,0.82,0.0504345
0.73,0.83,0.050402
0.73,0.84,0.0499953
0.73,0.85,0.049395
0.73,0.86,0.0485904
0.73,0.87,0.0477031
0.73,0.88,0.0463113
0.73,0.89,0.0452894
0.73,0.9,0.0436183
0.73,0.91,0.0422294
0.73,0.92,0.0402367
0.73,0.93,0.0381683
0.73,0.94,0.0362222
0.73,0.95,0.0345169
0.73,0.96,0.0327739
0.73,0.97,0.031181
0.73,0.98,0.0293594
0.73,0.99,0.0275949
0.74,0,0.0259142
0.74,0.01,0.0276048
0.74,0.02,0.0292559
0.74,0.03,0.0307845
0.74,0.04,0.0324543
0.74,0.05,0.0346183
0.74,0.06,0.0369546
0.74,0.07,0.0380888
0.74,0.08,0.0401139
0.74,0.09,0.0421855
0.74,0.1,0.0437586
0.74,0.11,0.0451277
0.74,0.12,0.0465909
0.74,0.13,0.0472985
0.74,0.14,0.0485388
0.74,0.15,0.0492836
0.74,0.16,0.0500246
0.74,0.17,0.050312
0.74,0.18,0.0509096
0.74,0.19,0.0509626
0.74,0.2,0.0510577
0.74,0.21,0.0512623
0.74,0.22,0.0512776
0.74,0.23,0.0513211
0.74,0.24,0.0516996
0.74,0.25,0.0516352
0.74,0.26,0.0519566
0.74,0.27,0.051905
0.74,0.28,0.0516451
0.74,0.29,0.0514866
0.74,0.3,0.0513404
0.74,0.31,0.0519277
0.74,0.32,0.0515335
0.74,0.33,0.0516048
0.74,0.34,0.0520081
0.74,0.35,0.0519829
0.74,0.36,0.0518992
0.74,0.37,0.0512649
0.74,0.38,0.0514868
0.74,0.39,0.0516974
0.74,0.4,0.0514785
0.74,0.41,0.0519218
0.74,0.42,0.0515464
0.74,0.43,0.051365
0.74,0.44,0.0519422
0.74,0.45,0.0516195
0.74,0.46,0.0516453
0.74,0.47,0.052072
0.74,0.48,0.05142
0.74,0.49,0.0514741
0.74,0.5,0.0514904
0.74,0.51,0.051391
0.74,0.52,0.0516023
0.74,0.53,0.0516499
0.74,0.54,0.0515191
0.74,0.55,0.0515593
0.74,0.56,0.0516784
0.74,0.57,0.0516599
0.74,0.58,0.0518185
0.74,0.59,0.0517734
0.74,0.6,0.0515254
0.74,0.61,0.0515996
0.74,0.62,0.0515655
0.74,0.63,0.0518219
0.74,0.64,0.0514855
0.74,0.65,0.0515607
0.74,0.66,0.0518807
0.74,0.67,0.0513638
0.74,0.68,0.0515282
0.74,0.69,0.0517318
0.74,0.7,0.0516463
0.74,0.71,0.0512834
0.74,0.72,0.0518507
0.74,0.73,0.0516993
0.74,0.74,0.0513993
0.74,0.75,0.0513496
0.74,0.76,0.0515302
0.74,0.77,0.0514269
0.74,0.78,0.0512759
0.74,0.79,0.0513177
0.74,0.8,0.0509627
0.74,0.81,0.0511778
0.74,0.82,0.0510329
0.74,0.83,0.0504635
0.74,0.84,0.0495269
0.74,0.85,0.0490132
0.74,0.86,0.0482043
0.74,0.87,0.0475603
0.74,0.88,0.0460134
0.74,0.89,0.0453396
0.74,0.9,0.0432813
0.74,0.91,0.0419314
0.74,0.92,0.0404145
0.74,0.93,0.0389882
0.74,0.94,0.0365069
0.74,0.95,0.0347559
0.74,0.96,0.0329557
0.74,0.97,0.0309008
0.74,0.98,0.0291579
0.74,0.99,0.027393
0.75,0,0.0256762
0.75,0.01,0.0275625
0.75,0.02,0.0293012
0.75,0.03,0.030898
0.75,0.04,0.0329357
0.75,0.05,0.0345291
0.75,0.06,0.0365185
0.75,0.07,0.038133
0.75,0.08,0.0403578
0.75,0.09,0.0420164
0.75,0.1,0.043624
0.75,0.11,0.0453134
0.75,0.12,0.0463126
0.75,0.13,0.0474151
0.75,0.14,0.04814
0.75,0.15,0.0490894
0.75,0.16,0.0501749
0.75,0.17,0.0501933
0.75,0.18,0.0509176
0.75,0.19,0.051149
0.75,0.2,0.0513492
0.75,0.21,0.0512216
0.75,0.22,0.0513113
0.75,0.23,0.0510555
0.75,0.24,0.0510301
0.75,0.25,0.0516949
0.75,0.26,0.0517728
0.75,0.27,0.0515447
0.75,0.28,0.0516982
0.75,0.29,0.0511732
0.75,0.3,0.0515468
0.75,0.31,0.0518011
0.75,0.32,0.051604
0.75,0.33,0.0518041
0.75,0.34,0.0521385
0.75,0.35,0.0517555
0.75,0.36,0.0511551
0.75,0.37,0.0519425
0.75,0.38,0.0514098
0.75,0.39,0.0516779
0.75,0.4,0.0518912
0.75,0.41,0.0510467
0.75,0.42,0.0516227
0.75,0.43,0.051378
0.75,0.44,0.0515677
0.75,0.45,0.0513775
0.75,0.46,0.0516207
0.75,0.47,0.051634
0.75,0.48,0.0521014
0.75,0.49,0.0514625
0.75,0.5,0.0517521
0.75,0.51,0.0515753
0.75,0.52,0.0515111
0.75,0.53,0.0513352
0.75,0.54,0.0515482
0.75,0.55,0.0515237
0.75,0.56,0.0516042
0.75,0.57,0.0514437
0.75,0.58,0.0520121
0.75,0.59,0.0511205
0.75,0.6,0.0513234
0.75,0.61,0.0515046
0.75,0.62,0.0518152
0.75,0.63,0.051406
0.75,0.64,0.0516619
0.75,0.65,0.051965
0.75,0.66,0.0514246
0.75,0.67,0.0515946
0.75,0.68,0.051556
0.75,0.69,0.0518134
0.75,0.7,0.0517424
0.75,0.71,0.0515619
0.75,0.72,0.0513299
0.75,0.73,0.0516756
0.75,0.74,0.0509909
0.75,0.75,0.0515774
0.75,0.76,0.0512168
0.75,0.77,0.0515617
0.75,0.78,0.0514329
0.75,0.79,0.0513617
0.75,0.8,0.0509885
0.75,0.81,0.0508431
0.75,0.82,0.0509599
0.75,0.83,0.0502766
0.75,0.84,0.049598
0.75,0.85,0.0495237
0.75,0.86,0.0486781
0.75,0.87,0.0475519
0.75,0.88,0.0463108
0.75,0.89,0.044829
0.75,0.9,0.0435434
0.75,0.91,0.0417798
0.75,0.92,0.0403241
0.75,0.93,0.0384682
0.75,0.94,0.0365685
0.75,0.95,0.0347029
0.75,0.96,0.0330946
0.75,0.97,0.0311288
0.75,0.98,0.0290222
0.75,0.99,0.0274954
0.76,0,0.0260031
0.76,0.01,0.0275184
0.76,0.02,0.028898
0.76,0.03,0.0306857
0.76,0.04,0.032731
0.76,0.05,0.0345866
0.76,0.06,0.0365056
0.76,0.07,0.038455
0.76,0.08,0.0403112
0.76,0.09,0.0420571
0.76,0.1,0.0433158
0.76,0.11,0.0451861
0.76,0.12,0.0460134
0.76,0.13,0.047359
0.76,0.14,0.0482207
0.76,0.15,0.0490739
0.76,0.16,0.049742
0.76,0.17,0.0504299
0.76,0.18,0.0504723
0.76,0.19,0.0512657
0.76,0.2,0.0510026
0.76,0.21,0.0513594
0.76,0.22,0.0514838
0.76,0.23,0.0514348
0.76,0.24,0.0514761
0.76,0.25,0.05142
0.76,0.26,0.0517027
0.76,0.27,0.0516617
0.76,0.28,0.0509363
0.76,0.29,0.051572
0.76,0.3,0.0512953
0.76,0.31,0.0512372
0.76,0.32,0.051783
0.76,0.33,0.0517178
0.76,0.34,0.0519865
0.76,0.35,0.0512953
0.76,0.36,0.0514547
0.76,0.37,0.0515105
0.76,0.38,0.0518862
0.76,0.39,0.0517608
0.76,0.4,0.0518074
0.76,0.41,0.0515242
0.76,0.42,0.0514708
0.76,0.43,0.0514395
0.76,0.44,0.0513035
0.76,0.45,0.0513749
0.76,0.46,0.0519249
0.76,0.47,0.0516731
0.76,0.48,0.0513881
0.76,0.49,0.0516155
0.76,0.5,0.0517503
0.76,0.51,0.052191
0.76,0.52,0.0514852
0.76,0.53,0.0517942
0.76,0.54,0.0515833
0.76,0.55,0.0514217
0.76,0.56,0.0517912
0.76,0.57,0.0513512
0.76,0.58,0.0514806
0.76,0.59,0.0515602
0.76,0.6,0.0515559
0.76,0.61,0.0513543
0.76,0.62,0.0516967
0.76,0.63,0.0517779
0.76,0.64,0.0517846
0.76,0.65,0.0511163
0.76,0.66,0.0516537
0.76,0.67,0.0516568
0.76,0.68,0.0516476
0.76,0.69,0.0518953
0.76,0.7,0.0515292
0.76,0.71,0.0515985
0.76,0.72,0.0513166
0.76,0.73,0.0514024
0.76,0.74,0.0512467
0.76,0.75,0.0511787
0.76,0.76,0.0512018
0.76,0.77,0.0511896
0.76,0.78,0.0511359
0.76,0.79,0.0511631
0.76,0.8,0.0511485
0.76,0.81,0.050933
0.76,0.82,0.0504673
0.76,0.83,0.0505538
0.76,0.84,0.0497084
0.76,0.85,0.049544
0.76,0.86,0.0483895
0.76,0.87,0.0477518
0.76,0.88,0.0463268
0.76,0.89,0.0453578
0.76,0.9,0.0435482
0.76,0.91,0.0420973
0.76,0.92,0.040031
0.76,0.93,0.038431
0.76,0.94,0.0365278
0.76,0.95,0.0346539
0.76,0.96,0.0328892
0.76,0.97,0.0311402
0.76,0.98,0.0293987
0.76,0.99,0.0274815
0.77,0,0.0258596
0.77,0.01,0.027605
0.77,0.02,0.0290061
0.77,0.03,0.0308109
0.77,0.04,0.0327776
0.77,0.05,0.0343588
0.77,0.06,0.0365083
0.77,0.07,0.0384994
0.77,0.08,0.0397017
0.77,0.09,0.0419871
0.77,0.1,0.0436213
0.77,0.11,0.0448958
0.77,0.12,0.0463329
0.77,0.13,0.0473365
0.77,0.14,0.048251
0.77,0.15,0.0494039
0.77,0.16,0.0494855
0.77,0.17,0.0499465
0.77,0.18,0.0506956
0.77,0.19,0.0509685
0.77,0.2,0.0510933
0.77,0.21,0.0507257
0.77,0.22,0.0512533
0.77,0.23,0.0516523
0.77,0.24,0.0514784
0.77,0.25,0.0517134
0.77,0.26,0.0514658
0.77,0.27,0.0514235
0.77,0.28,0.051734
0.77,0.29,0.0519298
0.77,0.3,0.0517374
0.77,0.31,0.0513144
0.77,0.32,0.0517116
0.77,0.33,0.0512501
0.77,0.34,0.0515638
0.77,0.35,0.0515238
0.77,0.36,0.0516583
0.77,0.37,0.0516363
0.77,0.38,0.0513833
0.77,0.39,0.0515548
0.77,0.4,0.0517438
0.77,0.41,0.0513412
0.77,0.42,0.0518368
0.77,0.43,0.0512412
0.77,0.44,0.0516536
0.77,0.45,0.0515954
0.77,0.46,0.0512223
0.77,0.47,0.0517354
0.77,0.48,0.0516057
0.77,0.49,0.051298
0.77,0.5,0.0520107
0.77,0.51,0.0518842
0.77,0.52,0.0517305
0.77,0.53,0.0517129
0.77,0.54,0.05147
0.77,0.55,0.0514475
0.77,0.56,0.0511849
0.77,0.57,0.0515516
0.77,0.58,0.0512054
0.77,0.59,0.0513735
0.77,0.6,0.0514939
0.77,0.61,0.0514296
0.77,0.62,0.0516074
0.77,0.63,0.0516839
0.77,0.64,0.0514414
0.77,0.65,0.0515506
0.77,0.66,0.0515764
0.77,0.67,0.0511358
0.77,0.68,0.0514901
0.77,0.69,0.0515095
0.77,0.7,0.051729
0.77,0.71,0.0511469
0.77,0.72,0.0516048
0.77,0.73,0.0517284
0.77,0.74,0.0515352
0.77,0.75,0.0514757
0.77,0.76,0.0516278
0.77,0.77,0.0511298
0.77,0.78,0.0514731
0.77,0.79,0.0511908
0.77,0.8,0.0507917
0.77,0.81,0.0508259
0.77,0.82,0.0503158
0.77,0.83,0.0497276
0.77,0.84,0.0498387
0.77,0.85,0.049065
0.77,0.86,0.048304
0.77,0.87,0.0471683
0.77,0.88,0.0460871
0.77,0.89,0.0451388
0.77,0.9,0.0435717
0.77,0.91,0.0420937
0.77,0.92,0.0400238
0.77,0.93,0.0381952
0.77,0.94,0.0366009
0.77,0.95,0.0348335
0.77,0.96,0.0328854
0.77,0.97,0.0311341
0.77,0.98,0.0293729
0.77,0.99,0.0273984
0.78,0,0.0259763
0.78,0.01,0.027501
0.78,0.02,0.0292261
0.78,0.03,0.030838
0.78,0.04,0.0329118
0.78,0.05,0.0348193
0.78,0.06,0.0359957
0.78,0.07,0.0380149
0.78,0.08,0.0399924
0.78,0.09,0.0423214
0.78,0.1,0.0435433
0.78,0.11,0.0450498
0.78,0.12,0.0462565
0.78,0.13,0.0472859
0.78,0.14,0.0483249
0.78,0.15,0.04896
0.78,0.16,0.0497919
0.78,0.17,0.0500386
0.78,0.18,0.0507235
0.78,0.19,0.0508398
0.78,0.2,0.0508942
0.78,0.21,0.0511095
0.78,0.22,0.0515222
0.78,0.23,0.0511866
0.78,0.24,0.0512523
0.78,0.25,0.0512677
0.78,0.26,0.0517399
0.78,0.27,0.0513868
0.78,0.28,0.051293
0.78,0.29,0.0515759
0.78,0.3,0.0515197
0.78,0.31,0.0512518
0.78,0.32,0.0511993
0.78,0.33,0.0515795
0.78,0.34,0.0513963
0.78,0.35,0.0513793
0.78,0.36,0.051198
0.78,0.37,0.0509428
0.78,0.38,0.0515242
0.78,0.39,0.0513995
0.78,0.4,0.0517058
0.78,0.41,0.0514747
0.78,0.42,0.0516562
0.78,0.43,0.0513657
0.78,0.44,0.0515224
0.78,0.45,0.051165
0.78,0.46,0.051613
0.78,0.47,0.0519474
0.78,0.48,0.0517709
0.78,0.49,0.0513909
0.78,0.5,0.0512013
0.78,0.51,0.0514592
0.78,0.52,0.0517683
0.78,0.53,0.0513137
0.78,0.54,0.0518156
0.78,0.55,0.0513915
0.78,0.56,0.0511634
0.78,0.57,0.0515177
0.78,0.58,0.0516384
0.78,0.59,0.0513472
0.78,0.6,0.0514304
0.78,0.61,0.051393
0.78,0.62,0.0515788
0.78,0.63,0.0512916
0.78,0.64,0.0515222
0.78,0.65,0.051344
0.78,0.66,0.0516049
0.78,0.67,0.0514466
0.78,0.68,0.0511939
0.78,0.69,0.0511798
0.78,0.7,0.0509419
0.78,0.71,0.0514226
0.78,0.72,0.0516338
0.78,0.73,0.0514058
0.78,0.74,0.0509767
0.78,0.75,0.0514863
0.78,0.76,0.0510954
0.78,0.77,0.0511269
0.78,0.78,0.0510676
0.78,0.79,0.0512901
0.78,0.8,0.0509288
0.78,0.81,0.0507773
0.78,0.82,0.0506691
0.78,0.83,0.0498423
0.78,0.84,0.0498295
0.78,0.85,0.0490485
0.78,0.86,0.0481601
0.78,0.87,0.0469891
0.78,0.88,0.0458973
0.78,0.89,0.0445809
0.78,0.9,0.0433121
0.78,0.91,0.0417933
0.78,0.92,0.0400774
0.78,0.93,0.0387316
0.78,0.94,0.0364519
0.78,0.95,0.03464
0.78,0.96,0.0326228
0.78,0.97,0.0308019
0.78,0.98,0.0292894
0.78,0.99,0.0272394
0.79,0,0.0256363
0.79,0.01,0.0273642
0.79,0.02,0.0287699
0.79,0.03,0.0303686
0.79,0.04,0.0324531
0.79,0.05,0.0344962
0.79,0.06,0.0363059
0.79,0.07,0.0384211
0.79,0.08,0.0399438
0.79,0.09,0.0415791
0.79,0.1,0.0433457
0.79,0.11,0.0445861
0.79,0.12,0.0462121
0.79,0.13,0.0471866
0.79,0.14,0.0482769
0.79,0.15,0.0485139
0.79,0.16,0.0493296
0.79,0.17,0.0500292
0.79,0.18,0.0503653
0.79,0.19,0.0508972
0.79,0.2,0.0508838
0.79,0.21,0.0506034
0.79,0.22,0.0510991
0.79,0.23,0.0509241
0.79,0.24,0.051488
0.79,0.25,0.0511869
0.79,0.26,0.051144
0.79,0.27,0.0514889
0.79,0.28,0.0514466
0.79,0.29,0.051138
0.79,0.3,0.0516521
0.79,0.31,0.0511432
0.79,0.32,0.0513209
0.79,0.33,0.0518024
0.79,0.34,0.0512859
0.79,0.35,0.0513496
0.79,0.36,0.0510539
0.79,0.37,0.0514327
0.79,0.38,0.0514344
0.79,0.39,0.0512998
0.79,0.4,0.0513058
0.79,0.41,0.0517064
0.79,0.42,0.0514164
0.79,0.43,0.0512532
0.79,0.44,0.05102
0.79,0.45,0.0509568
0.79,0.46,0.0517253
0.79,0.47,0.0511264
0.79,0.48,0.0514852
0.79,0.49,0.0509493
0.79,0.5,0.051428
0.79,0.51,0.0512383
0.79,0.52,0.0513646
0.79,0.53,0.0511015
0.79,0.54,0.0512967
0.79,0.55,0.0514833
0.79,0.56,0.0515077
0.79,0.57,0.0514462
0.79,0.58,0.0516949
0.79,0.59,0.0511354
0.79,0.6,0.0515672
0.79,0.61,0.0512538
0.79,0.62,0.05154
0.79,0.63,0.0511993
0.79,0.64,0.0515237
0.79,0.65,0.0511213
0.79,0.66,0.0516394
0.79,0.67,0.0512703
0.79,0.68,0.0511732
0.79,0.69,0.0512407
0.79,0.7,0.0514496
0.79,0.71,0.0514109
0.79,0.72,0.0513899
0.79,0.73,0.0513768
0.79,0.74,0.0515796
0.79,0.75,0.0514614
0.79,0.76,0.0510199
0.79,0.77,0.0513852
0.79,0.78,0.0508883
0.79,0.79,0.0508597
0.79,0.8,0.0506251
0.79,0.81,0.0509928
0.79,0.82,0.0507494
0.79,0.83,0.0501616
0.79,0.84,0.049569
0.79,0.85,0.0487972
0.79,0.86,0.0480112
0.79,0.87,0.0473751
0.79,0.88,0.0459854
0.79,0.89,0.0449554
0.79,0.9,0.0435403
0.79,0.91,0.0415002
0.79,0.92,0.0403576
0.79,0.93,0.0380789
0.79,0.94,0.0358203
0.79,0.95,0.0348048
0.79,0.96,0.032011
0.79,0.97,0.0306964
0.79,0.98,0.0288815
0.79,0.99,0.0271539
0.8,0,0.02541
0.8,0.01,0.0270863
0.8,0.02,0.0290808
0.8,0.03,0.0306482
0.8,0.04,0.0325408
0.8,0.05,0.0343777
0.8,0.06,0.0360342
0.8,0.07,0.038494
0.8,0.08,0.0398777
0.8,0.09,0.0417016
0.8,0.1,0.0434144
0.8,0.11,0.0447251
0.8,0.12,0.0458054
0.8,0.13,0.0471301
0.8,0.14,0.0480247
0.8,0.15,0.0484642
0.8,0.16,0.0495372
0.8,0.17,0.0496643
0.8,0.18,0.0500346
0.8,0.19,0.0502135
0.8,0.2,0.0507106
0.8,0.21,0.0509193
0.8,0.22,0.0509773
0.8,0.23,0.0511511
0.8,0.24,0.0510522
0.8,0.25,0.0510724
0.8,0.26,0.0513342
0.8,0.27,0.0511521
0.8,0.28,0.0507975
0.8,0.29,0.0511501
0.8,0.3,0.0510279
0.8,0.31,0.0512264
0.8,0.32,0.0510124
0.8,0.33,0.0512972
0.8,0.34,0.0512898
0.8,0.35,0.0509711
0.8,0.36,0.0516723
0.8,0.37,0.0509467
0.8,0.38,0.0511884
0.8,0.39,0.0507212
0.8,0.4,0.0511677
0.8,0.41,0.0514981
0.8,0.42,0.0514277
0.8,0.43,0.0511347
0.8,0.44,0.0511662
0.8,0.45,0.0513813
0.8,0.46,0.0513114
0.8,0.47,0.0515256
0.8,0.48,0.0513679
0.8,0.49,0.0511344
0.8,0.5,0.0510467
0.8,0.51,0.0512816
0.8,0.52,0.0510016
0.8,0.53,0.0515476
0.8,0.54,0.0512638
0.8,0.55,0.0510878
0.8,0.56,0.0509728
0.8,0.57,0.0509428
0.8,0.58,0.051232
0.8,0.59,0.0515681
0.8,0.6,0.0511875
0.8,0.61,0.0510323
0.8,0.62,0.0512432
0.8,0.63,0.0510217
0.8,0.64,0.0513336
0.8,0.65,0.0510766
0.8,0.66,0.0510667
0.8,0.67,0.0514209
0.8,0.68,0.05107
0.8,0.69,0.0512111
0.8,0.7,0.0513127
0.8,0.71,0.0513077
0.8,0.72,0.0513209
0.8,0.73,0.0511732
0.8,0.74,0.0512249
0.8,0.75,0.050892
0.8,0.76,0.0508638
0.8,0.77,0.0510613
0.8,0.78,0.0509631
0.8,0.79,0.0509456
0.8,0.8,0.0510608
0.8,0.81,0.0504574
0.8,0.82,0.0502898
0.8,0.83,0.0498074
0.8,0.84,0.0490128
0.8,0.85,0.0490017
0.8,0.86,0.0484844
0.8,0.87,0.0473823
0.8,0.88,0.0459802
0.8,0.89,0.0445943
0.8,0.9,0.0432902
0.8,0.91,0.0413487
0.8,0.92,0.0397391
0.8,0.93,0.038149
0.8,0.94,0.0361181
0.8,0.95,0.0341523
0.8,0.96,0.032438
0.8,0.97,0.0308058
0.8,0.98,0.0289985
0.8,0.99,0.027221
0.81,0,0.0253122
0.81,0.01,0.0271838
0.81,0.02,0.0287939
0.81,0.03,0.0304172
0.81,0.04,0.0322436
0.81,0.05,0.0339782
0.81,0.06,0.0360366
0.81,0.07,0.0380433
0.81,0.08,0.0397515
0.81,0.09,0.0408638
0.81,0.1,0.0433756
0.81,0.11,0.0442603
0.81,0.12,0.0457996
0.81,0.13,0.0469358
0.81,0.14,0.0476247
0.81,0.15,0.0484944
0.81,0.16,0.049276
0.81,0.17,0.0497202
0.81,0.18,0.0499947
0.81,0.19,0.0505123
0.81,0.2,0.0506678
0.81,0.21,0.0509447
0.81,0.22,0.0505215
0.81,0.23,0.0510981
0.81,0.24,0.0509898
0.81,0.25,0.0509215
0.81,0.26,0.0509251
0.81,0.27,0.0511754
0.81,0.28,0.0505872
0.81,0.29,0.0508522
0.81,0.3,0.0512042
0.81,0.31,0.051435
0.81,0.32,0.0508317
0.81,0.33,0.0508203
0.81,0.34,0.0509864
0.81,0.35,0.0510945
0.81,0.36,0.05117
0.81,0.37,0.0509874
0.81,0.38,0.0513949
0.81,0.39,0.0508283
0.81,0.4,0.0511858
0.81,0.41,0.0507032
0.81,0.42,0.0508595
0.81,0.43,0.0513845
0.81,0.44,0.0505254
0.81,0.45,0.0505641
0.81,0.46,0.0511385
0.81,0.47,0.051177
0.81,0.48,0.0509398
0.81,0.49,0.0509027
0.81,0.5,0.0511779
0.81,0.51,0.0508609
0.81,0.52,0.0507882
0.81,0.53,0.0510573
0.81,0.54,0.0510983
0.81,0.55,0.0512119
0.81,0.56,0.0509006
0.81,0.57,0.051137
0.81,0.58,0.0507445
0.81,0.59,0.0512594
0.81,0.6,0.0509288
0.81,0.61,0.0511904
0.81,0.62,0.0509581
0.81,0.63,0.0508672
0.81,0.64,0.0508924
0.81,0.65,0.0512318
0.81,0.66,0.0511168
0.81,0.67,0.050845
0.81,0.68,0.0510246
0.81,0.69,0.0509405
0.81,0.7,0.0509922
0.81,0.71,0.0509232
0.81,0.72,0.0511336
0.81,0.73,0.0510219
0.81,0.74,0.0507492
0.81,0.75,0.0508429
0.81,0.76,0.0511798
0.81,0.77,0.0509082
0.81,0.78,0.0508046
0.81,0.79,0.0504409
0.81,0.8,0.050201
0.81,0.81,0.0499561
0.81,0.82,0.0503287
0.81,0.83,0.0495223
0.81,0.84,0.0486846
0.81,0.85,0.0487282
0.81,0.86,0.0478979
0.81,0.87,0.0466018
0.81,0.88,0.0458751
0.81,0.89,0.0443721
0.81,0.9,0.0431614
0.81,0.91,0.0412667
0.81,0.92,0.0397583
0.81,0.93,0.0379046
0.81,0.94,0.0361456
0.81,0.95,0.0341224
0.81,0.96,0.0323123
0.81,0.97,0.030662
0.81,0.98,0.028956
0.81,0.99,0.0271362
0.82,0,0.0254064
0.82,0.01,0.0267767
0.82,0.02,0.0288943
0.82,0.03,0.0302906
0.82,0.04,0.0321624
0.82,0.05,0.0339055
0.82,0.06,0.0357964
0.82,0.07,0.0378058
0.82,0.08,0.0395586
0.82,0.09,0.0411458
0.82,0.1,0.0428392
0.82,0.11,0.0441405
0.82,0.12,0.0455287
0.82,0.13,0.046296
0.82,0.14,0.047402
0.82,0.15,0.0481438
0.82,0.16,0.0491824
0.82,0.17,0.0490918
0.82,0.18,0.0499143
0.82,0.19,0.0496045
0.82,0.2,0.0499717
0.82,0.21,0.0504134
0.82,0.22,0.0505624
0.82,0.23,0.0503216
0.82,0.24,0.0505732
0.82,0.25,0.0508499
0.82,0.26,0.0504467
0.82,0.27,0.050562
0.82,0.28,0.0505283
0.82,0.29,0.050502
0.82,0.3,0.0509847
0.82,0.31,0.0504446
0.82,0.32,0.0507613
0.82,0.33,0.0509917
0.82,0.34,0.0506963
0.82,0.35,0.0506431
0.82,0.36,0.0505336
0.82,0.37,0.0507803
0.82,0.38,0.050747
0.82,0.39,0.0507048
0.82,0.4,0.0509241
0.82,0.41,0.0509894
0.82,0.42,0.0508979
0.82,0.43,0.0505317
0.82,0.44,0.0508804
0.82,0.45,0.0507838
0.82,0.46,0.0505603
0.82,0.47,0.0506649
0.82,0.48,0.0504735
0.82,0.49,0.050757
0.82,0.5,0.0505494
0.82,0.51,0.0506175
0.82,0.52,0.051023
0.82,0.53,0.0501244
0.82,0.54,0.0507179
0.82,0.55,0.0507704
0.82,0.56,0.0508132
0.82,0.57,0.0511653
0.82,0.58,0.0505576
0.82,0.59,0.0511817
0.82,0.6,0.0505881
0.82,0.61,0.051003
0.82,0.62,0.0511268
0.82,0.63,0.0508104
0.82,0.64,0.051041
0.82,0.65,0.0506864
0.82,0.66,0.0507494
0.82,0.67,0.051047
0.82,0.68,0.0506571
0.82,0.69,0.0505517
0.82,0.7,0.0507997
0.82,0.71,0.0507858
0.82,0.72,0.0505282
0.82,0.73,0.0502265
0.82,0.74,0.0506077
0.82,0.75,0.0508427
0.82,0.76,0.0506256
0.82,0.77,0.050584
0.82,0.78,0.0507262
0.82,0.79,0.0504889
0.82,0.8,0.0499703
0.82,0.81,0.0501572
0.82,0.82,0.0498459
0.82,0.83,0.049831
0.82,0.84,0.0486419
0.82,0.85,0.0481909
0.82,0.86,0.0474481
0.82,0.87,0.0467308
0.82,0.88,0.0454287
0.82,0.89,0.0441712
0.82,0.9,0.0430322
0.82,0.91,0.0409894
0.82,0.92,0.0394901
0.82,0.93,0.037606
0.82,0.94,0.035565
0.82,0.95,0.0342416
0.82,0.96,0.0322438
0.82,0.97,0.0302231
0.82,0.98,0.02854
0.82,0.99,0.0269709
0.83,0,0.0251547
0.83,0.01,0.0263965
0.83,0.02,0.028363
0.83,0.03,0.0301371
0.83,0.04,0.0319226
0.83,0.05,0.0335877
0.83,0.06,0.0358514
0.83,0.07,0.0373388
0.83,0.08,0.0391444
0.83,0.09,0.0409023
0.83,0.1,0.0421189
0.83,0.11,0.0437112
0.83,0.12,0.0451358
0.83,0.13,0.0459282
0.83,0.14,0.0471429
0.83,0.15,0.047876
0.83,0.16,0.0484859
0.83,0.17,0.048939
0.83,0.18,0.0490185
0.83,0.19,0.0498398
0.83,0.2,0.0496969
0.83,0.21,0.0502126
0.83,0.22,0.050334
0.83,0.23,0.0502784
0.83,0.24,0.0504523
0.83,0.25,0.0501532
0.83,0.26,0.0506089
0.83,0.27,0.0507034
0.83,0.28,0.0503591
0.83,0.29,0.0505919
0.83,0.3,0.0501355
0.83,0.31,0.050436
0.83,0.32,0.0505461
0.83,0.33,0.0505855
0.83,0.34,0.0502665
0.83,0.35,0.0502947
0.83,0.36,0.0501618
0.83,0.37,0.050496
0.83,0.38,0.0502565
0.83,0.39,0.0501635
0.83,0.4,0.0502387
0.83,0.41,0.0502843
0.83,0.42,0.0500762
0.83,0.43,0.0504537
0.83,0.44,0.0503587
0.83,0.45,0.0502792
0.83,0.46,0.0503342
0.83,0.47,0.0505045
0.83,0.48,0.0501951
0.83,0.49,0.0506686
0.83,0.5,0.0503655
0.83,0.51,0.0501072
0.83,0.52,0.0502533
0.83,0.53,0.0503417
0.83,0.54,0.0504446
0.83,0.55,0.0504905
0.83,0.56,0.0504205
0.83,0.57,0.0505529
0.83,0.58,0.0504579
0.83,0.59,0.0503801
0.83,0.6,0.0503691
0.83,0.61,0.0499336
0.83,0.62,0.0504233
0.83,0.63,0.0504273
0.83,0.64,0.0503272
0.83,0.65,0.0501459
0.83,0.66,0.0498746
0.83,0.67,0.050013
0.83,0.68,0.0503195
0.83,0.69,0.0505771
0.83,0.7,0.0506064
0.83,0.71,0.05009
0.83,0.72,0.0505357
0.83,0.73,0.0504134
0.83,0.74,0.0503429
0.83,0.75,0.0500298
0.83,0.76,0.0503617
0.83,0.77,0.0502517
0.83,0.78,0.0503276
0.83,0.79,0.0495345
0.83,0.8,0.0501032
0.83,0.81,0.049553
0.83,0.82,0.0488714
0.83,0.83,0.0492488
0.83,0.84,0.048526
0.83,0.85,0.0478775
0.83,0.86,0.0473554
0.83,0.87,0.0461551
0.83,0.88,0.0449807
0.83,0.89,0.0437808
0.83,0.9,0.0423036
0.83,0.91,0.0408199
0.83,0.92,0.0389931
0.83,0.93,0.0373107
0.83,0.94,0.0358508
0.83,0.95,0.0337396
0.83,0.96,0.0319558
0.83,0.97,0.0298812
0.83,0.98,0.0285254
0.83,0.99,0.0265782
0.84,0,0.0250487
0.84,0.01,0.0262283
0.84,0.02,0.0284037
0.84,0.03,0.0297869
0.84,0.04,0.0317487
0.84,0.05,0.0329986
0.84,0.06,0.0350571
0.84,0.07,0.0369722
0.84,0.08,0.0387551
0.84,0.09,0.040391
0.84,0.1,0.0415915
0.84,0.11,0.0431774
0.84,0.12,0.0443953
0.84,0.13,0.0456128
0.84,0.14,0.0468443
0.84,0.15,0.0474116
0.84,0.16,0.0483337
0.84,0.17,0.0488586
0.84,0.18,0.0490996
0.84,0.19,0.0491149
0.84,0.2,0.0495323
0.84,0.21,0.0496017
0.84,0.22,0.0499902
0.84,0.23,0.0497577
0.84,0.24,0.050153
0.84,0.25,0.0498427
0.84,0.26,0.0496651
0.84,0.27,0.0498734
0.84,0.28,0.0498651
0.84,0.29,0.0497505
0.84,0.3,0.0498705
0.84,0.31,0.0494983
0.84,0.32,0.0496256
0.84,0.33,0.049739
0.84,0.34,0.0499991
0.84,0.35,0.0500098
0.84,0.36,0.049797
0.84,0.37,0.0498721
0.84,0.38,0.0499859
0.84,0.39,0.0500889
0.84,0.4,0.0497535
0.84,0.41,0.049718
0.84,0.42,0.0497547
0.84,0.43,0.049741
0.84,0.44,0.0501087
0.84,0.45,0.0502532
0.84,0.46,0.0500232
0.84,0.47,0.0498367
0.84,0.48,0.0499012
0.84,0.49,0.0497663
0.84,0.5,0.0498013
0.84,0.51,0.0498007
0.84,0.52,0.0498621
0.84,0.53,0.0495839
0.84,0.54,0.0500563
0.84,0.55,0.0498286
0.84,0.56,0.0500135
0.84,0.57,0.0497264
0.84,0.58,0.0500748
0.84,0.59,0.0500277
0.84,0.6,0.0499432
0.84,0.61,0.050038
0.84,0.62,0.0497247
0.84,0.63,0.0497797
0.84,0.64,0.0499048
0.84,0.65,0.0504519
0.84,0.66,0.0498479
0.84,0.67,0.0500869
0.84,0.68,0.0500501
0.84,0.69,0.0499312
0.84,0.7,0.0498387
0.84,0.71,0.049884
0.84,0.72,0.0504907
0.84,0.73,0.0504524
0.84,0.74,0.0498053
0.84,0.75,0.0498014
0.84,0.76,0.0500021
0.84,0.77,0.0497098
0.84,0.78,0.0499458
0.84,0.79,0.0494991
0.84,0.8,0.0491382
0.84,0.81,0.0492947
0.84,0.82,0.0489149
0.84,0.83,0.048712
0.84,0.84,0.0484484
0.84,0.85,0.0476189
0.84,0.86,0.0468452
0.84,0.87,0.0457257
0.84,0.88,0.0447277
0.84,0.89,0.0435891
0.84,0.9,0.0422553
0.84,0.91,0.0405498
0.84,0.92,0.0388619
0.84,0.93,0.0370738
0.84,0.94,0.0349945
0.84,0.95,0.0334951
0.84,0.96,0.0318367
0.84,0.97,0.0295831
0.84,0.98,0.0277975
0.84,0.99,0.0265147
0.85,0,0.0243948
0.85,0.01,0.0263677
0.85,0.02,0.0277171
0.85,0.03,0.0289812
0.85,0.04,0.0308436
0.85,0.05,0.0328298
0.85,0.06,0.0345754
0.85,0.07,0.0364002
0.85,0.08,0.0382059
0.85,0.09,0.0400561
0.85,0.1,0.0416025
0.85,0.11,0.042877
0.85,0.12,0.0439012
0.85,0.13,0.0455946
0.85,0.14,0.0461933
0.85,0.15,0.0468122
0.85,0.16,0.0471893
0.85,0.17,0.0480108
0.85,0.18,0.0482365
0.85,0.19,0.048728
0.85,0.2,0.0488831
0.85,0.21,0.0489368
0.85,0.22,0.0491749
0.85,0.23,0.0491566
0.85,0.24,0.0493234
0.85,0.25,0.048915
0.85,0.26,0.049383
0.85,0.27,0.0493306
0.85,0.28,0.0489416
0.85,0.29,0.0491841
0.85,0.3,0.049688
0.85,0.31,0.0492152
0.85,0.32,0.0491965
0.85,0.33,0.0493689
0.85,0.34,0.0492434
0.85,0.35,0.0492359
0.85,0.36,0.0492278
0.85,0.37,0.0490631
0.85,0.38,0.0490771
0.85,0.39,0.0492421
0.85,0.4,0.0492523
0.85,0.41,0.0494449
0.85,0.42,0.0492308
0.85,0.43,0.0492495
0.85,0.44,0.0493016
0.85,0.45,0.0493885
0.85,0.46,0.0493176
0.85,0.47,0.0490458
0.85,0.48,0.0495653
0.85,0.49,0.0494458
0.85,0.5,0.0490987
0.85,0.51,0.0488617
0.85,0.52,0.0492268
0.85,0.53,0.0493007
0.85,0.54,0.0490715
0.85,0.55,0.049417
0.85,0.56,0.0491038
0.85,0.57,0.0490623
0.85,0.58,0.0491372
0.85,0.59,0.0489759
0.85,0.6,0.0488627
0.85,0.61,0.0490881
0.85,0.62,0.0493565
0.85,0.63,0.0492767
0.85,0.64,0.0491182
0.85,0.65,0.0490792
0.85,0.66,0.049578
0.85,0.67,0.0493112
0.85,0.68,0.0492766
0.85,0.69,0.0489276
0.85,0.7,0.0490327
0.85,0.71,0.0491776
0.85,0.72,0.0490599
0.85,0.73,0.0489654
0.85,0.74,0.0486981
0.85,0.75,0.0489741
0.85,0.76,0.0490328
0.85,0.77,0.0488884
0.85,0.78,0.0488931
0.85,0.79,0.0490017
0.85,0.8,0.0484239
0.85,0.81,0.0484214
0.85,0.82,0.0484836
0.85,0.83,0.0477477
0.85,0.84,0.0474732
0.85,0.85,0.0468073
0.85,0.86,0.0464655
0.85,0.87,0.0451191
0.85,0.88,0.0440836
0.85,0.89,0.0432097
0.85,0.9,0.0414622
0.85,0.91,0.0401867
0.85,0.92,0.0380483
0.85,0.93,0.0363395
0.85,0.94,0.034618
0.85,0.95,0.0328194
0.85,0.96,0.0311109
0.85,0.97,0.0294686
0.85,0.98,0.0278259
0.85,0.99,0.0262036
0.86,0,0.0241731
0.86,0.01,0.0256136
0.86,0.02,0.0274065
0.86,0.03,0.0290648
0.86,0.04,0.0306546
0.86,0.05,0.0322084
0.86,0.06,0.0339383
0.86,0.07,0.0359618
0.86,0.08,0.0374496
0.86,0.09,0.0395384
0.86,0.1,0.0411515
0.86,0.11,0.0423704
0.86,0.12,0.0435108
0.86,0.13,0.0443666
0.86,0.14,0.0452423
0.86,0.15,0.0462911
0.86,0.16,0.0466733
0.86,0.17,0.04732
0.86,0.18,0.0473385
0.86,0.19,0.0481141
0.86,0.2,0.047856
0.86,0.21,0.0480844
0.86,0.22,0.0480739
0.86,0.23,0.0484649
0.86,0.24,0.0483739
0.86,0.25,0.0483319
0.86,0.26,0.0486026
0.86,0.27,0.0485085
0.86,0.28,0.0482009
0.86,0.29,0.0485791
0.86,0.3,0.0482755
0.86,0.31,0.0484498
0.86,0.32,0.0482764
0.86,0.33,0.0482636
0.86,0.34,0.0486667
0.86,0.35,0.0486438
0.86,0.36,0.0483653
0.86,0.37,0.0484652
0.86,0.38,0.0486927
0.86,0.39,0.0484016
0.86,0.4,0.0480977
0.86,0.41,0.0483778
0.86,0.42,0.0482318
0.86,0.43,0.0485161
0.86,0.44,0.048491
0.86,0.45,0.0482679
0.86,0.46,0.0485047
0.86,0.47,0.0485258
0.86,0.48,0.048433
0.86,0.49,0.0484843
0.86,0.5,0.0482337
0.86,0.51,0.0484838
0.86,0.52,0.0482543
0.86,0.53,0.0482076
0.86,0.54,0.0486155
0.86,0.55,0.0484704
0.86,0.56,0.0485483
0.86,0.57,0.0480349
0.86,0.58,0.0481479
0.86,0.59,0.0485708
0.86,0.6,0.0479947
0.86,0.61,0.0485874
0.86,0.62,0.0485829
0.86,0.63,0.048306
0.86,0.64,0.048683
0.86,0.65,0.0484353
0.86,0.66,0.0486161
0.86,0.67,0.0484526
0.86,0.68,0.0481751
0.86,0.69,0.0485624
0.86,0.7,0.0485388
0.86,0.71,0.0484477
0.86,0.72,0.0482221
0.86,0.73,0.0483663
0.86,0.74,0.0483385
0.86,0.75,0.0485764
0.86,0.76,0.0483129
0.86,0.77,0.0483465
0.86,0.78,0.0480461
0.86,0.79,0.0482706
0.86,0.8,0.0478133
0.86,0.81,0.0476014
0.86,0.82,0.0476843
0.86,0.83,0.0469983
0.86,0.84,0.0464073
0.86,0.85,0.0463563
0.86,0.86,0.0451583
0.86,0.87,0.0441986
0.86,0.88,0.0435821
0.86,0.89,0.0421186
0.86,0.9,0.0407923
0.86,0.91,0.0395392
0.86,0.92,0.0376165
0.86,0.93,0.0356395
0.86,0.94,0.0341035
0.86,0.95,0.0320696
0.86,0.96,0.0306657
0.86,0.97,0.0286927
0.86,0.98,0.0276305
0.86,0.99,0.0256396
0.87,0,0.0236024
0.87,0.01,0.0251284
0.87,0.02,0.026863
0.87,0.03,0.0281097
0.87,0.04,0.0300022
0.87,0.05,0.0317145
0.87,0.06,0.0336862
0.87,0.07,0.0351653
0.87,0.08,0.0368405
0.87,0.09,0.038129
0.87,0.1,0.0400984
0.87,0.11,0.0412285
0.87,0.12,0.0427801
0.87,0.13,0.0437668
0.87,0.14,0.044353
0.87,0.15,0.0450242
0.87,0.16,0.0457413
0.87,0.17,0.0460574
0.87,0.18,0.0466548
0.87,0.19,0.0466578
0.87,0.2,0.0468104
0.87,0.21,0.0467498
0.87,0.22,0.0473776
0.87,0.23,0.0476592
0.87,0.24,0.0475204
0.87,0.25,0.0475143
0.87,0.26,0.0472085
0.87,0.27,0.0472757
0.87,0.28,0.047626
0.87,0.29,0.0474822
0.87,0.3,0.0474032
0.87,0.31,0.047615
0.87,0.32,0.0473224
0.87,0.33,0.0473936
0.87,0.34,0.0476597
0.87,0.35,0.0472634
0.87,0.36,0.0475201
0.87,0.37,0.0473786
0.87,0.38,0.0473487
0.87,0.39,0.0474516
0.87,0.4,0.0472205
0.87,0.41,0.0477192
0.87,0.42,0.047749
0.87,0.43,0.0474394
0.87,0.44,0.0475077
0.87,0.45,0.0473381
0.87,0.46,0.0475892
0.87,0.47,0.0475708
0.87,0.48,0.0476433
0.87,0.49,0.047549
0.87,0.5,0.0478196
0.87,0.51,0.0472308
0.87,0.52,0.0475214
0.87,0.53,0.0477453
0.87,0.54,0.0475966
0.87,0.55,0.0477255
0.87,0.56,0.0473075
0.87,0.57,0.0477561
0.87,0.58,0.0478241
0.87,0.59,0.0473285
0.87,0.6,0.047501
0.87,0.61,0.0477614
0.87,0.62,0.0476828
0.87,0.63,0.0473832
0.87,0.64,0.0476318
0.87,0.65,0.047407
0.87,0.66,0.0473674
0.87,0.67,0.0472357
0.87,0.68,0.0475677
0.87,0.69,0.0477897
0.87,0.7,0.0473155
0.87,0.71,0.0475612
0.87,0.72,0.0477433
0.87,0.73,0.0473229
0.87,0.74,0.0475987
0.87,0.75,0.0474377
0.87,0.76,0.0476269
0.87,0.77,0.047229
0.87,0.78,0.0474878
0.87,0.79,0.04762
0.87,0.8,0.0472007
0.87,0.81,0.046851
0.87,0.82,0.0466423
0.87,0.83,0.0463129
0.87,0.84,0.0453603
0.87,0.85,0.0450781
0.87,0.86,0.0444486
0.87,0.87,0.0437087
0.87,0.88,0.0426842
0.87,0.89,0.0413356
0.87,0.9,0.0398905
0.87,0.91,0.0386746
0.87,0.92,0.0368321
0.87,0.93,0.034914
0.87,0.94,0.0332947
0.87,0.95,0.0319336
0.87,0.96,0.0299145
0.87,0.97,0.0281099
0.87,0.98,0.0268263
0.87,0.99,0.0255605
0.88,0,0.0230888
0.88,0.01,0.0244422
0.88,0.02,0.0256569
0.88,0.03,0.0274581
0.88,0.04,0.0289738
0.88,0.05,0.0307614
0.88,0.06,0.0326358
0.88,0.07,0.0338232
0.88,0.08,0.0357662
0.88,0.09,0.0371687
0.88,0.1,0.0389704
0.88,0.11,0.0399602
0.88,0.12,0.0414865
0.88,0.13,0.0423817
0.88,0.14,0.0436026
0.88,0.15,0.0439103
0.88,0.16,0.0449299
0.88,0.17,0.0452877
0.88,0.18,0.0453914
0.88,0.19,0.0458713
0.88,0.2,0.0457563
0.88,0.21,0.0460568
0.88,0.22,0.0463523
0.88,0.23,0.0460652
0.88,0.24,0.046431
0.88,0.25,0.0462455
0.88,0.26,0.0462277
0.88,0.27,0.0464283
0.88,0.28,0.0463727
0.88,0.29,0.0464122
0.88,0.3,0.046561
0.88,0.31,0.0463398
0.88,0.32,0.0461935
0.88,0.33,0.0463437
0.88,0.34,0.046004
0.88,0.35,0.0466694
0.88,0.36,0.0466546
0.88,0.37,0.0462372
0.88,0.38,0.0466509
0.88,0.39,0.0463622
0.88,0.4,0.0468138
0.88,0.41,0.0466583
0.88,0.42,0.0462767
0.88,0.43,0.0463086
0.88,0.44,0.0462433
0.88,0.45,0.0464147
0.88,0.46,0.0464486
0.88,0.47,0.0465832
0.88,0.48,0.046657
0.88,0.49,0.046318
0.88,0.5,0.0463068
0.88,0.51,0.0465694
0.88,0.52,0.046523
0.88,0.53,0.0465438
0.88,0.54,0.0463243
0.88,0.55,0.04626
0.88,0.56,0.0462416
0.88,0.57,0.0465294
0.88,0.58,0.0461228
0.88,0.59,0.0461271
0.88,0.6,0.0463715
0.88,0.61,0.0464437
0.88,0.62,0.04639
0.88,0.63,0.0463824
0.88,0.64,0.0463383
0.88,0.65,0.0469988
0.88,0.66,0.045978
0.88,0.67,0.0465943
0.88,0.68,0.0462922
0.88,0.69,0.0463681
0.88,0.7,0.0463454
0.88,0.71,0.0468169
0.88,0.72,0.0465397
0.88,0.73,0.0463383
0.88,0.74,0.0464761
0.88,0.75,0.0461624
0.88,0.76,0.0462774
0.88,0.77,0.0462712
0.88,0.78,0.0460028
0.88,0.79,0.0461486
0.88,0.8,0.0457533
0.88,0.81,0.0462462
0.88,0.82,0.0454312
0.88,0.83,0.0448027
0.88,0.84,0.0443895
0.88,0.85,0.0439663
0.88,0.86,0.0432632
0.88,0.87,0.0422421
0.88,0.88,0.0417209
0.88,0.89,0.0399552
0.88,0.9,0.0393897
0.88,0.91,0.037634
0.88,0.92,0.0362111
0.88,0.93,0.0343895
0.88,0.94,0.0324433
0.88,0.95,0.0304673
0.88,0.96,0.0290603
0.88,0.97,0.0277585
0.88,0.98,0.0260814
0.88,0.99,0.0244432
0.89,0,0.0225541
0.89,0.01,0.0239708
0.89,0.02,0.0253602
0.89,0.03,0.0267183
0.89,0.04,0.0282664
0.89,0.05,0.0297238
0.89,0.06,0.0314866
0.89,0.07,0.0330712
0.89,0.08,0.0346034
0.89,0.09,0.0363434
0.89,0.1,0.0375419
0.89,0.11,0.0392913
0.89,0.12,0.0404267
0.89,0.13,0.041384
0.89,0.14,0.0420281
0.89,0.15,0.0428875
0.89,0.16,0.0431232
0.89,0.17,0.0439162
0.89,0.18,0.044151
0.89,0.19,0.0446347
0.89,0.2,0.0447635
0.89,0.21,0.0447687
0.89,0.22,0.0449643
0.89,0.23,0.0447546
0.89,0.24,0.0449565
0.89,0.25,0.045166
0.89,0.26,0.0451356
0.89,0.27,0.0448665
0.89,0.28,0.0449757
0.89,0.29,0.0446681
0.89,0.3,0.0449748
0.89,0.31,0.0450962
0.89,0.32,0.0449182
0.89,0.33,0.0450036
0.89,0.34,0.0450559
0.89,0.35,0.0449982
0.89,0.36,0.0449068
0.89,0.37,0.0449598
0.89,0.38,0.0451672
0.89,0.39,0.0449414
0.89,0.4,0.0451233
0.89,0.41,0.0447178
0.89,0.42,0.0448966
0.89,0.43,0.0450831
0.89,0.44,0.0452237
0.89,0.45,0.0451055
0.89,0.46,0.0453425
0.89,0.47,0.0453288
0.89,0.48,0.0450802
0.89,0.49,0.0452405
0.89,0.5,0.0450584
0.89,0.51,0.0453229
0.89,0.52,0.0449541
0.89,0.53,0.0450519
0.89,0.54,0.0451622
0.89,0.55,0.0450559
0.89,0.56,0.0450895
0.89,0.57,0.0453745
0.89,0.58,0.0453155
0.89,0.59,0.0449793
0.89,0.6,0.0451509
0.89,0.61,0.0449298
0.89,0.62,0.0450829
0.89,0.63,0.0451101
0.89,0.64,0.0452659
0.89,0.65,0.0451342
0.89,0.66,0.0451886
0.89,0.67,0.0452007
0.89,0.68,0.0452102
0.89,0.69,0.0453221
0.89,0.7,0.0451922
0.89,0.71,0.0452537
0.89,0.72,0.0449682
0.89,0.73,0.0452995
0.89,0.74,0.0452293
0.89,0.75,0.0449651
0.89,0.76,0.0448027
0.89,0.77,0.0451475
0.89,0.78,0.0452153
0.89,0.79,0.0446457
0.89,0.8,0.0444389
0.89,0.81,0.0444342
0.89,0.82,0.0442152
0.89,0.83,0.0437811
0.89,0.84,0.0434181
0.89,0.85,0.0428377
0.89,0.86,0.042081
0.89,0.87,0.0416014
0.89,0.88,0.0408046
0.89,0.89,0.0391027
0.89,0.9,0.0376553
0.89,0.91,0.0365805
0.89,0.92,0.0345151
0.89,0.93,0.0332728
0.89,0.94,0.0316347
0.89,0.95,0.0302156
0.89,0.96,0.0280254
0.89,0.97,0.0265524
0.89,0.98,0.0252923
0.89,0.99,0.023697
0.9,0,0.0219083
0.9,0.01,0.0230043
0.9,0.02,0.0246659
0.9,0.03,0.0255212
0.9,0.04,0.0271112
0.9,0.05,0.0289674
0.9,0.06,0.0304528
0.9,0.07,0.0322562
0.9,0.08,0.0333337
0.9,0.09,0.0350655
0.9,0.1,0.0366376
0.9,0.11,0.0380287
0.9,0.12,0.0387792
0.9,0.13,0.0398486
0.9,0.14,0.0410178
0.9,0.15,0.0412481
0.9,0.16,0.042295
0.9,0.17,0.0422495
0.9,0.18,0.0429147
0.9,0.19,0.0432054
0.9,0.2,0.0431143
0.9,0.21,0.0433469
0.9,0.22,0.0438015
0.9,0.23,0.043575
0.9,0.24,0.0436496
0.9,0.25,0.0439603
0.9,0.26,0.0437295
0.9,0.27,0.0439456
0.9,0.28,0.043586
0.9,0.29,0.0435834
0.9,0.3,0.0434996
0.9,0.31,0.0438482
0.9,0.32,0.0437262
0.9,0.33,0.0436486
0.9,0.34,0.0434765
0.9,0.35,0.0434774
0.9,0.36,0.0432817
0.9,0.37,0.0434179
0.9,0.38,0.0435576
0.9,0.39,0.0433631
0.9,0.4,0.0439803
0.9,0.41,0.0434902
0.9,0.42,0.0437412
0.9,0.43,0.0437833
0.9,0.44,0.0437945
0.9,0.45,0.0438117
0.9,0.46,0.0433948
0.9,0.47,0.0434063
0.9,0.48,0.0436368
0.9,0.49,0.0435709
0.9,0.5,0.043726
0.9,0.51,0.0436307
0.9,0.52,0.04351
0.9,0.53,0.0436505
0.9,0.54,0.0438415
0.9,0.55,0.0435494
0.9,0.56,0.0435877
0.9,0.57,0.0434286
0.9,0.58,0.0440633
0.9,0.59,0.0437554
0.9,0.6,0.0436805
0.9,0.61,0.043659
0.9,0.62,0.0436572
0.9,0.63,0.043517
0.9,0.64,0.0438717
0.9,0.65,0.0432751
0.9,0.66,0.0436501
0.9,0.67,0.0435939
0.9,0.68,0.0437405
0.9,0.69,0.0438883
0.9,0.7,0.043625
0.9,0.71,0.0436848
0.9,0.72,0.0435964
0.9,0.73,0.0434495
0.9,0.74,0.0438433
0.9,0.75,0.0434524
0.9,0.76,0.0435748
0.9,0.77,0.0433332
0.9,0.78,0.043218
0.9,0.79,0.043136
0.9,0.8,0.0434058
0.9,0.81,0.04314
0.9,0.82,0.0426771
0.9,0.83,0.0421477
0.9,0.84,0.0420126
0.9,0.85,0.0412899
0.9,0.86,0.0405267
0.9,0.87,0.0404389
0.9,0.88,0.0391002
0.9,0.89,0.0380433
0.9,0.9,0.0366831
0.9,0.91,0.0349647
0.9,0.92,0.0335099
0.9,0.93,0.0317139
0.9,0.94,0.0308438
0.9,0.95,0.0288565
0.9,0.96,0.0271566
0.9,0.97,0.0258457
0.9,0.98,0.0245549
0.9,0.99,0.0230594
0.91,0,0.0209839
0.91,0.01,0.0222438
0.91,0.02,0.0236604
0.91,0.03,0.0248576
0.91,0.04,0.0263394
0.91,0.05,0.0274304
0.91,0.06,0.0294854
0.91,0.07,0.0305638
0.91,0.08,0.0323023
0.91,0.09,0.0337131
0.91,0.1,0.0351117
0.91,0.11,0.0363652
0.91,0.12,0.0375429
0.91,0.13,0.038524
0.91,0.14,0.0393577
0.91,0.15,0.040082
0.91,0.16,0.0406802
0.91,0.17,0.0411191
0.91,0.18,0.0410551
0.91,0.19,0.0414615
0.91,0.2,0.041787
0.91,0.21,0.0418079
0.91,0.22,0.04186
0.91,0.23,0.041883
0.91,0.24,0.0419731
0.91,0.25,0.0417763
0.91,0.26,0.0417876
0.91,0.27,0.0421845
0.91,0.28,0.0419843
0.91,0.29,0.04193
0.91,0.3,0.0419657
0.91,0.31,0.0420637
0.91,0.32,0.0418987
0.91,0.33,0.0422997
0.91,0.34,0.042074
0.91,0.35,0.0418666
0.91,0.36,0.0421269
0.91,0.37,0.0423369
0.91,0.38,0.0421439
0.91,0.39,0.0418814
0.91,0.4,0.0417788
0.91,0.41,0.0420796
0.91,0.42,0.042151
0.91,0.43,0.0419297
0.91,0.44,0.041924
0.91,0.45,0.0418891
0.91,0.46,0.0422428
0.91,0.47,0.0424313
0.91,0.48,0.042426
0.91,0.49,0.0420868
0.91,0.5,0.0417184
0.91,0.51,0.0420614
0.91,0.52,0.0422944
0.91,0.53,0.0421358
0.91,0.54,0.0421146
0.91,0.55,0.042062
0.91,0.56,0.0415419
0.91,0.57,0.0419117
0.91,0.58,0.0420432
0.91,0.59,0.042018
0.91,0.6,0.0421513
0.91,0.61,0.0420498
0.91,0.62,0.0417973
0.91,0.63,0.0420879
0.91,0.64,0.0418312
0.91,0.65,0.0421759
0.91,0.66,0.0421443
0.91,0.67,0.0421425
0.91,0.68,0.0422443
0.91,0.69,0.0422196
0.91,0.7,0.0419316
0.91,0.71,0.0420554
0.91,0.72,0.0419972
0.91,0.73,0.0422619
0.91,0.74,0.0418008
0.91,0.75,0.0423894
0.91,0.76,0.0420964
0.91,0.77,0.0417523
0.91,0.78,0.0418745
0.91,0.79,0.041864
0.91,0.8,0.041469
0.91,0.81,0.0413056
0.91,0.82,0.0413479
0.91,0.83,0.0406931
0.91,0.84,0.0405396
0.91,0.85,0.0398717
0.91,0.86,0.0391213
0.91,0.87,0.0383046
0.91,0.88,0.0375268
0.91,0.89,0.0359973
0.91,0.9,0.0348124
0.91,0.91,0.0337267
0.91,0.92,0.0322053
0.91,0.93,0.0308981
0.91,0.94,0.0292351
0.91,0.95,0.0274258
0.91,0.96,0.0262664
0.91,0.97,0.0248111
0.91,0.98,0.0235286
0.91,0.99,0.0220557
0.92,0,0.0202909
0.92,0.01,0.0211404
0.92,0.02,0.0224921
0.92,0.03,0.0236016
0.92,0.04,0.0249225
0.92,0.05,0.026339
0.92,0.06,0.0279257
0.92,0.07,0.0294057
0.92,0.08,0.0312226
0.92,0.09,0.0324078
0.92,0.1,0.0336326
0.92,0.11,0.0349098
0.92,0.12,0.0363338
0.92,0.13,0.0370662
0.92,0.14,0.0375272
0.92,0.15,0.0381696
0.92,0.16,0.0384344
0.92,0.17,0.0390652
0.92,0.18,0.0399496
0.92,0.19,0.040023
0.92,0.2,0.0400198
0.92,0.21,0.0396266
0.92,0.22,0.0399966
0.92,0.23,0.0401435
0.92,0.24,0.0401948
0.92,0.25,0.0402524
0.92,0.26,0.0404631
0.92,0.27,0.0402566
0.92,0.28,0.0401956
0.92,0.29,0.0401253
0.92,0.3,0.040336
0.92,0.31,0.0405225
0.92,0.32,0.0406092
0.92,0.33,0.0403158
0.92,0.34,0.0401485
0.92,0.35,0.0403452
0.92,0.36,0.0404512
0.92,0.37,0.0403169
0.92,0.38,0.0403159
0.92,0.39,0.0403696
0.92,0.4,0.0401548
0.92,0.41,0.0402769
0.92,0.42,0.0405813
0.92,0.43,0.0403911
0.92,0.44,0.0402796
0.92,0.45,0.0404637
0.92,0.46,0.0402462
0.92,0.47,0.0403176
0.92,0.48,0.0401355
0.92,0.49,0.0400711
0.92,0.5,0.0403389
0.92,0.51,0.0404198
0.92,0.52,0.0403718
0.92,0.53,0.0402475
0.92,0.54,0.0406312
0.92,0.55,0.0401019
0.92,0.56,0.0405055
0.92,0.57,0.0399532
0.92,0.58,0.0401415
0.92,0.59,0.0405547
0.92,0.6,0.0403628
0.92,0.61,0.0405187
0.92,0.62,0.0407962
0.92,0.63,0.040311
0.92,0.64,0.0405766
0.92,0.65,0.0405152
0.92,0.66,0.0403886
0.92,0.67,0.0405618
0.92,0.68,0.040378
0.92,0.69,0.0403956
0.92,0.7,0.0400655
0.92,0.71,0.0399524
0.92,0.72,0.0400773
0.92,0.73,0.0404404
0.92,0.74,0.0402019
0.92,0.75,0.0401459
0.92,0.76,0.0400021
0.92,0.77,0.0402244
0.92,0.78,0.040274
0.92,0.79,0.0401696
0.92,0.8,0.0399935
0.92,0.81,0.0399033
0.92,0.82,0.0396354
0.92,0.83,0.0393836
0.92,0.84,0.0386696
0.92,0.85,0.0381862
0.92,0.86,0.0373841
0.92,0.87,0.0367112
0.92,0.88,0.0364331
0.92,0.89,0.0346301
0.92,0.9,0.0337042
0.92,0.91,0.0325425
0.92,0.92,0.0309554
0.92,0.93,0.0293776
0.92,0.94,0.0280301
0.92,0.95,0.0266622
0.92,0.96,0.0250642
0.92,0.97,0.023814
0.92,0.98,0.0225989
0.92,0.99,0.0211794
0.93,0,0.0191701
0.93,0.01,0.0204193
0.93,0.02,0.0217412
0.93,0.03,0.0225584
0.93,0.04,0.0238806
0.93,0.05,0.0252715
0.93,0.06,0.0268403
0.93,0.07,0.0280781
0.93,0.08,0.0295972
0.93,0.09,0.0307902
0.93,0.1,0.0323657
0.93,0.11,0.0334311
0.93,0.12,0.0345117
0.93,0.13,0.034944
0.93,0.14,0.0356036
0.93,0.15,0.0363925
0.93,0.16,0.0367021
0.93,0.17,0.0374007
0.93,0.18,0.0375848
0.93,0.19,0.0378136
0.93,0.2,0.0381469
0.93,0.21,0.0382824
0.93,0.22,0.0383535
0.93,0.23,0.0382627
0.93,0.24,0.0381456
0.93,0.25,0.0389197
0.93,0.26,0.0386203
0.93,0.27,0.0385056
0.93,0.28,0.03867
0.93,0.29,0.0383749
0.93,0.3,0.0386189
0.93,0.31,0.0386988
0.93,0.32,0.0383233
0.93,0.33,0.038498
0.93,0.34,0.0383668
0.93,0.35,0.0384924
0.93,0.36,0.0382309
0.93,0.37,0.0383966
0.93,0.38,0.0386392
0.93,0.39,0.0384999
0.93,0.4,0.038524
0.93,0.41,0.0386347
0.93,0.42,0.0384887
0.93,0.43,0.0385628
0.93,0.44,0.0383554
0.93,0.45,0.038432
0.93,0.46,0.0384045
0.93,0.47,0.0385194
0.93,0.48,0.0380579
0.93,0.49,0.0385309
0.93,0.5,0.0385287
0.93,0.51,0.0386601
0.93,0.52,0.0382554
0.93,0.53,0.0383957
0.93,0.54,0.0385411
0.93,0.55,0.038402
0.93,0.56,0.0385229
0.93,0.57,0.0382443
0.93,0.58,0.0385223
0.93,0.59,0.0382227
0.93,0.6,0.038456
0.93,0.61,0.0382266
0.93,0.62,0.0390038
0.93,0.63,0.0386432
0.93,0.64,0.0384784
0.93,0.65,0.0382508
0.93,0.66,0.0385182
0.93,0.67,0.0383709
0.93,0.68,0.0379517
0.93,0.69,0.038557
0.93,0.7,0.0383539
0.93,0.71,0.0382326
0.93,0.72,0.0388696
0.93,0.73,0.0382044
0.93,0.74,0.0384468
0.93,0.75,0.038463
0.93,0.76,0.0382013
0.93,0.77,0.0382846
0.93,0.78,0.0383438
0.93,0.79,0.0383126
0.93,0.8,0.037985
0.93,0.81,0.0379357
0.93,0.82,0.0376163
0.93,0.83,0.0375684
0.93,0.84,0.0367209
0.93,0.85,0.0363782
0.93,0.86,0.0356904
0.93,0.87,0.0349791
0.93,0.88,0.0342926
0.93,0.89,0.0331235
0.93,0.9,0.0319082
0.93,0.91,0.0305936
0.93,0.92,0.029559
0.93,0.93,0.0278694
0.93,0.94,0.0268803
0.93,0.95,0.0255223
0.93,0.96,0.0239477
0.93,0.97,0.0225708
0.93,0.98,0.0214672
0.93,0.99,0.0203206
0.94,0,0.0186024
0.94,0.01,0.0192026
0.94,0.02,0.0203192
0.94,0.03,0.0216226
0.94,0.04,0.0228295
0.94,0.05,0.0240531
0.94,0.06,0.0256067
0.94,0.07,0.0264646
0.94,0.08,0.0280842
0.94,0.09,0.0293338
0.94,0.1,0.0310146
0.94,0.11,0.0314465
0.94,0.12,0.0326618
0.94,0.13,0.0334086
0.94,0.14,0.0342469
0.94,0.15,0.0345904
0.94,0.16,0.0356165
0.94,0.17,0.0355536
0.94,0.18,0.0357379
0.94,0.19,0.036269
0.94,0.2,0.0360691
0.94,0.21,0.0363257
0.94,0.22,0.0364992
0.94,0.23,0.0365468
0.94,0.24,0.0365268
0.94,0.25,0.0363392
0.94,0.26,0.0363849
0.94,0.27,0.0364573
0.94,0.28,0.0366535
0.94,0.29,0.0362193
0.94,0.3,0.0369615
0.94,0.31,0.0366372
0.94,0.32,0.0364927
0.94,0.33,0.036585
0.94,0.34,0.0366376
0.94,0.35,0.0364814
0.94,0.36,0.036661
0.94,0.37,0.0365408
0.94,0.38,0.0366901
0.94,0.39,0.0363183
0.94,0.4,0.0362945
0.94,0.41,0.0366428
0.94,0.42,0.036802
0.94,0.43,0.0364252
0.94,0.44,0.0364707
0.94,0.45,0.0365349
0.94,0.46,0.0370215
0.94,0.47,0.0363978
0.94,0.48,0.0366984
0.94,0.49,0.0365265
0.94,0.5,0.0363327
0.94,0.51,0.0367022
0.94,0.52,0.0364396
0.94,0.53,0.0363843
0.94,0.54,0.0364397
0.94,0.55,0.0364717
0.94,0.56,0.0364381
0.94,0.57,0.0365873
0.94,0.58,0.0366769
0.94,0.59,0.0366289
0.94,0.6,0.0366618
0.94,0.61,0.0367276
0.94,0.62,0.0366432
0.94,0.63,0.0368855
0.94,0.64,0.0362323
0.94,0.65,0.0367542
0.94,0.66,0.0368139
0.94,0.67,0.0367165
0.94,0.68,0.0365605
0.94,0.69,0.0365504
0.94,0.7,0.0369425
0.94,0.71,0.0366776
0.94,0.72,0.0361479
0.94,0.73,0.0363612
0.94,0.74,0.0366349
0.94,0.75,0.0362184
0.94,0.76,0.036429
0.94,0.77,0.0363006
0.94,0.78,0.0363193
0.94,0.79,0.0362499
0.94,0.8,0.0364513
0.94,0.81,0.0362744
0.94,0.82,0.0357685
0.94,0.83,0.0354816
0.94,0.84,0.0350896
0.94,0.85,0.0347792
0.94,0.86,0.0341921
0.94,0.87,0.033407
0.94,0.88,0.0326465
0.94,0.89,0.0318772
0.94,0.9,0.0305952
0.94,0.91,0.0292653
0.94,0.92,0.0280734
0.94,0.93,0.0263153
0.94,0.94,0.0253616
0.94,0.95,0.0239623
0.94,0.96,0.0226627
0.94,0.97,0.0217264
0.94,0.98,0.0203458
0.94,0.99,0.0194019
0.95,0,0.0174488
0.95,0.01,0.018334
0.95,0.02,0.0192675
0.95,0.03,0.0204376
0.95,0.04,0.021454
0.95,0.05,0.0227185
0.95,0.06,0.024098
0.95,0.07,0.0252484
0.95,0.08,0.0264679
0.95,0.09,0.0276034
0.95,0.1,0.0289486
0.95,0.11,0.0301616
0.95,0.12,0.0310508
0.95,0.13,0.0316316
0.95,0.14,0.032461
0.95,0.15,0.0328158
0.95,0.16,0.0329715
0.95,0.17,0.0338251
0.95,0.18,0.0340853
0.95,0.19,0.034077
0.95,0.2,0.0344783
0.95,0.21,0.0344996
0.95,0.22,0.0347463
0.95,0.23,0.0344782
0.95,0.24,0.0344801
0.95,0.25,0.0346641
0.95,0.26,0.0345143
0.95,0.27,0.0345774
0.95,0.28,0.034736
0.95,0.29,0.0345837
0.95,0.3,0.0347365
0.95,0.31,0.0350652
0.95,0.32,0.0346392
0.95,0.33,0.0345427
0.95,0.34,0.0345792
0.95,0.35,0.0347392
0.95,0.36,0.0345896
0.95,0.37,0.0346946
0.95,0.38,0.0347694
0.95,0.39,0.034564
0.95,0.4,0.0346467
0.95,0.41,0.0346137
0.95,0.42,0.0345691
0.95,0.43,0.0347961
0.95,0.44,0.0343103
0.95,0.45,0.0346409
0.95,0.46,0.0347264
0.95,0.47,0.0346815
0.95,0.48,0.0345131
0.95,0.49,0.0346929
0.95,0.5,0.0348487
0.95,0.51,0.0348259
0.95,0.52,0.0349172
0.95,0.53,0.0347966
0.95,0.54,0.0347449
0.95,0.55,0.0344435
0.95,0.56,0.0346544
0.95,0.57,0.0346151
0.95,0.58,0.0347929
0.95,0.59,0.0348557
0.95,0.6,0.0346701
0.95,0.61,0.0346422
0.95,0.62,0.0347287
0.95,0.63,0.0347789
0.95,0.64,0.0347088
0.95,0.65,0.0346879
0.95,0.66,0.034472
0.95,0.67,0.0346616
0.95,0.68,0.0348431
0.95,0.69,0.0348834
0.95,0.7,0.0348627
0.95,0.71,0.0345777
0.95,0.72,0.034826
0.95,0.73,0.0346524
0.95,0.74,0.0346084
0.95,0.75,0.0346274
0.95,0.76,0.0346244
0.95,0.77,0.0343292
0.95,0.78,0.0345141
0.95,0.79,0.034519
0.95,0.8,0.0343773
0.95,0.81,0.0342533
0.95,0.82,0.0339657
0.95,0.83,0.033536
0.95,0.84,0.0330963
0.95,0.85,0.0328861
0.95,0.86,0.0319123
0.95,0.87,0.0318416
0.95,0.88,0.0309777
0.95,0.89,0.0297647
0.95,0.9,0.0288458
0.95,0.91,0.0276026
0.95,0.92,0.0263575
0.95,0.93,0.0253033
0.95,0.94,0.0238913
0.95,0.95,0.0225784
0.95,0.96,0.0214058
0.95,0.97,0.0207364
0.95,0.98,0.0191526
0.95,0.99,0.0182483
0.96,0,0.0161365
0.96,0.01,0.0173535
0.96,0.02,0.0181447
0.96,0.03,0.0192562
0.96,0.04,0.0202057
0.96,0.05,0.0213495
0.96,0.06,0.0228023
0.96,0.07,0.0239768
0.96,0.08,0.0249522
0.96,0.09,0.0262896
0.96,0.1,0.0275206
0.96,0.11,0.0285096
0.96,0.12,0.028787
0.96,0.13,0.0300423
0.96,0.14,0.0303123
0.96,0.15,0.0307477
0.96,0.16,0.031403
0.96,0.17,0.03177
0.96,0.18,0.0321236
0.96,0.19,0.0324928
0.96,0.2,0.0323676
0.96,0.21,0.0326574
0.96,0.22,0.0329138
0.96,0.23,0.032406
0.96,0.24,0.0324478
0.96,0.25,0.0325432
0.96,0.26,0.0327166
0.96,0.27,0.032919
0.96,0.28,0.0330528
0.96,0.29,0.0326982
0.96,0.3,0.0325995
0.96,0.31,0.0326396
0.96,0.32,0.0329477
0.96,0.33,0.0326097
0.96,0.34,0.032612
0.96,0.35,0.0330295
0.96,0.36,0.0327162
0.96,0.37,0.0326992
0.96,0.38,0.0327921
0.96,0.39,0.0327906
0.96,0.4,0.032639
0.96,0.41,0.0326392
0.96,0.42,0.0325753
0.96,0.43,0.0329558
0.96,0.44,0.0328059
0.96,0.45,0.0326447
0.96,0.46,0.0327846
0.96,0.47,0.0328081
0.96,0.48,0.0330302
0.96,0.49,0.0329634
0.96,0.5,0.0330616
0.96,0.51,0.0326509
0.96,0.52,0.0330774
0.96,0.53,0.0327944
0.96,0.54,0.0328385
0.96,0.55,0.0325375
0.96,0.56,0.0329164
0.96,0.57,0.0327127
0.96,0.58,0.0327858
0.96,0.59,0.0324435
0.96,0.6,0.0323365
0.96,0.61,0.0328548
0.96,0.62,0.0327668
0.96,0.63,0.032927
0.96,0.64,0.0327416
0.96,0.65,0.0328869
0.96,0.66,0.0325891
0.96,0.67,0.0330629
0.96,0.68,0.0327743
0.96,0.69,0.0329206
0.96,0.7,0.0327434
0.96,0.71,0.0327075
0.96,0.72,0.0325878
0.96,0.73,0.0329414
0.96,0.74,0.032445
0.96,0.75,0.0326292
0.96,0.76,0.0326917
0.96,0.77,0.0325345
0.96,0.78,0.0324308
0.96,0.79,0.0323951
0.96,0.8,0.0321124
0.96,0.81,0.0324979
0.96,0.82,0.0321404
0.96,0.83,0.0322244
0.96,0.84,0.0313669
0.96,0.85,0.0313448
0.96,0.86,0.0304254
0.96,0.87,0.0300347
0.96,0.88,0.0292385
0.96,0.89,0.0282847
0.96,0.9,0.0270236
0.96,0.91,0.0264547
0.96,0.92,0.0255177
0.96,0.93,0.0237999
0.96,0.94,0.0228322
0.96,0.95,0.0213984
0.96,0.96,0.0203089
0.96,0.97,0.0191177
0.96,0.98,0.0182566
0.96,0.99,0.0171655
0.97,0,0.0154876
0.97,0.01,0.0163199
0.97,0.02,0.0171203
0.97,0.03,0.0181323
0.97,0.04,0.0192075
0.97,0.05,0.0204117
0.97,0.06,0.0214279
0.97,0.07,0.0227456
0.97,0.08,0.0239557
0.97,0.09,0.0249042
0.97,0.1,0.0259464
0.97,0.11,0.0268778
0.97,0.12,0.027568
0.97,0.13,0.0280386
0.97,0.14,0.0290972
0.97,0.15,0.0296349
0.97,0.16,0.0298954
0.97,0.17,0.0299778
0.97,0.18,0.0303156
0.97,0.19,0.0306152
0.97,0.2,0.0304174
0.97,0.21,0.0306454
0.97,0.22,0.0307013
0.97,0.23,0.0307229
0.97,0.24,0.0307659
0.97,0.25,0.0309068
0.97,0.26,0.0308619
0.97,0.27,0.0310251
0.97,0.28,0.0309835
0.97,0.29,0.0308709
0.97,0.3,0.0309743
0.97,0.31,0.0310165
0.97,0.32,0.0310535
0.97,0.33,0.0310572
0.97,0.34,0.0309206
0.97,0.35,0.0308673
0.97,0.36,0.0308888
0.97,0.37,0.0309423
0.97,0.38,0.0309929
0.97,0.39,0.0309629
0.97,0.4,0.0308636
0.97,0.41,0.0310692
0.97,0.42,0.0310215
0.97,0.43,0.0310791
0.97,0.44,0.0311517
0.97,0.45,0.0311659
0.97,0.46,0.0309741
0.97,0.47,0.0309308
0.97,0.48,0.0312169
0.97,0.49,0.0309208
0.97,0.5,0.0311674
0.97,0.51,0.0309144
0.97,0.52,0.0307456
0.97,0.53,0.0307356
0.97,0.54,0.0307444
0.97,0.55,0.030752
0.97,0.56,0.0307945
0.97,0.57,0.0310698
0.97,0.58,0.0310945
0.97,0.59,0.0309325
0.97,0.6,0.0310245
0.97,0.61,0.030991
0.97,0.62,0.0309133
0.97,0.63,0.0308812
0.97,0.64,0.030778
0.97,0.65,0.0309175
0.97,0.66,0.0309955
0.97,0.67,0.0309946
0.97,0.68,0.0310351
0.97,0.69,0.0309267
0.97,0.7,0.0309816
0.97,0.71,0.0307532
0.97,0.72,0.0308003
0.97,0.73,0.0309403
0.97,0.74,0.0309361
0.97,0.75,0.0311489
0.97,0.76,0.0308081
0.97,0.77,0.0308655
0.97,0.78,0.0308729
0.97,0.79,0.0306843
0.97,0.8,0.0305857
0.97,0.81,0.0304212
0.97,0.82,0.030271
0.97,0.83,0.0298539
0.97,0.84,0.0297813
0.97,0.85,0.029162
0.97,0.86,0.0289173
0.97,0.87,0.0280767
0.97,0.88,0.027736
0.97,0.89,0.0266679
0.97,0.9,0.0260096
0.97,0.91,0.0247715
0.97,0.92,0.023559
0.97,0.93,0.0225179
0.97,0.94,0.0215864
0.97,0.95,0.0205217
0.97,0.96,0.0192391
0.97,0.97,0.0182997
0.97,0.98,0.017494
0.97,0.99,0.0164386
0.98,0,0.0146688
0.98,0.01,0.0153665
0.98,0.02,0.0165497
0.98,0.03,0.0171247
0.98,0.04,0.018447
0.98,0.05,0.0194691
0.98,0.06,0.0204022
0.98,0.07,0.0215465
0.98,0.08,0.0224823
0.98,0.09,0.0235958
0.98,0.1,0.0242283
0.98,0.11,0.0250333
0.98,0.12,0.0261156
0.98,0.13,0.0265496
0.98,0.14,0.0270574
0.98,0.15,0.0277836
0.98,0.16,0.0283453
0.98,0.17,0.0285577
0.98,0.18,0.0285698
0.98,0.19,0.0286971
0.98,0.2,0.0289122
0.98,0.21,0.0289227
0.98,0.22,0.0292556
0.98,0.23,0.0290224
0.98,0.24,0.0289499
0.98,0.25,0.0293864
0.98,0.26,0.0291032
0.98,0.27,0.0292545
0.98,0.28,0.029067
0.98,0.29,0.0293615
0.98,0.3,0.0294399
0.98,0.31,0.029057
0.98,0.32,0.0293663
0.98,0.33,0.0295159
0.98,0.34,0.0294319
0.98,0.35,0.0292586
0.98,0.36,0.0289295
0.98,0.37,0.0294589
0.98,0.38,0.029029
0.98,0.39,0.0290794
0.98,0.4,0.0290789
0.98,0.41,0.0293418
0.98,0.42,0.0291564
0.98,0.43,0.0291125
0.98,0.44,0.0291944
0.98,0.45,0.0292778
0.98,0.46,0.02902
0.98,0.47,0.0292805
0.98,0.48,0.0293698
0.98,0.49,0.0292242
0.98,0.5,0.0291844
0.98,0.51,0.0293629
0.98,0.52,0.0292976
0.98,0.53,0.0290018
0.98,0.54,0.0293319
0.98,0.55,0.0288507
0.98,0.56,0.0291771
0.98,0.57,0.0292719
0.98,0.58,0.0290318
0.98,0.59,0.029245
0.98,0.6,0.0290438
0.98,0.61,0.0290499
0.98,0.62,0.0292276
0.98,0.63,0.0292329
0.98,0.64,0.0288259
0.98,0.65,0.0290895
0.98,0.66,0.02944
0.98,0.67,0.0290994
0.98,0.68,0.0293986
0.98,0.69,0.0294368
0.98,0.7,0.0290815
0.98,0.71,0.0291968
0.98,0.72,0.0292945
0.98,0.73,0.0293635
0.98,0.74,0.0294388
0.98,0.75,0.0290988
0.98,0.76,0.0290747
0.98,0.77,0.0288245
0.98,0.78,0.029213
0.98,0.79,0.0290718
0.98,0.8,0.0290711
0.98,0.81,0.029017
0.98,0.82,0.0285743
0.98,0.83,0.0283729
0.98,0.84,0.0279973
0.98,0.85,0.0277894
0.98,0.86,0.0271426
0.98,0.87,0.0265552
0.98,0.88,0.0259063
0.98,0.89,0.0251709
0.98,0.9,0.0247572
0.98,0.91,0.023672
0.98,0.92,0.0225783
0.98,0.93,0.021563
0.98,0.94,0.0203527
0.98,0.95,0.0192974
0.98,0.96,0.0182933
0.98,0.97,0.0173598
0.98,0.98,0.0164836
0.98,0.99,0.0155801
0.99,0,0.0137591
0.99,0.01,0.0147077
0.99,0.02,0.0153694
0.99,0.03,0.016458
0.99,0.04,0.0174604
0.99,0.05,0.0182646
0.99,0.06,0.019264
0.99,0.07,0.0205779
0.99,0.08,0.0213344
0.99,0.09,0.0222735
0.99,0.1,0.023204
0.99,0.11,0.0238573
0.99,0.12,0.0250312
0.99,0.13,0.0252149
0.99,0.14,0.0256995
0.99,0.15,0.0261576
0.99,0.16,0.0263254
0.99,0.17,0.0268831
0.99,0.18,0.0267275
0.99,0.19,0.0272259
0.99,0.2,0.0270114
0.99,0.21,0.027481
0.99,0.22,0.027424
0.99,0.23,0.0271663
0.99,0.24,0.0276482
0.99,0.25,0.0275323
0.99,0.26,0.0273574
0.99,0.27,0.0275715
0.99,0.28,0.0275438
0.99,0.29,0.0274228
0.99,0.3,0.0276904
0.99,0.31,0.0277417
0.99,0.32,0.0274449
0.99,0.33,0.0274137
0.99,0.34,0.0276358
0.99,0.35,0.0275542
0.99,0.36,0.0273572
0.99,0.37,0.0275635
0.99,0.38,0.0277196
0.99,0.39,0.0274637
0.99,0.4,0.0274694
0.99,0.41,0.0274941
0.99,0.42,0.0276932
0.99,0.43,0.0271781
0.99,0.44,0.0273978
0.99,0.45,0.0276634
0.99,0.46,0.0275479
0.99,0.47,0.0276446
0.99,0.48,0.0277964
0.99,0.49,0.0273855
0.99,0.5,0.0275876
0.99,0.51,0.0275534
0.99,0.52,0.0271876
0.99,0.53,0.0276702
0.99,0.54,0.027687
0.99,0.55,0.0275638
0.99,0.56,0.0273377
0.99,0.57,0.0275549
0.99,0.58,0.0275992
0.99,0.59,0.0274723
0.99,0.6,0.027536
0.99,0.61,0.0275068
0.99,0.62,0.0272759
0.99,0.63,0.0274321
0.99,0.64,0.0275166
0.99,0.65,0.0275768
0.99,0.66,0.0273532
0.99,0.67,0.0272814
0.99,0.68,0.0272498
0.99,0.69,0.0272126
0.99,0.7,0.0274194
0.99,0.71,0.0274686
0.99,0.72,0.0276901
0.99,0.73,0.0275504
0.99,0.74,0.0275606
0.99,0.75,0.0274566
0.99,0.76,0.0272737
0.99,0.77,0.0274874
0.99,0.78,0.0272636
0.99,0.79,0.0270198
0.99,0.8,0.0271992
0.99,0.81,0.0274057
0.99,0.82,0.0267135
0.99,0.83,0.0269769
0.99,0.84,0.0264242
0.99,0.85,0.0261283
0.99,0.86,0.0257901
0.99,0.87,0.0255601
0.99,0.88,0.0246106
0.99,0.89,0.0239999
0.99,0.9,0.0231854
0.99,0.91,0.0224373
0.99,0.92,0.0211338
0.99,0.93,0.0204353
0.99,0.94,0.0193473
0.99,0.95,0.0184643
0.99,0.96,0.0171255
0.99,0.97,0.0162119
0.99,0.98,0.0156543
0.99,0.99,0.0145133
