r,theta,mass
0.8,0,0.064354
0.8,0.01,0.0749724
0.8,0.02,0.0653046
0.8,0.03,0.0594144
0.8,0.04,0.0655514
0.8,0.05,0.0669823
0.8,0.06,0.0697367
0.8,0.07,0.0668177
0.8,0.08,0.0656263
0.8,0.09,0.0618502
0.8,0.1,0.0603794
0.8,0.11,0.0644209
0.8,0.12,0.0580959
0.8,0.13,0.0648611
0.8,0.14,0.0674623
0.8,0.15,0.0675238
0.8,0.16,0.0633975
0.8,0.17,0.0699257
0.8,0.18,0.0665756
0.8,0.19,0.0592258
0.8,0.2,0.0632942
0.8,0.21,0.0591907
0.8,0.22,0.0704404
0.8,0.23,0.0653245
0.8,0.24,0.0582375
0.8,0.25,0.0655589
0.8,0.26,0.0657985
0.8,0.27,0.067239
0.8,0.28,0.063034
0.8,0.29,0.0675626
0.8,0.3,0.0633392
0.8,0.31,0.0749268
0.8,0.32,0.0647748
0.8,0.33,0.0592847
0.8,0.34,0.0672366
0.8,0.35,0.0678904
0.8,0.36,0.0684067
0.8,0.37,0.0674378
0.8,0.38,0.0705377
0.8,0.39,0.060488
0.8,0.4,0.058456
0.8,0.41,0.0686663
0.8,0.42,0.0664697
0.8,0.43,0.0680473
0.8,0.44,0.0629315
0.8,0.45,0.0601287
0.8,0.46,0.0564113
0.8,0.47,0.0614896
0.8,0.48,0.0665431
0.8,0.49,0.0708707
0.8,0.5,0.0623821
0.8,0.51,0.0759526
0.8,0.52,0.066569
0.8,0.53,0.0713607
0.8,0.54,0.0662745
0.8,0.55,0.065023
0.8,0.56,0.0614379
0.8,0.57,0.0614951
0.8,0.58,0.0678821
0.8,0.59,0.0685651
0.8,0.6,0.0648805
0.8,0.61,0.0524947
0.8,0.62,0.0601216
0.8,0.63,0.0686016
0.8,0.64,0.0650154
0.8,0.65,0.0690619
0.8,0.66,0.0714059
0.8,0.67,0.0643322
0.8,0.68,0.0690282
0.8,0.69,0.0617621
0.8,0.7,0.0715938
0.8,0.71,0.0634934
0.8,0.72,0.0607577
0.8,0.73,0.0565655
0.8,0.74,0.0655945
0.8,0.75,0.0594852
0.8,0.76,0.0680312
0.8,0.77,0.060301
0.8,0.78,0.0640265
0.8,0.79,0.0737534
0.8,0.8,0.0588959
0.8,0.81,0.0674867
0.8,0.82,0.0665868
0.8,0.83,0.0621531
0.8,0.84,0.0613896
0.8,0.85,0.0623238
0.8,0.86,0.0707326
0.8,0.87,0.0640374
0.8,0.88,0.0758977
0.8,0.89,0.0630494
0.8,0.9,0.0648264
0.8,0.91,0.0609001
0.8,0.92,0.0579514
0.8,0.93,0.0738762
0.8,0.94,0.0633625
0.8,0.95,0.0694704
0.8,0.96,0.0616439
0.8,0.97,0.0705237
0.8,0.98,0.0856964
0.8,0.99,0.053532
0.8,1,0.069334
0.8,1.01,0.073615
0.8,1.02,0.0727149
0.8,1.03,0.0651024
0.8,1.04,0.0692206
0.8,1.05,0.0714583
0.8,1.06,0.0760682
0.8,1.07,0.0678117
0.8,1.08,0.0738423
0.8,1.09,0.0620768
0.8,1.1,0.0608922
0.8,1.11,0.0619967
0.8,1.12,0.0568853
0.8,1.13,0.0703764
0.8,1.14,0.0579385
0.8,1.15,0.0807973
0.8,1.16,0.0765413
0.8,1.17,0.0770819
0.8,1.18,0.0676111
0.8,1.19,0.067067
0.8,1.2,0.0548921
0.8,1.21,0.0614554
0.8,1.22,0.0673888
0.8,1.23,0.0613802
0.8,1.24,0.0565564
0.8,1.25,0.0801566
0.8,1.26,0.0651489
0.8,1.27,0.0679967
0.8,1.28,0.0580898
0.8,1.29,0.0711162
0.8,1.3,0.0553521
0.8,1.31,0.0730921
0.8,1.32,0.0623107
0.8,1.33,0.0620573
0.8,1.34,0.0753257
0.8,1.35,0.0671828
0.8,1.36,0.0577546
0.8,1.37,0.0710788
0.8,1.38,0.0584328
0.8,1.39,0.059879
0.8,1.4,0.0623877
0.8,1.41,0.0625934
0.8,1.42,0.0630086
0.8,1.43,0.0634889
0.8,1.44,0.0679385
0.8,1.45,0.0652556
0.8,1.46,0.0542305
0.8,1.47,0.0598209
0.8,1.48,0.0679335
0.8,1.49,0.0800741
0.8,1.5,0.0674633
0.8,1.51,0.0661381
0.8,1.52,0.0714646
0.8,1.53,0.066972
0.8,1.54,0.0576922
0.8,1.55,0.0649709
0.8,1.56,0.0613893
0.8,1.57,0.0598199
0.8,1.58,0.0667799
0.8,1.59,0.0742288
0.8,1.6,0.0723914
0.8,1.61,0.0589953
0.8,1.62,0.0577036
0.8,1.63,0.0614897
0.8,1.64,0.0657866
0.8,1.65,0.0708037
0.8,1.66,0.0673161
0.8,1.67,0.0672963
0.8,1.68,0.0555448
0.8,1.69,0.0742002
0.8,1.7,0.0703102
0.8,1.71,0.0605459
0.8,1.72,0.0644016
0.8,1.73,0.0723086
0.8,1.74,0.0781016
0.8,1.75,0.060694
0.8,1.76,0.0648006
0.8,1.77,0.0650617
0.8,1.78,0.0630378
0.8,1.79,0.0613864
0.8,1.8,0.0577118
0.8,1.81,0.0680855
0.8,1.82,0.0561301
0.8,1.83,0.0660633
0.8,1.84,0.0645382
0.8,1.85,0.0621483
0.8,1.86,0.0689742
0.8,1.87,0.0805388
0.8,1.88,0.0732571
0.8,1.89,0.0614505
0.8,1.9,0.059347
0.8,1.91,0.0670842
0.8,1.92,0.0681933
0.8,1.93,0.0615351
0.8,1.94,0.0700588
0.8,1.95,0.0560268
0.8,1.96,0.0652148
0.8,1.97,0.0785784
0.8,1.98,0.0646373
0.8,1.99,0.0595414
0.8,2,0.0667863
0.8,2.01,0.0626177
0.8,2.02,0.0628955
0.8,2.03,0.0620105
0.8,2.04,0.0655025
0.8,2.05,0.0636531
0.8,2.06,0.064075
0.8,2.07,0.066707
0.8,2.08,0.0646821
0.8,2.09,0.0650177
0.8,2.1,0.0683613
0.8,2.11,0.0668613
0.8,2.12,0.0702669
0.8,2.13,0.0701482
0.8,2.14,0.0583514
0.8,2.15,0.0722181
0.8,2.16,0.0674144
0.8,2.17,0.0667384
0.8,2.18,0.0640228
0.8,2.19,0.0732998
0.8,2.2,0.0611211
0.8,2.21,0.0789329
0.8,2.22,0.0650363
0.8,2.23,0.070187
0.8,2.24,0.0653559
0.8,2.25,0.0678819
0.8,2.26,0.0640244
0.8,2.27,0.07087
0.8,2.28,0.0677841
0.8,2.29,0.0691403
0.8,2.3,0.0630809
0.8,2.31,0.0619063
0.8,2.32,0.064195
0.8,2.33,0.0656503
0.8,2.34,0.0669174
0.8,2.35,0.0510118
0.8,2.36,0.0634398
0.8,2.37,0.0697773
0.8,2.38,0.0630952
0.8,2.39,0.0608394
0.8,2.4,0.0616003
0.8,2.41,0.0783363
0.8,2.42,0.0706266
0.8,2.43,0.068394
0.8,2.44,0.0646877
0.8,2.45,0.06555
0.8,2.46,0.0679727
0.8,2.47,0.0618167
0.8,2.48,0.071545
0.8,2.49,0.0563185
0.8,2.5,0.0736393
0.8,2.51,0.0738277
0.8,2.52,0.0609866
0.8,2.53,0.0655922
0.8,2.54,0.0666657
0.8,2.55,0.0632673
0.8,2.56,0.0701055
0.8,2.57,0.069495
0.8,2.58,0.0526681
0.8,2.59,0.0680423
0.8,2.6,0.0621828
0.8,2.61,0.0629734
0.8,2.62,0.0662171
0.8,2.63,0.0695489
0.8,2.64,0.064104
0.8,2.65,0.0629858
0.8,2.66,0.0650483
0.8,2.67,0.0629352
0.8,2.68,0.0599459
0.8,2.69,0.0634427
0.8,2.7,0.0642538
0.8,2.71,0.0661025
0.8,2.72,0.0649255
0.8,2.73,0.0750802
0.8,2.74,0.0677897
0.8,2.75,0.0704693
0.8,2.76,0.0638825
0.8,2.77,0.0704453
0.8,2.78,0.0698843
0.8,2.79,0.0718182
0.8,2.8,0.0779627
0.8,2.81,0.0673995
0.8,2.82,0.073069
0.8,2.83,0.0655888
0.8,2.84,0.0661184
0.8,2.85,0.0644129
0.8,2.86,0.0593347
0.8,2.87,0.064667
0.8,2.88,0.0637848
0.8,2.89,0.0765365
0.8,2.9,0.0693196
0.8,2.91,0.061295
0.8,2.92,0.0591898
0.8,2.93,0.0614881
0.8,2.94,0.0666331
0.8,2.95,0.0558203
0.8,2.96,0.0622975
0.8,2.97,0.0721112
0.8,2.98,0.0693324
0.8,2.99,0.0620319
0.8,3,0.0726102
0.8,3.01,0.0749804
0.8,3.02,0.0555731
0.8,3.03,0.066539
0.8,3.04,0.0656557
0.8,3.05,0.0595927
0.8,3.06,0.0655756
0.8,3.07,0.068257
0.8,3.08,0.0712954
0.8,3.09,0.0640278
0.8,3.1,0.0750685
0.8,3.11,0.0643347
0.8,3.12,0.0668782
0.8,3.13,0.0666616
0.8,3.14,0.0638723
0.8,3.15,0.0642026
0.8,3.16,0.065632
0.8,3.17,0.0679117
0.8,3.18,0.0567809
0.8,3.19,0.076984
0.8,3.2,0.0594106
0.8,3.21,0.0691233
0.8,3.22,0.0680728
0.8,3.23,0.0720917
0.8,3.24,0.0727217
0.8,3.25,0.0679419
0.8,3.26,0.0644379
0.8,3.27,0.0737407
0.8,3.28,0.0723372
0.8,3.29,0.0489769
0.8,3.3,0.0586951
0.8,3.31,0.0717039
0.8,3.32,0.065833
0.8,3.33,0.0737704
0.8,3.34,0.0602229
0.8,3.35,0.0631743
0.8,3.36,0.0686197
0.8,3.37,0.0507624
0.8,3.38,0.0556256
0.8,3.39,0.072589
0.8,3.4,0.0673434
0.8,3.41,0.0695794
0.8,3.42,0.0713676
0.8,3.43,0.0661242
0.8,3.44,0.0609715
0.8,3.45,0.0662282
0.8,3.46,0.0665991
0.8,3.47,0.0694922
0.8,3.48,0.0642058
0.8,3.49,0.0670861
0.8,3.5,0.0786091
0.8,3.51,0.0652956
0.8,3.52,0.0605514
0.8,3.53,0.0651849
0.8,3.54,0.0610282
0.8,3.55,0.0678957
0.8,3.56,0.0662933
0.8,3.57,0.0592064
0.8,3.58,0.0786087
0.8,3.59,0.0721429
0.8,3.6,0.0680086
0.8,3.61,0.0728005
0.8,3.62,0.0654022
0.8,3.63,0.0746383
0.8,3.64,0.0714168
0.8,3.65,0.0589002
0.8,3.66,0.0587716
0.8,3.67,0.0587575
0.8,3.68,0.0561895
0.8,3.69,0.0601367
0.8,3.7,0.0627214
0.8,3.71,0.0651722
0.8,3.72,0.0703868
0.8,3.73,0.0689301
0.8,3.74,0.0631091
0.8,3.75,0.0609994
0.8,3.76,0.0665641
0.8,3.77,0.0689399
0.8,3.78,0.0560681
0.8,3.79,0.0638034
0.8,3.8,0.0582507
0.8,3.81,0.0709374
0.8,3.82,0.0684101
0.8,3.83,0.0686616
0.8,3.84,0.0768556
0.8,3.85,0.0701336
0.8,3.86,0.0611496
0.8,3.87,0.0647745
0.8,3.88,0.0532852
0.8,3.89,0.0698843
0.8,3.9,0.0754001
0.8,3.91,0.0649805
0.8,3.92,0.0646682
0.8,3.93,0.0617802
0.8,3.94,0.0669834
0.8,3.95,0.0718558
0.8,3.96,0.0623959
0.8,3.97,0.0672045
0.8,3.98,0.0609784
0.8,3.99,0.0651814
0.8,4,0.0734979
0.8,4.01,0.0727304
0.8,4.02,0.0600716
0.8,4.03,0.0670345
0.8,4.04,0.0780017
0.8,4.05,0.0626553
0.8,4.06,0.0665885
0.8,4.07,0.0633993
0.8,4.08,0.0632368
0.8,4.09,0.0641735
0.8,4.1,0.0583988
0.8,4.11,0.0716717
0.8,4.12,0.0533431
0.8,4.13,0.0633653
0.8,4.14,0.0664015
0.8,4.15,0.0590701
0.8,4.16,0.0632447
0.8,4.17,0.0703843
0.8,4.18,0.0690957
0.8,4.19,0.075283
0.8,4.2,0.068548
0.8,4.21,0.0720168
0.8,4.22,0.0654278
0.8,4.23,0.06417
0.8,4.24,0.0660693
0.8,4.25,0.0683076
0.8,4.26,0.0736432
0.8,4.27,0.0552754
0.8,4.28,0.059217
0.8,4.29,0.0755289
0.8,4.3,0.0682936
0.8,4.31,0.0594099
0.8,4.32,0.0614636
0.8,4.33,0.0668594
0.8,4.34,0.0633694
0.8,4.35,0.0523403
0.8,4.36,0.0729735
0.8,4.37,0.063675
0.8,4.38,0.0659519
0.8,4.39,0.0763818
0.8,4.4,0.0647883
0.8,4.41,0.0746047
0.8,4.42,0.0680247
0.8,4.43,0.0652548
0.8,4.44,0.0713825
0.8,4.45,0.0598354
0.8,4.46,0.0667308
0.8,4.47,0.0713805
0.8,4.48,0.0788257
0.8,4.49,0.0660742
0.8,4.5,0.0594782
0.8,4.51,0.0741636
0.8,4.52,0.0639684
0.8,4.53,0.0622464
0.8,4.54,0.0661884
0.8,4.55,0.0669932
0.8,4.56,0.0614765
0.8,4.57,0.0643303
0.8,4.58,0.0755778
0.8,4.59,0.0636964
0.8,4.6,0.0615375
0.8,4.61,0.0691821
0.8,4.62,0.0672876
0.8,4.63,0.066719
0.8,4.64,0.0695002
0.8,4.65,0.0650368
0.8,4.66,0.0601762
0.8,4.67,0.0632098
0.8,4.68,0.0722139
0.8,4.69,0.0623246
0.8,4.7,0.0668913
0.8,4.71,0.0648827
0.8,4.72,0.0695547
0.8,4.73,0.0651214
0.8,4.74,0.0721379
0.8,4.75,0.0577671
0.8,4.76,0.0740851
0.8,4.77,0.0709047
0.8,4.78,0.0706075
0.8,4.79,0.0638599
0.8,4.8,0.0644716
0.8,4.81,0.0581257
0.8,4.82,0.0745565
0.8,4.83,0.0567688
0.8,4.84,0.0619132
0.8,4.85,0.0698917
0.8,4.86,0.0659154
0.8,4.87,0.0702522
0.8,4.88,0.0643481
0.8,4.89,0.0654938
0.8,4.9,0.0645155
0.8,4.91,0.0735679
0.8,4.92,0.0577791
0.8,4.93,0.0630165
0.8,4.94,0.0653708
0.8,4.95,0.064323
0.8,4.96,0.0666769
0.8,4.97,0.0602189
0.8,4.98,0.063157
0.8,4.99,0.0627233
0.8,5,0.0661198
0.8,5.01,0.0698385
0.8,5.02,0.0626956
0.8,5.03,0.0614908
0.8,5.04,0.0634698
0.8,5.05,0.071892
0.8,5.06,0.0657903
0.8,5.07,0.0608505
0.8,5.08,0.0745512
0.8,5.09,0.0757788
0.8,5.1,0.0598371
0.8,5.11,0.0664506
0.8,5.12,0.0604801
0.8,5.13,0.0658572
0.8,5.14,0.0719934
0.8,5.15,0.0645331
0.8,5.16,0.0648883
0.8,5.17,0.0644233
0.8,5.18,0.0663559
0.8,5.19,0.0758248
0.8,5.2,0.0648808
0.8,5.21,0.066859
0.8,5.22,0.0714615
0.8,5.23,0.0612268
0.8,5.24,0.0672736
0.8,5.25,0.072788
0.8,5.26,0.0558561
0.8,5.27,0.070609
0.8,5.28,0.0721788
0.8,5.29,0.0607663
0.8,5.3,0.0645894
0.8,5.31,0.0679399
0.8,5.32,0.0641901
0.8,5.33,0.073698
0.8,5.34,0.0570963
0.8,5.35,0.0751888
0.8,5.36,0.0515006
0.8,5.37,0.0715438
0.8,5.38,0.0569775
0.8,5.39,0.0685484
0.8,5.4,0.0567368
0.8,5.41,0.0773669
0.8,5.42,0.067371
0.8,5.43,0.0658094
0.8,5.44,0.0626805
0.8,5.45,0.0703966
0.8,5.46,0.0643714
0.8,5.47,0.0680083
0.8,5.48,0.0514842
0.8,5.49,0.0607234
0.8,5.5,0.0653298
0.8,5.51,0.0637983
0.8,5.52,0.0743975
0.8,5.53,0.0697804
0.8,5.54,0.0713386
0.8,5.55,0.0637091
0.8,5.56,0.0625819
0.8,5.57,0.068785
0.8,5.58,0.0707995
0.8,5.59,0.0774497
0.8,5.6,0.0617781
0.8,5.61,0.0677725
0.8,5.62,0.0764827
0.8,5.63,0.0603003
0.8,5.64,0.0709765
0.8,5.65,0.0718113
0.8,5.66,0.0639928
0.8,5.67,0.0653974
0.8,5.68,0.0603962
0.8,5.69,0.0690217
0.8,5.7,0.0622905
0.8,5.71,0.0798149
0.8,5.72,0.0658347
0.8,5.73,0.0582477
0.8,5.74,0.0590406
0.8,5.75,0.0701342
0.8,5.76,0.0653741
0.8,5.77,0.0547967
0.8,5.78,0.0627789
0.8,5.79,0.0656854
0.8,5.8,0.0656315
0.8,5.81,0.0627809
0.8,5.82,0.0584486
0.8,5.83,0.0603015
0.8,5.84,0.0581685
0.8,5.85,0.0801856
0.8,5.86,0.0696536
0.8,5.87,0.0673361
0.8,5.88,0.0674921
0.8,5.89,0.0622483
0.8,5.9,0.0569264
0.8,5.91,0.0610491
0.8,5.92,0.0572789
0.8,5.93,0.0578178
0.8,5.94,0.0730926
0.8,5.95,0.0638735
0.8,5.96,0.0665475
0.8,5.97,0.0685127
0.8,5.98,0.0662028
0.8,5.99,0.0736534
0.8,6,0.0690275
0.8,6.01,0.063727
0.8,6.02,0.0666056
0.8,6.03,0.0708926
0.8,6.04,0.0765181
0.8,6.05,0.0603666
0.8,6.06,0.0650531
0.8,6.07,0.0641438
0.8,6.08,0.0676047
0.8,6.09,0.060362
0.8,6.1,0.0631519
0.8,6.11,0.0581825
0.8,6.12,0.0605316
0.8,6.13,0.0640546
0.8,6.14,0.0683538
0.8,6.15,0.0722779
0.8,6.16,0.0645357
0.8,6.17,0.0660631
0.8,6.18,0.0609463
0.8,6.19,0.0644477
0.8,6.2,0.0709364
0.8,6.21,0.0684971
0.8,6.22,0.075745
0.8,6.23,0.0706155
0.8,6.24,0.057139
0.8,6.25,0.0662233
0.8,6.26,0.0671466
0.8,6.27,0.0659513
0.8,6.28,0.0699639
0.81,0,0.0597327
0.81,0.01,0.0654641
0.81,0.02,0.0678446
0.81,0.03,0.0668258
0.81,0.04,0.0688169
0.81,0.05,0.0610916
0.81,0.06,0.0629632
0.81,0.07,0.0646201
0.81,0.08,0.0681867
0.81,0.09,0.0777092
0.81,0.1,0.0639352
0.81,0.11,0.0572212
0.81,0.12,0.0626091
0.81,0.13,0.0634947
0.81,0.14,0.0711115
0.81,0.15,0.0567423
0.81,0.16,0.0650033
0.81,0.17,0.07171
0.81,0.18,0.0691033
0.81,0.19,0.0663296
0.81,0.2,0.0681408
0.81,0.21,0.0507908
0.81,0.22,0.0635627
0.81,0.23,0.0633681
0.81,0.24,0.0678341
0.81,0.25,0.0720802
0.81,0.26,0.0597101
0.81,0.27,0.0606661
0.81,0.28,0.0578129
0.81,0.29,0.0694808
0.81,0.3,0.0687735
0.81,0.31,0.067047
0.81,0.32,0.0769613
0.81,0.33,0.067319
0.81,0.34,0.0655885
0.81,0.35,0.0719409
0.81,0.36,0.0621944
0.81,0.37,0.0732581
0.81,0.38,0.0704218
0.81,0.39,0.0691262
0.81,0.4,0.0685938
0.81,0.41,0.0497681
0.81,0.42,0.072276
0.81,0.43,0.067782
0.81,0.44,0.0745553
0.81,0.45,0.0735635
0.81,0.46,0.0656025
0.81,0.47,0.0646605
0.81,0.48,0.0621174
0.81,0.49,0.0706238
0.81,0.5,0.0708836
0.81,0.51,0.0715144
0.81,0.52,0.067503
0.81,0.53,0.0616073
0.81,0.54,0.0625255
0.81,0.55,0.065657
0.81,0.56,0.0683523
0.81,0.57,0.0628597
0.81,0.58,0.0716214
0.81,0.59,0.0682062
0.81,0.6,0.070392
0.81,0.61,0.0710999
0.81,0.62,0.0662886
0.81,0.63,0.0571273
0.81,0.64,0.0555819
0.81,0.65,0.0655391
0.81,0.66,0.0710093
0.81,0.67,0.0665958
0.81,0.68,0.0728458
0.81,0.69,0.0738011
0.81,0.7,0.0721324
0.81,0.71,0.0623821
0.81,0.72,0.067957
0.81,0.73,0.0719454
0.81,0.74,0.0776933
0.81,0.75,0.0696026
0.81,0.76,0.0561774
0.81,0.77,0.0662302
0.81,0.78,0.0674013
0.81,0.79,0.0740874
0.81,0.8,0.0721034
0.81,0.81,0.063009
0.81,0.82,0.0740801
0.81,0.83,0.0665018
0.81,0.84,0.0641532
0.81,0.85,0.0619459
0.81,0.86,0.0626711
0.81,0.87,0.076696
0.81,0.88,0.06738
0.81,0.89,0.0715476
0.81,0.9,0.0683466
0.81,0.91,0.0602864
0.81,0.92,0.0699794
0.81,0.93,0.0752476
0.81,0.94,0.0701379
0.81,0.95,0.0626329
0.81,0.96,0.0667442
0.81,0.97,0.0791367
0.81,0.98,0.0650076
0.81,0.99,0.0705821
0.81,1,0.0650422
0.81,1.01,0.0697747
0.81,1.02,0.0676197
0.81,1.03,0.0661398
0.81,1.04,0.0727538
0.81,1.05,0.0691197
0.81,1.06,0.0655585
0.81,1.07,0.067856
0.81,1.08,0.0671674
0.81,1.09,0.0549607
0.81,1.1,0.0633859
0.81,1.11,0.0674376
0.81,1.12,0.0740758
0.81,1.13,0.0605584
0.81,1.14,0.0646202
0.81,1.15,0.0737174
0.81,1.16,0.0565886
0.81,1.17,0.0629705
0.81,1.18,0.061678
0.81,1.19,0.0680724
0.81,1.2,0.0666231
0.81,1.21,0.0679118
0.81,1.22,0.0606723
0.81,1.23,0.0691826
0.81,1.24,0.0639224
0.81,1.25,0.05633
0.81,1.26,0.0666599
0.81,1.27,0.0547743
0.81,1.28,0.0701314
0.81,1.29,0.0539449
0.81,1.3,0.07965
0.81,1.31,0.0630007
0.81,1.32,0.0549398
0.81,1.33,0.0675572
0.81,1.34,0.0751587
0.81,1.35,0.0683584
0.81,1.36,0.0726604
0.81,1.37,0.0681306
0.81,1.38,0.0641111
0.81,1.39,0.073937
0.81,1.4,0.0645442
0.81,1.41,0.0696713
0.81,1.42,0.0598284
0.81,1.43,0.0639092
0.81,1.44,0.0558356
0.81,1.45,0.0666102
0.81,1.46,0.0609464
0.81,1.47,0.0715261
0.81,1.48,0.0593974
0.81,1.49,0.0683944
0.81,1.5,0.0701429
0.81,1.51,0.07303
0.81,1.52,0.0628665
0.81,1.53,0.0633424
0.81,1.54,0.0639242
0.81,1.55,0.0745659
0.81,1.56,0.0709324
0.81,1.57,0.0665234
0.81,1.58,0.0675974
0.81,1.59,0.0568307
0.81,1.6,0.0661392
0.81,1.61,0.0628502
0.81,1.62,0.0585576
0.81,1.63,0.0701091
0.81,1.64,0.070151
0.81,1.65,0.0683537
0.81,1.66,0.0635843
0.81,1.67,0.0660726
0.81,1.68,0.064329
0.81,1.69,0.0606526
0.81,1.7,0.0704943
0.81,1.71,0.0645917
0.81,1.72,0.0617932
0.81,1.73,0.0675456
0.81,1.74,0.0555323
0.81,1.75,0.0638183
0.81,1.76,0.0663745
0.81,1.77,0.0667528
0.81,1.78,0.0596717
0.81,1.79,0.0701144
0.81,1.8,0.0587847
0.81,1.81,0.0734325
0.81,1.82,0.0656207
0.81,1.83,0.0668586
0.81,1.84,0.0587031
0.81,1.85,0.0728608
0.81,1.86,0.0748929
0.81,1.87,0.0711778
0.81,1.88,0.0715609
0.81,1.89,0.0718839
0.81,1.9,0.0767408
0.81,1.91,0.0681541
0.81,1.92,0.058732
0.81,1.93,0.0601283
0.81,1.94,0.0565479
0.81,1.95,0.0582918
0.81,1.96,0.0766676
0.81,1.97,0.0605302
0.81,1.98,0.0674769
0.81,1.99,0.0633856
0.81,2,0.0689257
0.81,2.01,0.0777271
0.81,2.02,0.0667016
0.81,2.03,0.0709378
0.81,2.04,0.0688881
0.81,2.05,0.0626713
0.81,2.06,0.0640887
0.81,2.07,0.0690027
0.81,2.08,0.062105
0.81,2.09,0.0641054
0.81,2.1,0.0708613
0.81,2.11,0.0666372
0.81,2.12,0.0627524
0.81,2.13,0.0583841
0.81,2.14,0.0642981
0.81,2.15,0.0787825
0.81,2.16,0.0657247
0.81,2.17,0.0705983
0.81,2.18,0.0650296
0.81,2.19,0.0661857
0.81,2.2,0.0669427
0.81,2.21,0.0657845
0.81,2.22,0.0633423
0.81,2.23,0.062976
0.81,2.24,0.0653265
0.81,2.25,0.0669759
0.81,2.26,0.070784
0.81,2.27,0.0735646
0.81,2.28,0.0639932
0.81,2.29,0.0604436
0.81,2.3,0.069551
0.81,2.31,0.0625599
0.81,2.32,0.0683023
0.81,2.33,0.0672972
0.81,2.34,0.070266
0.81,2.35,0.064318
0.81,2.36,0.060759
0.81,2.37,0.0622578
0.81,2.38,0.0736319
0.81,2.39,0.0760199
0.81,2.4,0.0552161
0.81,2.41,0.0768361
0.81,2.42,0.0669889
0.81,2.43,0.0729931
0.81,2.44,0.0690159
0.81,2.45,0.0720503
0.81,2.46,0.0655708
0.81,2.47,0.0612115
0.81,2.48,0.0765881
0.81,2.49,0.0636005
0.81,2.5,0.0562321
0.81,2.51,0.0738712
0.81,2.52,0.0662824
0.81,2.53,0.0719586
0.81,2.54,0.0637016
0.81,2.55,0.0634682
0.81,2.56,0.0629581
0.81,2.57,0.0683641
0.81,2.58,0.0784447
0.81,2.59,0.0763673
0.81,2.6,0.0651454
0.81,2.61,0.060331
0.81,2.62,0.0612438
0.81,2.63,0.065375
0.81,2.64,0.0568692
0.81,2.65,0.0665744
0.81,2.66,0.0714788
0.81,2.67,0.0762028
0.81,2.68,0.0655525
0.81,2.69,0.0745328
0.81,2.7,0.0715059
0.81,2.71,0.0711784
0.81,2.72,0.0739737
0.81,2.73,0.0605083
0.81,2.74,0.0686304
0.81,2.75,0.068666
0.81,2.76,0.0646104
0.81,2.77,0.0688421
0.81,2.78,0.0721911
0.81,2.79,0.0667099
0.81,2.8,0.0631532
0.81,2.81,0.0617472
0.81,2.82,0.0564594
0.81,2.83,0.0755276
0.81,2.84,0.0669085
0.81,2.85,0.0692181
0.81,2.86,0.0719537
0.81,2.87,0.0553993
0.81,2.88,0.0587462
0.81,2.89,0.0641248
0.81,2.9,0.0715801
0.81,2.91,0.0687882
0.81,2.92,0.0662052
0.81,2.93,0.0775258
0.81,2.94,0.065918
0.81,2.95,0.0707378
0.81,2.96,0.073831
0.81,2.97,0.065391
0.81,2.98,0.0686686
0.81,2.99,0.0567837
0.81,3,0.0555713
0.81,3.01,0.0668686
0.81,3.02,0.0736743
0.81,3.03,0.0721415
0.81,3.04,0.0647684
0.81,3.05,0.069597
0.81,3.06,0.0550561
0.81,3.07,0.0622025
0.81,3.08,0.0681357
0.81,3.09,0.0577484
0.81,3.1,0.0788605
0.81,3.11,0.0614353
0.81,3.12,0.0660779
0.81,3.13,0.0764183
0.81,3.14,0.0728528
0.81,3.15,0.0641211
0.81,3.16,0.0668587
0.81,3.17,0.073864
0.81,3.18,0.0706389
0.81,3.19,0.0713678
0.81,3.2,0.0805435
0.81,3.21,0.0642055
0.81,3.22,0.0715328
0.81,3.23,0.0645389
0.81,3.24,0.0708939
0.81,3.25,0.0685878
0.81,3.26,0.0653548
0.81,3.27,0.0637019
0.81,3.28,0.0716366
0.81,3.29,0.0603668
0.81,3.3,0.0608483
0.81,3.31,0.0660452
0.81,3.32,0.0757099
0.81,3.33,0.0693517
0.81,3.34,0.0662285
0.81,3.35,0.0646836
0.81,3.36,0.0592646
0.81,3.37,0.0681826
0.81,3.38,0.0715119
0.81,3.39,0.0484357
0.81,3.4,0.0672365
0.81,3.41,0.0623856
0.81,3.42,0.0641775
0.81,3.43,0.0668051
0.81,3.44,0.070575
0.81,3.45,0.0722185
0.81,3.46,0.0644769
0.81,3.47,0.0583609
0.81,3.48,0.0706479
0.81,3.49,0.0618924
0.81,3.5,0.0660097
0.81,3.51,0.0591648
0.81,3.52,0.0713471
0.81,3.53,0.0719574
0.81,3.54,0.062582
0.81,3.55,0.0611385
0.81,3.56,0.0701244
0.81,3.57,0.061145
0.81,3.58,0.0648793
0.81,3.59,0.076368
0.81,3.6,0.0642532
0.81,3.61,0.0586751
0.81,3.62,0.0726395
0.81,3.63,0.0636874
0.81,3.64,0.0629594
0.81,3.65,0.0675093
0.81,3.66,0.0784838
0.81,3.67,0.0634562
0.81,3.68,0.0688165
0.81,3.69,0.0707147
0.81,3.7,0.0628709
0.81,3.71,0.054812
0.81,3.72,0.0661325
0.81,3.73,0.0733257
0.81,3.74,0.0705153
0.81,3.75,0.0605344
0.81,3.76,0.0641248
0.81,3.77,0.0701053
0.81,3.78,0.0706562
0.81,3.79,0.0632724
0.81,3.8,0.0632056
0.81,3.81,0.0630339
0.81,3.82,0.0605336
0.81,3.83,0.0670866
0.81,3.84,0.0646544
0.81,3.85,0.0715257
0.81,3.86,0.0721816
0.81,3.87,0.0636867
0.81,3.88,0.0660999
0.81,3.89,0.0753568
0.81,3.9,0.0683843
0.81,3.91,0.0558102
0.81,3.92,0.058672
0.81,3.93,0.0702496
0.81,3.94,0.0696229
0.81,3.95,0.0635514
0.81,3.96,0.0716136
0.81,3.97,0.0678899
0.81,3.98,0.0743896
0.81,3.99,0.0561038
0.81,4,0.0665029
0.81,4.01,0.0625878
0.81,4.02,0.075201
0.81,4.03,0.0653426
0.81,4.04,0.0628508
0.81,4.05,0.0736444
0.81,4.06,0.0719787
0.81,4.07,0.0664677
0.81,4.08,0.0641597
0.81,4.09,0.0806056
0.81,4.1,0.0685495
0.81,4.11,0.0607854
0.81,4.12,0.0590421
0.81,4.13,0.0659414
0.81,4.14,0.0701978
0.81,4.15,0.0717368
0.81,4.16,0.0687334
0.81,4.17,0.0565624
0.81,4.18,0.0694968
0.81,4.19,0.0717486
0.81,4.2,0.0759873
0.81,4.21,0.0677654
0.81,4.22,0.0683694
0.81,4.23,0.0678004
0.81,4.24,0.0648186
0.81,4.25,0.0659724
0.81,4.26,0.0667692
0.81,4.27,0.0651796
0.81,4.28,0.0686766
0.81,4.29,0.0612286
0.81,4.3,0.0798055
0.81,4.31,0.0658613
0.81,4.32,0.0668257
0.81,4.33,0.0578482
0.81,4.34,0.0721906
0.81,4.35,0.0595676
0.81,4.36,0.0713295
0.81,4.37,0.0712867
0.81,4.38,0.0617507
0.81,4.39,0.0751645
0.81,4.4,0.0704329
0.81,4.41,0.0617875
0.81,4.42,0.0660135
0.81,4.43,0.0624427
0.81,4.44,0.0649654
0.81,4.45,0.0624533
0.81,4.46,0.0688415
0.81,4.47,0.068133
0.81,4.48,0.0704256
0.81,4.49,0.0618034
0.81,4.5,0.0807252
0.81,4.51,0.0592074
0.81,4.52,0.0690584
0.81,4.53,0.069629
0.81,4.54,0.0662789
0.81,4.55,0.0611324
0.81,4.56,0.0592544
0.81,4.57,0.0762043
0.81,4.58,0.0623901
0.81,4.59,0.0677835
0.81,4.6,0.0716788
0.81,4.61,0.0729765
0.81,4.62,0.0703352
0.81,4.63,0.0728093
0.81,4.64,0.06958
0.81,4.65,0.0629399
0.81,4.66,0.071483
0.81,4.67,0.0615326
0.81,4.68,0.0733434
0.81,4.69,0.0659661
0.81,4.7,0.0752148
0.81,4.71,0.0549723
0.81,4.72,0.0720291
0.81,4.73,0.0774268
0.81,4.74,0.0630887
0.81,4.75,0.0810797
0.81,4.76,0.0657339
0.81,4.77,0.0664616
0.81,4.78,0.0575276
0.81,4.79,0.065612
0.81,4.8,0.0639251
0.81,4.81,0.0640623
0.81,4.82,0.0683575
0.81,4.83,0.0598855
0.81,4.84,0.0683986
0.81,4.85,0.0640772
0.81,4.86,0.069238
0.81,4.87,0.0709599
0.81,4.88,0.0568716
0.81,4.89,0.0671753
0.81,4.9,0.071039
0.81,4.91,0.0616117
0.81,4.92,0.0604179
0.81,4.93,0.0681199
0.81,4.94,0.068863
0.81,4.95,0.0668948
0.81,4.96,0.0698257
0.81,4.97,0.0589107
0.81,4.98,0.0775288
0.81,4.99,0.0626862
0.81,5,0.0701628
0.81,5.01,0.072204
0.81,5.02,0.0745259
0.81,5.03,0.0653038
0.81,5.04,0.062464
0.81,5.05,0.0695841
0.81,5.06,0.0696353
0.81,5.07,0.0717451
0.81,5.08,0.0606207
0.81,5.09,0.0657332
0.81,5.1,0.0661286
0.81,5.11,0.071163
0.81,5.12,0.0690571
0.81,5.13,0.0683319
0.81,5.14,0.0645015
0.81,5.15,0.0752992
0.81,5.16,0.0639088
0.81,5.17,0.0707417
0.81,5.18,0.0731914
0.81,5.19,0.0671608
0.81,5.2,0.0710478
0.81,5.21,0.0743519
0.81,5.22,0.0702753
0.81,5.23,0.065021
0.81,5.24,0.0744183
0.81,5.25,0.0530569
0.81,5.26,0.0674905
0.81,5.27,0.0685523
0.81,5.28,0.0718951
0.81,5.29,0.0649833
0.81,5.3,0.0690777
0.81,5.31,0.0622697
0.81,5.32,0.0574294
0.81,5.33,0.0601083
0.81,5.34,0.0660108
0.81,5.35,0.0739519
0.81,5.36,0.0696509
0.81,5.37,0.0637081
0.81,5.38,0.0665156
0.81,5.39,0.0641791
0.81,5.4,0.0681112
0.81,5.41,0.0653826
0.81,5.42,0.0683437
0.81,5.43,0.0580953
0.81,5.44,0.0650222
0.81,5.45,0.0646501
0.81,5.46,0.0730523
0.81,5.47,0.0638194
0.81,5.48,0.0639444
0.81,5.49,0.0543645
0.81,5.5,0.0742139
0.81,5.51,0.0658517
0.81,5.52,0.0621148
0.81,5.53,0.0625877
0.81,5.54,0.0692407
0.81,5.55,0.0665134
0.81,5.56,0.0653554
0.81,5.57,0.0676239
0.81,5.58,0.0662173
0.81,5.59,0.0635519
0.81,5.6,0.0635395
0.81,5.61,0.0734651
0.81,5.62,0.0706481
0.81,5.63,0.0708061
0.81,5.64,0.063977
0.81,5.65,0.058009
0.81,5.66,0.0671602
0.81,5.67,0.065113
0.81,5.68,0.0710466
0.81,5.69,0.059834
0.81,5.7,0.0581281
0.81,5.71,0.0698786
0.81,5.72,0.063165
0.81,5.73,0.0642563
0.81,5.74,0.0650763
0.81,5.75,0.0717736
0.81,5.76,0.0672803
0.81,5.77,0.0635696
0.81,5.78,0.0733262
0.81,5.79,0.0616514
0.81,5.8,0.0610094
0.81,5.81,0.0694283
0.81,5.82,0.0682377
0.81,5.83,0.0715002
0.81,5.84,0.069941
0.81,5.85,0.0673316
0.81,5.86,0.0642573
0.81,5.87,0.0546897
0.81,5.88,0.0759982
0.81,5.89,0.0654233
0.81,5.9,0.0585708
0.81,5.91,0.055705
0.81,5.92,0.0646376
0.81,5.93,0.0762749
0.81,5.94,0.0677618
0.81,5.95,0.0742232
0.81,5.96,0.0674021
0.81,5.97,0.0672132
0.81,5.98,0.0736071
0.81,5.99,0.0716197
0.81,6,0.0622347
0.81,6.01,0.0610856
0.81,6.02,0.0704742
0.81,6.03,0.0605452
0.81,6.04,0.0682613
0.81,6.05,0.0694847
0.81,6.06,0.0609419
0.81,6.07,0.061579
0.81,6.08,0.0628947
0.81,6.09,0.0692484
0.81,6.1,0.072448
0.81,6.11,0.0660618
0.81,6.12,0.0742489
0.81,6.13,0.0597453
0.81,6.14,0.0712522
0.81,6.15,0.076667
0.81,6.16,0.0695753
0.81,6.17,0.0544551
0.81,6.18,0.0599387
0.81,6.19,0.0658622
0.81,6.2,0.066242
0.81,6.21,0.0712871
0.81,6.22,0.0634449
0.81,6.23,0.0592323
0.81,6.24,0.0730546
0.81,6.25,0.0656196
0.81,6.26,0.0647031
0.81,6.27,0.0644609
0.81,6.28,0.0633347
0.82,0,0.0788384
0.82,0.01,0.063518
0.82,0.02,0.0631218
0.82,0.03,0.0714718
0.82,0.04,0.068891
0.82,0.05,0.0754087
0.82,0.06,0.072437
0.82,0.07,0.0749716
0.82,0.08,0.0595418
0.82,0.09,0.0623778
0.82,0.1,0.0615389
0.82,0.11,0.0631986
0.82,0.12,0.0653196
0.82,0.13,0.0614183
0.82,0.14,0.0697273
0.82,0.15,0.0680406
0.82,0.16,0.0685229
0.82,0.17,0.0764418
0.82,0.18,0.0692367
0.82,0.19,0.0663503
0.82,0.2,0.0677316
0.82,0.21,0.069513
0.82,0.22,0.0707183
0.82,0.23,0.0711566
0.82,0.24,0.0633498
0.82,0.25,0.0725697
0.82,0.26,0.0597193
0.82,0.27,0.0718075
0.82,0.28,0.0796976
0.82,0.29,0.07379
0.82,0.3,0.0699837
0.82,0.31,0.0608221
0.82,0.32,0.0688067
0.82,0.33,0.0667128
0.82,0.34,0.0665425
0.82,0.35,0.0768853
0.82,0.36,0.0677635
0.82,0.37,0.0708004
0.82,0.38,0.0597735
0.82,0.39,0.0667401
0.82,0.4,0.0642066
0.82,0.41,0.0699411
0.82,0.42,0.0610744
0.82,0.43,0.0724629
0.82,0.44,0.0738731
0.82,0.45,0.0665392
0.82,0.46,0.0645235
0.82,0.47,0.0688511
0.82,0.48,0.0761086
0.82,0.49,0.0680639
0.82,0.5,0.0716394
0.82,0.51,0.0732122
0.82,0.52,0.0724837
0.82,0.53,0.0666191
0.82,0.54,0.069675
0.82,0.55,0.0714427
0.82,0.56,0.0636234
0.82,0.57,0.0720567
0.82,0.58,0.0692076
0.82,0.59,0.0691892
0.82,0.6,0.0641755
0.82,0.61,0.0722357
0.82,0.62,0.0697932
0.82,0.63,0.0754255
0.82,0.64,0.0630952
0.82,0.65,0.0753006
0.82,0.66,0.0722114
0.82,0.67,0.0704795
0.82,0.68,0.0663799
0.82,0.69,0.0694986
0.82,0.7,0.0808506
0.82,0.71,0.0615982
0.82,0.72,0.0696996
0.82,0.73,0.0661677
0.82,0.74,0.0663209
0.82,0.75,0.0787555
0.82,0.76,0.0653034
0.82,0.77,0.0728777
0.82,0.78,0.0606317
0.82,0.79,0.0627444
0.82,0.8,0.0803728
0.82,0.81,0.0743748
0.82,0.82,0.0656761
0.82,0.83,0.0692443
0.82,0.84,0.0706976
0.82,0.85,0.0619519
0.82,0.86,0.0698795
0.82,0.87,0.0626711
0.82,0.88,0.0627395
0.82,0.89,0.0748113
0.82,0.9,0.067875
0.82,0.91,0.0763645
0.82,0.92,0.0684513
0.82,0.93,0.0661782
0.82,0.94,0.0710479
0.82,0.95,0.0665928
0.82,0.96,0.0734013
0.82,0.97,0.0678324
0.82,0.98,0.0653739
0.82,0.99,0.0721083
0.82,1,0.0731372
0.82,1.01,0.0630749
0.82,1.02,0.0626595
0.82,1.03,0.0809251
0.82,1.04,0.0711194
0.82,1.05,0.0559718
0.82,1.06,0.0736087
0.82,1.07,0.0663417
0.82,1.08,0.0629797
0.82,1.09,0.054341
0.82,1.1,0.0757473
0.82,1.11,0.0856845
0.82,1.12,0.0709766
0.82,1.13,0.0667579
0.82,1.14,0.0652752
0.82,1.15,0.0708073
0.82,1.16,0.0601449
0.82,1.17,0.0690831
0.82,1.18,0.057573
0.82,1.19,0.0712497
0.82,1.2,0.0690172
0.82,1.21,0.0701295
0.82,1.22,0.0640754
0.82,1.23,0.0635557
0.82,1.24,0.0678505
0.82,1.25,0.0732556
0.82,1.26,0.0771623
0.82,1.27,0.0723132
0.82,1.28,0.0710191
0.82,1.29,0.0708916
0.82,1.3,0.0550745
0.82,1.31,0.0699091
0.82,1.32,0.0706331
0.82,1.33,0.0705092
0.82,1.34,0.0709057
0.82,1.35,0.0584155
0.82,1.36,0.0767784
0.82,1.37,0.0619555
0.82,1.38,0.0566425
0.82,1.39,0.0656621
0.82,1.4,0.0605388
0.82,1.41,0.07553
0.82,1.42,0.0595775
0.82,1.43,0.0602664
0.82,1.44,0.0668317
0.82,1.45,0.0722972
0.82,1.46,0.0615993
0.82,1.47,0.0644119
0.82,1.48,0.069945
0.82,1.49,0.0603247
0.82,1.5,0.0675033
0.82,1.51,0.0643231
0.82,1.52,0.0682252
0.82,1.53,0.0659156
0.82,1.54,0.0699298
0.82,1.55,0.0722562
0.82,1.56,0.065313
0.82,1.57,0.0709314
0.82,1.58,0.0733542
0.82,1.59,0.0742419
0.82,1.6,0.0603814
0.82,1.61,0.0635928
0.82,1.62,0.0588664
0.82,1.63,0.0649131
0.82,1.64,0.0685683
0.82,1.65,0.0643156
0.82,1.66,0.0709638
0.82,1.67,0.0707608
0.82,1.68,0.0640764
0.82,1.69,0.0629828
0.82,1.7,0.0671372
0.82,1.71,0.0661448
0.82,1.72,0.065447
0.82,1.73,0.0608665
0.82,1.74,0.0609775
0.82,1.75,0.0646304
0.82,1.76,0.067115
0.82,1.77,0.0683071
0.82,1.78,0.0614458
0.82,1.79,0.0746124
0.82,1.8,0.0723086
0.82,1.81,0.0728611
0.82,1.82,0.0746006
0.82,1.83,0.0758984
0.82,1.84,0.0612916
0.82,1.85,0.0698981
0.82,1.86,0.0766268
0.82,1.87,0.0679098
0.82,1.88,0.0707281
0.82,1.89,0.0596588
0.82,1.9,0.053692
0.82,1.91,0.0737118
0.82,1.92,0.0714313
0.82,1.93,0.0755911
0.82,1.94,0.0724872
0.82,1.95,0.0733057
0.82,1.96,0.0685745
0.82,1.97,0.0642426
0.82,1.98,0.073306
0.82,1.99,0.0626048
0.82,2,0.0586138
0.82,2.01,0.0639633
0.82,2.02,0.0793499
0.82,2.03,0.0643074
0.82,2.04,0.0681521
0.82,2.05,0.0603111
0.82,2.06,0.0726787
0.82,2.07,0.0764626
0.82,2.08,0.0630531
0.82,2.09,0.0780624
0.82,2.1,0.0725194
0.82,2.11,0.077567
0.82,2.12,0.0688405
0.82,2.13,0.0695094
0.82,2.14,0.0701749
0.82,2.15,0.0755583
0.82,2.16,0.0790529
0.82,2.17,0.0600064
0.82,2.18,0.062041
0.82,2.19,0.0616228
0.82,2.2,0.0620059
0.82,2.21,0.0726804
0.82,2.22,0.0698529
0.82,2.23,0.0654507
0.82,2.24,0.0661254
0.82,2.25,0.0688291
0.82,2.26,0.0711893
0.82,2.27,0.0631541
0.82,2.28,0.0683049
0.82,2.29,0.0587081
0.82,2.3,0.0695449
0.82,2.31,0.0664576
0.82,2.32,0.0623122
0.82,2.33,0.0755
0.82,2.34,0.0644066
0.82,2.35,0.0630286
0.82,2.36,0.0643176
0.82,2.37,0.0636259
0.82,2.38,0.0629677
0.82,2.39,0.0654559
0.82,2.4,0.065307
0.82,2.41,0.0707999
0.82,2.42,0.0736233
0.82,2.43,0.0785133
0.82,2.44,0.0641761
0.82,2.45,0.0661677
0.82,2.46,0.0575764
0.82,2.47,0.0673753
0.82,2.48,0.0668793
0.82,2.49,0.0628062
0.82,2.5,0.0678153
0.82,2.51,0.0687473
0.82,2.52,0.0715759
0.82,2.53,0.06515
0.82,2.54,0.0810968
0.82,2.55,0.0592095
0.82,2.56,0.0616912
0.82,2.57,0.0692117
0.82,2.58,0.0605484
0.82,2.59,0.0734173
0.82,2.6,0.0715864
0.82,2.61,0.0576517
0.82,2.62,0.0669907
0.82,2.63,0.0752158
0.82,2.64,0.0717241
0.82,2.65,0.0715568
0.82,2.66,0.0659002
0.82,2.67,0.0582631
0.82,2.68,0.0634225
0.82,2.69,0.0653127
0.82,2.7,0.0593601
0.82,2.71,0.0755548
0.82,2.72,0.0585883
0.82,2.73,0.0584973
0.82,2.74,0.0640559
0.82,2.75,0.0714512
0.82,2.76,0.0705963
0.82,2.77,0.0676157
0.82,2.78,0.0674862
0.82,2.79,0.0641065
0.82,2.8,0.0617982
0.82,2.81,0.068345
0.82,2.82,0.0603202
0.82,2.83,0.0682644
0.82,2.84,0.0647181
0.82,2.85,0.0632375
0.82,2.86,0.0736089
0.82,2.87,0.0711394
0.82,2.88,0.0767636
0.82,2.89,0.0598553
0.82,2.9,0.0661796
0.82,2.91,0.0805926
0.82,2.92,0.0646982
0.82,2.93,0.0746534
0.82,2.94,0.0749132
0.82,2.95,0.074336
0.82,2.96,0.0702289
0.82,2.97,0.0674001
0.82,2.98,0.0785645
0.82,2.99,0.0672126
0.82,3,0.0638436
0.82,3.01,0.0645911
0.82,3.02,0.0632305
0.82,3.03,0.0684624
0.82,3.04,0.0558941
0.82,3.05,0.0640888
0.82,3.06,0.0669269
0.82,3.07,0.0656141
0.82,3.08,0.06305
0.82,3.09,0.0581783
0.82,3.1,0.0670038
0.82,3.11,0.0670854
0.82,3.12,0.0732873
0.82,3.13,0.0702454
0.82,3.14,0.0757197
0.82,3.15,0.0748801
0.82,3.16,0.0713859
0.82,3.17,0.0658471
0.82,3.18,0.056793
0.82,3.19,0.0685004
0.82,3.2,0.0570364
0.82,3.21,0.0684245
0.82,3.22,0.0748826
0.82,3.23,0.070398
0.82,3.24,0.0668751
0.82,3.25,0.0598925
0.82,3.26,0.0698285
0.82,3.27,0.0618499
0.82,3.28,0.061786
0.82,3.29,0.0732522
0.82,3.3,0.0652269
0.82,3.31,0.0649767
0.82,3.32,0.069332
0.82,3.33,0.0754647
0.82,3.34,0.0694293
0.82,3.35,0.0594951
0.82,3.36,0.0665179
0.82,3.37,0.0664944
0.82,3.38,0.0715763
0.82,3.39,0.0757531
0.82,3.4,0.0647454
0.82,3.41,0.0722372
0.82,3.42,0.0708876
0.82,3.43,0.0711924
0.82,3.44,0.0546164
0.82,3.45,0.0739722
0.82,3.46,0.0599265
0.82,3.47,0.0556309
0.82,3.48,0.0679128
0.82,3.49,0.0724296
0.82,3.5,0.0755927
0.82,3.51,0.0637944
0.82,3.52,0.0715687
0.82,3.53,0.0755508
0.82,3.54,0.0724622
0.82,3.55,0.0671424
0.82,3.56,0.0763457
0.82,3.57,0.0593289
0.82,3.58,0.0594295
0.82,3.59,0.0773347
0.82,3.6,0.0649742
0.82,3.61,0.0679784
0.82,3.62,0.063023
0.82,3.63,0.06345
0.82,3.64,0.0703793
0.82,3.65,0.052927
0.82,3.66,0.066873
0.82,3.67,0.0659184
0.82,3.68,0.0535158
0.82,3.69,0.0748412
0.82,3.7,0.0648052
0.82,3.71,0.0589211
0.82,3.72,0.0686774
0.82,3.73,0.0683214
0.82,3.74,0.0660434
0.82,3.75,0.063252
0.82,3.76,0.0668259
0.82,3.77,0.060612
0.82,3.78,0.0707671
0.82,3.79,0.0717017
0.82,3.8,0.0643624
0.82,3.81,0.0615662
0.82,3.82,0.0573062
0.82,3.83,0.0712772
0.82,3.84,0.0720075
0.82,3.85,0.0581687
0.82,3.86,0.064675
0.82,3.87,0.0658967
0.82,3.88,0.0675578
0.82,3.89,0.0704549
0.82,3.9,0.0606063
0.82,3.91,0.0709081
0.82,3.92,0.0655146
0.82,3.93,0.0673473
0.82,3.94,0.0712193
0.82,3.95,0.067785
0.82,3.96,0.0673094
0.82,3.97,0.0532138
0.82,3.98,0.0635462
0.82,3.99,0.0577409
0.82,4,0.0669087
0.82,4.01,0.0655621
0.82,4.02,0.0664234
0.82,4.03,0.0722606
0.82,4.04,0.0687454
0.82,4.05,0.0681615
0.82,4.06,0.0652506
0.82,4.07,0.0732876
0.82,4.08,0.066868
0.82,4.09,0.059009
0.82,4.1,0.0652308
0.82,4.11,0.0701975
0.82,4.12,0.0736994
0.82,4.13,0.0587073
0.82,4.14,0.0639731
0.82,4.15,0.0690297
0.82,4.16,0.0707833
0.82,4.17,0.0660876
0.82,4.18,0.0615887
0.82,4.19,0.0712964
0.82,4.2,0.0612932
0.82,4.21,0.0645843
0.82,4.22,0.0687351
0.82,4.23,0.0729028
0.82,4.24,0.0675491
0.82,4.25,0.0588887
0.82,4.26,0.0731334
0.82,4.27,0.0649037
0.82,4.28,0.0655135
0.82,4.29,0.0669465
0.82,4.3,0.0745631
0.82,4.31,0.0656095
0.82,4.32,0.0652008
0.82,4.33,0.070362
0.82,4.34,0.0631398
0.82,4.35,0.0799182
0.82,4.36,0.06263
0.82,4.37,0.0719145
0.82,4.38,0.060792
0.82,4.39,0.0561365
0.82,4.4,0.0645798
0.82,4.41,0.0708845
0.82,4.42,0.0660211
0.82,4.43,0.0591082
0.82,4.44,0.0733389
0.82,4.45,0.0626054
0.82,4.46,0.0685924
0.82,4.47,0.0638652
0.82,4.48,0.0653167
0.82,4.49,0.0656354
0.82,4.5,0.0633475
0.82,4.51,0.0646424
0.82,4.52,0.0752786
0.82,4.53,0.0759112
0.82,4.54,0.0706318
0.82,4.55,0.0638364
0.82,4.56,0.0529282
0.82,4.57,0.0741334
0.82,4.58,0.0637838
0.82,4.59,0.0700481
0.82,4.6,0.0616119
0.82,4.61,0.0600754
0.82,4.62,0.0653199
0.82,4.63,0.0708015
0.82,4.64,0.0701817
0.82,4.65,0.0733058
0.82,4.66,0.0712963
0.82,4.67,0.0720013
0.82,4.68,0.0707252
0.82,4.69,0.0640814
0.82,4.7,0.0603859
0.82,4.71,0.0557294
0.82,4.72,0.0623878
0.82,4.73,0.0723325
0.82,4.74,0.071133
0.82,4.75,0.0754239
0.82,4.76,0.0629109
0.82,4.77,0.0641457
0.82,4.78,0.0666572
0.82,4.79,0.0667496
0.82,4.8,0.0717061
0.82,4.81,0.0767104
0.82,4.82,0.0620495
0.82,4.83,0.0674244
0.82,4.84,0.0673521
0.82,4.85,0.0661482
0.82,4.86,0.0615813
0.82,4.87,0.0700776
0.82,4.88,0.069525
0.82,4.89,0.069799
0.82,4.9,0.0710289
0.82,4.91,0.0638373
0.82,4.92,0.0689524
0.82,4.93,0.0659704
0.82,4.94,0.06828
0.82,4.95,0.0722695
0.82,4.96,0.0651549
0.82,4.97,0.0678992
0.82,4.98,0.0645271
0.82,4.99,0.0625193
0.82,5,0.0645406
0.82,5.01,0.0770514
0.82,5.02,0.0683773
0.82,5.03,0.0668621
0.82,5.04,0.0657274
0.82,5.05,0.0747783
0.82,5.06,0.0590157
0.82,5.07,0.0723351
0.82,5.08,0.0672537
0.82,5.09,0.0739693
0.82,5.1,0.0695322
0.82,5.11,0.0757849
0.82,5.12,0.0678433
0.82,5.13,0.070366
0.82,5.14,0.0780663
0.82,5.15,0.0606031
0.82,5.16,0.0683235
0.82,5.17,0.0602268
0.82,5.18,0.0631302
0.82,5.19,0.0744903
0.82,5.2,0.0696716
0.82,5.21,0.0627608
0.82,5.22,0.057888
0.82,5.23,0.0765603
0.82,5.24,0.0611758
0.82,5.25,0.0710106
0.82,5.26,0.0678796
0.82,5.27,0.0758838
0.82,5.28,0.0625074
0.82,5.29,0.0654637
0.82,5.3,0.0597185
0.82,5.31,0.0656985
0.82,5.32,0.0690577
0.82,5.33,0.0642529
0.82,5.34,0.0859728
0.82,5.35,0.0647068
0.82,5.36,0.0737108
0.82,5.37,0.0655014
0.82,5.38,0.072807
0.82,5.39,0.06624
0.82,5.4,0.0619715
0.82,5.41,0.0537595
0.82,5.42,0.0628305
0.82,5.43,0.0650929
0.82,5.44,0.0739145
0.82,5.45,0.0716782
0.82,5.46,0.0713157
0.82,5.47,0.0677002
0.82,5.48,0.0537005
0.82,5.49,0.0693921
0.82,5.5,0.067871
0.82,5.51,0.0753498
0.82,5.52,0.0657178
0.82,5.53,0.0724866
0.82,5.54,0.0605789
0.82,5.55,0.0636076
0.82,5.56,0.0750536
0.82,5.57,0.0718121
0.82,5.58,0.0700396
0.82,5.59,0.0676577
0.82,5.6,0.0680018
0.82,5.61,0.0720903
0.82,5.62,0.0721165
0.82,5.63,0.0671417
0.82,5.64,0.065315
0.82,5.65,0.0628737
0.82,5.66,0.0612518
0.82,5.67,0.0624124
0.82,5.68,0.0742746
0.82,5.69,0.0733677
0.82,5.7,0.0499945
0.82,5.71,0.0596286
0.82,5.72,0.0736481
0.82,5.73,0.0831251
0.82,5.74,0.072075
0.82,5.75,0.0772299
0.82,5.76,0.0731449
0.82,5.77,0.0616875
0.82,5.78,0.0646123
0.82,5.79,0.067746
0.82,5.8,0.0719008
0.82,5.81,0.0729909
0.82,5.82,0.0724739
0.82,5.83,0.0665417
0.82,5.84,0.061577
0.82,5.85,0.0717299
0.82,5.86,0.0671694
0.82,5.87,0.0696774
0.82,5.88,0.0606494
0.82,5.89,0.0666495
0.82,5.9,0.0664101
0.82,5.91,0.0733716
0.82,5.92,0.066207
0.82,5.93,0.0753964
0.82,5.94,0.0694492
0.82,5.95,0.0644527
0.82,5.96,0.0627528
0.82,5.97,0.0703827
0.82,5.98,0.0624062
0.82,5.99,0.0656299
0.82,6,0.0729414
0.82,6.01,0.0626237
0.82,6.02,0.0800904
0.82,6.03,0.0613559
0.82,6.04,0.0724846
0.82,6.05,0.0767212
0.82,6.06,0.0668563
0.82,6.07,0.0679602
0.82,6.08,0.0687988
0.82,6.09,0.0620828
0.82,6.1,0.0618513
0.82,6.11,0.0624628
0.82,6.12,0.0750362
0.82,6.13,0.0639801
0.82,6.14,0.0728487
0.82,6.15,0.0629607
0.82,6.16,0.0631488
0.82,6.17,0.0674666
0.82,6.18,0.0610484
0.82,6.19,0.0726803
0.82,6.2,0.0690095
0.82,6.21,0.0753726
0.82,6.22,0.0681428
0.82,6.23,0.0693828
0.82,6.24,0.0752871
0.82,6.25,0.0687528
0.82,6.26,0.0679098
0.82,6.27,0.0586302
0.82,6.28,0.0602402
0.83,0,0.0663872
0.83,0.01,0.0688888
0.83,0.02,0.0619272
0.83,0.03,0.0668498
0.83,0.04,0.0737803
0.83,0.05,0.0644228
0.83,0.06,0.0720346
0.83,0.07,0.0630187
0.83,0.08,0.0616358
0.83,0.09,0.0671358
0.83,0.1,0.0743118
0.83,0.11,0.0620427
0.83,0.12,0.0543156
0.83,0.13,0.0651466
0.83,0.14,0.0730305
0.83,0.15,0.0653866
0.83,0.16,0.070327
0.83,0.17,0.0631294
0.83,0.18,0.0674899
0.83,0.19,0.0626521
0.83,0.2,0.0594559
0.83,0.21,0.0659323
0.83,0.22,0.0574624
0.83,0.23,0.070449
0.83,0.24,0.0757095
0.83,0.25,0.0678978
0.83,0.26,0.0620434
0.83,0.27,0.0645749
0.83,0.28,0.0658305
0.83,0.29,0.0656181
0.83,0.3,0.065267
0.83,0.31,0.0713375
0.83,0.32,0.0717757
0.83,0.33,0.0649082
0.83,0.34,0.0782375
0.83,0.35,0.0675287
0.83,0.36,0.072116
0.83,0.37,0.0701162
0.83,0.38,0.0660286
0.83,0.39,0.0642561
0.83,0.4,0.0699291
0.83,0.41,0.0674946
0.83,0.42,0.0603487
0.83,0.43,0.0690451
0.83,0.44,0.0714398
0.83,0.45,0.0686312
0.83,0.46,0.0648773
0.83,0.47,0.0675483
0.83,0.48,0.0690615
0.83,0.49,0.0710082
0.83,0.5,0.0650686
0.83,0.51,0.0779611
0.83,0.52,0.065818
0.83,0.53,0.0659568
0.83,0.54,0.0823226
0.83,0.55,0.0750852
0.83,0.56,0.072927
0.83,0.57,0.0695391
0.83,0.58,0.0782398
0.83,0.59,0.0718944
0.83,0.6,0.072044
0.83,0.61,0.0675188
0.83,0.62,0.0704484
0.83,0.63,0.0666261
0.83,0.64,0.0715089
0.83,0.65,0.0626844
0.83,0.66,0.0575612
0.83,0.67,0.0672066
0.83,0.68,0.0568497
0.83,0.69,0.0730945
0.83,0.7,0.0651749
0.83,0.71,0.0526963
0.83,0.72,0.0725962
0.83,0.73,0.0647264
0.83,0.74,0.0606986
0.83,0.75,0.067591
0.83,0.76,0.0658717
0.83,0.77,0.0686324
0.83,0.78,0.0678623
0.83,0.79,0.0736845
0.83,0.8,0.0706567
0.83,0.81,0.0806285
0.83,0.82,0.0695865
0.83,0.83,0.074102
0.83,0.84,0.0596128
0.83,0.85,0.0720332
0.83,0.86,0.0608999
0.83,0.87,0.0576562
0.83,0.88,0.0674597
0.83,0.89,0.0672759
0.83,0.9,0.0574585
0.83,0.91,0.06503
0.83,0.92,0.0662307
0.83,0.93,0.0724899
0.83,0.94,0.0690107
0.83,0.95,0.0722835
0.83,0.96,0.0658287
0.83,0.97,0.0641908
0.83,0.98,0.0756064
0.83,0.99,0.0736599
0.83,1,0.0684295
0.83,1.01,0.0688823
0.83,1.02,0.0580336
0.83,1.03,0.0750186
0.83,1.04,0.0708234
0.83,1.05,0.059378
0.83,1.06,0.0790339
0.83,1.07,0.0604262
0.83,1.08,0.0645804
0.83,1.09,0.0705272
0.83,1.1,0.064044
0.83,1.11,0.0668825
0.83,1.12,0.067409
0.83,1.13,0.06578
0.83,1.14,0.0730528
0.83,1.15,0.0537271
0.83,1.16,0.0656183
0.83,1.17,0.0696993
0.83,1.18,0.0699998
0.83,1.19,0.0726593
0.83,1.2,0.0675877
0.83,1.21,0.0691502
0.83,1.22,0.0618466
0.83,1.23,0.0735835
0.83,1.24,0.0598198
0.83,1.25,0.0772374
0.83,1.26,0.0620218
0.83,1.27,0.0634302
0.83,1.28,0.0625659
0.83,1.29,0.0678655
0.83,1.3,0.0644353
0.83,1.31,0.0687667
0.83,1.32,0.0639766
0.83,1.33,0.0684553
0.83,1.34,0.0702319
0.83,1.35,0.0678147
0.83,1.36,0.0732658
0.83,1.37,0.072177
0.83,1.38,0.0739486
0.83,1.39,0.0605599
0.83,1.4,0.0810432
0.83,1.41,0.0695069
0.83,1.42,0.0636457
0.83,1.43,0.0742619
0.83,1.44,0.0681652
0.83,1.45,0.0742863
0.83,1.46,0.0635145
0.83,1.47,0.0662909
0.83,1.48,0.0671827
0.83,1.49,0.0613441
0.83,1.5,0.0631891
0.83,1.51,0.0686146
0.83,1.52,0.0617808
0.83,1.53,0.0630175
0.83,1.54,0.0543439
0.83,1.55,0.0656611
0.83,1.56,0.0653591
0.83,1.57,0.0744167
0.83,1.58,0.0640825
0.83,1.59,0.0564703
0.83,1.6,0.0690077
0.83,1.61,0.0702895
0.83,1.62,0.061943
0.83,1.63,0.067689
0.83,1.64,0.07031
0.83,1.65,0.0648083
0.83,1.66,0.0589267
0.83,1.67,0.0611966
0.83,1.68,0.056415
0.83,1.69,0.0690721
0.83,1.7,0.068116
0.83,1.71,0.0722408
0.83,1.72,0.0735754
0.83,1.73,0.06796
0.83,1.74,0.0602692
0.83,1.75,0.0698523
0.83,1.76,0.0627182
0.83,1.77,0.0669995
0.83,1.78,0.063099
0.83,1.79,0.0650677
0.83,1.8,0.0641302
0.83,1.81,0.0717049
0.83,1.82,0.0626351
0.83,1.83,0.0673961
0.83,1.84,0.0713931
0.83,1.85,0.0595174
0.83,1.86,0.0664977
0.83,1.87,0.0786141
0.83,1.88,0.0662596
0.83,1.89,0.0568828
0.83,1.9,0.0661421
0.83,1.91,0.0732071
0.83,1.92,0.0606644
0.83,1.93,0.0633502
0.83,1.94,0.0704584
0.83,1.95,0.0592446
0.83,1.96,0.0619868
0.83,1.97,0.0698382
0.83,1.98,0.0700797
0.83,1.99,0.0625363
0.83,2,0.0617402
0.83,2.01,0.0530412
0.83,2.02,0.0733799
0.83,2.03,0.0604589
0.83,2.04,0.0801757
0.83,2.05,0.065466
0.83,2.06,0.0613767
0.83,2.07,0.0618368
0.83,2.08,0.0571085
0.83,2.09,0.0756245
0.83,2.1,0.068122
0.83,2.11,0.0721511
0.83,2.12,0.0686985
0.83,2.13,0.0609765
0.83,2.14,0.0707276
0.83,2.15,0.0633479
0.83,2.16,0.0586859
0.83,2.17,0.0644703
0.83,2.18,0.0635509
0.83,2.19,0.0589893
0.83,2.2,0.0599875
0.83,2.21,0.0606048
0.83,2.22,0.0664765
0.83,2.23,0.0660809
0.83,2.24,0.0753636
0.83,2.25,0.0676761
0.83,2.26,0.0627085
0.83,2.27,0.0758322
0.83,2.28,0.0646105
0.83,2.29,0.0710585
0.83,2.3,0.067001
0.83,2.31,0.0700276
0.83,2.32,0.0608581
0.83,2.33,0.0602772
0.83,2.34,0.0754139
0.83,2.35,0.0546654
0.83,2.36,0.0698379
0.83,2.37,0.0726044
0.83,2.38,0.06937
0.83,2.39,0.0677055
0.83,2.4,0.0700408
0.83,2.41,0.0604628
0.83,2.42,0.0677928
0.83,2.43,0.0752521
0.83,2.44,0.0729025
0.83,2.45,0.0701588
0.83,2.46,0.0697737
0.83,2.47,0.0643068
0.83,2.48,0.0623316
0.83,2.49,0.0695955
0.83,2.5,0.0629289
0.83,2.51,0.0611874
0.83,2.52,0.0657657
0.83,2.53,0.0690152
0.83,2.54,0.0606942
0.83,2.55,0.068682
0.83,2.56,0.0647378
0.83,2.57,0.0616708
0.83,2.58,0.0665839
0.83,2.59,0.0567901
0.83,2.6,0.0686155
0.83,2.61,0.0761359
0.83,2.62,0.0697066
0.83,2.63,0.0705124
0.83,2.64,0.0660352
0.83,2.65,0.0710078
0.83,2.66,0.0720249
0.83,2.67,0.0748518
0.83,2.68,0.0671729
0.83,2.69,0.069163
0.83,2.7,0.0604652
0.83,2.71,0.063651
0.83,2.72,0.0610487
0.83,2.73,0.0574768
0.83,2.74,0.0729965
0.83,2.75,0.0622052
0.83,2.76,0.0750371
0.83,2.77,0.0668659
0.83,2.78,0.0703469
0.83,2.79,0.0740893
0.83,2.8,0.0740845
0.83,2.81,0.0784622
0.83,2.82,0.0749085
0.83,2.83,0.0624447
0.83,2.84,0.0683082
0.83,2.85,0.0656255
0.83,2.86,0.0662731
0.83,2.87,0.0661823
0.83,2.88,0.063892
0.83,2.89,0.069346
0.83,2.9,0.0636868
0.83,2.91,0.0608673
0.83,2.92,0.0698791
0.83,2.93,0.0596216
0.83,2.94,0.0643301
0.83,2.95,0.0657139
0.83,2.96,0.066941
0.83,2.97,0.0674537
0.83,2.98,0.0644603
0.83,2.99,0.069597
0.83,3,0.0750438
0.83,3.01,0.0705565
0.83,3.02,0.0733259
0.83,3.03,0.0638055
0.83,3.04,0.0661262
0.83,3.05,0.068821
0.83,3.06,0.0754108
0.83,3.07,0.0673103
0.83,3.08,0.0624187
0.83,3.09,0.0736695
0.83,3.1,0.0692373
0.83,3.11,0.0672261
0.83,3.12,0.0673497
0.83,3.13,0.0615616
0.83,3.14,0.0707292
0.83,3.15,0.0647113
0.83,3.16,0.0640445
0.83,3.17,0.0738671
0.83,3.18,0.074132
0.83,3.19,0.0647227
0.83,3.2,0.0675523
0.83,3.21,0.0671832
0.83,3.22,0.0618232
0.83,3.23,0.067899
0.83,3.24,0.0697778
0.83,3.25,0.0688188
0.83,3.26,0.0711744
0.83,3.27,0.0738665
0.83,3.28,0.0692583
0.83,3.29,0.0624742
0.83,3.3,0.0735668
0.83,3.31,0.0719342
0.83,3.32,0.0637254
0.83,3.33,0.0586721
0.83,3.34,0.0745127
0.83,3.35,0.0597924
0.83,3.36,0.064651
0.83,3.37,0.0715116
0.83,3.38,0.0654477
0.83,3.39,0.0555957
0.83,3.4,0.0725911
0.83,3.41,0.0634906
0.83,3.42,0.075332
0.83,3.43,0.0601907
0.83,3.44,0.0668905
0.83,3.45,0.073842
0.83,3.46,0.0726286
0.83,3.47,0.0657364
0.83,3.48,0.0702897
0.83,3.49,0.0711884
0.83,3.5,0.0860989
0.83,3.51,0.0653725
0.83,3.52,0.0606719
0.83,3.53,0.070992
0.83,3.54,0.0550291
0.83,3.55,0.0785981
0.83,3.56,0.0711854
0.83,3.57,0.0690545
0.83,3.58,0.0648857
0.83,3.59,0.0578537
0.83,3.6,0.0601628
0.83,3.61,0.0707841
0.83,3.62,0.073788
0.83,3.63,0.0619185
0.83,3.64,0.0637777
0.83,3.65,0.0567655
0.83,3.66,0.0630181
0.83,3.67,0.0728008
0.83,3.68,0.0601976
0.83,3.69,0.0717398
0.83,3.7,0.0711215
0.83,3.71,0.0784386
0.83,3.72,0.0654454
0.83,3.73,0.0728947
0.83,3.74,0.0708164
0.83,3.75,0.072147
0.83,3.76,0.0652589
0.83,3.77,0.0623905
0.83,3.78,0.0672955
0.83,3.79,0.0656443
0.83,3.8,0.0607254
0.83,3.81,0.0674509
0.83,3.82,0.0671951
0.83,3.83,0.0679075
0.83,3.84,0.0824241
0.83,3.85,0.0722128
0.83,3.86,0.070593
0.83,3.87,0.0691528
0.83,3.88,0.0602399
0.83,3.89,0.0682371
0.83,3.9,0.066471
0.83,3.91,0.0667883
0.83,3.92,0.0686466
0.83,3.93,0.0620139
0.83,3.94,0.0772024
0.83,3.95,0.0651819
0.83,3.96,0.0641615
0.83,3.97,0.0669778
0.83,3.98,0.0640674
0.83,3.99,0.0663098
0.83,4,0.0666669
0.83,4.01,0.0646109
0.83,4.02,0.0556884
0.83,4.03,0.0653457
0.83,4.04,0.0597283
0.83,4.05,0.0701412
0.83,4.06,0.0661436
0.83,4.07,0.0643018
0.83,4.08,0.0681065
0.83,4.09,0.0756583
0.83,4.1,0.0672624
0.83,4.11,0.0683178
0.83,4.12,0.0647862
0.83,4.13,0.0719971
0.83,4.14,0.0729732
0.83,4.15,0.0715317
0.83,4.16,0.0638776
0.83,4.17,0.0842215
0.83,4.18,0.0680289
0.83,4.19,0.0636436
0.83,4.2,0.06969
0.83,4.21,0.0693574
0.83,4.22,0.069841
0.83,4.23,0.0610201
0.83,4.24,0.0680655
0.83,4.25,0.0755762
0.83,4.26,0.0661213
0.83,4.27,0.0631285
0.83,4.28,0.0629605
0.83,4.29,0.0696094
0.83,4.3,0.0646607
0.83,4.31,0.0667179
0.83,4.32,0.0688935
0.83,4.33,0.0599626
0.83,4.34,0.0657867
0.83,4.35,0.0668932
0.83,4.36,0.0649043
0.83,4.37,0.0629567
0.83,4.38,0.0721436
0.83,4.39,0.0678244
0.83,4.4,0.0767466
0.83,4.41,0.0686716
0.83,4.42,0.0691885
0.83,4.43,0.0606037
0.83,4.44,0.067582
0.83,4.45,0.0698567
0.83,4.46,0.0630049
0.83,4.47,0.0652385
0.83,4.48,0.0667234
0.83,4.49,0.0624202
0.83,4.5,0.0701077
0.83,4.51,0.0592576
0.83,4.52,0.0612254
0.83,4.53,0.0621344
0.83,4.54,0.0668655
0.83,4.55,0.0555959
0.83,4.56,0.0616346
0.83,4.57,0.062808
0.83,4.58,0.0642791
0.83,4.59,0.0644418
0.83,4.6,0.0675747
0.83,4.61,0.0608216
0.83,4.62,0.0730984
0.83,4.63,0.0667054
0.83,4.64,0.065615
0.83,4.65,0.0727105
0.83,4.66,0.067558
0.83,4.67,0.0649642
0.83,4.68,0.0623382
0.83,4.69,0.0617916
0.83,4.7,0.0768426
0.83,4.71,0.0684924
0.83,4.72,0.0584594
0.83,4.73,0.0602148
0.83,4.74,0.0743448
0.83,4.75,0.0590279
0.83,4.76,0.0615045
0.83,4.77,0.0772424
0.83,4.78,0.067734
0.83,4.79,0.0642023
0.83,4.8,0.0664533
0.83,4.81,0.0667156
0.83,4.82,0.0737633
0.83,4.83,0.0677915
0.83,4.84,0.0667887
0.83,4.85,0.0681313
0.83,4.86,0.0612536
0.83,4.87,0.0769453
0.83,4.88,0.0749494
0.83,4.89,0.0638233
0.83,4.9,0.0734057
0.83,4.91,0.0701001
0.83,4.92,0.0687697
0.83,4.93,0.0710545
0.83,4.94,0.0731006
0.83,4.95,0.0702185
0.83,4.96,0.0591007
0.83,4.97,0.0677966
0.83,4.98,0.0749217
0.83,4.99,0.0635619
0.83,5,0.0604355
0.83,5.01,0.068421
0.83,5.02,0.0759278
0.83,5.03,0.061213
0.83,5.04,0.07849
0.83,5.05,0.0568755
0.83,5.06,0.0629957
0.83,5.07,0.0801038
0.83,5.08,0.0707344
0.83,5.09,0.0720613
0.83,5.1,0.0638936
0.83,5.11,0.0641134
0.83,5.12,0.0748208
0.83,5.13,0.0665276
0.83,5.14,0.0715369
0.83,5.15,0.0672231
0.83,5.16,0.0764437
0.83,5.17,0.0587488
0.83,5.18,0.0660808
0.83,5.19,0.0668053
0.83,5.2,0.0728811
0.83,5.21,0.0655924
0.83,5.22,0.0808901
0.83,5.23,0.0751272
0.83,5.24,0.0731177
0.83,5.25,0.0660421
0.83,5.26,0.0645104
0.83,5.27,0.065996
0.83,5.28,0.0685653
0.83,5.29,0.068337
0.83,5.3,0.0740992
0.83,5.31,0.0606522
0.83,5.32,0.0600719
0.83,5.33,0.0801322
0.83,5.34,0.0595284
0.83,5.35,0.070207
0.83,5.36,0.0673688
0.83,5.37,0.0592676
0.83,5.38,0.0692009
0.83,5.39,0.0750446
0.83,5.4,0.0600138
0.83,5.41,0.0689956
0.83,5.42,0.0636763
0.83,5.43,0.0708333
0.83,5.44,0.0676283
0.83,5.45,0.0613467
0.83,5.46,0.063594
0.83,5.47,0.0684083
0.83,5.48,0.0672897
0.83,5.49,0.0761712
0.83,5.5,0.0736993
0.83,5.51,0.0547968
0.83,5.52,0.0583772
0.83,5.53,0.0654652
0.83,5.54,0.0595019
0.83,5.55,0.0640447
0.83,5.56,0.0666745
0.83,5.57,0.0788452
0.83,5.58,0.0661951
0.83,5.59,0.0704112
0.83,5.6,0.0598414
0.83,5.61,0.0641153
0.83,5.62,0.0770419
0.83,5.63,0.0778155
0.83,5.64,0.074812
0.83,5.65,0.0682349
0.83,5.66,0.0619607
0.83,5.67,0.0630634
0.83,5.68,0.0685844
0.83,5.69,0.0719519
0.83,5.7,0.0665648
0.83,5.71,0.0606352
0.83,5.72,0.0551914
0.83,5.73,0.0598564
0.83,5.74,0.0681757
0.83,5.75,0.0582598
0.83,5.76,0.063811
0.83,5.77,0.0664521
0.83,5.78,0.0703304
0.83,5.79,0.0602759
0.83,5.8,0.0742439
0.83,5.81,0.0679013
0.83,5.82,0.0602745
0.83,5.83,0.0704304
0.83,5.84,0.0787273
0.83,5.85,0.0644288
0.83,5.86,0.0652711
0.83,5.87,0.0778028
0.83,5.88,0.0668048
0.83,5.89,0.0621581
0.83,5.9,0.0647905
0.83,5.91,0.0738643
0.83,5.92,0.0579711
0.83,5.93,0.0622307
0.83,5.94,0.058403
0.83,5.95,0.071902
0.83,5.96,0.0628569
0.83,5.97,0.0633759
0.83,5.98,0.0639926
0.83,5.99,0.0650424
0.83,6,0.0596557
0.83,6.01,0.0773211
0.83,6.02,0.0604817
0.83,6.03,0.0613239
0.83,6.04,0.0702887
0.83,6.05,0.0647661
0.83,6.06,0.0665532
0.83,6.07,0.0704498
0.83,6.08,0.0634592
0.83,6.09,0.0606351
0.83,6.1,0.0629378
0.83,6.11,0.0674299
0.83,6.12,0.0736669
0.83,6.13,0.0655528
0.83,6.14,0.0678806
0.83,6.15,0.0598743
0.83,6.16,0.0645288
0.83,6.17,0.0740822
0.83,6.18,0.0710713
0.83,6.19,0.0728434
0.83,6.2,0.0774097
0.83,6.21,0.0668591
0.83,6.22,0.061759
0.83,6.23,0.0588893
0.83,6.24,0.0575439
0.83,6.25,0.0579519
0.83,6.26,0.073911
0.83,6.27,0.0621453
0.83,6.28,0.0730843
0.84,0,0.0674487
0.84,0.01,0.0775943
0.84,0.02,0.0673749
0.84,0.03,0.0637685
0.84,0.04,0.0661244
0.84,0.05,0.0699281
0.84,0.06,0.0702926
0.84,0.07,0.0730638
0.84,0.08,0.0658023
0.84,0.09,0.0716902
0.84,0.1,0.0703789
0.84,0.11,0.0717911
0.84,0.12,0.0660314
0.84,0.13,0.0640464
0.84,0.14,0.0712533
0.84,0.15,0.0777916
0.84,0.16,0.0683101
0.84,0.17,0.0649577
0.84,0.18,0.057409
0.84,0.19,0.0645183
0.84,0.2,0.0736951
0.84,0.21,0.0643903
0.84,0.22,0.0650568
0.84,0.23,0.0709063
0.84,0.24,0.0668798
0.84,0.25,0.0753586
0.84,0.26,0.0779418
0.84,0.27,0.0597326
0.84,0.28,0.0622485
0.84,0.29,0.0691243
0.84,0.3,0.0720017
0.84,0.31,0.0647864
0.84,0.32,0.0689749
0.84,0.33,0.0680101
0.84,0.34,0.0713583
0.84,0.35,0.0674717
0.84,0.36,0.0574936
0.84,0.37,0.0660449
0.84,0.38,0.0559906
0.84,0.39,0.0673474
0.84,0.4,0.0790006
0.84,0.41,0.0648794
0.84,0.42,0.0678363
0.84,0.43,0.0622902
0.84,0.44,0.0691309
0.84,0.45,0.0632059
0.84,0.46,0.0576644
0.84,0.47,0.0639391
0.84,0.48,0.0688379
0.84,0.49,0.0628164
0.84,0.5,0.0631991
0.84,0.51,0.0722019
0.84,0.52,0.0644769
0.84,0.53,0.0757571
0.84,0.54,0.0808602
0.84,0.55,0.0628633
0.84,0.56,0.074549
0.84,0.57,0.0609475
0.84,0.58,0.0643842
0.84,0.59,0.0612071
0.84,0.6,0.0674755
0.84,0.61,0.0680963
0.84,0.62,0.0687094
0.84,0.63,0.0614501
0.84,0.64,0.072271
0.84,0.65,0.0666276
0.84,0.66,0.064673
0.84,0.67,0.0705283
0.84,0.68,0.0707928
0.84,0.69,0.0621745
0.84,0.7,0.0689778
0.84,0.71,0.0648885
0.84,0.72,0.0606755
0.84,0.73,0.0610041
0.84,0.74,0.061909
0.84,0.75,0.0671599
0.84,0.76,0.0635022
0.84,0.77,0.063739
0.84,0.78,0.0701417
0.84,0.79,0.0741446
0.84,0.8,0.072928
0.84,0.81,0.0622676
0.84,0.82,0.0664837
0.84,0.83,0.0701416
0.84,0.84,0.0678379
0.84,0.85,0.053113
0.84,0.86,0.0530787
0.84,0.87,0.0671977
0.84,0.88,0.0704124
0.84,0.89,0.0736275
0.84,0.9,0.0657249
0.84,0.91,0.0694197
0.84,0.92,0.0642788
0.84,0.93,0.0636544
0.84,0.94,0.0703037
0.84,0.95,0.0631424
0.84,0.96,0.0627851
0.84,0.97,0.068924
0.84,0.98,0.0674291
0.84,0.99,0.0683464
0.84,1,0.0775036
0.84,1.01,0.0658972
0.84,1.02,0.0702238
0.84,1.03,0.0716156
0.84,1.04,0.0599607
0.84,1.05,0.0657413
0.84,1.06,0.071384
0.84,1.07,0.0681798
0.84,1.08,0.0663031
0.84,1.09,0.0669224
0.84,1.1,0.0600917
0.84,1.11,0.0607247
0.84,1.12,0.0615227
0.84,1.13,0.0675132
0.84,1.14,0.0822771
0.84,1.15,0.0678566
0.84,1.16,0.0664248
0.84,1.17,0.0747561
0.84,1.18,0.0585193
0.84,1.19,0.0763122
0.84,1.2,0.0689204
0.84,1.21,0.0575685
0.84,1.22,0.0762143
0.84,1.23,0.0653391
0.84,1.24,0.0625669
0.84,1.25,0.0630081
0.84,1.26,0.0726476
0.84,1.27,0.0596887
0.84,1.28,0.0668255
0.84,1.29,0.0709906
0.84,1.3,0.0685677
0.84,1.31,0.0663138
0.84,1.32,0.0661184
0.84,1.33,0.0647422
0.84,1.34,0.0596608
0.84,1.35,0.0597595
0.84,1.36,0.0670569
0.84,1.37,0.0715455
0.84,1.38,0.0598035
0.84,1.39,0.0744089
0.84,1.4,0.0651101
0.84,1.41,0.0651609
0.84,1.42,0.0600929
0.84,1.43,0.0625945
0.84,1.44,0.0657093
0.84,1.45,0.0672562
0.84,1.46,0.0694785
0.84,1.47,0.0676665
0.84,1.48,0.0634286
0.84,1.49,0.0701052
0.84,1.5,0.0629229
0.84,1.51,0.0698898
0.84,1.52,0.068786
0.84,1.53,0.0637635
0.84,1.54,0.0604777
0.84,1.55,0.0629716
0.84,1.56,0.0762948
0.84,1.57,0.0643624
0.84,1.58,0.0757804
0.84,1.59,0.0605509
0.84,1.6,0.0578977
0.84,1.61,0.0678257
0.84,1.62,0.0736342
0.84,1.63,0.0614059
0.84,1.64,0.0616961
0.84,1.65,0.0680112
0.84,1.66,0.070462
0.84,1.67,0.0695517
0.84,1.68,0.0577536
0.84,1.69,0.0660595
0.84,1.7,0.070029
0.84,1.71,0.0707031
0.84,1.72,0.0643392
0.84,1.73,0.0684133
0.84,1.74,0.0663143
0.84,1.75,0.0561866
0.84,1.76,0.0735231
0.84,1.77,0.0702413
0.84,1.78,0.0755341
0.84,1.79,0.0604987
0.84,1.8,0.0636311
0.84,1.81,0.0622972
0.84,1.82,0.0597208
0.84,1.83,0.05942
0.84,1.84,0.0683632
0.84,1.85,0.0653454
0.84,1.86,0.0739604
0.84,1.87,0.067577
0.84,1.88,0.062366
0.84,1.89,0.0777052
0.84,1.9,0.072003
0.84,1.91,0.0685967
0.84,1.92,0.0642022
0.84,1.93,0.0677752
0.84,1.94,0.0702691
0.84,1.95,0.0552638
0.84,1.96,0.0673747
0.84,1.97,0.0714178
0.84,1.98,0.0645152
0.84,1.99,0.0719785
0.84,2,0.0682964
0.84,2.01,0.0665604
0.84,2.02,0.0690425
0.84,2.03,0.0745052
0.84,2.04,0.0790338
0.84,2.05,0.0695781
0.84,2.06,0.0719712
0.84,2.07,0.0685414
0.84,2.08,0.0706073
0.84,2.09,0.0660676
0.84,2.1,0.0754247
0.84,2.11,0.0698838
0.84,2.12,0.0744966
0.84,2.13,0.0733255
0.84,2.14,0.0623835
0.84,2.15,0.0709627
0.84,2.16,0.0677834
0.84,2.17,0.068418
0.84,2.18,0.0602007
0.84,2.19,0.0622332
0.84,2.2,0.0626458
0.84,2.21,0.0696735
0.84,2.22,0.0749365
0.84,2.23,0.0718067
0.84,2.24,0.063764
0.84,2.25,0.0637948
0.84,2.26,0.0672175
0.84,2.27,0.0661033
0.84,2.28,0.0574805
0.84,2.29,0.0763656
0.84,2.3,0.0676321
0.84,2.31,0.0817365
0.84,2.32,0.0597197
0.84,2.33,0.0667945
0.84,2.34,0.0807436
0.84,2.35,0.0699294
0.84,2.36,0.0643188
0.84,2.37,0.0693765
0.84,2.38,0.058975
0.84,2.39,0.0623468
0.84,2.4,0.0736966
0.84,2.41,0.0679736
0.84,2.42,0.0684345
0.84,2.43,0.0627629
0.84,2.44,0.0668845
0.84,2.45,0.0644543
0.84,2.46,0.0556848
0.84,2.47,0.0613569
0.84,2.48,0.072631
0.84,2.49,0.0707238
0.84,2.5,0.0694069
0.84,2.51,0.0532887
0.84,2.52,0.063163
0.84,2.53,0.0639647
0.84,2.54,0.0651005
0.84,2.55,0.0646345
0.84,2.56,0.0612868
0.84,2.57,0.0638219
0.84,2.58,0.0718261
0.84,2.59,0.0514996
0.84,2.6,0.0704466
0.84,2.61,0.0636147
0.84,2.62,0.0736943
0.84,2.63,0.0747087
0.84,2.64,0.0646751
0.84,2.65,0.0622968
0.84,2.66,0.0668984
0.84,2.67,0.0675845
0.84,2.68,0.0654675
0.84,2.69,0.0644107
0.84,2.7,0.053797
0.84,2.71,0.0641807
0.84,2.72,0.0615701
0.84,2.73,0.0726468
0.84,2.74,0.0678345
0.84,2.75,0.0600873
0.84,2.76,0.068653
0.84,2.77,0.0749561
0.84,2.78,0.0657056
0.84,2.79,0.0519095
0.84,2.8,0.0703237
0.84,2.81,0.0642891
0.84,2.82,0.0561924
0.84,2.83,0.0732842
0.84,2.84,0.0695495
0.84,2.85,0.0714853
0.84,2.86,0.0742192
0.84,2.87,0.0601836
0.84,2.88,0.0675486
0.84,2.89,0.0687756
0.84,2.9,0.0735472
0.84,2.91,0.0613176
0.84,2.92,0.0628679
0.84,2.93,0.0556967
0.84,2.94,0.072579
0.84,2.95,0.0737181
0.84,2.96,0.0620972
0.84,2.97,0.0641596
0.84,2.98,0.0583005
0.84,2.99,0.067136
0.84,3,0.0731977
0.84,3.01,0.0674987
0.84,3.02,0.0713111
0.84,3.03,0.0643419
0.84,3.04,0.0667745
0.84,3.05,0.0655872
0.84,3.06,0.0608264
0.84,3.07,0.0769112
0.84,3.08,0.0751349
0.84,3.09,0.0691101
0.84,3.1,0.0681346
0.84,3.11,0.0767359
0.84,3.12,0.0701749
0.84,3.13,0.0695943
0.84,3.14,0.0652322
0.84,3.15,0.0636681
0.84,3.16,0.0656588
0.84,3.17,0.0585906
0.84,3.18,0.0636535
0.84,3.19,0.0650677
0.84,3.2,0.0622241
0.84,3.21,0.0694037
0.84,3.22,0.0745377
0.84,3.23,0.0563044
0.84,3.24,0.0599999
0.84,3.25,0.0761059
0.84,3.26,0.0687874
0.84,3.27,0.0720977
0.84,3.28,0.0625117
0.84,3.29,0.0855729
0.84,3.3,0.0567933
0.84,3.31,0.0662426
0.84,3.32,0.0636653
0.84,3.33,0.0688039
0.84,3.34,0.0582583
0.84,3.35,0.069283
0.84,3.36,0.0588157
0.84,3.37,0.0617064
0.84,3.38,0.0635679
0.84,3.39,0.0650062
0.84,3.4,0.0588395
0.84,3.41,0.0575687
0.84,3.42,0.0669838
0.84,3.43,0.0559575
0.84,3.44,0.0674807
0.84,3.45,0.0727728
0.84,3.46,0.068442
0.84,3.47,0.0657264
0.84,3.48,0.074784
0.84,3.49,0.0646958
0.84,3.5,0.0567387
0.84,3.51,0.0667774
0.84,3.52,0.0615789
0.84,3.53,0.0724748
0.84,3.54,0.0628119
0.84,3.55,0.0733077
0.84,3.56,0.063025
0.84,3.57,0.061761
0.84,3.58,0.0787738
0.84,3.59,0.0601197
0.84,3.6,0.0649514
0.84,3.61,0.0632889
0.84,3.62,0.0657404
0.84,3.63,0.0585664
0.84,3.64,0.0755896
0.84,3.65,0.0741093
0.84,3.66,0.0589265
0.84,3.67,0.0672589
0.84,3.68,0.0630433
0.84,3.69,0.0706368
0.84,3.7,0.0680594
0.84,3.71,0.0674512
0.84,3.72,0.0709737
0.84,3.73,0.0769087
0.84,3.74,0.06142
0.84,3.75,0.0705123
0.84,3.76,0.074751
0.84,3.77,0.0661498
0.84,3.78,0.0618395
0.84,3.79,0.0679471
0.84,3.8,0.0554338
0.84,3.81,0.0831871
0.84,3.82,0.0658337
0.84,3.83,0.0584617
0.84,3.84,0.0578688
0.84,3.85,0.0683451
0.84,3.86,0.0722559
0.84,3.87,0.0720646
0.84,3.88,0.0700755
0.84,3.89,0.0587593
0.84,3.9,0.0613039
0.84,3.91,0.0740363
0.84,3.92,0.0578514
0.84,3.93,0.0585205
0.84,3.94,0.0550284
0.84,3.95,0.0591464
0.84,3.96,0.069745
0.84,3.97,0.0665925
0.84,3.98,0.0809376
0.84,3.99,0.0711166
0.84,4,0.0679326
0.84,4.01,0.0582826
0.84,4.02,0.0695831
0.84,4.03,0.063388
0.84,4.04,0.0705194
0.84,4.05,0.0746563
0.84,4.06,0.0648921
0.84,4.07,0.0690968
0.84,4.08,0.0649921
0.84,4.09,0.062414
0.84,4.1,0.0627768
0.84,4.11,0.0567693
0.84,4.12,0.076144
0.84,4.13,0.0636427
0.84,4.14,0.0712134
0.84,4.15,0.0605388
0.84,4.16,0.0738391
0.84,4.17,0.0611346
0.84,4.18,0.0722952
0.84,4.19,0.0749972
0.84,4.2,0.0787168
0.84,4.21,0.0625343
0.84,4.22,0.0700343
0.84,4.23,0.0614885
0.84,4.24,0.0637615
0.84,4.25,0.061106
0.84,4.26,0.0752099
0.84,4.27,0.071397
0.84,4.28,0.0724393
0.84,4.29,0.0672628
0.84,4.3,0.0666781
0.84,4.31,0.074939
0.84,4.32,0.0691078
0.84,4.33,0.0678528
0.84,4.34,0.0686266
0.84,4.35,0.0614033
0.84,4.36,0.0602346
0.84,4.37,0.0631987
0.84,4.38,0.0652597
0.84,4.39,0.0692178
0.84,4.4,0.0643864
0.84,4.41,0.0688279
0.84,4.42,0.0633176
0.84,4.43,0.0675118
0.84,4.44,0.0659172
0.84,4.45,0.06953
0.84,4.46,0.0608434
0.84,4.47,0.0617642
0.84,4.48,0.0701408
0.84,4.49,0.066661
0.84,4.5,0.0838917
0.84,4.51,0.0668033
0.84,4.52,0.0722565
0.84,4.53,0.0765291
0.84,4.54,0.0668156
0.84,4.55,0.0634591
0.84,4.56,0.0736119
0.84,4.57,0.0646553
0.84,4.58,0.077891
0.84,4.59,0.0701954
0.84,4.6,0.0735639
0.84,4.61,0.0740307
0.84,4.62,0.0773157
0.84,4.63,0.0668761
0.84,4.64,0.0667493
0.84,4.65,0.0717951
0.84,4.66,0.0705795
0.84,4.67,0.0626625
0.84,4.68,0.0657811
0.84,4.69,0.0650508
0.84,4.7,0.0680323
0.84,4.71,0.0570496
0.84,4.72,0.0599577
0.84,4.73,0.0691022
0.84,4.74,0.0601828
0.84,4.75,0.0646235
0.84,4.76,0.0645687
0.84,4.77,0.0681119
0.84,4.78,0.0800686
0.84,4.79,0.0676516
0.84,4.8,0.0728491
0.84,4.81,0.0643834
0.84,4.82,0.0701583
0.84,4.83,0.0796854
0.84,4.84,0.0611846
0.84,4.85,0.0623385
0.84,4.86,0.0625965
0.84,4.87,0.0677975
0.84,4.88,0.0634546
0.84,4.89,0.0748992
0.84,4.9,0.0718265
0.84,4.91,0.0673704
0.84,4.92,0.0707998
0.84,4.93,0.0662948
0.84,4.94,0.0553173
0.84,4.95,0.0710041
0.84,4.96,0.0603674
0.84,4.97,0.0647458
0.84,4.98,0.0593868
0.84,4.99,0.0618621
0.84,5,0.0693113
0.84,5.01,0.0681329
0.84,5.02,0.0748614
0.84,5.03,0.068688
0.84,5.04,0.0754192
0.84,5.05,0.0665534
0.84,5.06,0.0681441
0.84,5.07,0.07492
0.84,5.08,0.0726353
0.84,5.09,0.0696418
0.84,5.1,0.0695053
0.84,5.11,0.0690011
0.84,5.12,0.0697313
0.84,5.13,0.0672664
0.84,5.14,0.079372
0.84,5.15,0.0645995
0.84,5.16,0.0585871
0.84,5.17,0.0670645
0.84,5.18,0.0699776
0.84,5.19,0.0651812
0.84,5.2,0.0676305
0.84,5.21,0.0690364
0.84,5.22,0.0732424
0.84,5.23,0.0659002
0.84,5.24,0.0648171
0.84,5.25,0.05443
0.84,5.26,0.0650212
0.84,5.27,0.0714366
0.84,5.28,0.0688895
0.84,5.29,0.0675819
0.84,5.3,0.0683002
0.84,5.31,0.0617631
0.84,5.32,0.0665636
0.84,5.33,0.0678197
0.84,5.34,0.0708669
0.84,5.35,0.0666553
0.84,5.36,0.0752492
0.84,5.37,0.0652812
0.84,5.38,0.0749506
0.84,5.39,0.0611229
0.84,5.4,0.0694163
0.84,5.41,0.061579
0.84,5.42,0.0594996
0.84,5.43,0.0638296
0.84,5.44,0.0628061
0.84,5.45,0.0688279
0.84,5.46,0.0642696
0.84,5.47,0.0661508
0.84,5.48,0.0584149
0.84,5.49,0.0587948
0.84,5.5,0.0717337
0.84,5.51,0.0705267
0.84,5.52,0.0646102
0.84,5.53,0.0640516
0.84,5.54,0.0763239
0.84,5.55,0.0679196
0.84,5.56,0.0675001
0.84,5.57,0.0643406
0.84,5.58,0.0664027
0.84,5.59,0.064211
0.84,5.6,0.0752271
0.84,5.61,0.063766
0.84,5.62,0.0705315
0.84,5.63,0.0634242
0.84,5.64,0.0625739
0.84,5.65,0.0705039
0.84,5.66,0.077833
0.84,5.67,0.0624712
0.84,5.68,0.0586323
0.84,5.69,0.0675459
0.84,5.7,0.0755454
0.84,5.71,0.0715722
0.84,5.72,0.070437
0.84,5.73,0.073475
0.84,5.74,0.0621191
0.84,5.75,0.0719558
0.84,5.76,0.0720778
0.84,5.77,0.0656677
0.84,5.78,0.0660212
0.84,5.79,0.0603618
0.84,5.8,0.0694039
0.84,5.81,0.0668815
0.84,5.82,0.0666973
0.84,5.83,0.0607795
0.84,5.84,0.0695529
0.84,5.85,0.0648073
0.84,5.86,0.0642486
0.84,5.87,0.0671978
0.84,5.88,0.0657329
0.84,5.89,0.061287
0.84,5.9,0.0607927
0.84,5.91,0.0734979
0.84,5.92,0.0699426
0.84,5.93,0.0706303
0.84,5.94,0.0645417
0.84,5.95,0.0799263
0.84,5.96,0.0684309
0.84,5.97,0.0718001
0.84,5.98,0.0668438
0.84,5.99,0.0771455
0.84,6,0.0630221
0.84,6.01,0.0638975
0.84,6.02,0.0669404
0.84,6.03,0.0654476
0.84,6.04,0.0706325
0.84,6.05,0.0642218
0.84,6.06,0.0804273
0.84,6.07,0.0724552
0.84,6.08,0.0671226
0.84,6.09,0.0652705
0.84,6.1,0.0550536
0.84,6.11,0.0665514
0.84,6.12,0.0677858
0.84,6.13,0.0661997
0.84,6.14,0.0684325
0.84,6.15,0.0632667
0.84,6.16,0.0780905
0.84,6.17,0.0851579
0.84,6.18,0.0604471
0.84,6.19,0.0653335
0.84,6.2,0.0677397
0.84,6.21,0.0560806
0.84,6.22,0.0787711
0.84,6.23,0.0605174
0.84,6.24,0.0642258
0.84,6.25,0.0676124
0.84,6.26,0.0559577
0.84,6.27,0.071548
0.84,6.28,0.063059
0.85,0,0.0647098
0.85,0.01,0.0653259
0.85,0.02,0.0617816
0.85,0.03,0.0539445
0.85,0.04,0.050094
0.85,0.05,0.0676026
0.85,0.06,0.071843
0.85,0.07,0.0643699
0.85,0.08,0.0620826
0.85,0.09,0.0695077
0.85,0.1,0.0692033
0.85,0.11,0.058906
0.85,0.12,0.068786
0.85,0.13,0.064868
0.85,0.14,0.0666008
0.85,0.15,0.0709395
0.85,0.16,0.0713039
0.85,0.17,0.0716004
0.85,0.18,0.0727295
0.85,0.19,0.0628556
0.85,0.2,0.0674207
0.85,0.21,0.06302
0.85,0.22,0.063092
0.85,0.23,0.0675353
0.85,0.24,0.0697247
0.85,0.25,0.0590491
0.85,0.26,0.0678262
0.85,0.27,0.0633906
0.85,0.28,0.0725369
0.85,0.29,0.0573081
0.85,0.3,0.073109
0.85,0.31,0.071943
0.85,0.32,0.0648617
0.85,0.33,0.0623955
0.85,0.34,0.0643302
0.85,0.35,0.0691367
0.85,0.36,0.0661028
0.85,0.37,0.0637726
0.85,0.38,0.0652523
0.85,0.39,0.0688183
0.85,0.4,0.0595471
0.85,0.41,0.0603617
0.85,0.42,0.0703117
0.85,0.43,0.0664247
0.85,0.44,0.0641034
0.85,0.45,0.0724543
0.85,0.46,0.0682445
0.85,0.47,0.065185
0.85,0.48,0.069506
0.85,0.49,0.0681207
0.85,0.5,0.0611553
0.85,0.51,0.0621583
0.85,0.52,0.0613705
0.85,0.53,0.0636638
0.85,0.54,0.0728836
0.85,0.55,0.0723011
0.85,0.56,0.0625901
0.85,0.57,0.060111
0.85,0.58,0.0734427
0.85,0.59,0.0691636
0.85,0.6,0.0648127
0.85,0.61,0.0729335
0.85,0.62,0.0613261
0.85,0.63,0.0629788
0.85,0.64,0.0586423
0.85,0.65,0.0680471
0.85,0.66,0.0660937
0.85,0.67,0.0687637
0.85,0.68,0.0792058
0.85,0.69,0.0594458
0.85,0.7,0.0654877
0.85,0.71,0.0667219
0.85,0.72,0.0689692
0.85,0.73,0.0702088
0.85,0.74,0.0588984
0.85,0.75,0.0700161
0.85,0.76,0.0688429
0.85,0.77,0.0596898
0.85,0.78,0.0741671
0.85,0.79,0.0623309
0.85,0.8,0.068352
0.85,0.81,0.0748384
0.85,0.82,0.0634682
0.85,0.83,0.0685769
0.85,0.84,0.0645586
0.85,0.85,0.0656993
0.85,0.86,0.053861
0.85,0.87,0.0706201
0.85,0.88,0.0574803
0.85,0.89,0.0718644
0.85,0.9,0.0644462
0.85,0.91,0.058754
0.85,0.92,0.064785
0.85,0.93,0.0626183
0.85,0.94,0.0697626
0.85,0.95,0.0725002
0.85,0.96,0.0764382
0.85,0.97,0.0626953
0.85,0.98,0.0663268
0.85,0.99,0.073324
0.85,1,0.0623732
0.85,1.01,0.065954
0.85,1.02,0.074645
0.85,1.03,0.0567843
0.85,1.04,0.0666424
0.85,1.05,0.0702367
0.85,1.06,0.0648026
0.85,1.07,0.0683978
0.85,1.08,0.0650565
0.85,1.09,0.0660243
0.85,1.1,0.0749023
0.85,1.11,0.0635756
0.85,1.12,0.0679864
0.85,1.13,0.0649823
0.85,1.14,0.0617807
0.85,1.15,0.0693428
0.85,1.16,0.0631309
0.85,1.17,0.0716389
0.85,1.18,0.0644618
0.85,1.19,0.0608334
0.85,1.2,0.0698551
0.85,1.21,0.0615359
0.85,1.22,0.0695141
0.85,1.23,0.0659744
0.85,1.24,0.0670187
0.85,1.25,0.0757237
0.85,1.26,0.0620677
0.85,1.27,0.0725318
0.85,1.28,0.0668321
0.85,1.29,0.0611158
0.85,1.3,0.0585205
0.85,1.31,0.0760194
0.85,1.32,0.0672876
0.85,1.33,0.0658569
0.85,1.34,0.0596752
0.85,1.35,0.0779818
0.85,1.36,0.0665612
0.85,1.37,0.0574036
0.85,1.38,0.0676498
0.85,1.39,0.0654531
0.85,1.4,0.0787185
0.85,1.41,0.0677764
0.85,1.42,0.0656099
0.85,1.43,0.0618849
0.85,1.44,0.0682099
0.85,1.45,0.0701547
0.85,1.46,0.0673962
0.85,1.47,0.061015
0.85,1.48,0.0731995
0.85,1.49,0.0496547
0.85,1.5,0.0690071
0.85,1.51,0.0654028
0.85,1.52,0.065322
0.85,1.53,0.0653848
0.85,1.54,0.0699481
0.85,1.55,0.0698404
0.85,1.56,0.0625278
0.85,1.57,0.0641591
0.85,1.58,0.0757693
0.85,1.59,0.0662501
0.85,1.6,0.0793781
0.85,1.61,0.0654479
0.85,1.62,0.0679705
0.85,1.63,0.0644785
0.85,1.64,0.0735156
0.85,1.65,0.0670784
0.85,1.66,0.0611007
0.85,1.67,0.0684348
0.85,1.68,0.0623358
0.85,1.69,0.0705834
0.85,1.7,0.0573696
0.85,1.71,0.0758699
0.85,1.72,0.064179
0.85,1.73,0.0572851
0.85,1.74,0.0714877
0.85,1.75,0.067345
0.85,1.76,0.0599932
0.85,1.77,0.0713411
0.85,1.78,0.0658303
0.85,1.79,0.0638386
0.85,1.8,0.0621978
0.85,1.81,0.0694281
0.85,1.82,0.0737999
0.85,1.83,0.0666763
0.85,1.84,0.06514
0.85,1.85,0.0659732
0.85,1.86,0.0731406
0.85,1.87,0.0647095
0.85,1.88,0.0663508
0.85,1.89,0.0546276
0.85,1.9,0.072046
0.85,1.91,0.0667483
0.85,1.92,0.0638847
0.85,1.93,0.0669907
0.85,1.94,0.0667222
0.85,1.95,0.0592274
0.85,1.96,0.0581888
0.85,1.97,0.0721567
0.85,1.98,0.0628505
0.85,1.99,0.0616761
0.85,2,0.0659915
0.85,2.01,0.0643311
0.85,2.02,0.0698958
0.85,2.03,0.0624013
0.85,2.04,0.0728
0.85,2.05,0.0592096
0.85,2.06,0.0713398
0.85,2.07,0.059006
0.85,2.08,0.0594919
0.85,2.09,0.0656789
0.85,2.1,0.0534142
0.85,2.11,0.0661054
0.85,2.12,0.0680867
0.85,2.13,0.072818
0.85,2.14,0.0708187
0.85,2.15,0.0728826
0.85,2.16,0.0670217
0.85,2.17,0.0550643
0.85,2.18,0.0667333
0.85,2.19,0.0669254
0.85,2.2,0.0596107
0.85,2.21,0.0643069
0.85,2.22,0.069632
0.85,2.23,0.0610607
0.85,2.24,0.0760892
0.85,2.25,0.0668934
0.85,2.26,0.0725876
0.85,2.27,0.0663956
0.85,2.28,0.0581122
0.85,2.29,0.0646474
0.85,2.3,0.0742165
0.85,2.31,0.0662038
0.85,2.32,0.0629525
0.85,2.33,0.0705866
0.85,2.34,0.0751585
0.85,2.35,0.0678934
0.85,2.36,0.0754967
0.85,2.37,0.0615138
0.85,2.38,0.0676633
0.85,2.39,0.0724099
0.85,2.4,0.0668157
0.85,2.41,0.0675519
0.85,2.42,0.0800636
0.85,2.43,0.0691791
0.85,2.44,0.0675522
0.85,2.45,0.0601211
0.85,2.46,0.0705172
0.85,2.47,0.0699403
0.85,2.48,0.0632483
0.85,2.49,0.0723678
0.85,2.5,0.0632529
0.85,2.51,0.0621656
0.85,2.52,0.0639389
0.85,2.53,0.0624876
0.85,2.54,0.0577284
0.85,2.55,0.075081
0.85,2.56,0.0642247
0.85,2.57,0.0639294
0.85,2.58,0.0595276
0.85,2.59,0.065232
0.85,2.6,0.0646006
0.85,2.61,0.0691268
0.85,2.62,0.0638595
0.85,2.63,0.0666146
0.85,2.64,0.0627038
0.85,2.65,0.0599584
0.85,2.66,0.0673317
0.85,2.67,0.063782
0.85,2.68,0.0690207
0.85,2.69,0.066015
0.85,2.7,0.060774
0.85,2.71,0.0641084
0.85,2.72,0.0643503
0.85,2.73,0.0698312
0.85,2.74,0.0621694
0.85,2.75,0.0627217
0.85,2.76,0.0744274
0.85,2.77,0.0642995
0.85,2.78,0.0617719
0.85,2.79,0.0686723
0.85,2.8,0.0722031
0.85,2.81,0.0555895
0.85,2.82,0.0602122
0.85,2.83,0.0575119
0.85,2.84,0.0596363
0.85,2.85,0.0769206
0.85,2.86,0.0717649
0.85,2.87,0.0640835
0.85,2.88,0.0681525
0.85,2.89,0.0699855
0.85,2.9,0.0647398
0.85,2.91,0.0721211
0.85,2.92,0.0696268
0.85,2.93,0.0633802
0.85,2.94,0.0713022
0.85,2.95,0.0564138
0.85,2.96,0.0682368
0.85,2.97,0.0691579
0.85,2.98,0.075987
0.85,2.99,0.0619951
0.85,3,0.0621122
0.85,3.01,0.0672259
0.85,3.02,0.0727937
0.85,3.03,0.0716332
0.85,3.04,0.0720356
0.85,3.05,0.0653919
0.85,3.06,0.068712
0.85,3.07,0.0728027
0.85,3.08,0.0600301
0.85,3.09,0.063702
0.85,3.1,0.070045
0.85,3.11,0.0549169
0.85,3.12,0.0648922
0.85,3.13,0.0732464
0.85,3.14,0.0661909
0.85,3.15,0.0643143
0.85,3.16,0.0631588
0.85,3.17,0.0668811
0.85,3.18,0.0643264
0.85,3.19,0.0635555
0.85,3.2,0.0624295
0.85,3.21,0.0683753
0.85,3.22,0.061986
0.85,3.23,0.0686692
0.85,3.24,0.0648951
0.85,3.25,0.0740081
0.85,3.26,0.0679494
0.85,3.27,0.0635399
0.85,3.28,0.0702172
0.85,3.29,0.0639962
0.85,3.3,0.0668393
0.85,3.31,0.0723978
0.85,3.32,0.0679495
0.85,3.33,0.0691431
0.85,3.34,0.0621589
0.85,3.35,0.0672569
0.85,3.36,0.0660106
0.85,3.37,0.0597244
0.85,3.38,0.0651487
0.85,3.39,0.0692877
0.85,3.4,0.066147
0.85,3.41,0.0730939
0.85,3.42,0.0700421
0.85,3.43,0.0663748
0.85,3.44,0.0651084
0.85,3.45,0.0671931
0.85,3.46,0.0638377
0.85,3.47,0.0682894
0.85,3.48,0.0674085
0.85,3.49,0.0561975
0.85,3.5,0.0641591
0.85,3.51,0.0707386
0.85,3.52,0.0652488
0.85,3.53,0.0605112
0.85,3.54,0.0746521
0.85,3.55,0.0552861
0.85,3.56,0.0642482
0.85,3.57,0.0651548
0.85,3.58,0.0650178
0.85,3.59,0.0730247
0.85,3.6,0.0688145
0.85,3.61,0.0650094
0.85,3.62,0.0694791
0.85,3.63,0.0644751
0.85,3.64,0.0661657
0.85,3.65,0.0742512
0.85,3.66,0.0672428
0.85,3.67,0.0760682
0.85,3.68,0.0686047
0.85,3.69,0.063077
0.85,3.7,0.0628167
0.85,3.71,0.0665595
0.85,3.72,0.0661879
0.85,3.73,0.06868
0.85,3.74,0.0650919
0.85,3.75,0.0615702
0.85,3.76,0.0667291
0.85,3.77,0.0715003
0.85,3.78,0.0702428
0.85,3.79,0.0637346
0.85,3.8,0.063798
0.85,3.81,0.0652079
0.85,3.82,0.0652636
0.85,3.83,0.0829084
0.85,3.84,0.0716764
0.85,3.85,0.0650702
0.85,3.86,0.0722009
0.85,3.87,0.071604
0.85,3.88,0.0715806
0.85,3.89,0.0603184
0.85,3.9,0.071139
0.85,3.91,0.0616461
0.85,3.92,0.0640829
0.85,3.93,0.0766688
0.85,3.94,0.0628034
0.85,3.95,0.0667341
0.85,3.96,0.0634893
0.85,3.97,0.0640447
0.85,3.98,0.068792
0.85,3.99,0.0784502
0.85,4,0.072079
0.85,4.01,0.0653027
0.85,4.02,0.0564775
0.85,4.03,0.0702847
0.85,4.04,0.0576712
0.85,4.05,0.0623571
0.85,4.06,0.0604602
0.85,4.07,0.0718878
0.85,4.08,0.0595686
0.85,4.09,0.0697277
0.85,4.1,0.0612312
0.85,4.11,0.0736997
0.85,4.12,0.0649759
0.85,4.13,0.0754185
0.85,4.14,0.0755484
0.85,4.15,0.0737763
0.85,4.16,0.0596679
0.85,4.17,0.0614627
0.85,4.18,0.0672209
0.85,4.19,0.061558
0.85,4.2,0.0747919
0.85,4.21,0.0627026
0.85,4.22,0.0685571
0.85,4.23,0.0685785
0.85,4.24,0.0710415
0.85,4.25,0.0662203
0.85,4.26,0.072722
0.85,4.27,0.0600251
0.85,4.28,0.0706869
0.85,4.29,0.0644374
0.85,4.3,0.0681604
0.85,4.31,0.075679
0.85,4.32,0.0612638
0.85,4.33,0.0671879
0.85,4.34,0.0650818
0.85,4.35,0.0755055
0.85,4.36,0.072151
0.85,4.37,0.0612312
0.85,4.38,0.0652501
0.85,4.39,0.0616614
0.85,4.4,0.0640388
0.85,4.41,0.0617969
0.85,4.42,0.0632281
0.85,4.43,0.0729847
0.85,4.44,0.0642773
0.85,4.45,0.0671309
0.85,4.46,0.0593891
0.85,4.47,0.0599626
0.85,4.48,0.0764981
0.85,4.49,0.0715109
0.85,4.5,0.0702814
0.85,4.51,0.0634108
0.85,4.52,0.0701514
0.85,4.53,0.0595835
0.85,4.54,0.0674044
0.85,4.55,0.063873
0.85,4.56,0.0701056
0.85,4.57,0.0676244
0.85,4.58,0.0698794
0.85,4.59,0.0711826
0.85,4.6,0.0640784
0.85,4.61,0.0723276
0.85,4.62,0.0683093
0.85,4.63,0.0602298
0.85,4.64,0.0707892
0.85,4.65,0.0654292
0.85,4.66,0.078277
0.85,4.67,0.0672905
0.85,4.68,0.0679771
0.85,4.69,0.0790333
0.85,4.7,0.0775599
0.85,4.71,0.0637225
0.85,4.72,0.068028
0.85,4.73,0.0741086
0.85,4.74,0.0741742
0.85,4.75,0.0669781
0.85,4.76,0.0641172
0.85,4.77,0.0590043
0.85,4.78,0.0583992
0.85,4.79,0.0701649
0.85,4.8,0.0690487
0.85,4.81,0.0711621
0.85,4.82,0.0660828
0.85,4.83,0.0696639
0.85,4.84,0.0624692
0.85,4.85,0.060507
0.85,4.86,0.061441
0.85,4.87,0.0677904
0.85,4.88,0.065059
0.85,4.89,0.0650449
0.85,4.9,0.0714951
0.85,4.91,0.0719064
0.85,4.92,0.0750539
0.85,4.93,0.0681495
0.85,4.94,0.0673572
0.85,4.95,0.0677374
0.85,4.96,0.0754042
0.85,4.97,0.0740807
0.85,4.98,0.0723041
0.85,4.99,0.0677174
0.85,5,0.0558639
0.85,5.01,0.072356
0.85,5.02,0.0729272
0.85,5.03,0.0788953
0.85,5.04,0.0746014
0.85,5.05,0.0698969
0.85,5.06,0.0668599
0.85,5.07,0.0640407
0.85,5.08,0.0633079
0.85,5.09,0.0597696
0.85,5.1,0.0645404
0.85,5.11,0.0622392
0.85,5.12,0.0764634
0.85,5.13,0.0658709
0.85,5.14,0.0648008
0.85,5.15,0.0687854
0.85,5.16,0.0602614
0.85,5.17,0.0584964
0.85,5.18,0.0635846
0.85,5.19,0.0655039
0.85,5.2,0.0598614
0.85,5.21,0.0641929
0.85,5.22,0.0707886
0.85,5.23,0.0693525
0.85,5.24,0.072552
0.85,5.25,0.0683845
0.85,5.26,0.0683876
0.85,5.27,0.0758523
0.85,5.28,0.0716636
0.85,5.29,0.0721006
0.85,5.3,0.0604638
0.85,5.31,0.0649028
0.85,5.32,0.0679437
0.85,5.33,0.0705383
0.85,5.34,0.0585767
0.85,5.35,0.0730573
0.85,5.36,0.0673502
0.85,5.37,0.0623423
0.85,5.38,0.065698
0.85,5.39,0.068743
0.85,5.4,0.0681885
0.85,5.41,0.0715014
0.85,5.42,0.0675978
0.85,5.43,0.0702528
0.85,5.44,0.0689666
0.85,5.45,0.0679816
0.85,5.46,0.059449
0.85,5.47,0.0548027
0.85,5.48,0.0754597
0.85,5.49,0.0717712
0.85,5.5,0.0651084
0.85,5.51,0.0690131
0.85,5.52,0.0641982
0.85,5.53,0.0774871
0.85,5.54,0.0663783
0.85,5.55,0.0630021
0.85,5.56,0.0705403
0.85,5.57,0.0752662
0.85,5.58,0.0678905
0.85,5.59,0.0762318
0.85,5.6,0.0733105
0.85,5.61,0.0701172
0.85,5.62,0.0694004
0.85,5.63,0.0718156
0.85,5.64,0.0595262
0.85,5.65,0.0766616
0.85,5.66,0.0645174
0.85,5.67,0.063403
0.85,5.68,0.0633086
0.85,5.69,0.0730109
0.85,5.7,0.0666996
0.85,5.71,0.0720139
0.85,5.72,0.0641891
0.85,5.73,0.071907
0.85,5.74,0.0517693
0.85,5.75,0.0739019
0.85,5.76,0.0666936
0.85,5.77,0.0600017
0.85,5.78,0.0620052
0.85,5.79,0.0633743
0.85,5.8,0.0735216
0.85,5.81,0.0637603
0.85,5.82,0.0707056
0.85,5.83,0.066374
0.85,5.84,0.0621643
0.85,5.85,0.0665837
0.85,5.86,0.0659088
0.85,5.87,0.0786937
0.85,5.88,0.0681423
0.85,5.89,0.0706342
0.85,5.9,0.0607614
0.85,5.91,0.0608428
0.85,5.92,0.0681728
0.85,5.93,0.0701494
0.85,5.94,0.0670675
0.85,5.95,0.0642561
0.85,5.96,0.0802162
0.85,5.97,0.0639198
0.85,5.98,0.0729498
0.85,5.99,0.0633254
0.85,6,0.07311
0.85,6.01,0.0722543
0.85,6.02,0.0670537
0.85,6.03,0.0672913
0.85,6.04,0.0639266
0.85,6.05,0.0715607
0.85,6.06,0.071086
0.85,6.07,0.0684232
0.85,6.08,0.0638823
0.85,6.09,0.0615301
0.85,6.1,0.0639809
0.85,6.11,0.0628325
0.85,6.12,0.0712801
0.85,6.13,0.0663985
0.85,6.14,0.0592857
0.85,6.15,0.0713074
0.85,6.16,0.0556669
0.85,6.17,0.0686996
0.85,6.18,0.0759962
0.85,6.19,0.0733396
0.85,6.2,0.072363
0.85,6.21,0.0520132
0.85,6.22,0.0640741
0.85,6.23,0.0682948
0.85,6.24,0.0625265
0.85,6.25,0.0626103
0.85,6.26,0.0782305
0.85,6.27,0.071105
0.85,6.28,0.0727206
0.86,0,0.0673738
0.86,0.01,0.057792
0.86,0.02,0.0709034
0.86,0.03,0.063664
0.86,0.04,0.0680406
0.86,0.05,0.0652565
0.86,0.06,0.0692751
0.86,0.07,0.0626975
0.86,0.08,0.0650243
0.86,0.09,0.0590641
0.86,0.1,0.0665131
0.86,0.11,0.0692424
0.86,0.12,0.0651922
0.86,0.13,0.0606719
0.86,0.14,0.0572376
0.86,0.15,0.0628874
0.86,0.16,0.080994
0.86,0.17,0.0656948
0.86,0.18,0.0666834
0.86,0.19,0.0681912
0.86,0.2,0.0636127
0.86,0.21,0.0730488
0.86,0.22,0.0651184
0.86,0.23,0.0728477
0.86,0.24,0.0731464
0.86,0.25,0.0748743
0.86,0.26,0.0768095
0.86,0.27,0.062807
0.86,0.28,0.0733436
0.86,0.29,0.0764947
0.86,0.3,0.0710885
0.86,0.31,0.0583487
0.86,0.32,0.065535
0.86,0.33,0.0627839
0.86,0.34,0.062628
0.86,0.35,0.0636556
0.86,0.36,0.0725836
0.86,0.37,0.0549823
0.86,0.38,0.0702651
0.86,0.39,0.0602736
0.86,0.4,0.0690465
0.86,0.41,0.0670702
0.86,0.42,0.0665096
0.86,0.43,0.0710982
0.86,0.44,0.072498
0.86,0.45,0.0657254
0.86,0.46,0.0692321
0.86,0.47,0.0645242
0.86,0.48,0.0657897
0.86,0.49,0.0606844
0.86,0.5,0.0627985
0.86,0.51,0.0677472
0.86,0.52,0.0650815
0.86,0.53,0.0667634
0.86,0.54,0.0554142
0.86,0.55,0.0693786
0.86,0.56,0.0618656
0.86,0.57,0.0630454
0.86,0.58,0.0670095
0.86,0.59,0.076696
0.86,0.6,0.0624774
0.86,0.61,0.0669943
0.86,0.62,0.0689724
0.86,0.63,0.0647307
0.86,0.64,0.0650778
0.86,0.65,0.0576017
0.86,0.66,0.0652581
0.86,0.67,0.0563389
0.86,0.68,0.0816484
0.86,0.69,0.065002
0.86,0.7,0.0729224
0.86,0.71,0.0662674
0.86,0.72,0.0712101
0.86,0.73,0.0665727
0.86,0.74,0.0677944
0.86,0.75,0.0578197
0.86,0.76,0.070603
0.86,0.77,0.0645474
0.86,0.78,0.072127
0.86,0.79,0.0658884
0.86,0.8,0.0522949
0.86,0.81,0.0692868
0.86,0.82,0.0700867
0.86,0.83,0.0566838
0.86,0.84,0.0641485
0.86,0.85,0.0578925
0.86,0.86,0.0677951
0.86,0.87,0.076171
0.86,0.88,0.0680432
0.86,0.89,0.0642474
0.86,0.9,0.0718614
0.86,0.91,0.0589003
0.86,0.92,0.0623531
0.86,0.93,0.0607899
0.86,0.94,0.0555053
0.86,0.95,0.0667269
0.86,0.96,0.0691344
0.86,0.97,0.07214
0.86,0.98,0.070131
0.86,0.99,0.0620748
0.86,1,0.0781873
0.86,1.01,0.0716769
0.86,1.02,0.0639125
0.86,1.03,0.0753938
0.86,1.04,0.0640629
0.86,1.05,0.0606893
0.86,1.06,0.0587748
0.86,1.07,0.0676679
0.86,1.08,0.0672384
0.86,1.09,0.0631132
0.86,1.1,0.0733265
0.86,1.11,0.0664574
0.86,1.12,0.0581735
0.86,1.13,0.0685449
0.86,1.14,0.056243
0.86,1.15,0.0637957
0.86,1.16,0.0660917
0.86,1.17,0.0752994
0.86,1.18,0.0623459
0.86,1.19,0.0586779
0.86,1.2,0.0621284
0.86,1.21,0.0713272
0.86,1.22,0.0623116
0.86,1.23,0.0699059
0.86,1.24,0.0698463
0.86,1.25,0.0649909
0.86,1.26,0.0687504
0.86,1.27,0.0615363
0.86,1.28,0.0668868
0.86,1.29,0.0634395
0.86,1.3,0.0561323
0.86,1.31,0.0602587
0.86,1.32,0.0566444
0.86,1.33,0.068934
0.86,1.34,0.0659509
0.86,1.35,0.064394
0.86,1.36,0.0610016
0.86,1.37,0.0772293
0.86,1.38,0.0549809
0.86,1.39,0.0713693
0.86,1.4,0.068828
0.86,1.41,0.0538335
0.86,1.42,0.0617694
0.86,1.43,0.0671329
0.86,1.44,0.0623865
0.86,1.45,0.0635097
0.86,1.46,0.0597849
0.86,1.47,0.0688368
0.86,1.48,0.0566683
0.86,1.49,0.0619146
0.86,1.5,0.0640236
0.86,1.51,0.0689505
0.86,1.52,0.063986
0.86,1.53,0.0642108
0.86,1.54,0.068166
0.86,1.55,0.065408
0.86,1.56,0.060803
0.86,1.57,0.0651065
0.86,1.58,0.0627059
0.86,1.59,0.0678601
0.86,1.6,0.0677152
0.86,1.61,0.0626028
0.86,1.62,0.0619615
0.86,1.63,0.0756833
0.86,1.64,0.0630328
0.86,1.65,0.064792
0.86,1.66,0.0629338
0.86,1.67,0.064432
0.86,1.68,0.0696452
0.86,1.69,0.0645283
0.86,1.7,0.0695085
0.86,1.71,0.0679076
0.86,1.72,0.0720017
0.86,1.73,0.0653945
0.86,1.74,0.0698724
0.86,1.75,0.061173
0.86,1.76,0.07057
0.86,1.77,0.0621379
0.86,1.78,0.0726713
0.86,1.79,0.0662877
0.86,1.8,0.0707401
0.86,1.81,0.0792296
0.86,1.82,0.0673125
0.86,1.83,0.0612378
0.86,1.84,0.0700703
0.86,1.85,0.0669414
0.86,1.86,0.0647787
0.86,1.87,0.0679336
0.86,1.88,0.0696644
0.86,1.89,0.0651477
0.86,1.9,0.0608096
0.86,1.91,0.0675241
0.86,1.92,0.0714648
0.86,1.93,0.0666267
0.86,1.94,0.0693756
0.86,1.95,0.0615302
0.86,1.96,0.0599179
0.86,1.97,0.0601282
0.86,1.98,0.0727528
0.86,1.99,0.0714407
0.86,2,0.0571853
0.86,2.01,0.0724711
0.86,2.02,0.0707951
0.86,2.03,0.0692022
0.86,2.04,0.0578888
0.86,2.05,0.0692168
0.86,2.06,0.0746233
0.86,2.07,0.0703125
0.86,2.08,0.0632955
0.86,2.09,0.0748322
0.86,2.1,0.0664296
0.86,2.11,0.0616044
0.86,2.12,0.0584894
0.86,2.13,0.0676651
0.86,2.14,0.0677758
0.86,2.15,0.0638202
0.86,2.16,0.0673608
0.86,2.17,0.0629151
0.86,2.18,0.0616977
0.86,2.19,0.0611351
0.86,2.2,0.0675227
0.86,2.21,0.0631024
0.86,2.22,0.0694501
0.86,2.23,0.0628588
0.86,2.24,0.0595938
0.86,2.25,0.0669598
0.86,2.26,0.0577182
0.86,2.27,0.0735508
0.86,2.28,0.0747572
0.86,2.29,0.0580766
0.86,2.3,0.0657172
0.86,2.31,0.0639348
0.86,2.32,0.0733389
0.86,2.33,0.0637657
0.86,2.34,0.0565656
0.86,2.35,0.0613508
0.86,2.36,0.0636433
0.86,2.37,0.069097
0.86,2.38,0.0630342
0.86,2.39,0.0637927
0.86,2.4,0.0589796
0.86,2.41,0.0588933
0.86,2.42,0.0613884
0.86,2.43,0.0751221
0.86,2.44,0.0626018
0.86,2.45,0.0602002
0.86,2.46,0.067983
0.86,2.47,0.0666403
0.86,2.48,0.0635061
0.86,2.49,0.0552143
0.86,2.5,0.0621654
0.86,2.51,0.0711593
0.86,2.52,0.0683539
0.86,2.53,0.0667763
0.86,2.54,0.0750028
0.86,2.55,0.0717202
0.86,2.56,0.0621501
0.86,2.57,0.0675945
0.86,2.58,0.0625405
0.86,2.59,0.0759
0.86,2.6,0.0676935
0.86,2.61,0.0501695
0.86,2.62,0.0656328
0.86,2.63,0.0641055
0.86,2.64,0.0607767
0.86,2.65,0.0539565
0.86,2.66,0.0632515
0.86,2.67,0.0638726
0.86,2.68,0.0648509
0.86,2.69,0.0724765
0.86,2.7,0.0625757
0.86,2.71,0.0631684
0.86,2.72,0.0651627
0.86,2.73,0.0627388
0.86,2.74,0.0609775
0.86,2.75,0.0629681
0.86,2.76,0.0685741
0.86,2.77,0.0602081
0.86,2.78,0.0605757
0.86,2.79,0.0717816
0.86,2.8,0.0652883
0.86,2.81,0.0776844
0.86,2.82,0.0641429
0.86,2.83,0.068688
0.86,2.84,0.0537824
0.86,2.85,0.0595793
0.86,2.86,0.0764548
0.86,2.87,0.0724766
0.86,2.88,0.0641598
0.86,2.89,0.0755348
0.86,2.9,0.0678944
0.86,2.91,0.0592689
0.86,2.92,0.0561997
0.86,2.93,0.0676063
0.86,2.94,0.0682224
0.86,2.95,0.0668609
0.86,2.96,0.059475
0.86,2.97,0.066965
0.86,2.98,0.0711479
0.86,2.99,0.0717765
0.86,3,0.073711
0.86,3.01,0.0631143
0.86,3.02,0.0715411
0.86,3.03,0.0689767
0.86,3.04,0.0612092
0.86,3.05,0.0533034
0.86,3.06,0.0637138
0.86,3.07,0.0716397
0.86,3.08,0.0664104
0.86,3.09,0.0706299
0.86,3.1,0.0608955
0.86,3.11,0.0618116
0.86,3.12,0.06778
0.86,3.13,0.0695081
0.86,3.14,0.0658547
0.86,3.15,0.0650151
0.86,3.16,0.0618247
0.86,3.17,0.0652158
0.86,3.18,0.0648702
0.86,3.19,0.0666674
0.86,3.2,0.0614961
0.86,3.21,0.0635922
0.86,3.22,0.0605517
0.86,3.23,0.0631708
0.86,3.24,0.0652678
0.86,3.25,0.0652981
0.86,3.26,0.0645925
0.86,3.27,0.0624564
0.86,3.28,0.0754933
0.86,3.29,0.0764593
0.86,3.3,0.0695664
0.86,3.31,0.0605817
0.86,3.32,0.0612631
0.86,3.33,0.0626146
0.86,3.34,0.0560492
0.86,3.35,0.0663843
0.86,3.36,0.0605804
0.86,3.37,0.0629802
0.86,3.38,0.064093
0.86,3.39,0.0592173
0.86,3.4,0.0704935
0.86,3.41,0.0636272
0.86,3.42,0.0697812
0.86,3.43,0.0701468
0.86,3.44,0.0635886
0.86,3.45,0.0701793
0.86,3.46,0.0750552
0.86,3.47,0.0733696
0.86,3.48,0.067316
0.86,3.49,0.0582608
0.86,3.5,0.0664982
0.86,3.51,0.0691773
0.86,3.52,0.0641509
0.86,3.53,0.0607175
0.86,3.54,0.0732449
0.86,3.55,0.065811
0.86,3.56,0.0683001
0.86,3.57,0.0517548
0.86,3.58,0.0611099
0.86,3.59,0.070203
0.86,3.6,0.0696055
0.86,3.61,0.0728359
0.86,3.62,0.0653466
0.86,3.63,0.0629909
0.86,3.64,0.0644953
0.86,3.65,0.0671402
0.86,3.66,0.0656365
0.86,3.67,0.0736289
0.86,3.68,0.0677073
0.86,3.69,0.0639054
0.86,3.7,0.068955
0.86,3.71,0.067516
0.86,3.72,0.0698417
0.86,3.73,0.0630594
0.86,3.74,0.0709753
0.86,3.75,0.0644667
0.86,3.76,0.0745385
0.86,3.77,0.0714671
0.86,3.78,0.0720209
0.86,3.79,0.065165
0.86,3.8,0.0689458
0.86,3.81,0.0645485
0.86,3.82,0.0627364
0.86,3.83,0.0653657
0.86,3.84,0.0697725
0.86,3.85,0.0789057
0.86,3.86,0.0594765
0.86,3.87,0.0737987
0.86,3.88,0.0751384
0.86,3.89,0.0584236
0.86,3.9,0.0692139
0.86,3.91,0.0639874
0.86,3.92,0.0696911
0.86,3.93,0.0609901
0.86,3.94,0.0674022
0.86,3.95,0.0680023
0.86,3.96,0.0706835
0.86,3.97,0.0676731
0.86,3.98,0.0696633
0.86,3.99,0.0682927
0.86,4,0.0718598
0.86,4.01,0.0776037
0.86,4.02,0.070266
0.86,4.03,0.0687268
0.86,4.04,0.0636874
0.86,4.05,0.0780253
0.86,4.06,0.0709439
0.86,4.07,0.0683374
0.86,4.08,0.0529534
0.86,4.09,0.0618714
0.86,4.1,0.0722187
0.86,4.11,0.0691971
0.86,4.12,0.0678226
0.86,4.13,0.0703725
0.86,4.14,0.0743766
0.86,4.15,0.0755726
0.86,4.16,0.0675211
0.86,4.17,0.0734685
0.86,4.18,0.0758548
0.86,4.19,0.069752
0.86,4.2,0.0658514
0.86,4.21,0.0636693
0.86,4.22,0.0571019
0.86,4.23,0.0712928
0.86,4.24,0.0628995
0.86,4.25,0.0508754
0.86,4.26,0.0658069
0.86,4.27,0.0608404
0.86,4.28,0.0610636
0.86,4.29,0.0661053
0.86,4.3,0.0678787
0.86,4.31,0.0637604
0.86,4.32,0.0661276
0.86,4.33,0.0630874
0.86,4.34,0.0746202
0.86,4.35,0.066086
0.86,4.36,0.0611785
0.86,4.37,0.0724648
0.86,4.38,0.0659968
0.86,4.39,0.0697877
0.86,4.4,0.0671385
0.86,4.41,0.0641813
0.86,4.42,0.0748158
0.86,4.43,0.0642776
0.86,4.44,0.0556795
0.86,4.45,0.0664966
0.86,4.46,0.0717329
0.86,4.47,0.0663061
0.86,4.48,0.058206
0.86,4.49,0.0546671
0.86,4.5,0.068314
0.86,4.51,0.061587
0.86,4.52,0.0645558
0.86,4.53,0.0583521
0.86,4.54,0.0581887
0.86,4.55,0.0730711
0.86,4.56,0.0634094
0.86,4.57,0.0620979
0.86,4.58,0.0671841
0.86,4.59,0.0653685
0.86,4.6,0.0679628
0.86,4.61,0.0598741
0.86,4.62,0.0637093
0.86,4.63,0.0712349
0.86,4.64,0.0639783
0.86,4.65,0.0638121
0.86,4.66,0.0708771
0.86,4.67,0.059655
0.86,4.68,0.0545216
0.86,4.69,0.0731547
0.86,4.7,0.0674451
0.86,4.71,0.0704518
0.86,4.72,0.0686836
0.86,4.73,0.0566161
0.86,4.74,0.0730032
0.86,4.75,0.0754631
0.86,4.76,0.0602656
0.86,4.77,0.0739119
0.86,4.78,0.0731141
0.86,4.79,0.0713126
0.86,4.8,0.0746565
0.86,4.81,0.0636222
0.86,4.82,0.0704042
0.86,4.83,0.0661775
0.86,4.84,0.065967
0.86,4.85,0.0571569
0.86,4.86,0.0719393
0.86,4.87,0.0670683
0.86,4.88,0.0675792
0.86,4.89,0.0746779
0.86,4.9,0.0622884
0.86,4.91,0.0701616
0.86,4.92,0.066247
0.86,4.93,0.0659005
0.86,4.94,0.0598869
0.86,4.95,0.0646474
0.86,4.96,0.065127
0.86,4.97,0.0724641
0.86,4.98,0.0587526
0.86,4.99,0.0610286
0.86,5,0.0655557
0.86,5.01,0.0627864
0.86,5.02,0.0726085
0.86,5.03,0.0675019
0.86,5.04,0.0681973
0.86,5.05,0.0621156
0.86,5.06,0.0637363
0.86,5.07,0.0681823
0.86,5.08,0.0764035
0.86,5.09,0.0630339
0.86,5.1,0.0593221
0.86,5.11,0.0684973
0.86,5.12,0.0639105
0.86,5.13,0.0724995
0.86,5.14,0.0565199
0.86,5.15,0.0649639
0.86,5.16,0.0588324
0.86,5.17,0.0706981
0.86,5.18,0.0723827
0.86,5.19,0.0697976
0.86,5.2,0.0677886
0.86,5.21,0.0674137
0.86,5.22,0.0602042
0.86,5.23,0.068622
0.86,5.24,0.0608625
0.86,5.25,0.0642829
0.86,5.26,0.0674211
0.86,5.27,0.0779773
0.86,5.28,0.0605492
0.86,5.29,0.0690703
0.86,5.3,0.0744631
0.86,5.31,0.0627077
0.86,5.32,0.0634089
0.86,5.33,0.0717565
0.86,5.34,0.066019
0.86,5.35,0.072419
0.86,5.36,0.0632984
0.86,5.37,0.0730893
0.86,5.38,0.0661356
0.86,5.39,0.0652318
0.86,5.4,0.0564885
0.86,5.41,0.0628556
0.86,5.42,0.0660319
0.86,5.43,0.0557452
0.86,5.44,0.0695779
0.86,5.45,0.0602935
0.86,5.46,0.0716091
0.86,5.47,0.0676295
0.86,5.48,0.0582139
0.86,5.49,0.0692419
0.86,5.5,0.0594053
0.86,5.51,0.0659606
0.86,5.52,0.0645194
0.86,5.53,0.0684332
0.86,5.54,0.072172
0.86,5.55,0.0676229
0.86,5.56,0.0769092
0.86,5.57,0.0683555
0.86,5.58,0.0605563
0.86,5.59,0.0631217
0.86,5.6,0.068243
0.86,5.61,0.0642662
0.86,5.62,0.0734174
0.86,5.63,0.0632652
0.86,5.64,0.0711683
0.86,5.65,0.062536
0.86,5.66,0.0586721
0.86,5.67,0.0702937
0.86,5.68,0.0672747
0.86,5.69,0.0660625
0.86,5.7,0.0560472
0.86,5.71,0.0685332
0.86,5.72,0.0707845
0.86,5.73,0.0624663
0.86,5.74,0.0636133
0.86,5.75,0.0643399
0.86,5.76,0.0581285
0.86,5.77,0.0628265
0.86,5.78,0.061041
0.86,5.79,0.0692889
0.86,5.8,0.064135
0.86,5.81,0.0651736
0.86,5.82,0.065023
0.86,5.83,0.0638718
0.86,5.84,0.055249
0.86,5.85,0.0626709
0.86,5.86,0.0592999
0.86,5.87,0.0667606
0.86,5.88,0.0636903
0.86,5.89,0.056467
0.86,5.9,0.0734527
0.86,5.91,0.0575972
0.86,5.92,0.060776
0.86,5.93,0.0663836
0.86,5.94,0.0640936
0.86,5.95,0.0730397
0.86,5.96,0.0589118
0.86,5.97,0.0659497
0.86,5.98,0.0745461
0.86,5.99,0.0650241
0.86,6,0.0800142
0.86,6.01,0.0712693
0.86,6.02,0.0663935
0.86,6.03,0.0703199
0.86,6.04,0.0617264
0.86,6.05,0.0619446
0.86,6.06,0.0628935
0.86,6.07,0.0657101
0.86,6.08,0.0562263
0.86,6.09,0.0623175
0.86,6.1,0.060337
0.86,6.11,0.0638542
0.86,6.12,0.0748181
0.86,6.13,0.0656356
0.86,6.14,0.0667924
0.86,6.15,0.0630326
0.86,6.16,0.0626244
0.86,6.17,0.0623019
0.86,6.18,0.0672606
0.86,6.19,0.0615927
0.86,6.2,0.0706706
0.86,6.21,0.0666305
0.86,6.22,0.0634243
0.86,6.23,0.0725919
0.86,6.24,0.0604645
0.86,6.25,0.064477
0.86,6.26,0.0617819
0.86,6.27,0.0641135
0.86,6.28,0.0627468
0.87,0,0.0654795
0.87,0.01,0.0561375
0.87,0.02,0.0579516
0.87,0.03,0.0610738
0.87,0.04,0.0721706
0.87,0.05,0.0635507
0.87,0.06,0.0658418
0.87,0.07,0.0678809
0.87,0.08,0.0726797
0.87,0.09,0.0629057
0.87,0.1,0.0809969
0.87,0.11,0.0590235
0.87,0.12,0.0612481
0.87,0.13,0.0695423
0.87,0.14,0.0656991
0.87,0.15,0.0698535
0.87,0.16,0.068914
0.87,0.17,0.0567626
0.87,0.18,0.0707635
0.87,0.19,0.0627475
0.87,0.2,0.0636932
0.87,0.21,0.0687094
0.87,0.22,0.07349
0.87,0.23,0.0677345
0.87,0.24,0.0678617
0.87,0.25,0.0661926
0.87,0.26,0.0705744
0.87,0.27,0.0597726
0.87,0.28,0.0685041
0.87,0.29,0.0623283
0.87,0.3,0.0615059
0.87,0.31,0.0714205
0.87,0.32,0.0658865
0.87,0.33,0.0677907
0.87,0.34,0.0571977
0.87,0.35,0.0659442
0.87,0.36,0.0625162
0.87,0.37,0.0694665
0.87,0.38,0.0662574
0.87,0.39,0.0745214
0.87,0.4,0.0650696
0.87,0.41,0.0732061
0.87,0.42,0.0643023
0.87,0.43,0.0858101
0.87,0.44,0.0575854
0.87,0.45,0.0630576
0.87,0.46,0.0666962
0.87,0.47,0.070762
0.87,0.48,0.0671393
0.87,0.49,0.0696488
0.87,0.5,0.0589862
0.87,0.51,0.0714754
0.87,0.52,0.0690953
0.87,0.53,0.0697647
0.87,0.54,0.0724772
0.87,0.55,0.0679043
0.87,0.56,0.0675283
0.87,0.57,0.0717559
0.87,0.58,0.067018
0.87,0.59,0.0716966
0.87,0.6,0.0702964
0.87,0.61,0.0645691
0.87,0.62,0.0726396
0.87,0.63,0.0735685
0.87,0.64,0.0620748
0.87,0.65,0.0648383
0.87,0.66,0.0683885
0.87,0.67,0.0685482
0.87,0.68,0.0621661
0.87,0.69,0.0611399
0.87,0.7,0.0683504
0.87,0.71,0.0711737
0.87,0.72,0.0609798
0.87,0.73,0.0684655
0.87,0.74,0.05788
0.87,0.75,0.0617014
0.87,0.76,0.0677888
0.87,0.77,0.0586949
0.87,0.78,0.0652347
0.87,0.79,0.060553
0.87,0.8,0.0643105
0.87,0.81,0.0725112
0.87,0.82,0.0701322
0.87,0.83,0.059224
0.87,0.84,0.0664647
0.87,0.85,0.0695356
0.87,0.86,0.0549965
0.87,0.87,0.066921
0.87,0.88,0.0677946
0.87,0.89,0.0544851
0.87,0.9,0.062156
0.87,0.91,0.06169
0.87,0.92,0.0549457
0.87,0.93,0.0621028
0.87,0.94,0.0699795
0.87,0.95,0.0541817
0.87,0.96,0.0655421
0.87,0.97,0.0678892
0.87,0.98,0.0722324
0.87,0.99,0.0614363
0.87,1,0.0739123
0.87,1.01,0.0641703
0.87,1.02,0.0575098
0.87,1.03,0.058488
0.87,1.04,0.0721987
0.87,1.05,0.0594833
0.87,1.06,0.0654279
0.87,1.07,0.0572385
0.87,1.08,0.0651551
0.87,1.09,0.0678298
0.87,1.1,0.0738198
0.87,1.11,0.054472
0.87,1.12,0.0660942
0.87,1.13,0.0570056
0.87,1.14,0.0687544
0.87,1.15,0.0621932
0.87,1.16,0.0622392
0.87,1.17,0.0574406
0.87,1.18,0.0688751
0.87,1.19,0.0624744
0.87,1.2,0.0629276
0.87,1.21,0.0554782
0.87,1.22,0.0581724
0.87,1.23,0.0595891
0.87,1.24,0.0658173
0.87,1.25,0.0596702
0.87,1.26,0.0661021
0.87,1.27,0.064132
0.87,1.28,0.0636053
0.87,1.29,0.0724729
0.87,1.3,0.0653232
0.87,1.31,0.0587292
0.87,1.32,0.0639429
0.87,1.33,0.0570693
0.87,1.34,0.0594195
0.87,1.35,0.0621882
0.87,1.36,0.0701871
0.87,1.37,0.0669814
0.87,1.38,0.0713496
0.87,1.39,0.0602008
0.87,1.4,0.0678532
0.87,1.41,0.0667853
0.87,1.42,0.0663517
0.87,1.43,0.0723926
0.87,1.44,0.0629706
0.87,1.45,0.062156
0.87,1.46,0.0772302
0.87,1.47,0.0676158
0.87,1.48,0.0634906
0.87,1.49,0.0634066
0.87,1.5,0.0625961
0.87,1.51,0.0618329
0.87,1.52,0.0684279
0.87,1.53,0.074941
0.87,1.54,0.0675364
0.87,1.55,0.0621695
0.87,1.56,0.0666606
0.87,1.57,0.050105
0.87,1.58,0.0569038
0.87,1.59,0.062472
0.87,1.6,0.0611957
0.87,1.61,0.0573952
0.87,1.62,0.055816
0.87,1.63,0.0633245
0.87,1.64,0.0662968
0.87,1.65,0.0681467
0.87,1.66,0.0637926
0.87,1.67,0.0553765
0.87,1.68,0.067904
0.87,1.69,0.0649392
0.87,1.7,0.0684846
0.87,1.71,0.0607297
0.87,1.72,0.0715295
0.87,1.73,0.0695783
0.87,1.74,0.0628309
0.87,1.75,0.0650001
0.87,1.76,0.0703057
0.87,1.77,0.0729222
0.87,1.78,0.0567939
0.87,1.79,0.0652984
0.87,1.8,0.0636816
0.87,1.81,0.0692043
0.87,1.82,0.066794
0.87,1.83,0.0651384
0.87,1.84,0.0713139
0.87,1.85,0.0593576
0.87,1.86,0.0627983
0.87,1.87,0.0617458
0.87,1.88,0.0585259
0.87,1.89,0.061958
0.87,1.9,0.06604
0.87,1.91,0.0671322
0.87,1.92,0.0603059
0.87,1.93,0.0670371
0.87,1.94,0.0688327
0.87,1.95,0.063394
0.87,1.96,0.0718685
0.87,1.97,0.0582614
0.87,1.98,0.0663443
0.87,1.99,0.0678992
0.87,2,0.0719598
0.87,2.01,0.0575201
0.87,2.02,0.0587684
0.87,2.03,0.0622142
0.87,2.04,0.0656007
0.87,2.05,0.0639138
0.87,2.06,0.0583468
0.87,2.07,0.0674253
0.87,2.08,0.0641088
0.87,2.09,0.0594396
0.87,2.1,0.0508086
0.87,2.11,0.0722028
0.87,2.12,0.0620973
0.87,2.13,0.0613636
0.87,2.14,0.0650158
0.87,2.15,0.0623804
0.87,2.16,0.0697547
0.87,2.17,0.0717182
0.87,2.18,0.0570938
0.87,2.19,0.0602412
0.87,2.2,0.0746704
0.87,2.21,0.0704026
0.87,2.22,0.0625926
0.87,2.23,0.0586039
0.87,2.24,0.0632337
0.87,2.25,0.0599111
0.87,2.26,0.0657497
0.87,2.27,0.0638819
0.87,2.28,0.0651093
0.87,2.29,0.0628166
0.87,2.3,0.0649424
0.87,2.31,0.0604696
0.87,2.32,0.0689875
0.87,2.33,0.0645463
0.87,2.34,0.056827
0.87,2.35,0.062517
0.87,2.36,0.0661904
0.87,2.37,0.06531
0.87,2.38,0.0554072
0.87,2.39,0.0626424
0.87,2.4,0.0611351
0.87,2.41,0.0713264
0.87,2.42,0.0619161
0.87,2.43,0.0559761
0.87,2.44,0.0707725
0.87,2.45,0.0628977
0.87,2.46,0.064217
0.87,2.47,0.0588681
0.87,2.48,0.0672629
0.87,2.49,0.069177
0.87,2.5,0.0632452
0.87,2.51,0.0621967
0.87,2.52,0.06464
0.87,2.53,0.0641548
0.87,2.54,0.064983
0.87,2.55,0.0653118
0.87,2.56,0.0686462
0.87,2.57,0.063095
0.87,2.58,0.0567932
0.87,2.59,0.0639074
0.87,2.6,0.0719381
0.87,2.61,0.0745642
0.87,2.62,0.0672086
0.87,2.63,0.0665454
0.87,2.64,0.0634887
0.87,2.65,0.0621592
0.87,2.66,0.0680244
0.87,2.67,0.054277
0.87,2.68,0.0643615
0.87,2.69,0.0633825
0.87,2.7,0.0594003
0.87,2.71,0.056392
0.87,2.72,0.0614286
0.87,2.73,0.0750691
0.87,2.74,0.0688672
0.87,2.75,0.0649711
0.87,2.76,0.0576687
0.87,2.77,0.0635156
0.87,2.78,0.0603799
0.87,2.79,0.0562666
0.87,2.8,0.0497128
0.87,2.81,0.0603887
0.87,2.82,0.0682057
0.87,2.83,0.0683723
0.87,2.84,0.0687139
0.87,2.85,0.0654595
0.87,2.86,0.0610003
0.87,2.87,0.0697734
0.87,2.88,0.0725514
0.87,2.89,0.0634424
0.87,2.9,0.063457
0.87,2.91,0.0590074
0.87,2.92,0.0664483
0.87,2.93,0.0628061
0.87,2.94,0.0748145
0.87,2.95,0.0626787
0.87,2.96,0.0628743
0.87,2.97,0.0662606
0.87,2.98,0.0680309
0.87,2.99,0.0606827
0.87,3,0.0581974
0.87,3.01,0.0661167
0.87,3.02,0.0541125
0.87,3.03,0.0639602
0.87,3.04,0.0610892
0.87,3.05,0.0667144
0.87,3.06,0.0606769
0.87,3.07,0.0640841
0.87,3.08,0.0677781
0.87,3.09,0.0575009
0.87,3.1,0.0633908
0.87,3.11,0.0630278
0.87,3.12,0.0644108
0.87,3.13,0.0617796
0.87,3.14,0.0681378
0.87,3.15,0.0563382
0.87,3.16,0.0689645
0.87,3.17,0.0729129
0.87,3.18,0.0650548
0.87,3.19,0.0623946
0.87,3.2,0.0695253
0.87,3.21,0.0604428
0.87,3.22,0.0782329
0.87,3.23,0.0730331
0.87,3.24,0.0569002
0.87,3.25,0.061728
0.87,3.26,0.0750764
0.87,3.27,0.0581446
0.87,3.28,0.0676541
0.87,3.29,0.0550933
0.87,3.3,0.0650631
0.87,3.31,0.0628393
0.87,3.32,0.0608681
0.87,3.33,0.0608197
0.87,3.34,0.0673461
0.87,3.35,0.0724782
0.87,3.36,0.0712293
0.87,3.37,0.0596576
0.87,3.38,0.0700748
0.87,3.39,0.0628018
0.87,3.4,0.0594884
0.87,3.41,0.0519402
0.87,3.42,0.0670966
0.87,3.43,0.0672023
0.87,3.44,0.0702869
0.87,3.45,0.0594655
0.87,3.46,0.0710149
0.87,3.47,0.0607229
0.87,3.48,0.0637054
0.87,3.49,0.0615209
0.87,3.5,0.0691872
0.87,3.51,0.0679231
0.87,3.52,0.0669559
0.87,3.53,0.050984
0.87,3.54,0.0684487
0.87,3.55,0.0652705
0.87,3.56,0.0642286
0.87,3.57,0.0557252
0.87,3.58,0.0610937
0.87,3.59,0.0690928
0.87,3.6,0.0645211
0.87,3.61,0.0628447
0.87,3.62,0.0594511
0.87,3.63,0.0642149
0.87,3.64,0.0605951
0.87,3.65,0.0590702
0.87,3.66,0.0665335
0.87,3.67,0.0544778
0.87,3.68,0.0657427
0.87,3.69,0.0625206
0.87,3.7,0.0643411
0.87,3.71,0.0707059
0.87,3.72,0.0562192
0.87,3.73,0.0632384
0.87,3.74,0.0641557
0.87,3.75,0.0724247
0.87,3.76,0.058762
0.87,3.77,0.0662018
0.87,3.78,0.061361
0.87,3.79,0.0638172
0.87,3.8,0.06032
0.87,3.81,0.0537721
0.87,3.82,0.0579405
0.87,3.83,0.0583862
0.87,3.84,0.0579249
0.87,3.85,0.0580722
0.87,3.86,0.0664815
0.87,3.87,0.0587935
0.87,3.88,0.0617136
0.87,3.89,0.0643264
0.87,3.9,0.0628419
0.87,3.91,0.0655681
0.87,3.92,0.0756713
0.87,3.93,0.0649858
0.87,3.94,0.0682087
0.87,3.95,0.0638367
0.87,3.96,0.0693504
0.87,3.97,0.0626826
0.87,3.98,0.0715385
0.87,3.99,0.0711034
0.87,4,0.0680692
0.87,4.01,0.0630437
0.87,4.02,0.0564059
0.87,4.03,0.0713681
0.87,4.04,0.0660015
0.87,4.05,0.0630047
0.87,4.06,0.0634242
0.87,4.07,0.0699393
0.87,4.08,0.0634151
0.87,4.09,0.0667904
0.87,4.1,0.0643401
0.87,4.11,0.0667133
0.87,4.12,0.0581296
0.87,4.13,0.0626414
0.87,4.14,0.0636718
0.87,4.15,0.0614033
0.87,4.16,0.0606801
0.87,4.17,0.0618189
0.87,4.18,0.0577215
0.87,4.19,0.0620448
0.87,4.2,0.0659221
0.87,4.21,0.0644406
0.87,4.22,0.0703413
0.87,4.23,0.0578874
0.87,4.24,0.0642467
0.87,4.25,0.068701
0.87,4.26,0.0695327
0.87,4.27,0.062126
0.87,4.28,0.0618327
0.87,4.29,0.0658212
0.87,4.3,0.0661869
0.87,4.31,0.0504366
0.87,4.32,0.0737781
0.87,4.33,0.0721548
0.87,4.34,0.0635083
0.87,4.35,0.0673037
0.87,4.36,0.0696523
0.87,4.37,0.0691755
0.87,4.38,0.0574426
0.87,4.39,0.0669758
0.87,4.4,0.0686086
0.87,4.41,0.0634428
0.87,4.42,0.0671067
0.87,4.43,0.075639
0.87,4.44,0.0579648
0.87,4.45,0.0628135
0.87,4.46,0.0724565
0.87,4.47,0.0632813
0.87,4.48,0.0656713
0.87,4.49,0.071007
0.87,4.5,0.0744807
0.87,4.51,0.0617568
0.87,4.52,0.0630639
0.87,4.53,0.0595409
0.87,4.54,0.0658546
0.87,4.55,0.0660456
0.87,4.56,0.0648597
0.87,4.57,0.0600119
0.87,4.58,0.0576352
0.87,4.59,0.0655427
0.87,4.6,0.0713532
0.87,4.61,0.0515841
0.87,4.62,0.0630049
0.87,4.63,0.0630119
0.87,4.64,0.0646545
0.87,4.65,0.0656221
0.87,4.66,0.0682048
0.87,4.67,0.0700249
0.87,4.68,0.0543412
0.87,4.69,0.0616633
0.87,4.7,0.0593196
0.87,4.71,0.0588712
0.87,4.72,0.0715788
0.87,4.73,0.072892
0.87,4.74,0.0677739
0.87,4.75,0.0665615
0.87,4.76,0.0598434
0.87,4.77,0.0697969
0.87,4.78,0.0709341
0.87,4.79,0.0553855
0.87,4.8,0.0739594
0.87,4.81,0.0637264
0.87,4.82,0.0631142
0.87,4.83,0.068094
0.87,4.84,0.0645202
0.87,4.85,0.0735068
0.87,4.86,0.0750281
0.87,4.87,0.0592717
0.87,4.88,0.0596879
0.87,4.89,0.0628592
0.87,4.9,0.0559442
0.87,4.91,0.0607104
0.87,4.92,0.058035
0.87,4.93,0.0612765
0.87,4.94,0.0643515
0.87,4.95,0.0566441
0.87,4.96,0.0557572
0.87,4.97,0.0612599
0.87,4.98,0.0590985
0.87,4.99,0.0662701
0.87,5,0.0574302
0.87,5.01,0.0630898
0.87,5.02,0.0647907
0.87,5.03,0.0707203
0.87,5.04,0.0688346
0.87,5.05,0.0635436
0.87,5.06,0.0599591
0.87,5.07,0.0633685
0.87,5.08,0.0705539
0.87,5.09,0.0709402
0.87,5.1,0.0664849
0.87,5.11,0.064873
0.87,5.12,0.055962
0.87,5.13,0.0592553
0.87,5.14,0.0609555
0.87,5.15,0.0559405
0.87,5.16,0.0637179
0.87,5.17,0.0586892
0.87,5.18,0.0679484
0.87,5.19,0.0685418
0.87,5.2,0.0633191
0.87,5.21,0.0579565
0.87,5.22,0.0471523
0.87,5.23,0.0714073
0.87,5.24,0.0584957
0.87,5.25,0.0602216
0.87,5.26,0.0678532
0.87,5.27,0.0566853
0.87,5.28,0.0635346
0.87,5.29,0.0778575
0.87,5.3,0.0637975
0.87,5.31,0.0620335
0.87,5.32,0.072146
0.87,5.33,0.071107
0.87,5.34,0.0634388
0.87,5.35,0.0482962
0.87,5.36,0.0637949
0.87,5.37,0.0629206
0.87,5.38,0.0659563
0.87,5.39,0.0613303
0.87,5.4,0.0644314
0.87,5.41,0.0669436
0.87,5.42,0.059446
0.87,5.43,0.0567853
0.87,5.44,0.0585729
0.87,5.45,0.0679451
0.87,5.46,0.0639429
0.87,5.47,0.0704507
0.87,5.48,0.0720178
0.87,5.49,0.0684004
0.87,5.5,0.0584086
0.87,5.51,0.0637784
0.87,5.52,0.0550536
0.87,5.53,0.0761684
0.87,5.54,0.0574276
0.87,5.55,0.0613214
0.87,5.56,0.0731353
0.87,5.57,0.0647825
0.87,5.58,0.0709448
0.87,5.59,0.0588251
0.87,5.6,0.071619
0.87,5.61,0.0724167
0.87,5.62,0.0801039
0.87,5.63,0.079731
0.87,5.64,0.0584698
0.87,5.65,0.0616556
0.87,5.66,0.0706847
0.87,5.67,0.0555448
0.87,5.68,0.064887
0.87,5.69,0.0647351
0.87,5.7,0.0698938
0.87,5.71,0.0677832
0.87,5.72,0.0631256
0.87,5.73,0.0673175
0.87,5.74,0.054329
0.87,5.75,0.0596764
0.87,5.76,0.0632054
0.87,5.77,0.0571404
0.87,5.78,0.0602149
0.87,5.79,0.0614328
0.87,5.8,0.0593502
0.87,5.81,0.0665774
0.87,5.82,0.0691068
0.87,5.83,0.0581574
0.87,5.84,0.060179
0.87,5.85,0.0731249
0.87,5.86,0.062596
0.87,5.87,0.0677297
0.87,5.88,0.0665677
0.87,5.89,0.0661793
0.87,5.9,0.076386
0.87,5.91,0.0589855
0.87,5.92,0.0588941
0.87,5.93,0.0633324
0.87,5.94,0.0565524
0.87,5.95,0.0640713
0.87,5.96,0.0698231
0.87,5.97,0.0661789
0.87,5.98,0.0758786
0.87,5.99,0.0621887
0.87,6,0.0600343
0.87,6.01,0.0675983
0.87,6.02,0.0602161
0.87,6.03,0.0560817
0.87,6.04,0.0588617
0.87,6.05,0.0656665
0.87,6.06,0.0553406
0.87,6.07,0.0695492
0.87,6.08,0.0657547
0.87,6.09,0.0692214
0.87,6.1,0.0679029
0.87,6.11,0.0651591
0.87,6.12,0.0660615
0.87,6.13,0.069317
0.87,6.14,0.0668229
0.87,6.15,0.0632663
0.87,6.16,0.0601968
0.87,6.17,0.0633165
0.87,6.18,0.0597448
0.87,6.19,0.0660229
0.87,6.2,0.0578773
0.87,6.21,0.0735143
0.87,6.22,0.0745802
0.87,6.23,0.0766553
0.87,6.24,0.0663539
0.87,6.25,0.0754478
0.87,6.26,0.0628557
0.87,6.27,0.0655391
0.87,6.28,0.0631847
0.88,0,0.0572863
0.88,0.01,0.0665518
0.88,0.02,0.0600947
0.88,0.03,0.0582662
0.88,0.04,0.0678394
0.88,0.05,0.0572281
0.88,0.06,0.0686948
0.88,0.07,0.0743896
0.88,0.08,0.067764
0.88,0.09,0.0613327
0.88,0.1,0.0647334
0.88,0.11,0.0609651
0.88,0.12,0.0664233
0.88,0.13,0.0639949
0.88,0.14,0.0617743
0.88,0.15,0.0516682
0.88,0.16,0.0648106
0.88,0.17,0.0735544
0.88,0.18,0.0616663
0.88,0.19,0.0627809
0.88,0.2,0.0594105
0.88,0.21,0.0612214
0.88,0.22,0.0698849
0.88,0.23,0.0552869
0.88,0.24,0.0654673
0.88,0.25,0.0480863
0.88,0.26,0.0595051
0.88,0.27,0.0582148
0.88,0.28,0.0647306
0.88,0.29,0.0568044
0.88,0.3,0.0725244
0.88,0.31,0.0677817
0.88,0.32,0.0712062
0.88,0.33,0.0694295
0.88,0.34,0.0594744
0.88,0.35,0.0639781
0.88,0.36,0.0568537
0.88,0.37,0.055101
0.88,0.38,0.0622297
0.88,0.39,0.0617836
0.88,0.4,0.0735681
0.88,0.41,0.0659972
0.88,0.42,0.0597105
0.88,0.43,0.0703288
0.88,0.44,0.0656808
0.88,0.45,0.0630292
0.88,0.46,0.0572433
0.88,0.47,0.0687579
0.88,0.48,0.0717759
0.88,0.49,0.0627892
0.88,0.5,0.0683766
0.88,0.51,0.0703752
0.88,0.52,0.0660245
0.88,0.53,0.0665479
0.88,0.54,0.0613466
0.88,0.55,0.0580817
0.88,0.56,0.0640216
0.88,0.57,0.0572619
0.88,0.58,0.0632914
0.88,0.59,0.0639101
0.88,0.6,0.0718287
0.88,0.61,0.060413
0.88,0.62,0.0685325
0.88,0.63,0.0630911
0.88,0.64,0.0602288
0.88,0.65,0.0697907
0.88,0.66,0.0618721
0.88,0.67,0.0617643
0.88,0.68,0.0565827
0.88,0.69,0.0675974
0.88,0.7,0.0665576
0.88,0.71,0.0659839
0.88,0.72,0.0648991
0.88,0.73,0.0653899
0.88,0.74,0.0608838
0.88,0.75,0.0708688
0.88,0.76,0.0634609
0.88,0.77,0.0603149
0.88,0.78,0.066245
0.88,0.79,0.0641524
0.88,0.8,0.072912
0.88,0.81,0.0694924
0.88,0.82,0.0672882
0.88,0.83,0.0697714
0.88,0.84,0.0599997
0.88,0.85,0.0608278
0.88,0.86,0.0673594
0.88,0.87,0.0682107
0.88,0.88,0.0509123
0.88,0.89,0.0697682
0.88,0.9,0.061322
0.88,0.91,0.0653916
0.88,0.92,0.0621858
0.88,0.93,0.0570537
0.88,0.94,0.0726304
0.88,0.95,0.0657462
0.88,0.96,0.0722906
0.88,0.97,0.0718438
0.88,0.98,0.065287
0.88,0.99,0.0522915
0.88,1,0.0751742
0.88,1.01,0.063626
0.88,1.02,0.0712385
0.88,1.03,0.0590738
0.88,1.04,0.0660701
0.88,1.05,0.0618485
0.88,1.06,0.0709481
0.88,1.07,0.0620289
0.88,1.08,0.0676006
0.88,1.09,0.0678096
0.88,1.1,0.0668607
0.88,1.11,0.0693138
0.88,1.12,0.0647217
0.88,1.13,0.0613872
0.88,1.14,0.0602196
0.88,1.15,0.0593057
0.88,1.16,0.0643312
0.88,1.17,0.0676889
0.88,1.18,0.0638279
0.88,1.19,0.0632059
0.88,1.2,0.0695288
0.88,1.21,0.0703193
0.88,1.22,0.062377
0.88,1.23,0.065366
0.88,1.24,0.0630447
0.88,1.25,0.0693384
0.88,1.26,0.065291
0.88,1.27,0.0611707
0.88,1.28,0.0624693
0.88,1.29,0.0586714
0.88,1.3,0.0547829
0.88,1.31,0.0608119
0.88,1.32,0.0592228
0.88,1.33,0.0657041
0.88,1.34,0.0610721
0.88,1.35,0.0695396
0.88,1.36,0.0528319
0.88,1.37,0.0567292
0.88,1.38,0.0626133
0.88,1.39,0.0615169
0.88,1.4,0.0583585
0.88,1.41,0.0635873
0.88,1.42,0.0640881
0.88,1.43,0.0495382
0.88,1.44,0.056302
0.88,1.45,0.0656623
0.88,1.46,0.0548948
0.88,1.47,0.0736285
0.88,1.48,0.0729298
0.88,1.49,0.0596606
0.88,1.5,0.0587323
0.88,1.51,0.0632259
0.88,1.52,0.061995
0.88,1.53,0.0673239
0.88,1.54,0.0659611
0.88,1.55,0.0659888
0.88,1.56,0.0610614
0.88,1.57,0.0540343
0.88,1.58,0.057143
0.88,1.59,0.0695932
0.88,1.6,0.06362
0.88,1.61,0.0618531
0.88,1.62,0.0652466
0.88,1.63,0.0628075
0.88,1.64,0.0756186
0.88,1.65,0.0561189
0.88,1.66,0.0591011
0.88,1.67,0.0637807
0.88,1.68,0.0592154
0.88,1.69,0.066837
0.88,1.7,0.0603051
0.88,1.71,0.0592217
0.88,1.72,0.0668485
0.88,1.73,0.0605347
0.88,1.74,0.0633278
0.88,1.75,0.0698028
0.88,1.76,0.0661921
0.88,1.77,0.0568468
0.88,1.78,0.0667958
0.88,1.79,0.0687831
0.88,1.8,0.0695319
0.88,1.81,0.0646507
0.88,1.82,0.0654646
0.88,1.83,0.0634401
0.88,1.84,0.0653343
0.88,1.85,0.066331
0.88,1.86,0.069254
0.88,1.87,0.0667182
0.88,1.88,0.0623913
0.88,1.89,0.0593622
0.88,1.9,0.0634553
0.88,1.91,0.0646809
0.88,1.92,0.0616297
0.88,1.93,0.0578075
0.88,1.94,0.0595645
0.88,1.95,0.0582014
0.88,1.96,0.0600921
0.88,1.97,0.0629881
0.88,1.98,0.0609048
0.88,1.99,0.0661564
0.88,2,0.0694649
0.88,2.01,0.0642806
0.88,2.02,0.0561616
0.88,2.03,0.0598857
0.88,2.04,0.067594
0.88,2.05,0.0606303
0.88,2.06,0.0657701
0.88,2.07,0.055672
0.88,2.08,0.0623683
0.88,2.09,0.0726138
0.88,2.1,0.0658052
0.88,2.11,0.0610073
0.88,2.12,0.0624273
0.88,2.13,0.0629109
0.88,2.14,0.0596045
0.88,2.15,0.0616959
0.88,2.16,0.0607871
0.88,2.17,0.0615763
0.88,2.18,0.0637954
0.88,2.19,0.0636393
0.88,2.2,0.0613775
0.88,2.21,0.0585719
0.88,2.22,0.0671758
0.88,2.23,0.070372
0.88,2.24,0.0636485
0.88,2.25,0.0617845
0.88,2.26,0.0676537
0.88,2.27,0.0632569
0.88,2.28,0.055715
0.88,2.29,0.0666676
0.88,2.3,0.0574873
0.88,2.31,0.0672146
0.88,2.32,0.066395
0.88,2.33,0.0629694
0.88,2.34,0.0648034
0.88,2.35,0.0541947
0.88,2.36,0.0595884
0.88,2.37,0.0649803
0.88,2.38,0.0671195
0.88,2.39,0.0551304
0.88,2.4,0.0600877
0.88,2.41,0.0655134
0.88,2.42,0.0615331
0.88,2.43,0.0672993
0.88,2.44,0.0763301
0.88,2.45,0.0654503
0.88,2.46,0.0654238
0.88,2.47,0.0665041
0.88,2.48,0.0698581
0.88,2.49,0.0645541
0.88,2.5,0.0550654
0.88,2.51,0.0517102
0.88,2.52,0.0743379
0.88,2.53,0.0662199
0.88,2.54,0.0682997
0.88,2.55,0.0635808
0.88,2.56,0.0621566
0.88,2.57,0.0617717
0.88,2.58,0.0675955
0.88,2.59,0.0639807
0.88,2.6,0.0626867
0.88,2.61,0.0564101
0.88,2.62,0.0610502
0.88,2.63,0.055076
0.88,2.64,0.0603157
0.88,2.65,0.0690366
0.88,2.66,0.058977
0.88,2.67,0.0537349
0.88,2.68,0.0606198
0.88,2.69,0.0598083
0.88,2.7,0.0663505
0.88,2.71,0.0659993
0.88,2.72,0.0581109
0.88,2.73,0.0510365
0.88,2.74,0.0717084
0.88,2.75,0.0606794
0.88,2.76,0.057815
0.88,2.77,0.0692509
0.88,2.78,0.0621357
0.88,2.79,0.0661814
0.88,2.8,0.064874
0.88,2.81,0.0667141
0.88,2.82,0.0621585
0.88,2.83,0.0699462
0.88,2.84,0.0578173
0.88,2.85,0.0772219
0.88,2.86,0.0595549
0.88,2.87,0.0558826
0.88,2.88,0.0643177
0.88,2.89,0.0656263
0.88,2.9,0.0751759
0.88,2.91,0.0763503
0.88,2.92,0.069809
0.88,2.93,0.0662652
0.88,2.94,0.0624256
0.88,2.95,0.0629266
0.88,2.96,0.0662854
0.88,2.97,0.0626103
0.88,2.98,0.0636064
0.88,2.99,0.0686296
0.88,3,0.07044
0.88,3.01,0.0674072
0.88,3.02,0.0757499
0.88,3.03,0.0613767
0.88,3.04,0.0604621
0.88,3.05,0.0613952
0.88,3.06,0.0613566
0.88,3.07,0.0556067
0.88,3.08,0.0705182
0.88,3.09,0.0573983
0.88,3.1,0.0569236
0.88,3.11,0.0595539
0.88,3.12,0.0652597
0.88,3.13,0.069398
0.88,3.14,0.0629655
0.88,3.15,0.0691446
0.88,3.16,0.0603397
0.88,3.17,0.0561872
0.88,3.18,0.0659342
0.88,3.19,0.0769304
0.88,3.2,0.062352
0.88,3.21,0.056092
0.88,3.22,0.061293
0.88,3.23,0.0735311
0.88,3.24,0.0647003
0.88,3.25,0.0603155
0.88,3.26,0.0562229
0.88,3.27,0.050903
0.88,3.28,0.0606736
0.88,3.29,0.0619494
0.88,3.3,0.0593945
0.88,3.31,0.0611526
0.88,3.32,0.0692004
0.88,3.33,0.0597524
0.88,3.34,0.0631088
0.88,3.35,0.0640944
0.88,3.36,0.0679719
0.88,3.37,0.0683143
0.88,3.38,0.0591743
0.88,3.39,0.0602864
0.88,3.4,0.0665436
0.88,3.41,0.0681869
0.88,3.42,0.0611419
0.88,3.43,0.0576149
0.88,3.44,0.0719081
0.88,3.45,0.0648636
0.88,3.46,0.0590598
0.88,3.47,0.0697565
0.88,3.48,0.0649122
0.88,3.49,0.0655121
0.88,3.5,0.0625921
0.88,3.51,0.0636495
0.88,3.52,0.0616933
0.88,3.53,0.0650946
0.88,3.54,0.0568614
0.88,3.55,0.0597192
0.88,3.56,0.0600401
0.88,3.57,0.0646096
0.88,3.58,0.0705002
0.88,3.59,0.0640269
0.88,3.6,0.0619753
0.88,3.61,0.0674877
0.88,3.62,0.0594422
0.88,3.63,0.0510568
0.88,3.64,0.0622563
0.88,3.65,0.0628935
0.88,3.66,0.0625034
0.88,3.67,0.0655549
0.88,3.68,0.0640943
0.88,3.69,0.0634129
0.88,3.7,0.0576708
0.88,3.71,0.0599646
0.88,3.72,0.0615268
0.88,3.73,0.0591299
0.88,3.74,0.0502927
0.88,3.75,0.0641608
0.88,3.76,0.0667591
0.88,3.77,0.0697231
0.88,3.78,0.0579527
0.88,3.79,0.0700101
0.88,3.8,0.0661208
0.88,3.81,0.0601293
0.88,3.82,0.0730252
0.88,3.83,0.0631983
0.88,3.84,0.0643316
0.88,3.85,0.0602455
0.88,3.86,0.0743261
0.88,3.87,0.0624347
0.88,3.88,0.0568253
0.88,3.89,0.0575034
0.88,3.9,0.0691823
0.88,3.91,0.060629
0.88,3.92,0.0737842
0.88,3.93,0.0687653
0.88,3.94,0.0652958
0.88,3.95,0.0651959
0.88,3.96,0.0627534
0.88,3.97,0.0633951
0.88,3.98,0.0582901
0.88,3.99,0.0633296
0.88,4,0.0521269
0.88,4.01,0.0733741
0.88,4.02,0.0646003
0.88,4.03,0.0677125
0.88,4.04,0.0629048
0.88,4.05,0.0655737
0.88,4.06,0.0588671
0.88,4.07,0.0651562
0.88,4.08,0.0669431
0.88,4.09,0.05825
0.88,4.1,0.0619922
0.88,4.11,0.0618051
0.88,4.12,0.05982
0.88,4.13,0.0753233
0.88,4.14,0.0621323
0.88,4.15,0.0565552
0.88,4.16,0.0656225
0.88,4.17,0.0666223
0.88,4.18,0.064151
0.88,4.19,0.0613653
0.88,4.2,0.0661394
0.88,4.21,0.0668868
0.88,4.22,0.06497
0.88,4.23,0.063841
0.88,4.24,0.0550916
0.88,4.25,0.0689786
0.88,4.26,0.0612742
0.88,4.27,0.0594709
0.88,4.28,0.0641141
0.88,4.29,0.0660173
0.88,4.3,0.0584078
0.88,4.31,0.0587744
0.88,4.32,0.0622044
0.88,4.33,0.062211
0.88,4.34,0.0637271
0.88,4.35,0.0673166
0.88,4.36,0.0700278
0.88,4.37,0.0591242
0.88,4.38,0.0705872
0.88,4.39,0.0647961
0.88,4.4,0.0636841
0.88,4.41,0.0633617
0.88,4.42,0.066313
0.88,4.43,0.0596052
0.88,4.44,0.0655724
0.88,4.45,0.0612443
0.88,4.46,0.0623832
0.88,4.47,0.0718522
0.88,4.48,0.0546152
0.88,4.49,0.0594756
0.88,4.5,0.0702447
0.88,4.51,0.0594348
0.88,4.52,0.0640765
0.88,4.53,0.0548928
0.88,4.54,0.0682673
0.88,4.55,0.0551976
0.88,4.56,0.0641931
0.88,4.57,0.062459
0.88,4.58,0.0600121
0.88,4.59,0.0736282
0.88,4.6,0.0674746
0.88,4.61,0.059114
0.88,4.62,0.0714469
0.88,4.63,0.0650922
0.88,4.64,0.0622411
0.88,4.65,0.0657732
0.88,4.66,0.0624782
0.88,4.67,0.0614966
0.88,4.68,0.0709826
0.88,4.69,0.0548495
0.88,4.7,0.051084
0.88,4.71,0.0634999
0.88,4.72,0.0657736
0.88,4.73,0.0546124
0.88,4.74,0.0670128
0.88,4.75,0.0665733
0.88,4.76,0.0603267
0.88,4.77,0.0624583
0.88,4.78,0.071172
0.88,4.79,0.0493767
0.88,4.8,0.0724592
0.88,4.81,0.0612433
0.88,4.82,0.0627077
0.88,4.83,0.0644009
0.88,4.84,0.0657629
0.88,4.85,0.0583306
0.88,4.86,0.0676878
0.88,4.87,0.0639334
0.88,4.88,0.0660392
0.88,4.89,0.0601161
0.88,4.9,0.0675877
0.88,4.91,0.0636944
0.88,4.92,0.0639494
0.88,4.93,0.0671019
0.88,4.94,0.0727551
0.88,4.95,0.0607713
0.88,4.96,0.0627073
0.88,4.97,0.0657426
0.88,4.98,0.0681386
0.88,4.99,0.0720981
0.88,5,0.0641252
0.88,5.01,0.076695
0.88,5.02,0.0643524
0.88,5.03,0.0657778
0.88,5.04,0.0617382
0.88,5.05,0.064414
0.88,5.06,0.0657729
0.88,5.07,0.0603094
0.88,5.08,0.0586833
0.88,5.09,0.0710914
0.88,5.1,0.069798
0.88,5.11,0.0655679
0.88,5.12,0.0677836
0.88,5.13,0.0574505
0.88,5.14,0.0635558
0.88,5.15,0.0583101
0.88,5.16,0.0557877
0.88,5.17,0.0575442
0.88,5.18,0.0545381
0.88,5.19,0.0649334
0.88,5.2,0.0647128
0.88,5.21,0.0502802
0.88,5.22,0.0706993
0.88,5.23,0.0616163
0.88,5.24,0.068521
0.88,5.25,0.0660637
0.88,5.26,0.0689094
0.88,5.27,0.0520963
0.88,5.28,0.0651973
0.88,5.29,0.0616573
0.88,5.3,0.0624883
0.88,5.31,0.0603545
0.88,5.32,0.0583643
0.88,5.33,0.0681538
0.88,5.34,0.0652235
0.88,5.35,0.0656097
0.88,5.36,0.0583551
0.88,5.37,0.0746999
0.88,5.38,0.0619696
0.88,5.39,0.0702462
0.88,5.4,0.0779624
0.88,5.41,0.0607195
0.88,5.42,0.0601288
0.88,5.43,0.0652616
0.88,5.44,0.0712367
0.88,5.45,0.0627382
0.88,5.46,0.0618935
0.88,5.47,0.0697507
0.88,5.48,0.0670852
0.88,5.49,0.0770959
0.88,5.5,0.0659586
0.88,5.51,0.0561889
0.88,5.52,0.0679012
0.88,5.53,0.0615129
0.88,5.54,0.058498
0.88,5.55,0.0608337
0.88,5.56,0.0672299
0.88,5.57,0.0667921
0.88,5.58,0.0616383
0.88,5.59,0.0619764
0.88,5.6,0.0568085
0.88,5.61,0.0652283
0.88,5.62,0.0617034
0.88,5.63,0.05916
0.88,5.64,0.0672314
0.88,5.65,0.0567789
0.88,5.66,0.0553068
0.88,5.67,0.056926
0.88,5.68,0.0667298
0.88,5.69,0.0703572
0.88,5.7,0.0669329
0.88,5.71,0.0744284
0.88,5.72,0.0721976
0.88,5.73,0.0662736
0.88,5.74,0.0649172
0.88,5.75,0.0643692
0.88,5.76,0.0643817
0.88,5.77,0.0596949
0.88,5.78,0.0561079
0.88,5.79,0.0651206
0.88,5.8,0.0624357
0.88,5.81,0.0628567
0.88,5.82,0.0629719
0.88,5.83,0.0664218
0.88,5.84,0.0660198
0.88,5.85,0.066017
0.88,5.86,0.0561603
0.88,5.87,0.0651769
0.88,5.88,0.0725025
0.88,5.89,0.0593329
0.88,5.9,0.0624469
0.88,5.91,0.0619645
0.88,5.92,0.0644402
0.88,5.93,0.0689627
0.88,5.94,0.0635752
0.88,5.95,0.0574626
0.88,5.96,0.0594095
0.88,5.97,0.0621457
0.88,5.98,0.0668443
0.88,5.99,0.070599
0.88,6,0.0580172
0.88,6.01,0.0625455
0.88,6.02,0.071327
0.88,6.03,0.0612349
0.88,6.04,0.054879
0.88,6.05,0.0641962
0.88,6.06,0.0588029
0.88,6.07,0.0607571
0.88,6.08,0.0547375
0.88,6.09,0.0642952
0.88,6.1,0.0630555
0.88,6.11,0.0607699
0.88,6.12,0.0713161
0.88,6.13,0.0677773
0.88,6.14,0.0684758
0.88,6.15,0.0582814
0.88,6.16,0.0678441
0.88,6.17,0.0578925
0.88,6.18,0.0646327
0.88,6.19,0.0598982
0.88,6.2,0.0598853
0.88,6.21,0.0622949
0.88,6.22,0.0559341
0.88,6.23,0.0720695
0.88,6.24,0.0624782
0.88,6.25,0.0655945
0.88,6.26,0.0532013
0.88,6.27,0.0634538
0.88,6.28,0.0566581
0.89,0,0.0742661
0.89,0.01,0.0626659
0.89,0.02,0.0617733
0.89,0.03,0.0587559
0.89,0.04,0.0706531
0.89,0.05,0.0652474
0.89,0.06,0.0570857
0.89,0.07,0.0576241
0.89,0.08,0.0681481
0.89,0.09,0.0571952
0.89,0.1,0.0604245
0.89,0.11,0.0540552
0.89,0.12,0.0681969
0.89,0.13,0.0727736
0.89,0.14,0.0609407
0.89,0.15,0.0667108
0.89,0.16,0.0648688
0.89,0.17,0.0564894
0.89,0.18,0.0586578
0.89,0.19,0.068725
0.89,0.2,0.0618417
0.89,0.21,0.0599128
0.89,0.22,0.057904
0.89,0.23,0.0663148
0.89,0.24,0.0491241
0.89,0.25,0.0649175
0.89,0.26,0.0718742
0.89,0.27,0.073702
0.89,0.28,0.0641308
0.89,0.29,0.0639832
0.89,0.3,0.0710615
0.89,0.31,0.0631642
0.89,0.32,0.0598786
0.89,0.33,0.0662304
0.89,0.34,0.0604542
0.89,0.35,0.0705688
0.89,0.36,0.063663
0.89,0.37,0.0602688
0.89,0.38,0.0640301
0.89,0.39,0.0668118
0.89,0.4,0.0593269
0.89,0.41,0.056585
0.89,0.42,0.0684806
0.89,0.43,0.0679852
0.89,0.44,0.0622119
0.89,0.45,0.0644233
0.89,0.46,0.0590438
0.89,0.47,0.0648867
0.89,0.48,0.062174
0.89,0.49,0.0757267
0.89,0.5,0.0597084
0.89,0.51,0.0620972
0.89,0.52,0.0731349
0.89,0.53,0.0640226
0.89,0.54,0.0626536
0.89,0.55,0.0689259
0.89,0.56,0.0639531
0.89,0.57,0.0516907
0.89,0.58,0.0660137
0.89,0.59,0.0711523
0.89,0.6,0.0606553
0.89,0.61,0.0647211
0.89,0.62,0.0570491
0.89,0.63,0.054429
0.89,0.64,0.0641032
0.89,0.65,0.0621439
0.89,0.66,0.0607749
0.89,0.67,0.0611032
0.89,0.68,0.0676362
0.89,0.69,0.0551751
0.89,0.7,0.0634364
0.89,0.71,0.0642876
0.89,0.72,0.0651707
0.89,0.73,0.0684748
0.89,0.74,0.0511449
0.89,0.75,0.0591026
0.89,0.76,0.0531564
0.89,0.77,0.0637478
0.89,0.78,0.0667212
0.89,0.79,0.0634012
0.89,0.8,0.0623096
0.89,0.81,0.0624507
0.89,0.82,0.0600561
0.89,0.83,0.0642142
0.89,0.84,0.066081
0.89,0.85,0.0606668
0.89,0.86,0.0578492
0.89,0.87,0.0617706
0.89,0.88,0.0652967
0.89,0.89,0.0617109
0.89,0.9,0.0514576
0.89,0.91,0.0643033
0.89,0.92,0.0588963
0.89,0.93,0.0601305
0.89,0.94,0.0609408
0.89,0.95,0.0645789
0.89,0.96,0.071501
0.89,0.97,0.0580046
0.89,0.98,0.0686321
0.89,0.99,0.0704493
0.89,1,0.053764
0.89,1.01,0.0609132
0.89,1.02,0.0593201
0.89,1.03,0.0625216
0.89,1.04,0.0518592
0.89,1.05,0.0600407
0.89,1.06,0.0523923
0.89,1.07,0.0546779
0.89,1.08,0.0574079
0.89,1.09,0.07136
0.89,1.1,0.0622639
0.89,1.11,0.0658418
0.89,1.12,0.0617979
0.89,1.13,0.0644731
0.89,1.14,0.0632423
0.89,1.15,0.0568093
0.89,1.16,0.0583414
0.89,1.17,0.0616405
0.89,1.18,0.0549063
0.89,1.19,0.0709413
0.89,1.2,0.0583953
0.89,1.21,0.0664904
0.89,1.22,0.069587
0.89,1.23,0.0634298
0.89,1.24,0.056587
0.89,1.25,0.0602364
0.89,1.26,0.0714979
0.89,1.27,0.0646361
0.89,1.28,0.071031
0.89,1.29,0.0611795
0.89,1.3,0.0642484
0.89,1.31,0.0702672
0.89,1.32,0.0624601
0.89,1.33,0.0631519
0.89,1.34,0.0678663
0.89,1.35,0.0633145
0.89,1.36,0.0589324
0.89,1.37,0.0628634
0.89,1.38,0.0613281
0.89,1.39,0.0597049
0.89,1.4,0.0686241
0.89,1.41,0.0624913
0.89,1.42,0.0630321
0.89,1.43,0.0539296
0.89,1.44,0.0658903
0.89,1.45,0.0627785
0.89,1.46,0.0600872
0.89,1.47,0.0581661
0.89,1.48,0.0630618
0.89,1.49,0.0615817
0.89,1.5,0.0652182
0.89,1.51,0.0633183
0.89,1.52,0.0564246
0.89,1.53,0.0628454
0.89,1.54,0.0720343
0.89,1.55,0.062757
0.89,1.56,0.0634126
0.89,1.57,0.0603363
0.89,1.58,0.0665594
0.89,1.59,0.0667533
0.89,1.6,0.0604054
0.89,1.61,0.0642138
0.89,1.62,0.0593301
0.89,1.63,0.0648597
0.89,1.64,0.0532961
0.89,1.65,0.0619335
0.89,1.66,0.0540278
0.89,1.67,0.0594012
0.89,1.68,0.0641411
0.89,1.69,0.0600419
0.89,1.7,0.0526713
0.89,1.71,0.06161
0.89,1.72,0.0664249
0.89,1.73,0.0692129
0.89,1.74,0.0557467
0.89,1.75,0.0660984
0.89,1.76,0.0606241
0.89,1.77,0.0520079
0.89,1.78,0.052694
0.89,1.79,0.0634525
0.89,1.8,0.0656721
0.89,1.81,0.0661415
0.89,1.82,0.0567338
0.89,1.83,0.0626522
0.89,1.84,0.0719533
0.89,1.85,0.0635698
0.89,1.86,0.0601366
0.89,1.87,0.0636013
0.89,1.88,0.0640139
0.89,1.89,0.0634839
0.89,1.9,0.0699448
0.89,1.91,0.0644499
0.89,1.92,0.0680376
0.89,1.93,0.0634656
0.89,1.94,0.0645078
0.89,1.95,0.065363
0.89,1.96,0.0575337
0.89,1.97,0.0589957
0.89,1.98,0.0685934
0.89,1.99,0.0648884
0.89,2,0.0618062
0.89,2.01,0.0615031
0.89,2.02,0.0662427
0.89,2.03,0.0671693
0.89,2.04,0.0576875
0.89,2.05,0.0691675
0.89,2.06,0.0604792
0.89,2.07,0.0631127
0.89,2.08,0.064827
0.89,2.09,0.0561969
0.89,2.1,0.067641
0.89,2.11,0.0650216
0.89,2.12,0.0612516
0.89,2.13,0.0554622
0.89,2.14,0.0564262
0.89,2.15,0.0613725
0.89,2.16,0.0614028
0.89,2.17,0.0588414
0.89,2.18,0.0614789
0.89,2.19,0.0572524
0.89,2.2,0.061174
0.89,2.21,0.0596117
0.89,2.22,0.0662694
0.89,2.23,0.0594629
0.89,2.24,0.0614131
0.89,2.25,0.0681932
0.89,2.26,0.0595836
0.89,2.27,0.0663872
0.89,2.28,0.0598946
0.89,2.29,0.0583813
0.89,2.3,0.0619298
0.89,2.31,0.0653593
0.89,2.32,0.0679599
0.89,2.33,0.069692
0.89,2.34,0.0586518
0.89,2.35,0.0620514
0.89,2.36,0.0622076
0.89,2.37,0.0595843
0.89,2.38,0.0632517
0.89,2.39,0.0545584
0.89,2.4,0.0601275
0.89,2.41,0.066454
0.89,2.42,0.0657952
0.89,2.43,0.0646001
0.89,2.44,0.0667733
0.89,2.45,0.0647102
0.89,2.46,0.057571
0.89,2.47,0.0555828
0.89,2.48,0.0698035
0.89,2.49,0.0598257
0.89,2.5,0.05988
0.89,2.51,0.0709448
0.89,2.52,0.0535713
0.89,2.53,0.0657692
0.89,2.54,0.0667663
0.89,2.55,0.060117
0.89,2.56,0.0564245
0.89,2.57,0.0613726
0.89,2.58,0.0579448
0.89,2.59,0.0601675
0.89,2.6,0.0658364
0.89,2.61,0.0517989
0.89,2.62,0.0559419
0.89,2.63,0.0685586
0.89,2.64,0.0602602
0.89,2.65,0.0604241
0.89,2.66,0.0678684
0.89,2.67,0.0689098
0.89,2.68,0.0628742
0.89,2.69,0.0601332
0.89,2.7,0.0612234
0.89,2.71,0.0609405
0.89,2.72,0.061763
0.89,2.73,0.0611402
0.89,2.74,0.0503555
0.89,2.75,0.0615423
0.89,2.76,0.0670931
0.89,2.77,0.0722036
0.89,2.78,0.0699438
0.89,2.79,0.0622345
0.89,2.8,0.0630271
0.89,2.81,0.0583448
0.89,2.82,0.0641986
0.89,2.83,0.0559185
0.89,2.84,0.0588909
0.89,2.85,0.0630034
0.89,2.86,0.0653955
0.89,2.87,0.0503102
0.89,2.88,0.0614876
0.89,2.89,0.0514304
0.89,2.9,0.0565459
0.89,2.91,0.0627445
0.89,2.92,0.0573261
0.89,2.93,0.0577535
0.89,2.94,0.0599446
0.89,2.95,0.0558943
0.89,2.96,0.0603711
0.89,2.97,0.0670877
0.89,2.98,0.0687549
0.89,2.99,0.0575425
0.89,3,0.063754
0.89,3.01,0.0568731
0.89,3.02,0.0646997
0.89,3.03,0.0662529
0.89,3.04,0.0667451
0.89,3.05,0.0631543
0.89,3.06,0.0647838
0.89,3.07,0.064865
0.89,3.08,0.0669067
0.89,3.09,0.0596656
0.89,3.1,0.0574721
0.89,3.11,0.0629153
0.89,3.12,0.0681206
0.89,3.13,0.0649251
0.89,3.14,0.0622017
0.89,3.15,0.0717417
0.89,3.16,0.05998
0.89,3.17,0.0587218
0.89,3.18,0.059515
0.89,3.19,0.0573853
0.89,3.2,0.0641002
0.89,3.21,0.0578294
0.89,3.22,0.0657713
0.89,3.23,0.0575278
0.89,3.24,0.0618666
0.89,3.25,0.0646576
0.89,3.26,0.0659352
0.89,3.27,0.0647896
0.89,3.28,0.0706411
0.89,3.29,0.0695528
0.89,3.3,0.0648549
0.89,3.31,0.0661394
0.89,3.32,0.0636382
0.89,3.33,0.0569533
0.89,3.34,0.0655781
0.89,3.35,0.0607761
0.89,3.36,0.0615418
0.89,3.37,0.0701381
0.89,3.38,0.060461
0.89,3.39,0.0570715
0.89,3.4,0.0637395
0.89,3.41,0.0648257
0.89,3.42,0.0583016
0.89,3.43,0.0643604
0.89,3.44,0.0522764
0.89,3.45,0.0614285
0.89,3.46,0.0635994
0.89,3.47,0.0628948
0.89,3.48,0.0656351
0.89,3.49,0.067734
0.89,3.5,0.064898
0.89,3.51,0.0660282
0.89,3.52,0.0691847
0.89,3.53,0.0609606
0.89,3.54,0.0593129
0.89,3.55,0.073185
0.89,3.56,0.0604334
0.89,3.57,0.0581285
0.89,3.58,0.0635978
0.89,3.59,0.0641907
0.89,3.6,0.0607951
0.89,3.61,0.0562487
0.89,3.62,0.0645932
0.89,3.63,0.0604265
0.89,3.64,0.0624017
0.89,3.65,0.0686667
0.89,3.66,0.0566804
0.89,3.67,0.0588252
0.89,3.68,0.0608332
0.89,3.69,0.0565738
0.89,3.7,0.0517368
0.89,3.71,0.0599055
0.89,3.72,0.0669786
0.89,3.73,0.0738693
0.89,3.74,0.0583604
0.89,3.75,0.0687427
0.89,3.76,0.0590287
0.89,3.77,0.0644229
0.89,3.78,0.0601358
0.89,3.79,0.0558
0.89,3.8,0.0567735
0.89,3.81,0.0641246
0.89,3.82,0.0656229
0.89,3.83,0.0687305
0.89,3.84,0.0583535
0.89,3.85,0.0517671
0.89,3.86,0.0610571
0.89,3.87,0.0594543
0.89,3.88,0.0694213
0.89,3.89,0.065002
0.89,3.9,0.0569622
0.89,3.91,0.0582995
0.89,3.92,0.0684611
0.89,3.93,0.0542996
0.89,3.94,0.0640974
0.89,3.95,0.064017
0.89,3.96,0.0650138
0.89,3.97,0.0667086
0.89,3.98,0.062924
0.89,3.99,0.0640605
0.89,4,0.0675609
0.89,4.01,0.0611354
0.89,4.02,0.0567659
0.89,4.03,0.0571827
0.89,4.04,0.0650295
0.89,4.05,0.061551
0.89,4.06,0.0634428
0.89,4.07,0.0606253
0.89,4.08,0.0552785
0.89,4.09,0.0676018
0.89,4.1,0.0606282
0.89,4.11,0.053988
0.89,4.12,0.0729623
0.89,4.13,0.0663349
0.89,4.14,0.0661698
0.89,4.15,0.0735575
0.89,4.16,0.0691037
0.89,4.17,0.0581626
0.89,4.18,0.0587128
0.89,4.19,0.0572239
0.89,4.2,0.0583125
0.89,4.21,0.0623719
0.89,4.22,0.0702231
0.89,4.23,0.0608177
0.89,4.24,0.0662918
0.89,4.25,0.0611467
0.89,4.26,0.0545142
0.89,4.27,0.0620101
0.89,4.28,0.0578525
0.89,4.29,0.0541982
0.89,4.3,0.0752208
0.89,4.31,0.058813
0.89,4.32,0.0670371
0.89,4.33,0.0564041
0.89,4.34,0.0632393
0.89,4.35,0.0603973
0.89,4.36,0.0690756
0.89,4.37,0.072082
0.89,4.38,0.0573633
0.89,4.39,0.0635794
0.89,4.4,0.0624276
0.89,4.41,0.0709743
0.89,4.42,0.0606915
0.89,4.43,0.0644725
0.89,4.44,0.0633604
0.89,4.45,0.0630633
0.89,4.46,0.0574104
0.89,4.47,0.0517754
0.89,4.48,0.0619537
0.89,4.49,0.0647465
0.89,4.5,0.0626495
0.89,4.51,0.0569089
0.89,4.52,0.0655688
0.89,4.53,0.0546891
0.89,4.54,0.0584182
0.89,4.55,0.0682215
0.89,4.56,0.0593178
0.89,4.57,0.0616995
0.89,4.58,0.0526239
0.89,4.59,0.0605713
0.89,4.6,0.0639143
0.89,4.61,0.0658809
0.89,4.62,0.0638404
0.89,4.63,0.067578
0.89,4.64,0.0597688
0.89,4.65,0.0534375
0.89,4.66,0.0629532
0.89,4.67,0.0635854
0.89,4.68,0.0636173
0.89,4.69,0.0620352
0.89,4.7,0.0593005
0.89,4.71,0.0611027
0.89,4.72,0.0565448
0.89,4.73,0.060631
0.89,4.74,0.059781
0.89,4.75,0.0542269
0.89,4.76,0.0654857
0.89,4.77,0.0699005
0.89,4.78,0.0648225
0.89,4.79,0.0578699
0.89,4.8,0.0585575
0.89,4.81,0.0661762
0.89,4.82,0.0645727
0.89,4.83,0.0596973
0.89,4.84,0.0724452
0.89,4.85,0.0679047
0.89,4.86,0.057176
0.89,4.87,0.0620254
0.89,4.88,0.0617093
0.89,4.89,0.0678078
0.89,4.9,0.0712167
0.89,4.91,0.0641909
0.89,4.92,0.0566643
0.89,4.93,0.0658026
0.89,4.94,0.0648704
0.89,4.95,0.0644346
0.89,4.96,0.0546101
0.89,4.97,0.0666699
0.89,4.98,0.0673677
0.89,4.99,0.0631195
0.89,5,0.0624117
0.89,5.01,0.050866
0.89,5.02,0.0636473
0.89,5.03,0.0622402
0.89,5.04,0.0646581
0.89,5.05,0.0578923
0.89,5.06,0.0633014
0.89,5.07,0.0615946
0.89,5.08,0.0623566
0.89,5.09,0.060389
0.89,5.1,0.0669306
0.89,5.11,0.0723758
0.89,5.12,0.0603439
0.89,5.13,0.0573805
0.89,5.14,0.0555001
0.89,5.15,0.0637634
0.89,5.16,0.0631022
0.89,5.17,0.0555506
0.89,5.18,0.0629881
0.89,5.19,0.0703864
0.89,5.2,0.0597898
0.89,5.21,0.0579248
0.89,5.22,0.0730322
0.89,5.23,0.060131
0.89,5.24,0.0622491
0.89,5.25,0.0644774
0.89,5.26,0.0554447
0.89,5.27,0.0690412
0.89,5.28,0.0649618
0.89,5.29,0.0618844
0.89,5.3,0.0640662
0.89,5.31,0.0564553
0.89,5.32,0.065084
0.89,5.33,0.0633276
0.89,5.34,0.0567959
0.89,5.35,0.0602654
0.89,5.36,0.0616972
0.89,5.37,0.064474
0.89,5.38,0.0560185
0.89,5.39,0.057115
0.89,5.4,0.0595222
0.89,5.41,0.0478607
0.89,5.42,0.0710359
0.89,5.43,0.0566463
0.89,5.44,0.059129
0.89,5.45,0.0627179
0.89,5.46,0.0686087
0.89,5.47,0.0574135
0.89,5.48,0.0509232
0.89,5.49,0.0600354
0.89,5.5,0.0599949
0.89,5.51,0.0549377
0.89,5.52,0.0568606
0.89,5.53,0.06207
0.89,5.54,0.0642536
0.89,5.55,0.0640796
0.89,5.56,0.0612729
0.89,5.57,0.0664615
0.89,5.58,0.0595202
0.89,5.59,0.0478133
0.89,5.6,0.073088
0.89,5.61,0.0674068
0.89,5.62,0.0637015
0.89,5.63,0.0665373
0.89,5.64,0.0544135
0.89,5.65,0.0619473
0.89,5.66,0.0607338
0.89,5.67,0.0690151
0.89,5.68,0.0535505
0.89,5.69,0.0650284
0.89,5.7,0.0714728
0.89,5.71,0.0667301
0.89,5.72,0.06276
0.89,5.73,0.0686618
0.89,5.74,0.0604693
0.89,5.75,0.0588542
0.89,5.76,0.0682471
0.89,5.77,0.0671538
0.89,5.78,0.0710482
0.89,5.79,0.0680276
0.89,5.8,0.0525587
0.89,5.81,0.0627905
0.89,5.82,0.0602092
0.89,5.83,0.0579861
0.89,5.84,0.0588415
0.89,5.85,0.0639621
0.89,5.86,0.0718043
0.89,5.87,0.0690681
0.89,5.88,0.061545
0.89,5.89,0.0733097
0.89,5.9,0.0617508
0.89,5.91,0.0568517
0.89,5.92,0.0634986
0.89,5.93,0.0645943
0.89,5.94,0.0590018
0.89,5.95,0.0616031
0.89,5.96,0.0660642
0.89,5.97,0.0627963
0.89,5.98,0.0693831
0.89,5.99,0.0660027
0.89,6,0.0614616
0.89,6.01,0.0685679
0.89,6.02,0.0616175
0.89,6.03,0.0508062
0.89,6.04,0.0638357
0.89,6.05,0.0565375
0.89,6.06,0.0628801
0.89,6.07,0.0688163
0.89,6.08,0.0609338
0.89,6.09,0.051276
0.89,6.1,0.0629214
0.89,6.11,0.0610776
0.89,6.12,0.0628146
0.89,6.13,0.0522989
0.89,6.14,0.0585519
0.89,6.15,0.0646722
0.89,6.16,0.0650537
0.89,6.17,0.0544704
0.89,6.18,0.0653817
0.89,6.19,0.0650966
0.89,6.2,0.075931
0.89,6.21,0.065229
0.89,6.22,0.0664042
0.89,6.23,0.0676797
0.89,6.24,0.0662217
0.89,6.25,0.0661144
0.89,6.26,0.0698459
0.89,6.27,0.0637634
0.89,6.28,0.0520594
0.9,0,0.0649734
0.9,0.01,0.069404
0.9,0.02,0.0649355
0.9,0.03,0.0662901
0.9,0.04,0.0566932
0.9,0.05,0.0603403
0.9,0.06,0.0602784
0.9,0.07,0.061418
0.9,0.08,0.0575472
0.9,0.09,0.0555974
0.9,0.1,0.0597741
0.9,0.11,0.0724782
0.9,0.12,0.0617148
0.9,0.13,0.0639915
0.9,0.14,0.0662798
0.9,0.15,0.057328
0.9,0.16,0.0603483
0.9,0.17,0.0644342
0.9,0.18,0.0514579
0.9,0.19,0.0571129
0.9,0.2,0.0604749
0.9,0.21,0.0682792
0.9,0.22,0.0564992
0.9,0.23,0.052589
0.9,0.24,0.0609915
0.9,0.25,0.0650836
0.9,0.26,0.0553733
0.9,0.27,0.056523
0.9,0.28,0.0697132
0.9,0.29,0.0626153
0.9,0.3,0.0638748
0.9,0.31,0.0636783
0.9,0.32,0.0552733
0.9,0.33,0.0485878
0.9,0.34,0.0667397
0.9,0.35,0.0674414
0.9,0.36,0.055637
0.9,0.37,0.0602697
0.9,0.38,0.0616373
0.9,0.39,0.0621092
0.9,0.4,0.057546
0.9,0.41,0.0599086
0.9,0.42,0.0547732
0.9,0.43,0.060611
0.9,0.44,0.053191
0.9,0.45,0.0607473
0.9,0.46,0.0587874
0.9,0.47,0.0573584
0.9,0.48,0.0712951
0.9,0.49,0.0645662
0.9,0.5,0.0641185
0.9,0.51,0.0545754
0.9,0.52,0.0601748
0.9,0.53,0.0646286
0.9,0.54,0.0551248
0.9,0.55,0.057733
0.9,0.56,0.0685914
0.9,0.57,0.063251
0.9,0.58,0.0681139
0.9,0.59,0.0549872
0.9,0.6,0.0754729
0.9,0.61,0.0619386
0.9,0.62,0.0598385
0.9,0.63,0.056132
0.9,0.64,0.0594352
0.9,0.65,0.0703736
0.9,0.66,0.0603621
0.9,0.67,0.0714418
0.9,0.68,0.0634454
0.9,0.69,0.0596904
0.9,0.7,0.0541021
0.9,0.71,0.0648627
0.9,0.72,0.0581411
0.9,0.73,0.0682404
0.9,0.74,0.0733743
0.9,0.75,0.0606917
0.9,0.76,0.0565456
0.9,0.77,0.0612398
0.9,0.78,0.0677441
0.9,0.79,0.0656673
0.9,0.8,0.0644524
0.9,0.81,0.0579611
0.9,0.82,0.0687942
0.9,0.83,0.0577634
0.9,0.84,0.0555419
0.9,0.85,0.0687352
0.9,0.86,0.053816
0.9,0.87,0.0517541
0.9,0.88,0.0692623
0.9,0.89,0.0610578
0.9,0.9,0.0547045
0.9,0.91,0.0525206
0.9,0.92,0.0598171
0.9,0.93,0.0602864
0.9,0.94,0.0622646
0.9,0.95,0.0611257
0.9,0.96,0.0721018
0.9,0.97,0.0612041
0.9,0.98,0.0641486
0.9,0.99,0.0504125
0.9,1,0.0637132
0.9,1.01,0.0682475
0.9,1.02,0.0628915
0.9,1.03,0.055558
0.9,1.04,0.0638563
0.9,1.05,0.0703221
0.9,1.06,0.055302
0.9,1.07,0.0583217
0.9,1.08,0.0545338
0.9,1.09,0.0567916
0.9,1.1,0.0565945
0.9,1.11,0.0639753
0.9,1.12,0.0521984
0.9,1.13,0.0697589
0.9,1.14,0.0619673
0.9,1.15,0.0593081
0.9,1.16,0.0575898
0.9,1.17,0.0676073
0.9,1.18,0.0562004
0.9,1.19,0.0670633
0.9,1.2,0.0576232
0.9,1.21,0.0592227
0.9,1.22,0.0664718
0.9,1.23,0.0562587
0.9,1.24,0.0625178
0.9,1.25,0.0706139
0.9,1.26,0.0624099
0.9,1.27,0.0693197
0.9,1.28,0.0608235
0.9,1.29,0.0698324
0.9,1.3,0.0653391
0.9,1.31,0.0613395
0.9,1.32,0.06233
0.9,1.33,0.0557845
0.9,1.34,0.0607386
0.9,1.35,0.0611031
0.9,1.36,0.0533879
0.9,1.37,0.0670193
0.9,1.38,0.0566512
0.9,1.39,0.0625651
0.9,1.4,0.0464328
0.9,1.41,0.0718575
0.9,1.42,0.0634727
0.9,1.43,0.0464863
0.9,1.44,0.0571997
0.9,1.45,0.0636236
0.9,1.46,0.0554446
0.9,1.47,0.0582326
0.9,1.48,0.0506382
0.9,1.49,0.0594336
0.9,1.5,0.0609356
0.9,1.51,0.0527099
0.9,1.52,0.0628259
0.9,1.53,0.0633679
0.9,1.54,0.055251
0.9,1.55,0.0690541
0.9,1.56,0.0692166
0.9,1.57,0.0594484
0.9,1.58,0.0681565
0.9,1.59,0.0588265
0.9,1.6,0.060391
0.9,1.61,0.0669507
0.9,1.62,0.0619155
0.9,1.63,0.0578058
0.9,1.64,0.0684728
0.9,1.65,0.06574
0.9,1.66,0.0549632
0.9,1.67,0.054164
0.9,1.68,0.055843
0.9,1.69,0.0711397
0.9,1.7,0.0608475
0.9,1.71,0.0627625
0.9,1.72,0.0654411
0.9,1.73,0.0600764
0.9,1.74,0.0583713
0.9,1.75,0.0540556
0.9,1.76,0.0489054
0.9,1.77,0.0541594
0.9,1.78,0.0563094
0.9,1.79,0.0572004
0.9,1.8,0.055011
0.9,1.81,0.0588403
0.9,1.82,0.0594011
0.9,1.83,0.074745
0.9,1.84,0.0596043
0.9,1.85,0.0577037
0.9,1.86,0.0595323
0.9,1.87,0.0596112
0.9,1.88,0.0686253
0.9,1.89,0.0529175
0.9,1.9,0.0565028
0.9,1.91,0.0654225
0.9,1.92,0.0621157
0.9,1.93,0.0647531
0.9,1.94,0.063326
0.9,1.95,0.0590362
0.9,1.96,0.0547539
0.9,1.97,0.0720241
0.9,1.98,0.0640466
0.9,1.99,0.0658246
0.9,2,0.0641268
0.9,2.01,0.0615272
0.9,2.02,0.0616293
0.9,2.03,0.0641048
0.9,2.04,0.0683717
0.9,2.05,0.0581317
0.9,2.06,0.0599742
0.9,2.07,0.0650009
0.9,2.08,0.0701289
0.9,2.09,0.0624115
0.9,2.1,0.0680588
0.9,2.11,0.0485166
0.9,2.12,0.0548281
0.9,2.13,0.0629574
0.9,2.14,0.0576374
0.9,2.15,0.0671711
0.9,2.16,0.0584566
0.9,2.17,0.0547565
0.9,2.18,0.0648519
0.9,2.19,0.0637748
0.9,2.2,0.0603586
0.9,2.21,0.0599583
0.9,2.22,0.0531332
0.9,2.23,0.0589714
0.9,2.24,0.057288
0.9,2.25,0.0640446
0.9,2.26,0.0597143
0.9,2.27,0.0589019
0.9,2.28,0.0605018
0.9,2.29,0.0629697
0.9,2.3,0.058587
0.9,2.31,0.0623308
0.9,2.32,0.0613254
0.9,2.33,0.0711598
0.9,2.34,0.0635933
0.9,2.35,0.0593402
0.9,2.36,0.0578254
0.9,2.37,0.0602643
0.9,2.38,0.049647
0.9,2.39,0.059491
0.9,2.4,0.0489491
0.9,2.41,0.062424
0.9,2.42,0.0545047
0.9,2.43,0.0582023
0.9,2.44,0.0557729
0.9,2.45,0.0654613
0.9,2.46,0.0683199
0.9,2.47,0.0652679
0.9,2.48,0.0704874
0.9,2.49,0.0479809
0.9,2.5,0.0621935
0.9,2.51,0.0625135
0.9,2.52,0.0584923
0.9,2.53,0.0684638
0.9,2.54,0.0560013
0.9,2.55,0.066315
0.9,2.56,0.0599801
0.9,2.57,0.0533865
0.9,2.58,0.0623279
0.9,2.59,0.0660881
0.9,2.6,0.0601027
0.9,2.61,0.0523418
0.9,2.62,0.0661005
0.9,2.63,0.0575127
0.9,2.64,0.0588548
0.9,2.65,0.0582431
0.9,2.66,0.0679353
0.9,2.67,0.0538224
0.9,2.68,0.0652724
0.9,2.69,0.0593953
0.9,2.7,0.0542383
0.9,2.71,0.0606217
0.9,2.72,0.0570173
0.9,2.73,0.057231
0.9,2.74,0.0602402
0.9,2.75,0.0540894
0.9,2.76,0.0606941
0.9,2.77,0.0529571
0.9,2.78,0.0518304
0.9,2.79,0.0580051
0.9,2.8,0.0632112
0.9,2.81,0.0617166
0.9,2.82,0.0546623
0.9,2.83,0.0631256
0.9,2.84,0.0650604
0.9,2.85,0.0683707
0.9,2.86,0.0634947
0.9,2.87,0.057243
0.9,2.88,0.0648604
0.9,2.89,0.0608746
0.9,2.9,0.0559187
0.9,2.91,0.0519116
0.9,2.92,0.0630469
0.9,2.93,0.0622226
0.9,2.94,0.0662897
0.9,2.95,0.0647074
0.9,2.96,0.0612354
0.9,2.97,0.0673073
0.9,2.98,0.0556756
0.9,2.99,0.060901
0.9,3,0.0533421
0.9,3.01,0.0617332
0.9,3.02,0.0699915
0.9,3.03,0.0694992
0.9,3.04,0.0663194
0.9,3.05,0.0643801
0.9,3.06,0.0664088
0.9,3.07,0.0559674
0.9,3.08,0.0531885
0.9,3.09,0.0586896
0.9,3.1,0.0527373
0.9,3.11,0.0696317
0.9,3.12,0.063724
0.9,3.13,0.0562488
0.9,3.14,0.0621463
0.9,3.15,0.0605808
0.9,3.16,0.0560244
0.9,3.17,0.0582363
0.9,3.18,0.0634563
0.9,3.19,0.0638434
0.9,3.2,0.0669567
0.9,3.21,0.0653401
0.9,3.22,0.0672159
0.9,3.23,0.0602984
0.9,3.24,0.0606796
0.9,3.25,0.0703647
0.9,3.26,0.0620706
0.9,3.27,0.0570796
0.9,3.28,0.0599821
0.9,3.29,0.0696677
0.9,3.3,0.0668122
0.9,3.31,0.0619178
0.9,3.32,0.0622355
0.9,3.33,0.0640132
0.9,3.34,0.0614179
0.9,3.35,0.0522062
0.9,3.36,0.0662327
0.9,3.37,0.0715858
0.9,3.38,0.0586965
0.9,3.39,0.0723476
0.9,3.4,0.0606637
0.9,3.41,0.0529619
0.9,3.42,0.061868
0.9,3.43,0.0571147
0.9,3.44,0.0638134
0.9,3.45,0.0517422
0.9,3.46,0.0566614
0.9,3.47,0.0576334
0.9,3.48,0.063128
0.9,3.49,0.0712007
0.9,3.5,0.0683259
0.9,3.51,0.0677493
0.9,3.52,0.050446
0.9,3.53,0.061664
0.9,3.54,0.0681591
0.9,3.55,0.0632529
0.9,3.56,0.0601839
0.9,3.57,0.0604963
0.9,3.58,0.0625916
0.9,3.59,0.0606837
0.9,3.6,0.0565424
0.9,3.61,0.0593886
0.9,3.62,0.0661917
0.9,3.63,0.0640023
0.9,3.64,0.0600428
0.9,3.65,0.0644816
0.9,3.66,0.0534343
0.9,3.67,0.0493169
0.9,3.68,0.0565852
0.9,3.69,0.0572152
0.9,3.7,0.0548678
0.9,3.71,0.0600049
0.9,3.72,0.0639439
0.9,3.73,0.0629201
0.9,3.74,0.0627245
0.9,3.75,0.0591808
0.9,3.76,0.0527739
0.9,3.77,0.0636932
0.9,3.78,0.0648983
0.9,3.79,0.0645141
0.9,3.8,0.057538
0.9,3.81,0.0684607
0.9,3.82,0.0544102
0.9,3.83,0.0680219
0.9,3.84,0.0616027
0.9,3.85,0.0556561
0.9,3.86,0.0610809
0.9,3.87,0.062165
0.9,3.88,0.0557053
0.9,3.89,0.0612192
0.9,3.9,0.064765
0.9,3.91,0.0655534
0.9,3.92,0.0601784
0.9,3.93,0.0546475
0.9,3.94,0.0620573
0.9,3.95,0.0603428
0.9,3.96,0.0681287
0.9,3.97,0.062574
0.9,3.98,0.0581369
0.9,3.99,0.0502417
0.9,4,0.0630625
0.9,4.01,0.0670645
0.9,4.02,0.0682559
0.9,4.03,0.0587268
0.9,4.04,0.0689371
0.9,4.05,0.0606992
0.9,4.06,0.0579078
0.9,4.07,0.0668983
0.9,4.08,0.06544
0.9,4.09,0.0625629
0.9,4.1,0.0581063
0.9,4.11,0.0738746
0.9,4.12,0.054898
0.9,4.13,0.0543602
0.9,4.14,0.0568796
0.9,4.15,0.059973
0.9,4.16,0.0545633
0.9,4.17,0.0698849
0.9,4.18,0.0591731
0.9,4.19,0.0612494
0.9,4.2,0.0657921
0.9,4.21,0.0558423
0.9,4.22,0.0673405
0.9,4.23,0.0652588
0.9,4.24,0.0602893
0.9,4.25,0.0674787
0.9,4.26,0.0664872
0.9,4.27,0.0571901
0.9,4.28,0.062037
0.9,4.29,0.0639659
0.9,4.3,0.0620211
0.9,4.31,0.0672132
0.9,4.32,0.0632902
0.9,4.33,0.0643675
0.9,4.34,0.0626707
0.9,4.35,0.0662273
0.9,4.36,0.0607623
0.9,4.37,0.0663409
0.9,4.38,0.0645221
0.9,4.39,0.0640508
0.9,4.4,0.0749679
0.9,4.41,0.0562354
0.9,4.42,0.0536785
0.9,4.43,0.0645381
0.9,4.44,0.0713733
0.9,4.45,0.0565327
0.9,4.46,0.0652498
0.9,4.47,0.0567111
0.9,4.48,0.0636464
0.9,4.49,0.0528038
0.9,4.5,0.060893
0.9,4.51,0.0624262
0.9,4.52,0.0505763
0.9,4.53,0.0659373
0.9,4.54,0.0628849
0.9,4.55,0.0629871
0.9,4.56,0.0613406
0.9,4.57,0.0626854
0.9,4.58,0.0527331
0.9,4.59,0.0518207
0.9,4.6,0.0575999
0.9,4.61,0.0583463
0.9,4.62,0.0632732
0.9,4.63,0.0640659
0.9,4.64,0.0624005
0.9,4.65,0.0603424
0.9,4.66,0.0624628
0.9,4.67,0.0558294
0.9,4.68,0.059683
0.9,4.69,0.0634409
0.9,4.7,0.0607923
0.9,4.71,0.0724087
0.9,4.72,0.0598958
0.9,4.73,0.0652896
0.9,4.74,0.070623
0.9,4.75,0.0508702
0.9,4.76,0.0527442
0.9,4.77,0.0608249
0.9,4.78,0.0557457
0.9,4.79,0.0551564
0.9,4.8,0.0609776
0.9,4.81,0.0614764
0.9,4.82,0.0585931
0.9,4.83,0.0573904
0.9,4.84,0.0684932
0.9,4.85,0.0580831
0.9,4.86,0.0539238
0.9,4.87,0.0655386
0.9,4.88,0.0611907
0.9,4.89,0.0593901
0.9,4.9,0.0620751
0.9,4.91,0.0550176
0.9,4.92,0.0701356
0.9,4.93,0.0567243
0.9,4.94,0.0566761
0.9,4.95,0.0687536
0.9,4.96,0.0698021
0.9,4.97,0.0670416
0.9,4.98,0.0558511
0.9,4.99,0.0641618
0.9,5,0.0633615
0.9,5.01,0.0596459
0.9,5.02,0.0515937
0.9,5.03,0.0667596
0.9,5.04,0.0618704
0.9,5.05,0.0643222
0.9,5.06,0.0632182
0.9,5.07,0.0515172
0.9,5.08,0.0696789
0.9,5.09,0.0561281
0.9,5.1,0.0581819
0.9,5.11,0.0532827
0.9,5.12,0.0682549
0.9,5.13,0.0633507
0.9,5.14,0.0708019
0.9,5.15,0.0657668
0.9,5.16,0.0582131
0.9,5.17,0.0660509
0.9,5.18,0.066844
0.9,5.19,0.0649803
0.9,5.2,0.0539061
0.9,5.21,0.0604168
0.9,5.22,0.0615362
0.9,5.23,0.0597021
0.9,5.24,0.0531998
0.9,5.25,0.0587758
0.9,5.26,0.0639925
0.9,5.27,0.0592388
0.9,5.28,0.0551685
0.9,5.29,0.0653824
0.9,5.3,0.0560174
0.9,5.31,0.0537436
0.9,5.32,0.0620528
0.9,5.33,0.0518616
0.9,5.34,0.0579358
0.9,5.35,0.0591901
0.9,5.36,0.0518315
0.9,5.37,0.0558966
0.9,5.38,0.0692415
0.9,5.39,0.0597586
0.9,5.4,0.0568369
0.9,5.41,0.0523954
0.9,5.42,0.0563591
0.9,5.43,0.0631821
0.9,5.44,0.0557789
0.9,5.45,0.0572216
0.9,5.46,0.062483
0.9,5.47,0.0641218
0.9,5.48,0.0615752
0.9,5.49,0.0614845
0.9,5.5,0.0722611
0.9,5.51,0.0749678
0.9,5.52,0.0603053
0.9,5.53,0.0620968
0.9,5.54,0.0599293
0.9,5.55,0.0643557
0.9,5.56,0.0601754
0.9,5.57,0.0604527
0.9,5.58,0.06374
0.9,5.59,0.0592816
0.9,5.6,0.0717413
0.9,5.61,0.0566108
0.9,5.62,0.0591926
0.9,5.63,0.064272
0.9,5.64,0.0603252
0.9,5.65,0.0578107
0.9,5.66,0.061676
0.9,5.67,0.0745774
0.9,5.68,0.0627712
0.9,5.69,0.063321
0.9,5.7,0.0592764
0.9,5.71,0.0648793
0.9,5.72,0.0677036
0.9,5.73,0.05971
0.9,5.74,0.0629416
0.9,5.75,0.0574663
0.9,5.76,0.0567255
0.9,5.77,0.0550348
0.9,5.78,0.0625019
0.9,5.79,0.0601327
0.9,5.8,0.0629424
0.9,5.81,0.0573446
0.9,5.82,0.053223
0.9,5.83,0.0562543
0.9,5.84,0.0569993
0.9,5.85,0.0711437
0.9,5.86,0.0590086
0.9,5.87,0.0688391
0.9,5.88,0.0568681
0.9,5.89,0.0732711
0.9,5.9,0.0485908
0.9,5.91,0.0615466
0.9,5.92,0.0654586
0.9,5.93,0.0603781
0.9,5.94,0.0555837
0.9,5.95,0.0571938
0.9,5.96,0.0681534
0.9,5.97,0.0599428
0.9,5.98,0.0594303
0.9,5.99,0.0695255
0.9,6,0.0570819
0.9,6.01,0.0674071
0.9,6.02,0.0598787
0.9,6.03,0.0561743
0.9,6.04,0.0656645
0.9,6.05,0.0690446
0.9,6.06,0.056443
0.9,6.07,0.0602715
0.9,6.08,0.0549991
0.9,6.09,0.0686102
0.9,6.1,0.0658124
0.9,6.11,0.0534056
0.9,6.12,0.0661889
0.9,6.13,0.0630384
0.9,6.14,0.0542422
0.9,6.15,0.0616201
0.9,6.16,0.0772513
0.9,6.17,0.0753294
0.9,6.18,0.0556779
0.9,6.19,0.0584017
0.9,6.2,0.0707912
0.9,6.21,0.0569093
0.9,6.22,0.0535067
0.9,6.23,0.0621095
0.9,6.24,0.0704803
0.9,6.25,0.0633146
0.9,6.26,0.0647605
0.9,6.27,0.0644327
0.9,6.28,0.0652434
0.91,0,0.0651895
0.91,0.01,0.0659351
0.91,0.02,0.0712432
0.91,0.03,0.0579391
0.91,0.04,0.0621823
0.91,0.05,0.0693644
0.91,0.06,0.0608587
0.91,0.07,0.060761
0.91,0.08,0.0555366
0.91,0.09,0.061854
0.91,0.1,0.0582886
0.91,0.11,0.0605558
0.91,0.12,0.0509112
0.91,0.13,0.0596325
0.91,0.14,0.0601878
0.91,0.15,0.0565138
0.91,0.16,0.0563662
0.91,0.17,0.0600467
0.91,0.18,0.05771
0.91,0.19,0.0569033
0.91,0.2,0.0550067
0.91,0.21,0.0584172
0.91,0.22,0.0674864
0.91,0.23,0.0673402
0.91,0.24,0.0727841
0.91,0.25,0.0566359
0.91,0.26,0.0548041
0.91,0.27,0.0617743
0.91,0.28,0.0604598
0.91,0.29,0.0686085
0.91,0.3,0.0607036
0.91,0.31,0.0620761
0.91,0.32,0.054167
0.91,0.33,0.0647043
0.91,0.34,0.0475098
0.91,0.35,0.0603
0.91,0.36,0.06479
0.91,0.37,0.0585889
0.91,0.38,0.0522077
0.91,0.39,0.0632127
0.91,0.4,0.061625
0.91,0.41,0.0557714
0.91,0.42,0.0671873
0.91,0.43,0.0578815
0.91,0.44,0.0568124
0.91,0.45,0.0667458
0.91,0.46,0.0591929
0.91,0.47,0.066024
0.91,0.48,0.0662583
0.91,0.49,0.0540188
0.91,0.5,0.0552064
0.91,0.51,0.0551062
0.91,0.52,0.0583721
0.91,0.53,0.0630791
0.91,0.54,0.0643747
0.91,0.55,0.0615109
0.91,0.56,0.0573965
0.91,0.57,0.060356
0.91,0.58,0.0655905
0.91,0.59,0.065475
0.91,0.6,0.0657145
0.91,0.61,0.0646313
0.91,0.62,0.0604848
0.91,0.63,0.0622062
0.91,0.64,0.0648804
0.91,0.65,0.053108
0.91,0.66,0.063576
0.91,0.67,0.0565698
0.91,0.68,0.0599895
0.91,0.69,0.0597555
0.91,0.7,0.0634037
0.91,0.71,0.0634361
0.91,0.72,0.0625753
0.91,0.73,0.049937
0.91,0.74,0.0591059
0.91,0.75,0.0605507
0.91,0.76,0.0554726
0.91,0.77,0.0606954
0.91,0.78,0.0534883
0.91,0.79,0.0600043
0.91,0.8,0.05557
0.91,0.81,0.0562816
0.91,0.82,0.0539751
0.91,0.83,0.0623391
0.91,0.84,0.06639
0.91,0.85,0.0582776
0.91,0.86,0.0577108
0.91,0.87,0.061044
0.91,0.88,0.0708294
0.91,0.89,0.0642197
0.91,0.9,0.0517418
0.91,0.91,0.0639148
0.91,0.92,0.0618865
0.91,0.93,0.0631942
0.91,0.94,0.0583908
0.91,0.95,0.0620033
0.91,0.96,0.0634453
0.91,0.97,0.0584964
0.91,0.98,0.0601498
0.91,0.99,0.058833
0.91,1,0.0515137
0.91,1.01,0.0601239
0.91,1.02,0.0638275
0.91,1.03,0.0547312
0.91,1.04,0.0655868
0.91,1.05,0.0643434
0.91,1.06,0.0499482
0.91,1.07,0.0585426
0.91,1.08,0.0532152
0.91,1.09,0.0493333
0.91,1.1,0.0658909
0.91,1.11,0.0547505
0.91,1.12,0.0567758
0.91,1.13,0.0688935
0.91,1.14,0.0580009
0.91,1.15,0.052002
0.91,1.16,0.058611
0.91,1.17,0.0571993
0.91,1.18,0.0632974
0.91,1.19,0.0499195
0.91,1.2,0.055636
0.91,1.21,0.0629706
0.91,1.22,0.0651539
0.91,1.23,0.0566881
0.91,1.24,0.0570482
0.91,1.25,0.058107
0.91,1.26,0.0525223
0.91,1.27,0.0571314
0.91,1.28,0.0673698
0.91,1.29,0.0520648
0.91,1.3,0.0531572
0.91,1.31,0.0578639
0.91,1.32,0.0521124
0.91,1.33,0.0541038
0.91,1.34,0.0539875
0.91,1.35,0.0621523
0.91,1.36,0.0649016
0.91,1.37,0.0668373
0.91,1.38,0.0654335
0.91,1.39,0.0564123
0.91,1.4,0.0626235
0.91,1.41,0.0494805
0.91,1.42,0.0628036
0.91,1.43,0.0596594
0.91,1.44,0.0614554
0.91,1.45,0.0591535
0.91,1.46,0.0570282
0.91,1.47,0.0595411
0.91,1.48,0.0573899
0.91,1.49,0.0702662
0.91,1.5,0.0707298
0.91,1.51,0.0726317
0.91,1.52,0.0682714
0.91,1.53,0.0554542
0.91,1.54,0.0625264
0.91,1.55,0.0594396
0.91,1.56,0.0631165
0.91,1.57,0.0551014
0.91,1.58,0.054162
0.91,1.59,0.0646784
0.91,1.6,0.0637051
0.91,1.61,0.0581558
0.91,1.62,0.071798
0.91,1.63,0.0553683
0.91,1.64,0.0526962
0.91,1.65,0.0556013
0.91,1.66,0.0593555
0.91,1.67,0.055692
0.91,1.68,0.0608121
0.91,1.69,0.0675837
0.91,1.7,0.060229
0.91,1.71,0.0561572
0.91,1.72,0.0623484
0.91,1.73,0.0565179
0.91,1.74,0.0646759
0.91,1.75,0.055911
0.91,1.76,0.0649574
0.91,1.77,0.0584958
0.91,1.78,0.0575075
0.91,1.79,0.0650482
0.91,1.8,0.0611916
0.91,1.81,0.0535782
0.91,1.82,0.0736399
0.91,1.83,0.0655232
0.91,1.84,0.0712247
0.91,1.85,0.0587291
0.91,1.86,0.0567677
0.91,1.87,0.0618855
0.91,1.88,0.0558567
0.91,1.89,0.0582297
0.91,1.9,0.0597326
0.91,1.91,0.0691952
0.91,1.92,0.0700714
0.91,1.93,0.0678179
0.91,1.94,0.0676148
0.91,1.95,0.0612803
0.91,1.96,0.0572166
0.91,1.97,0.0624701
0.91,1.98,0.0634242
0.91,1.99,0.0580625
0.91,2,0.0597346
0.91,2.01,0.0585172
0.91,2.02,0.0633086
0.91,2.03,0.0591601
0.91,2.04,0.0637212
0.91,2.05,0.0656926
0.91,2.06,0.0574714
0.91,2.07,0.0567008
0.91,2.08,0.0659007
0.91,2.09,0.0679443
0.91,2.1,0.0642504
0.91,2.11,0.0609727
0.91,2.12,0.0504941
0.91,2.13,0.0711018
0.91,2.14,0.0538156
0.91,2.15,0.0618004
0.91,2.16,0.0641847
0.91,2.17,0.0550567
0.91,2.18,0.0567124
0.91,2.19,0.0577357
0.91,2.2,0.0534751
0.91,2.21,0.0579079
0.91,2.22,0.0639199
0.91,2.23,0.0689872
0.91,2.24,0.0573034
0.91,2.25,0.0531344
0.91,2.26,0.0618228
0.91,2.27,0.0575026
0.91,2.28,0.0703479
0.91,2.29,0.06307
0.91,2.3,0.0630049
0.91,2.31,0.0631113
0.91,2.32,0.0564774
0.91,2.33,0.0546892
0.91,2.34,0.0557349
0.91,2.35,0.0585765
0.91,2.36,0.0560941
0.91,2.37,0.0599517
0.91,2.38,0.051802
0.91,2.39,0.0619301
0.91,2.4,0.0581399
0.91,2.41,0.0634888
0.91,2.42,0.0560965
0.91,2.43,0.0611015
0.91,2.44,0.0647174
0.91,2.45,0.0589713
0.91,2.46,0.0573832
0.91,2.47,0.0606228
0.91,2.48,0.0614731
0.91,2.49,0.0563759
0.91,2.5,0.0635411
0.91,2.51,0.0636078
0.91,2.52,0.0551879
0.91,2.53,0.0488805
0.91,2.54,0.0609734
0.91,2.55,0.0630687
0.91,2.56,0.059352
0.91,2.57,0.0681173
0.91,2.58,0.0529581
0.91,2.59,0.0614401
0.91,2.6,0.0672482
0.91,2.61,0.0510019
0.91,2.62,0.0558043
0.91,2.63,0.0675417
0.91,2.64,0.0572746
0.91,2.65,0.0678668
0.91,2.66,0.0551452
0.91,2.67,0.0664521
0.91,2.68,0.0570355
0.91,2.69,0.055502
0.91,2.7,0.0693988
0.91,2.71,0.0626712
0.91,2.72,0.0559232
0.91,2.73,0.0581782
0.91,2.74,0.0554684
0.91,2.75,0.0605308
0.91,2.76,0.0608988
0.91,2.77,0.0608894
0.91,2.78,0.0624738
0.91,2.79,0.0648169
0.91,2.8,0.0629672
0.91,2.81,0.0541819
0.91,2.82,0.0527341
0.91,2.83,0.0514935
0.91,2.84,0.0651807
0.91,2.85,0.0590873
0.91,2.86,0.0594554
0.91,2.87,0.0674193
0.91,2.88,0.0592583
0.91,2.89,0.0592011
0.91,2.9,0.0602948
0.91,2.91,0.0533496
0.91,2.92,0.0627533
0.91,2.93,0.0603675
0.91,2.94,0.067313
0.91,2.95,0.0537897
0.91,2.96,0.0644254
0.91,2.97,0.0549003
0.91,2.98,0.0622256
0.91,2.99,0.0569979
0.91,3,0.0637316
0.91,3.01,0.0659929
0.91,3.02,0.0566624
0.91,3.03,0.0611487
0.91,3.04,0.0621125
0.91,3.05,0.0652811
0.91,3.06,0.0552148
0.91,3.07,0.0518461
0.91,3.08,0.0557702
0.91,3.09,0.0653797
0.91,3.1,0.0614343
0.91,3.11,0.0718629
0.91,3.12,0.0601374
0.91,3.13,0.064173
0.91,3.14,0.058724
0.91,3.15,0.0671575
0.91,3.16,0.0684921
0.91,3.17,0.0557178
0.91,3.18,0.0615442
0.91,3.19,0.0642306
0.91,3.2,0.0674785
0.91,3.21,0.0613277
0.91,3.22,0.0585106
0.91,3.23,0.0565051
0.91,3.24,0.0645491
0.91,3.25,0.0634331
0.91,3.26,0.058023
0.91,3.27,0.0559458
0.91,3.28,0.0567312
0.91,3.29,0.0686071
0.91,3.3,0.0621961
0.91,3.31,0.0558716
0.91,3.32,0.0606657
0.91,3.33,0.0582181
0.91,3.34,0.0646643
0.91,3.35,0.0639901
0.91,3.36,0.0553218
0.91,3.37,0.0549064
0.91,3.38,0.0642566
0.91,3.39,0.0604126
0.91,3.4,0.0547701
0.91,3.41,0.0668274
0.91,3.42,0.0600632
0.91,3.43,0.0578948
0.91,3.44,0.0578322
0.91,3.45,0.0500216
0.91,3.46,0.0598351
0.91,3.47,0.0693259
0.91,3.48,0.0713869
0.91,3.49,0.0545926
0.91,3.5,0.0583967
0.91,3.51,0.0562343
0.91,3.52,0.0603729
0.91,3.53,0.0613298
0.91,3.54,0.0629277
0.91,3.55,0.0539779
0.91,3.56,0.0527173
0.91,3.57,0.0509773
0.91,3.58,0.0534333
0.91,3.59,0.0668704
0.91,3.6,0.0580442
0.91,3.61,0.0575306
0.91,3.62,0.0606489
0.91,3.63,0.0501335
0.91,3.64,0.0589716
0.91,3.65,0.0543199
0.91,3.66,0.0692651
0.91,3.67,0.0605492
0.91,3.68,0.0617077
0.91,3.69,0.0630018
0.91,3.7,0.0628647
0.91,3.71,0.061903
0.91,3.72,0.0585122
0.91,3.73,0.0560552
0.91,3.74,0.0578494
0.91,3.75,0.0634982
0.91,3.76,0.0632986
0.91,3.77,0.071564
0.91,3.78,0.0632366
0.91,3.79,0.0611253
0.91,3.8,0.0582422
0.91,3.81,0.0660409
0.91,3.82,0.066938
0.91,3.83,0.0615761
0.91,3.84,0.054355
0.91,3.85,0.0619879
0.91,3.86,0.0641622
0.91,3.87,0.0577328
0.91,3.88,0.0569675
0.91,3.89,0.063223
0.91,3.9,0.0669457
0.91,3.91,0.0659686
0.91,3.92,0.0668748
0.91,3.93,0.057171
0.91,3.94,0.0498888
0.91,3.95,0.0620583
0.91,3.96,0.0585068
0.91,3.97,0.0587694
0.91,3.98,0.0558374
0.91,3.99,0.0584198
0.91,4,0.0633361
0.91,4.01,0.0598315
0.91,4.02,0.0555202
0.91,4.03,0.0554269
0.91,4.04,0.0600011
0.91,4.05,0.0612431
0.91,4.06,0.0514602
0.91,4.07,0.0572827
0.91,4.08,0.0677216
0.91,4.09,0.0611615
0.91,4.1,0.0554903
0.91,4.11,0.0634853
0.91,4.12,0.0539889
0.91,4.13,0.0606498
0.91,4.14,0.0752995
0.91,4.15,0.0435238
0.91,4.16,0.054079
0.91,4.17,0.0686377
0.91,4.18,0.0643097
0.91,4.19,0.0546761
0.91,4.2,0.0664601
0.91,4.21,0.0687738
0.91,4.22,0.0547586
0.91,4.23,0.0681373
0.91,4.24,0.0655772
0.91,4.25,0.0620484
0.91,4.26,0.0584142
0.91,4.27,0.0625435
0.91,4.28,0.0585172
0.91,4.29,0.0623787
0.91,4.3,0.0638461
0.91,4.31,0.0484009
0.91,4.32,0.0579367
0.91,4.33,0.0475284
0.91,4.34,0.0614155
0.91,4.35,0.0604858
0.91,4.36,0.0556708
0.91,4.37,0.0646086
0.91,4.38,0.0593931
0.91,4.39,0.0502343
0.91,4.4,0.0554712
0.91,4.41,0.0642805
0.91,4.42,0.0686316
0.91,4.43,0.0576909
0.91,4.44,0.0656931
0.91,4.45,0.0571505
0.91,4.46,0.0638416
0.91,4.47,0.0678423
0.91,4.48,0.060672
0.91,4.49,0.0617278
0.91,4.5,0.0699276
0.91,4.51,0.058609
0.91,4.52,0.0602523
0.91,4.53,0.0713539
0.91,4.54,0.0571346
0.91,4.55,0.0592434
0.91,4.56,0.0639537
0.91,4.57,0.0646251
0.91,4.58,0.063493
0.91,4.59,0.0571503
0.91,4.6,0.055273
0.91,4.61,0.0584655
0.91,4.62,0.0651889
0.91,4.63,0.0552937
0.91,4.64,0.0580684
0.91,4.65,0.0593612
0.91,4.66,0.0582809
0.91,4.67,0.0637695
0.91,4.68,0.0662168
0.91,4.69,0.0665029
0.91,4.7,0.0661773
0.91,4.71,0.0722921
0.91,4.72,0.0609252
0.91,4.73,0.0643297
0.91,4.74,0.062665
0.91,4.75,0.0595979
0.91,4.76,0.0549628
0.91,4.77,0.0592083
0.91,4.78,0.0658515
0.91,4.79,0.0633242
0.91,4.8,0.0583282
0.91,4.81,0.0677375
0.91,4.82,0.0649333
0.91,4.83,0.0611238
0.91,4.84,0.0532297
0.91,4.85,0.0524152
0.91,4.86,0.0678017
0.91,4.87,0.0738227
0.91,4.88,0.0629579
0.91,4.89,0.0692368
0.91,4.9,0.0622722
0.91,4.91,0.0588907
0.91,4.92,0.0630961
0.91,4.93,0.0589956
0.91,4.94,0.0679457
0.91,4.95,0.0660188
0.91,4.96,0.06251
0.91,4.97,0.0579672
0.91,4.98,0.0522544
0.91,4.99,0.0634164
0.91,5,0.0547562
0.91,5.01,0.054205
0.91,5.02,0.0533423
0.91,5.03,0.0581895
0.91,5.04,0.0712017
0.91,5.05,0.0557105
0.91,5.06,0.0607816
0.91,5.07,0.0565316
0.91,5.08,0.065598
0.91,5.09,0.0584366
0.91,5.1,0.0594139
0.91,5.11,0.0766761
0.91,5.12,0.067858
0.91,5.13,0.057563
0.91,5.14,0.0641865
0.91,5.15,0.0512737
0.91,5.16,0.0705361
0.91,5.17,0.0699077
0.91,5.18,0.0619582
0.91,5.19,0.0566597
0.91,5.2,0.0635491
0.91,5.21,0.0567216
0.91,5.22,0.0510441
0.91,5.23,0.0677504
0.91,5.24,0.0716281
0.91,5.25,0.0591959
0.91,5.26,0.0555019
0.91,5.27,0.0598821
0.91,5.28,0.0536173
0.91,5.29,0.0577622
0.91,5.3,0.0611332
0.91,5.31,0.0570971
0.91,5.32,0.059226
0.91,5.33,0.0607149
0.91,5.34,0.0503149
0.91,5.35,0.0539736
0.91,5.36,0.0562407
0.91,5.37,0.0644426
0.91,5.38,0.0566166
0.91,5.39,0.075501
0.91,5.4,0.059781
0.91,5.41,0.0671074
0.91,5.42,0.0668993
0.91,5.43,0.0563293
0.91,5.44,0.0639791
0.91,5.45,0.0626359
0.91,5.46,0.0684153
0.91,5.47,0.0562912
0.91,5.48,0.0581104
0.91,5.49,0.0590972
0.91,5.5,0.0577066
0.91,5.51,0.0678921
0.91,5.52,0.055648
0.91,5.53,0.0611503
0.91,5.54,0.0685254
0.91,5.55,0.0640974
0.91,5.56,0.057388
0.91,5.57,0.0634016
0.91,5.58,0.0641026
0.91,5.59,0.0586951
0.91,5.6,0.0599708
0.91,5.61,0.0596729
0.91,5.62,0.0601808
0.91,5.63,0.0625343
0.91,5.64,0.0606546
0.91,5.65,0.0550789
0.91,5.66,0.0657239
0.91,5.67,0.0600743
0.91,5.68,0.0568644
0.91,5.69,0.0536447
0.91,5.7,0.0569824
0.91,5.71,0.0576573
0.91,5.72,0.0589323
0.91,5.73,0.0600297
0.91,5.74,0.0558367
0.91,5.75,0.0653768
0.91,5.76,0.0539538
0.91,5.77,0.0588576
0.91,5.78,0.0645408
0.91,5.79,0.0556885
0.91,5.8,0.0645722
0.91,5.81,0.0609405
0.91,5.82,0.0680445
0.91,5.83,0.0476872
0.91,5.84,0.0494033
0.91,5.85,0.0627466
0.91,5.86,0.0637926
0.91,5.87,0.0682641
0.91,5.88,0.0570423
0.91,5.89,0.0636533
0.91,5.9,0.0601811
0.91,5.91,0.0580147
0.91,5.92,0.058646
0.91,5.93,0.0524045
0.91,5.94,0.0588007
0.91,5.95,0.0598711
0.91,5.96,0.0672425
0.91,5.97,0.0690459
0.91,5.98,0.0539281
0.91,5.99,0.0571738
0.91,6,0.0551193
0.91,6.01,0.0558486
0.91,6.02,0.0650906
0.91,6.03,0.0595127
0.91,6.04,0.0538977
0.91,6.05,0.0500767
0.91,6.06,0.0546094
0.91,6.07,0.0649552
0.91,6.08,0.062343
0.91,6.09,0.0637503
0.91,6.1,0.0608675
0.91,6.11,0.0625732
0.91,6.12,0.0559825
0.91,6.13,0.0557628
0.91,6.14,0.0587133
0.91,6.15,0.0513159
0.91,6.16,0.0698045
0.91,6.17,0.0596968
0.91,6.18,0.0603151
0.91,6.19,0.0643055
0.91,6.2,0.0619548
0.91,6.21,0.0661527
0.91,6.22,0.0591143
0.91,6.23,0.0584265
0.91,6.24,0.0627261
0.91,6.25,0.0543785
0.91,6.26,0.067618
0.91,6.27,0.0551127
0.91,6.28,0.0572263
0.92,0,0.0605718
0.92,0.01,0.058777
0.92,0.02,0.0581747
0.92,0.03,0.0607046
0.92,0.04,0.0589798
0.92,0.05,0.0619036
0.92,0.06,0.0510629
0.92,0.07,0.0577635
0.92,0.08,0.0624608
0.92,0.09,0.0629007
0.92,0.1,0.0559171
0.92,0.11,0.0576365
0.92,0.12,0.0563542
0.92,0.13,0.0681355
0.92,0.14,0.05943
0.92,0.15,0.0615398
0.92,0.16,0.0646375
0.92,0.17,0.062171
0.92,0.18,0.0529006
0.92,0.19,0.063134
0.92,0.2,0.057784
0.92,0.21,0.062398
0.92,0.22,0.0565376
0.92,0.23,0.0646779
0.92,0.24,0.0629387
0.92,0.25,0.051946
0.92,0.26,0.0600297
0.92,0.27,0.0501122
0.92,0.28,0.0642074
0.92,0.29,0.0495598
0.92,0.3,0.057771
0.92,0.31,0.059257
0.92,0.32,0.062278
0.92,0.33,0.0550339
0.92,0.34,0.0582622
0.92,0.35,0.0630361
0.92,0.36,0.0599185
0.92,0.37,0.0546048
0.92,0.38,0.0578268
0.92,0.39,0.05044
0.92,0.4,0.0691702
0.92,0.41,0.0647327
0.92,0.42,0.0548808
0.92,0.43,0.0504303
0.92,0.44,0.0589484
0.92,0.45,0.0596912
0.92,0.46,0.0656404
0.92,0.47,0.0601557
0.92,0.48,0.0539336
0.92,0.49,0.054483
0.92,0.5,0.0586922
0.92,0.51,0.0560807
0.92,0.52,0.0571633
0.92,0.53,0.0615711
0.92,0.54,0.048716
0.92,0.55,0.0620698
0.92,0.56,0.0597334
0.92,0.57,0.0599414
0.92,0.58,0.0588411
0.92,0.59,0.0586936
0.92,0.6,0.0571554
0.92,0.61,0.0612144
0.92,0.62,0.0592281
0.92,0.63,0.0547021
0.92,0.64,0.0567112
0.92,0.65,0.0569125
0.92,0.66,0.0508664
0.92,0.67,0.0596722
0.92,0.68,0.0607438
0.92,0.69,0.052943
0.92,0.7,0.0560792
0.92,0.71,0.0707404
0.92,0.72,0.059502
0.92,0.73,0.0512969
0.92,0.74,0.0625385
0.92,0.75,0.0596517
0.92,0.76,0.0628882
0.92,0.77,0.0571405
0.92,0.78,0.0589899
0.92,0.79,0.0668892
0.92,0.8,0.0659624
0.92,0.81,0.060766
0.92,0.82,0.0543762
0.92,0.83,0.0575005
0.92,0.84,0.057973
0.92,0.85,0.0512668
0.92,0.86,0.0608765
0.92,0.87,0.0571287
0.92,0.88,0.0559131
0.92,0.89,0.0519684
0.92,0.9,0.0531412
0.92,0.91,0.0449339
0.92,0.92,0.0614438
0.92,0.93,0.0625041
0.92,0.94,0.0605127
0.92,0.95,0.0599166
0.92,0.96,0.0592094
0.92,0.97,0.0617948
0.92,0.98,0.0571723
0.92,0.99,0.0631262
0.92,1,0.0577867
0.92,1.01,0.0538048
0.92,1.02,0.0497892
0.92,1.03,0.0510981
0.92,1.04,0.0562962
0.92,1.05,0.0531483
0.92,1.06,0.0580843
0.92,1.07,0.0550053
0.92,1.08,0.0529322
0.92,1.09,0.0524606
0.92,1.1,0.0547936
0.92,1.11,0.0619794
0.92,1.12,0.050108
0.92,1.13,0.0577511
0.92,1.14,0.0643402
0.92,1.15,0.0590524
0.92,1.16,0.0608485
0.92,1.17,0.0604855
0.92,1.18,0.0608064
0.92,1.19,0.0550333
0.92,1.2,0.0520517
0.92,1.21,0.0561858
0.92,1.22,0.0635157
0.92,1.23,0.0507589
0.92,1.24,0.0606674
0.92,1.25,0.060603
0.92,1.26,0.0565732
0.92,1.27,0.0544901
0.92,1.28,0.0643543
0.92,1.29,0.0559939
0.92,1.3,0.05582
0.92,1.31,0.0609721
0.92,1.32,0.05489
0.92,1.33,0.0507258
0.92,1.34,0.0594202
0.92,1.35,0.0558261
0.92,1.36,0.0549293
0.92,1.37,0.059901
0.92,1.38,0.0517597
0.92,1.39,0.0533697
0.92,1.4,0.0531287
0.92,1.41,0.06177
0.92,1.42,0.065347
0.92,1.43,0.0484993
0.92,1.44,0.0638034
0.92,1.45,0.0545366
0.92,1.46,0.0541384
0.92,1.47,0.0604071
0.92,1.48,0.060357
0.92,1.49,0.0591355
0.92,1.5,0.0633821
0.92,1.51,0.0575036
0.92,1.52,0.0684959
0.92,1.53,0.0671416
0.92,1.54,0.0556829
0.92,1.55,0.046689
0.92,1.56,0.0557454
0.92,1.57,0.0675346
0.92,1.58,0.0670004
0.92,1.59,0.0655701
0.92,1.6,0.0583216
0.92,1.61,0.0588812
0.92,1.62,0.0716657
0.92,1.63,0.0501899
0.92,1.64,0.0575214
0.92,1.65,0.0579989
0.92,1.66,0.0658316
0.92,1.67,0.0609753
0.92,1.68,0.0580087
0.92,1.69,0.0467131
0.92,1.7,0.05155
0.92,1.71,0.0608327
0.92,1.72,0.06372
0.92,1.73,0.0555438
0.92,1.74,0.06252
0.92,1.75,0.0539117
0.92,1.76,0.0713567
0.92,1.77,0.0577996
0.92,1.78,0.064148
0.92,1.79,0.0618999
0.92,1.8,0.0680418
0.92,1.81,0.0614291
0.92,1.82,0.0578271
0.92,1.83,0.0520923
0.92,1.84,0.0626662
0.92,1.85,0.055392
0.92,1.86,0.0572294
0.92,1.87,0.0703652
0.92,1.88,0.0607488
0.92,1.89,0.0697341
0.92,1.9,0.0613908
0.92,1.91,0.0617755
0.92,1.92,0.0541031
0.92,1.93,0.0535635
0.92,1.94,0.0669546
0.92,1.95,0.0698278
0.92,1.96,0.0566637
0.92,1.97,0.0626111
0.92,1.98,0.0571954
0.92,1.99,0.0591073
0.92,2,0.0622528
0.92,2.01,0.0609194
0.92,2.02,0.0538475
0.92,2.03,0.0673949
0.92,2.04,0.0576442
0.92,2.05,0.0659657
0.92,2.06,0.0620777
0.92,2.07,0.0596693
0.92,2.08,0.0552815
0.92,2.09,0.0564752
0.92,2.1,0.0572724
0.92,2.11,0.0503326
0.92,2.12,0.0579015
0.92,2.13,0.0685334
0.92,2.14,0.0596048
0.92,2.15,0.0495072
0.92,2.16,0.0482066
0.92,2.17,0.0549509
0.92,2.18,0.0642682
0.92,2.19,0.0652183
0.92,2.2,0.0585948
0.92,2.21,0.0535184
0.92,2.22,0.0557395
0.92,2.23,0.0546207
0.92,2.24,0.0545429
0.92,2.25,0.0650373
0.92,2.26,0.0584224
0.92,2.27,0.0603812
0.92,2.28,0.0569012
0.92,2.29,0.0559752
0.92,2.3,0.0581675
0.92,2.31,0.0638104
0.92,2.32,0.0500619
0.92,2.33,0.0508467
0.92,2.34,0.0676776
0.92,2.35,0.0587416
0.92,2.36,0.0535319
0.92,2.37,0.0540066
0.92,2.38,0.0564809
0.92,2.39,0.0524962
0.92,2.4,0.0562001
0.92,2.41,0.0587836
0.92,2.42,0.0591471
0.92,2.43,0.0581443
0.92,2.44,0.0641276
0.92,2.45,0.0585605
0.92,2.46,0.0508149
0.92,2.47,0.0553617
0.92,2.48,0.0537771
0.92,2.49,0.0570618
0.92,2.5,0.0583664
0.92,2.51,0.0550615
0.92,2.52,0.0677745
0.92,2.53,0.0569175
0.92,2.54,0.0591461
0.92,2.55,0.0513606
0.92,2.56,0.061229
0.92,2.57,0.0628196
0.92,2.58,0.0489497
0.92,2.59,0.0630089
0.92,2.6,0.0561911
0.92,2.61,0.0669292
0.92,2.62,0.0610723
0.92,2.63,0.064063
0.92,2.64,0.0556154
0.92,2.65,0.0562932
0.92,2.66,0.0688222
0.92,2.67,0.0632237
0.92,2.68,0.0652547
0.92,2.69,0.0678621
0.92,2.7,0.0601416
0.92,2.71,0.0531462
0.92,2.72,0.0661417
0.92,2.73,0.0695338
0.92,2.74,0.0510679
0.92,2.75,0.0578786
0.92,2.76,0.054992
0.92,2.77,0.055722
0.92,2.78,0.0660935
0.92,2.79,0.0567439
0.92,2.8,0.0553383
0.92,2.81,0.0560698
0.92,2.82,0.0587864
0.92,2.83,0.0685511
0.92,2.84,0.0543002
0.92,2.85,0.0612101
0.92,2.86,0.0597534
0.92,2.87,0.0598763
0.92,2.88,0.0615191
0.92,2.89,0.0564837
0.92,2.9,0.0524676
0.92,2.91,0.0516895
0.92,2.92,0.0501838
0.92,2.93,0.060442
0.92,2.94,0.0604684
0.92,2.95,0.0552091
0.92,2.96,0.057158
0.92,2.97,0.064383
0.92,2.98,0.0570855
0.92,2.99,0.0537956
0.92,3,0.0591647
0.92,3.01,0.0575677
0.92,3.02,0.055805
0.92,3.03,0.0538108
0.92,3.04,0.0565249
0.92,3.05,0.0630304
0.92,3.06,0.0554005
0.92,3.07,0.0578791
0.92,3.08,0.0576093
0.92,3.09,0.0694702
0.92,3.1,0.050818
0.92,3.11,0.0658887
0.92,3.12,0.0626022
0.92,3.13,0.0631352
0.92,3.14,0.0635356
0.92,3.15,0.0528109
0.92,3.16,0.0567843
0.92,3.17,0.0578478
0.92,3.18,0.0492499
0.92,3.19,0.0484032
0.92,3.2,0.0661086
0.92,3.21,0.0639858
0.92,3.22,0.0586663
0.92,3.23,0.0626358
0.92,3.24,0.0624134
0.92,3.25,0.0558029
0.92,3.26,0.0496639
0.92,3.27,0.0574893
0.92,3.28,0.0635723
0.92,3.29,0.0701712
0.92,3.3,0.0606041
0.92,3.31,0.0510882
0.92,3.32,0.0499613
0.92,3.33,0.0454659
0.92,3.34,0.061152
0.92,3.35,0.0587643
0.92,3.36,0.0612006
0.92,3.37,0.058538
0.92,3.38,0.0552398
0.92,3.39,0.0532278
0.92,3.4,0.0579246
0.92,3.41,0.0563753
0.92,3.42,0.0525247
0.92,3.43,0.0549091
0.92,3.44,0.0650228
0.92,3.45,0.0608559
0.92,3.46,0.0593091
0.92,3.47,0.0543558
0.92,3.48,0.0598128
0.92,3.49,0.0532074
0.92,3.5,0.061894
0.92,3.51,0.0567742
0.92,3.52,0.0525129
0.92,3.53,0.0503784
0.92,3.54,0.0634404
0.92,3.55,0.069563
0.92,3.56,0.0625068
0.92,3.57,0.0596699
0.92,3.58,0.0558671
0.92,3.59,0.054247
0.92,3.6,0.0586239
0.92,3.61,0.0580766
0.92,3.62,0.0575726
0.92,3.63,0.051677
0.92,3.64,0.0600279
0.92,3.65,0.0680633
0.92,3.66,0.063394
0.92,3.67,0.0500551
0.92,3.68,0.0592962
0.92,3.69,0.0567004
0.92,3.7,0.0582223
0.92,3.71,0.0618219
0.92,3.72,0.0610048
0.92,3.73,0.0573687
0.92,3.74,0.0554738
0.92,3.75,0.0581126
0.92,3.76,0.0643659
0.92,3.77,0.0608744
0.92,3.78,0.0680777
0.92,3.79,0.059042
0.92,3.8,0.0531485
0.92,3.81,0.0593267
0.92,3.82,0.0622409
0.92,3.83,0.0528636
0.92,3.84,0.0579642
0.92,3.85,0.0642605
0.92,3.86,0.0619071
0.92,3.87,0.0634966
0.92,3.88,0.0658425
0.92,3.89,0.0631192
0.92,3.9,0.059299
0.92,3.91,0.060822
0.92,3.92,0.0706048
0.92,3.93,0.0609408
0.92,3.94,0.0555972
0.92,3.95,0.0553223
0.92,3.96,0.063973
0.92,3.97,0.0548655
0.92,3.98,0.0575939
0.92,3.99,0.0605136
0.92,4,0.0658775
0.92,4.01,0.0612559
0.92,4.02,0.0539689
0.92,4.03,0.057227
0.92,4.04,0.0616952
0.92,4.05,0.0556468
0.92,4.06,0.0512291
0.92,4.07,0.0595856
0.92,4.08,0.068532
0.92,4.09,0.0544438
0.92,4.1,0.0557842
0.92,4.11,0.0602236
0.92,4.12,0.0660755
0.92,4.13,0.0558174
0.92,4.14,0.0615863
0.92,4.15,0.0678911
0.92,4.16,0.0523758
0.92,4.17,0.0568091
0.92,4.18,0.0564214
0.92,4.19,0.0627757
0.92,4.2,0.0608582
0.92,4.21,0.0616573
0.92,4.22,0.0610522
0.92,4.23,0.0622692
0.92,4.24,0.0536982
0.92,4.25,0.0529826
0.92,4.26,0.0604276
0.92,4.27,0.0590717
0.92,4.28,0.0552903
0.92,4.29,0.0511065
0.92,4.3,0.0562885
0.92,4.31,0.060647
0.92,4.32,0.0590263
0.92,4.33,0.06921
0.92,4.34,0.0594587
0.92,4.35,0.0647345
0.92,4.36,0.0648186
0.92,4.37,0.0506909
0.92,4.38,0.0708502
0.92,4.39,0.0574289
0.92,4.4,0.0536968
0.92,4.41,0.0592344
0.92,4.42,0.0618385
0.92,4.43,0.0560743
0.92,4.44,0.0671097
0.92,4.45,0.0587491
0.92,4.46,0.0691822
0.92,4.47,0.0614928
0.92,4.48,0.0626369
0.92,4.49,0.0475057
0.92,4.5,0.0596007
0.92,4.51,0.0610094
0.92,4.52,0.0599637
0.92,4.53,0.062671
0.92,4.54,0.0642946
0.92,4.55,0.0610598
0.92,4.56,0.0595023
0.92,4.57,0.044813
0.92,4.58,0.0606824
0.92,4.59,0.0574971
0.92,4.6,0.0567963
0.92,4.61,0.0663245
0.92,4.62,0.062041
0.92,4.63,0.0628513
0.92,4.64,0.0578289
0.92,4.65,0.0528645
0.92,4.66,0.0586044
0.92,4.67,0.0622046
0.92,4.68,0.0551515
0.92,4.69,0.0562811
0.92,4.7,0.0593508
0.92,4.71,0.0647604
0.92,4.72,0.0558637
0.92,4.73,0.0632494
0.92,4.74,0.0676743
0.92,4.75,0.0650266
0.92,4.76,0.0588424
0.92,4.77,0.0579664
0.92,4.78,0.0607785
0.92,4.79,0.0579108
0.92,4.8,0.0487358
0.92,4.81,0.0532484
0.92,4.82,0.0540382
0.92,4.83,0.0639703
0.92,4.84,0.0617534
0.92,4.85,0.0554751
0.92,4.86,0.0588667
0.92,4.87,0.0532622
0.92,4.88,0.055995
0.92,4.89,0.0512912
0.92,4.9,0.0613339
0.92,4.91,0.0635658
0.92,4.92,0.0519982
0.92,4.93,0.0702351
0.92,4.94,0.0652496
0.92,4.95,0.0593526
0.92,4.96,0.0585297
0.92,4.97,0.0569817
0.92,4.98,0.0602023
0.92,4.99,0.0550171
0.92,5,0.0582724
0.92,5.01,0.0554809
0.92,5.02,0.0580815
0.92,5.03,0.060117
0.92,5.04,0.0677922
0.92,5.05,0.0566762
0.92,5.06,0.0612823
0.92,5.07,0.0524133
0.92,5.08,0.0588673
0.92,5.09,0.0550795
0.92,5.1,0.0549951
0.92,5.11,0.071217
0.92,5.12,0.0635004
0.92,5.13,0.0596046
0.92,5.14,0.0650251
0.92,5.15,0.0597937
0.92,5.16,0.0597283
0.92,5.17,0.0565345
0.92,5.18,0.0624537
0.92,5.19,0.0630198
0.92,5.2,0.0564203
0.92,5.21,0.0684315
0.92,5.22,0.0566915
0.92,5.23,0.0529677
0.92,5.24,0.0591448
0.92,5.25,0.0575734
0.92,5.26,0.0619698
0.92,5.27,0.0547684
0.92,5.28,0.0485064
0.92,5.29,0.0630362
0.92,5.3,0.0565174
0.92,5.31,0.0572005
0.92,5.32,0.0593273
0.92,5.33,0.0614291
0.92,5.34,0.0600218
0.92,5.35,0.0577209
0.92,5.36,0.0642758
0.92,5.37,0.0578652
0.92,5.38,0.0580953
0.92,5.39,0.0550053
0.92,5.4,0.0548478
0.92,5.41,0.0637801
0.92,5.42,0.0626313
0.92,5.43,0.0625345
0.92,5.44,0.0661652
0.92,5.45,0.0532406
0.92,5.46,0.0611513
0.92,5.47,0.0574225
0.92,5.48,0.0651141
0.92,5.49,0.0596033
0.92,5.5,0.0571172
0.92,5.51,0.0608376
0.92,5.52,0.0502458
0.92,5.53,0.0540715
0.92,5.54,0.0579171
0.92,5.55,0.0722349
0.92,5.56,0.0495354
0.92,5.57,0.0553358
0.92,5.58,0.0528847
0.92,5.59,0.0539579
0.92,5.6,0.0561766
0.92,5.61,0.0519933
0.92,5.62,0.0621169
0.92,5.63,0.0559314
0.92,5.64,0.065429
0.92,5.65,0.065019
0.92,5.66,0.053549
0.92,5.67,0.0549582
0.92,5.68,0.058731
0.92,5.69,0.0546342
0.92,5.7,0.0750292
0.92,5.71,0.0586096
0.92,5.72,0.0539517
0.92,5.73,0.055953
0.92,5.74,0.0591572
0.92,5.75,0.0617719
0.92,5.76,0.0572029
0.92,5.77,0.0581201
0.92,5.78,0.0588817
0.92,5.79,0.0544825
0.92,5.8,0.058981
0.92,5.81,0.0609156
0.92,5.82,0.0696551
0.92,5.83,0.0604864
0.92,5.84,0.0484802
0.92,5.85,0.0572216
0.92,5.86,0.0653695
0.92,5.87,0.0562073
0.92,5.88,0.0484387
0.92,5.89,0.0525241
0.92,5.9,0.0634462
0.92,5.91,0.0623596
0.92,5.92,0.0641616
0.92,5.93,0.0519914
0.92,5.94,0.0561604
0.92,5.95,0.0530995
0.92,5.96,0.0581835
0.92,5.97,0.0614416
0.92,5.98,0.0654776
0.92,5.99,0.048429
0.92,6,0.0575691
0.92,6.01,0.0638257
0.92,6.02,0.0569842
0.92,6.03,0.0555146
0.92,6.04,0.0685491
0.92,6.05,0.0630606
0.92,6.06,0.0637255
0.92,6.07,0.0654337
0.92,6.08,0.0611985
0.92,6.09,0.0504404
0.92,6.1,0.0633951
0.92,6.11,0.0512277
0.92,6.12,0.0555294
0.92,6.13,0.0578269
0.92,6.14,0.0636279
0.92,6.15,0.0564367
0.92,6.16,0.0626453
0.92,6.17,0.0587747
0.92,6.18,0.0574336
0.92,6.19,0.0674143
0.92,6.2,0.0594918
0.92,6.21,0.0544045
0.92,6.22,0.0578951
0.92,6.23,0.0489725
0.92,6.24,0.0490822
0.92,6.25,0.0580529
0.92,6.26,0.0571207
0.92,6.27,0.0577359
0.92,6.28,0.0565035
0.93,0,0.0591577
0.93,0.01,0.0598522
0.93,0.02,0.0563922
0.93,0.03,0.0523231
0.93,0.04,0.0617462
0.93,0.05,0.0658084
0.93,0.06,0.0464986
0.93,0.07,0.0536139
0.93,0.08,0.0535394
0.93,0.09,0.0601221
0.93,0.1,0.0597679
0.93,0.11,0.0580298
0.93,0.12,0.0594412
0.93,0.13,0.057228
0.93,0.14,0.0594753
0.93,0.15,0.0662666
0.93,0.16,0.0660674
0.93,0.17,0.0496975
0.93,0.18,0.0518121
0.93,0.19,0.0609273
0.93,0.2,0.0554748
0.93,0.21,0.0666945
0.93,0.22,0.0606877
0.93,0.23,0.0675868
0.93,0.24,0.0564825
0.93,0.25,0.0586643
0.93,0.26,0.0552749
0.93,0.27,0.0658221
0.93,0.28,0.0595848
0.93,0.29,0.0585262
0.93,0.3,0.0509603
0.93,0.31,0.066282
0.93,0.32,0.0509052
0.93,0.33,0.0610111
0.93,0.34,0.0620386
0.93,0.35,0.0560385
0.93,0.36,0.0635318
0.93,0.37,0.0594566
0.93,0.38,0.0596581
0.93,0.39,0.0546672
0.93,0.4,0.0537451
0.93,0.41,0.0582231
0.93,0.42,0.0435287
0.93,0.43,0.0481351
0.93,0.44,0.0598347
0.93,0.45,0.0546341
0.93,0.46,0.065831
0.93,0.47,0.0538089
0.93,0.48,0.0720176
0.93,0.49,0.0519931
0.93,0.5,0.0525898
0.93,0.51,0.0574553
0.93,0.52,0.0426295
0.93,0.53,0.0610985
0.93,0.54,0.0558689
0.93,0.55,0.0585422
0.93,0.56,0.0631012
0.93,0.57,0.0601701
0.93,0.58,0.05761
0.93,0.59,0.0512981
0.93,0.6,0.0668658
0.93,0.61,0.0495181
0.93,0.62,0.0562959
0.93,0.63,0.0608463
0.93,0.64,0.05918
0.93,0.65,0.0634119
0.93,0.66,0.0532895
0.93,0.67,0.0550063
0.93,0.68,0.0645696
0.93,0.69,0.0610454
0.93,0.7,0.057367
0.93,0.71,0.0489654
0.93,0.72,0.0568568
0.93,0.73,0.0553717
0.93,0.74,0.0515554
0.93,0.75,0.0612313
0.93,0.76,0.0651633
0.93,0.77,0.0542965
0.93,0.78,0.0552186
0.93,0.79,0.0608358
0.93,0.8,0.0565098
0.93,0.81,0.0592891
0.93,0.82,0.0606353
0.93,0.83,0.0553276
0.93,0.84,0.059572
0.93,0.85,0.0591969
0.93,0.86,0.0576488
0.93,0.87,0.0610742
0.93,0.88,0.0514802
0.93,0.89,0.0591275
0.93,0.9,0.0562209
0.93,0.91,0.0608418
0.93,0.92,0.067534
0.93,0.93,0.0576088
0.93,0.94,0.0625575
0.93,0.95,0.0591579
0.93,0.96,0.0537738
0.93,0.97,0.0667732
0.93,0.98,0.0501044
0.93,0.99,0.0596249
0.93,1,0.0692085
0.93,1.01,0.0557147
0.93,1.02,0.0529752
0.93,1.03,0.0557666
0.93,1.04,0.0590988
0.93,1.05,0.0558241
0.93,1.06,0.0627899
0.93,1.07,0.0587313
0.93,1.08,0.0589136
0.93,1.09,0.0662961
0.93,1.1,0.0574419
0.93,1.11,0.0561158
0.93,1.12,0.0603112
0.93,1.13,0.0553855
0.93,1.14,0.0606669
0.93,1.15,0.0539392
0.93,1.16,0.0552179
0.93,1.17,0.0615852
0.93,1.18,0.0540032
0.93,1.19,0.0617208
0.93,1.2,0.0559751
0.93,1.21,0.064449
0.93,1.22,0.0541699
0.93,1.23,0.0567077
0.93,1.24,0.0707109
0.93,1.25,0.0504138
0.93,1.26,0.0586133
0.93,1.27,0.061863
0.93,1.28,0.0601264
0.93,1.29,0.0646038
0.93,1.3,0.0548316
0.93,1.31,0.059059
0.93,1.32,0.0623969
0.93,1.33,0.0552226
0.93,1.34,0.0709354
0.93,1.35,0.0577622
0.93,1.36,0.0566039
0.93,1.37,0.0523143
0.93,1.38,0.0662623
0.93,1.39,0.0612561
0.93,1.4,0.0682582
0.93,1.41,0.0581616
0.93,1.42,0.0549358
0.93,1.43,0.0555596
0.93,1.44,0.0559253
0.93,1.45,0.0556958
0.93,1.46,0.0613544
0.93,1.47,0.0598747
0.93,1.48,0.0568912
0.93,1.49,0.0532463
0.93,1.5,0.0597273
0.93,1.51,0.0504015
0.93,1.52,0.0625511
0.93,1.53,0.0492817
0.93,1.54,0.0560021
0.93,1.55,0.0572349
0.93,1.56,0.0623128
0.93,1.57,0.0624004
0.93,1.58,0.0508417
0.93,1.59,0.0678897
0.93,1.6,0.0523002
0.93,1.61,0.0556165
0.93,1.62,0.0564893
0.93,1.63,0.0502947
0.93,1.64,0.0596942
0.93,1.65,0.0549355
0.93,1.66,0.0539594
0.93,1.67,0.0542984
0.93,1.68,0.0603277
0.93,1.69,0.0520597
0.93,1.7,0.0614921
0.93,1.71,0.0556946
0.93,1.72,0.0581947
0.93,1.73,0.0595858
0.93,1.74,0.0585478
0.93,1.75,0.0670758
0.93,1.76,0.0535631
0.93,1.77,0.0534283
0.93,1.78,0.0595949
0.93,1.79,0.0567896
0.93,1.8,0.0629615
0.93,1.81,0.0580855
0.93,1.82,0.0611007
0.93,1.83,0.0645547
0.93,1.84,0.0631596
0.93,1.85,0.0666568
0.93,1.86,0.0503009
0.93,1.87,0.0685124
0.93,1.88,0.061274
0.93,1.89,0.056129
0.93,1.9,0.0725806
0.93,1.91,0.0598263
0.93,1.92,0.0592361
0.93,1.93,0.0622793
0.93,1.94,0.0547756
0.93,1.95,0.0573503
0.93,1.96,0.0590323
0.93,1.97,0.0564314
0.93,1.98,0.0568518
0.93,1.99,0.0496204
0.93,2,0.0626488
0.93,2.01,0.0616109
0.93,2.02,0.0586336
0.93,2.03,0.0475938
0.93,2.04,0.0519211
0.93,2.05,0.0561144
0.93,2.06,0.0685602
0.93,2.07,0.0537272
0.93,2.08,0.0615822
0.93,2.09,0.0608299
0.93,2.1,0.0552939
0.93,2.11,0.0664253
0.93,2.12,0.0643786
0.93,2.13,0.0523542
0.93,2.14,0.0578178
0.93,2.15,0.0606578
0.93,2.16,0.057913
0.93,2.17,0.0605266
0.93,2.18,0.0556232
0.93,2.19,0.0576368
0.93,2.2,0.0478607
0.93,2.21,0.0645952
0.93,2.22,0.0645479
0.93,2.23,0.0622499
0.93,2.24,0.0533662
0.93,2.25,0.0592323
0.93,2.26,0.0545191
0.93,2.27,0.0611588
0.93,2.28,0.0525601
0.93,2.29,0.0728722
0.93,2.3,0.0578533
0.93,2.31,0.0574001
0.93,2.32,0.069045
0.93,2.33,0.0504457
0.93,2.34,0.0561323
0.93,2.35,0.0578113
0.93,2.36,0.0594046
0.93,2.37,0.0537501
0.93,2.38,0.0621303
0.93,2.39,0.0551766
0.93,2.4,0.0520895
0.93,2.41,0.0620701
0.93,2.42,0.0506547
0.93,2.43,0.0515907
0.93,2.44,0.0626404
0.93,2.45,0.0619136
0.93,2.46,0.0572793
0.93,2.47,0.0617743
0.93,2.48,0.0626041
0.93,2.49,0.06067
0.93,2.5,0.055598
0.93,2.51,0.050558
0.93,2.52,0.0627387
0.93,2.53,0.0627283
0.93,2.54,0.0473153
0.93,2.55,0.060829
0.93,2.56,0.0574978
0.93,2.57,0.052772
0.93,2.58,0.0618743
0.93,2.59,0.058535
0.93,2.6,0.0575691
0.93,2.61,0.0623172
0.93,2.62,0.0545987
0.93,2.63,0.0568557
0.93,2.64,0.0638017
0.93,2.65,0.0606933
0.93,2.66,0.0541403
0.93,2.67,0.0515532
0.93,2.68,0.0573012
0.93,2.69,0.0487241
0.93,2.7,0.0621937
0.93,2.71,0.0630125
0.93,2.72,0.0572441
0.93,2.73,0.0511117
0.93,2.74,0.0624827
0.93,2.75,0.0534275
0.93,2.76,0.0609164
0.93,2.77,0.0516887
0.93,2.78,0.0592378
0.93,2.79,0.0510933
0.93,2.8,0.0611024
0.93,2.81,0.0645595
0.93,2.82,0.0568302
0.93,2.83,0.0563245
0.93,2.84,0.0627265
0.93,2.85,0.0541196
0.93,2.86,0.0527702
0.93,2.87,0.0474665
0.93,2.88,0.0592801
0.93,2.89,0.056877
0.93,2.9,0.0644089
0.93,2.91,0.0575581
0.93,2.92,0.0546209
0.93,2.93,0.0649847
0.93,2.94,0.0542163
0.93,2.95,0.0453824
0.93,2.96,0.0532686
0.93,2.97,0.0490552
0.93,2.98,0.0600759
0.93,2.99,0.0455147
0.93,3,0.0648075
0.93,3.01,0.0492208
0.93,3.02,0.0546051
0.93,3.03,0.0510861
0.93,3.04,0.0636147
0.93,3.05,0.0553897
0.93,3.06,0.0643383
0.93,3.07,0.0514435
0.93,3.08,0.0641349
0.93,3.09,0.061883
0.93,3.1,0.0587534
0.93,3.11,0.0624594
0.93,3.12,0.0609998
0.93,3.13,0.0461433
0.93,3.14,0.0600978
0.93,3.15,0.0630078
0.93,3.16,0.0591823
0.93,3.17,0.0580352
0.93,3.18,0.0635088
0.93,3.19,0.0555492
0.93,3.2,0.0583348
0.93,3.21,0.0593925
0.93,3.22,0.0688945
0.93,3.23,0.0571486
0.93,3.24,0.0536568
0.93,3.25,0.0649807
0.93,3.26,0.0566704
0.93,3.27,0.059099
0.93,3.28,0.0625508
0.93,3.29,0.0606383
0.93,3.3,0.0581167
0.93,3.31,0.0540941
0.93,3.32,0.0547928
0.93,3.33,0.0577469
0.93,3.34,0.0586
0.93,3.35,0.0556673
0.93,3.36,0.0678306
0.93,3.37,0.0701255
0.93,3.38,0.0589204
0.93,3.39,0.0581758
0.93,3.4,0.0596253
0.93,3.41,0.0658565
0.93,3.42,0.0492113
0.93,3.43,0.0616949
0.93,3.44,0.0525938
0.93,3.45,0.0582226
0.93,3.46,0.0606559
0.93,3.47,0.0545324
0.93,3.48,0.0544781
0.93,3.49,0.0620725
0.93,3.5,0.0566294
0.93,3.51,0.0605306
0.93,3.52,0.0651561
0.93,3.53,0.0563179
0.93,3.54,0.0587492
0.93,3.55,0.0571839
0.93,3.56,0.0587847
0.93,3.57,0.0640189
0.93,3.58,0.0562182
0.93,3.59,0.0500868
0.93,3.6,0.0598
0.93,3.61,0.0615916
0.93,3.62,0.0556177
0.93,3.63,0.0667035
0.93,3.64,0.0566996
0.93,3.65,0.0638958
0.93,3.66,0.0541752
0.93,3.67,0.0596357
0.93,3.68,0.0627373
0.93,3.69,0.0539143
0.93,3.7,0.0604387
0.93,3.71,0.0505592
0.93,3.72,0.0559866
0.93,3.73,0.057282
0.93,3.74,0.0544414
0.93,3.75,0.0573537
0.93,3.76,0.0595101
0.93,3.77,0.0547031
0.93,3.78,0.0655569
0.93,3.79,0.0597794
0.93,3.8,0.057025
0.93,3.81,0.0564931
0.93,3.82,0.0538095
0.93,3.83,0.0637055
0.93,3.84,0.0435443
0.93,3.85,0.0586425
0.93,3.86,0.0599843
0.93,3.87,0.054251
0.93,3.88,0.0648658
0.93,3.89,0.0545023
0.93,3.9,0.0580841
0.93,3.91,0.0661464
0.93,3.92,0.0632664
0.93,3.93,0.0541106
0.93,3.94,0.053615
0.93,3.95,0.056076
0.93,3.96,0.0662338
0.93,3.97,0.058434
0.93,3.98,0.0563305
0.93,3.99,0.0600692
0.93,4,0.0657716
0.93,4.01,0.0621628
0.93,4.02,0.0589609
0.93,4.03,0.0530902
0.93,4.04,0.0649857
0.93,4.05,0.0557175
0.93,4.06,0.0573967
0.93,4.07,0.0649187
0.93,4.08,0.0602537
0.93,4.09,0.0637055
0.93,4.1,0.0569637
0.93,4.11,0.04996
0.93,4.12,0.0563049
0.93,4.13,0.0545605
0.93,4.14,0.0587165
0.93,4.15,0.0623169
0.93,4.16,0.0610764
0.93,4.17,0.0586665
0.93,4.18,0.0592275
0.93,4.19,0.0708462
0.93,4.2,0.0653413
0.93,4.21,0.0651512
0.93,4.22,0.0587033
0.93,4.23,0.0535629
0.93,4.24,0.0593731
0.93,4.25,0.0690855
0.93,4.26,0.0595985
0.93,4.27,0.0516347
0.93,4.28,0.0549188
0.93,4.29,0.0512391
0.93,4.3,0.0535097
0.93,4.31,0.0620233
0.93,4.32,0.0538596
0.93,4.33,0.0593778
0.93,4.34,0.0462792
0.93,4.35,0.0562096
0.93,4.36,0.0652148
0.93,4.37,0.0466791
0.93,4.38,0.0459885
0.93,4.39,0.0598982
0.93,4.4,0.0553648
0.93,4.41,0.0573015
0.93,4.42,0.0579388
0.93,4.43,0.059685
0.93,4.44,0.0532502
0.93,4.45,0.0582231
0.93,4.46,0.0591976
0.93,4.47,0.0595655
0.93,4.48,0.0579848
0.93,4.49,0.0630418
0.93,4.5,0.0564115
0.93,4.51,0.0632795
0.93,4.52,0.0609228
0.93,4.53,0.0588454
0.93,4.54,0.0574642
0.93,4.55,0.0565821
0.93,4.56,0.0585504
0.93,4.57,0.050134
0.93,4.58,0.0482525
0.93,4.59,0.0616017
0.93,4.6,0.0631212
0.93,4.61,0.0525033
0.93,4.62,0.0580625
0.93,4.63,0.0600266
0.93,4.64,0.0477381
0.93,4.65,0.0555289
0.93,4.66,0.0535201
0.93,4.67,0.0709505
0.93,4.68,0.065754
0.93,4.69,0.0556431
0.93,4.7,0.0619712
0.93,4.71,0.0564237
0.93,4.72,0.0565288
0.93,4.73,0.0571932
0.93,4.74,0.0633426
0.93,4.75,0.0520733
0.93,4.76,0.0658383
0.93,4.77,0.0713777
0.93,4.78,0.0588983
0.93,4.79,0.0607951
0.93,4.8,0.0668643
0.93,4.81,0.054428
0.93,4.82,0.0516016
0.93,4.83,0.0555012
0.93,4.84,0.0557832
0.93,4.85,0.0564602
0.93,4.86,0.0535438
0.93,4.87,0.0541834
0.93,4.88,0.0462028
0.93,4.89,0.0559073
0.93,4.9,0.0582269
0.93,4.91,0.0539131
0.93,4.92,0.0577139
0.93,4.93,0.0578216
0.93,4.94,0.0616073
0.93,4.95,0.0689793
0.93,4.96,0.0593811
0.93,4.97,0.0694029
0.93,4.98,0.0590251
0.93,4.99,0.04858
0.93,5,0.054339
0.93,5.01,0.0542044
0.93,5.02,0.052723
0.93,5.03,0.0558239
0.93,5.04,0.0501463
0.93,5.05,0.0534844
0.93,5.06,0.0565184
0.93,5.07,0.0727087
0.93,5.08,0.0559025
0.93,5.09,0.0560431
0.93,5.1,0.052241
0.93,5.11,0.0649197
0.93,5.12,0.0510697
0.93,5.13,0.0472823
0.93,5.14,0.0630468
0.93,5.15,0.0658808
0.93,5.16,0.0514964
0.93,5.17,0.0616235
0.93,5.18,0.049779
0.93,5.19,0.0656136
0.93,5.2,0.0581726
0.93,5.21,0.0695493
0.93,5.22,0.0512427
0.93,5.23,0.0619437
0.93,5.24,0.0640717
0.93,5.25,0.0511147
0.93,5.26,0.0543445
0.93,5.27,0.0673053
0.93,5.28,0.0608995
0.93,5.29,0.0620284
0.93,5.3,0.0672756
0.93,5.31,0.0664698
0.93,5.32,0.0621441
0.93,5.33,0.0573525
0.93,5.34,0.052525
0.93,5.35,0.06267
0.93,5.36,0.0605306
0.93,5.37,0.0585526
0.93,5.38,0.0562098
0.93,5.39,0.0431736
0.93,5.4,0.0631167
0.93,5.41,0.0558751
0.93,5.42,0.0531616
0.93,5.43,0.0590124
0.93,5.44,0.0576663
0.93,5.45,0.0633913
0.93,5.46,0.0555472
0.93,5.47,0.0555189
0.93,5.48,0.061234
0.93,5.49,0.0571471
0.93,5.5,0.0541449
0.93,5.51,0.0635608
0.93,5.52,0.0581931
0.93,5.53,0.0589008
0.93,5.54,0.059366
0.93,5.55,0.0553272
0.93,5.56,0.0607195
0.93,5.57,0.0561868
0.93,5.58,0.0589796
0.93,5.59,0.0484567
0.93,5.6,0.0580381
0.93,5.61,0.0640148
0.93,5.62,0.0573647
0.93,5.63,0.0573411
0.93,5.64,0.0532598
0.93,5.65,0.0604412
0.93,5.66,0.0529368
0.93,5.67,0.0601117
0.93,5.68,0.0447938
0.93,5.69,0.0539185
0.93,5.7,0.0600551
0.93,5.71,0.0503425
0.93,5.72,0.0626406
0.93,5.73,0.0571058
0.93,5.74,0.0481802
0.93,5.75,0.058746
0.93,5.76,0.0599639
0.93,5.77,0.0594087
0.93,5.78,0.0570525
0.93,5.79,0.0580363
0.93,5.8,0.0568877
0.93,5.81,0.0567662
0.93,5.82,0.0615555
0.93,5.83,0.0654957
0.93,5.84,0.0597167
0.93,5.85,0.0612284
0.93,5.86,0.0586944
0.93,5.87,0.0649564
0.93,5.88,0.0531384
0.93,5.89,0.0637502
0.93,5.9,0.0570021
0.93,5.91,0.0583379
0.93,5.92,0.0499684
0.93,5.93,0.0644719
0.93,5.94,0.0519857
0.93,5.95,0.0600576
0.93,5.96,0.0546926
0.93,5.97,0.0497013
0.93,5.98,0.0624914
0.93,5.99,0.0574749
0.93,6,0.0650264
0.93,6.01,0.0544218
0.93,6.02,0.0587329
0.93,6.03,0.0636558
0.93,6.04,0.0548937
0.93,6.05,0.0635272
0.93,6.06,0.056274
0.93,6.07,0.0526997
0.93,6.08,0.057782
0.93,6.09,0.0513139
0.93,6.1,0.0622629
0.93,6.11,0.0612961
0.93,6.12,0.0652529
0.93,6.13,0.0532509
0.93,6.14,0.0547849
0.93,6.15,0.0540016
0.93,6.16,0.0569494
0.93,6.17,0.0622348
0.93,6.18,0.0627534
0.93,6.19,0.0700776
0.93,6.2,0.0670538
0.93,6.21,0.0549691
0.93,6.22,0.0518316
0.93,6.23,0.0604436
0.93,6.24,0.0538725
0.93,6.25,0.0601609
0.93,6.26,0.0547901
0.93,6.27,0.050511
0.93,6.28,0.062799
0.94,0,0.0532879
0.94,0.01,0.0595332
0.94,0.02,0.0554126
0.94,0.03,0.0572183
0.94,0.04,0.0589571
0.94,0.05,0.0582467
0.94,0.06,0.0666896
0.94,0.07,0.0560991
0.94,0.08,0.0506612
0.94,0.09,0.0616157
0.94,0.1,0.0516232
0.94,0.11,0.058186
0.94,0.12,0.0497831
0.94,0.13,0.0583979
0.94,0.14,0.0589431
0.94,0.15,0.0571004
0.94,0.16,0.0587361
0.94,0.17,0.0588397
0.94,0.18,0.050813
0.94,0.19,0.0576535
0.94,0.2,0.0602378
0.94,0.21,0.0547978
0.94,0.22,0.058161
0.94,0.23,0.0535433
0.94,0.24,0.0621667
0.94,0.25,0.0575113
0.94,0.26,0.0573129
0.94,0.27,0.0501698
0.94,0.28,0.0572982
0.94,0.29,0.0588271
0.94,0.3,0.0569421
0.94,0.31,0.0502624
0.94,0.32,0.0583161
0.94,0.33,0.0553692
0.94,0.34,0.0550495
0.94,0.35,0.0596189
0.94,0.36,0.0587225
0.94,0.37,0.0567498
0.94,0.38,0.0565637
0.94,0.39,0.0631828
0.94,0.4,0.0599649
0.94,0.41,0.0603126
0.94,0.42,0.0703426
0.94,0.43,0.0599964
0.94,0.44,0.050953
0.94,0.45,0.0576069
0.94,0.46,0.0681911
0.94,0.47,0.0635021
0.94,0.48,0.0558123
0.94,0.49,0.0690865
0.94,0.5,0.0575677
0.94,0.51,0.0487508
0.94,0.52,0.0605796
0.94,0.53,0.0595127
0.94,0.54,0.0603969
0.94,0.55,0.0578365
0.94,0.56,0.0603408
0.94,0.57,0.0566757
0.94,0.58,0.0493123
0.94,0.59,0.0640885
0.94,0.6,0.0535381
0.94,0.61,0.0531589
0.94,0.62,0.0575543
0.94,0.63,0.0575399
0.94,0.64,0.0550524
0.94,0.65,0.0549451
0.94,0.66,0.0607789
0.94,0.67,0.0538543
0.94,0.68,0.0546863
0.94,0.69,0.060686
0.94,0.7,0.0585007
0.94,0.71,0.0638377
0.94,0.72,0.0528325
0.94,0.73,0.0616279
0.94,0.74,0.0564624
0.94,0.75,0.0552142
0.94,0.76,0.0558121
0.94,0.77,0.0536146
0.94,0.78,0.0526965
0.94,0.79,0.0607291
0.94,0.8,0.0488689
0.94,0.81,0.0555408
0.94,0.82,0.051388
0.94,0.83,0.0627224
0.94,0.84,0.0591541
0.94,0.85,0.054413
0.94,0.86,0.0662921
0.94,0.87,0.0627404
0.94,0.88,0.0657423
0.94,0.89,0.0654082
0.94,0.9,0.0609307
0.94,0.91,0.0513002
0.94,0.92,0.0588171
0.94,0.93,0.0529341
0.94,0.94,0.0568082
0.94,0.95,0.0683275
0.94,0.96,0.0674701
0.94,0.97,0.0526211
0.94,0.98,0.0594228
0.94,0.99,0.0551101
0.94,1,0.0666182
0.94,1.01,0.0611754
0.94,1.02,0.0498319
0.94,1.03,0.0596689
0.94,1.04,0.0619391
0.94,1.05,0.0541014
0.94,1.06,0.0601851
0.94,1.07,0.0554822
0.94,1.08,0.0554154
0.94,1.09,0.0581174
0.94,1.1,0.0610638
0.94,1.11,0.0628249
0.94,1.12,0.0549059
0.94,1.13,0.0600391
0.94,1.14,0.0532624
0.94,1.15,0.0602695
0.94,1.16,0.064187
0.94,1.17,0.0555024
0.94,1.18,0.055171
0.94,1.19,0.0607549
0.94,1.2,0.0600008
0.94,1.21,0.0561307
0.94,1.22,0.0561686
0.94,1.23,0.0643813
0.94,1.24,0.0565721
0.94,1.25,0.0530643
0.94,1.26,0.0554075
0.94,1.27,0.0676299
0.94,1.28,0.0604871
0.94,1.29,0.0608327
0.94,1.3,0.0518531
0.94,1.31,0.0545447
0.94,1.32,0.0681643
0.94,1.33,0.0625226
0.94,1.34,0.0571915
0.94,1.35,0.0577811
0.94,1.36,0.0550142
0.94,1.37,0.0521267
0.94,1.38,0.0608077
0.94,1.39,0.0569096
0.94,1.4,0.0640778
0.94,1.41,0.054233
0.94,1.42,0.057779
0.94,1.43,0.0581667
0.94,1.44,0.056066
0.94,1.45,0.0602718
0.94,1.46,0.0677042
0.94,1.47,0.0485422
0.94,1.48,0.0538324
0.94,1.49,0.0600034
0.94,1.5,0.0528478
0.94,1.51,0.0559104
0.94,1.52,0.0605373
0.94,1.53,0.0486347
0.94,1.54,0.0560485
0.94,1.55,0.0652466
0.94,1.56,0.0562117
0.94,1.57,0.05424
0.94,1.58,0.0673039
0.94,1.59,0.0571647
0.94,1.6,0.0661545
0.94,1.61,0.0452045
0.94,1.62,0.0596033
0.94,1.63,0.0556574
0.94,1.64,0.0600167
0.94,1.65,0.0674964
0.94,1.66,0.0533425
0.94,1.67,0.0532827
0.94,1.68,0.062718
0.94,1.69,0.0583885
0.94,1.7,0.0594911
0.94,1.71,0.05312
0.94,1.72,0.0519703
0.94,1.73,0.0596175
0.94,1.74,0.0625348
0.94,1.75,0.0546608
0.94,1.76,0.0558389
0.94,1.77,0.0613389
0.94,1.78,0.0480752
0.94,1.79,0.0586904
0.94,1.8,0.0661244
0.94,1.81,0.0645779
0.94,1.82,0.0512877
0.94,1.83,0.0606806
0.94,1.84,0.055957
0.94,1.85,0.0551383
0.94,1.86,0.0524703
0.94,1.87,0.0550518
0.94,1.88,0.0626473
0.94,1.89,0.0553477
0.94,1.9,0.062652
0.94,1.91,0.0587788
0.94,1.92,0.0545634
0.94,1.93,0.0588361
0.94,1.94,0.060487
0.94,1.95,0.0548513
0.94,1.96,0.0570757
0.94,1.97,0.068164
0.94,1.98,0.0613469
0.94,1.99,0.0558755
0.94,2,0.0598435
0.94,2.01,0.0611902
0.94,2.02,0.0650733
0.94,2.03,0.0575743
0.94,2.04,0.0596851
0.94,2.05,0.0590483
0.94,2.06,0.0630228
0.94,2.07,0.0492274
0.94,2.08,0.0593112
0.94,2.09,0.0616403
0.94,2.1,0.0534628
0.94,2.11,0.0595375
0.94,2.12,0.0600718
0.94,2.13,0.0517406
0.94,2.14,0.059666
0.94,2.15,0.0598708
0.94,2.16,0.0719791
0.94,2.17,0.0585766
0.94,2.18,0.0621308
0.94,2.19,0.0554336
0.94,2.2,0.0572815
0.94,2.21,0.0500924
0.94,2.22,0.0554279
0.94,2.23,0.0528199
0.94,2.24,0.0539194
0.94,2.25,0.0565982
0.94,2.26,0.0584821
0.94,2.27,0.0479348
0.94,2.28,0.0579479
0.94,2.29,0.0613066
0.94,2.3,0.0575227
0.94,2.31,0.0553548
0.94,2.32,0.0585247
0.94,2.33,0.0530651
0.94,2.34,0.0556554
0.94,2.35,0.0570707
0.94,2.36,0.0607133
0.94,2.37,0.0522568
0.94,2.38,0.0644224
0.94,2.39,0.0523493
0.94,2.4,0.0632354
0.94,2.41,0.0536657
0.94,2.42,0.0480083
0.94,2.43,0.0597012
0.94,2.44,0.0600957
0.94,2.45,0.0524168
0.94,2.46,0.0584587
0.94,2.47,0.0531027
0.94,2.48,0.054237
0.94,2.49,0.0536222
0.94,2.5,0.0506076
0.94,2.51,0.0604342
0.94,2.52,0.0664847
0.94,2.53,0.0596188
0.94,2.54,0.060266
0.94,2.55,0.0529132
0.94,2.56,0.0599939
0.94,2.57,0.0502631
0.94,2.58,0.052192
0.94,2.59,0.061133
0.94,2.6,0.0627187
0.94,2.61,0.0589538
0.94,2.62,0.0456992
0.94,2.63,0.0558142
0.94,2.64,0.0578935
0.94,2.65,0.0597904
0.94,2.66,0.0604873
0.94,2.67,0.05996
0.94,2.68,0.0567642
0.94,2.69,0.0621205
0.94,2.7,0.0550123
0.94,2.71,0.0596253
0.94,2.72,0.0572821
0.94,2.73,0.0562604
0.94,2.74,0.0523982
0.94,2.75,0.0704793
0.94,2.76,0.052402
0.94,2.77,0.0533765
0.94,2.78,0.0558215
0.94,2.79,0.0510496
0.94,2.8,0.0598651
0.94,2.81,0.0555173
0.94,2.82,0.0609054
0.94,2.83,0.0616902
0.94,2.84,0.0629064
0.94,2.85,0.0573654
0.94,2.86,0.0535872
0.94,2.87,0.0642538
0.94,2.88,0.0648133
0.94,2.89,0.0647232
0.94,2.9,0.0666343
0.94,2.91,0.0514336
0.94,2.92,0.0626321
0.94,2.93,0.0574518
0.94,2.94,0.0578615
0.94,2.95,0.0558979
0.94,2.96,0.0527616
0.94,2.97,0.0504421
0.94,2.98,0.0587759
0.94,2.99,0.0544124
0.94,3,0.0619686
0.94,3.01,0.0657918
0.94,3.02,0.0549906
0.94,3.03,0.0573158
0.94,3.04,0.0552252
0.94,3.05,0.0579274
0.94,3.06,0.0607896
0.94,3.07,0.060123
0.94,3.08,0.0630034
0.94,3.09,0.0529101
0.94,3.1,0.0509544
0.94,3.11,0.0624905
0.94,3.12,0.0632849
0.94,3.13,0.06076
0.94,3.14,0.0595508
0.94,3.15,0.0639028
0.94,3.16,0.0608548
0.94,3.17,0.0591854
0.94,3.18,0.0644518
0.94,3.19,0.0578763
0.94,3.2,0.0568043
0.94,3.21,0.0557669
0.94,3.22,0.0561139
0.94,3.23,0.0544441
0.94,3.24,0.060673
0.94,3.25,0.0532794
0.94,3.26,0.0548979
0.94,3.27,0.0627545
0.94,3.28,0.0576156
0.94,3.29,0.0546957
0.94,3.3,0.0545198
0.94,3.31,0.0606995
0.94,3.32,0.0674495
0.94,3.33,0.0547258
0.94,3.34,0.0583439
0.94,3.35,0.0539227
0.94,3.36,0.0496603
0.94,3.37,0.0475516
0.94,3.38,0.055558
0.94,3.39,0.0646756
0.94,3.4,0.0651073
0.94,3.41,0.061246
0.94,3.42,0.0594584
0.94,3.43,0.0632537
0.94,3.44,0.0534164
0.94,3.45,0.0592367
0.94,3.46,0.0681238
0.94,3.47,0.0614368
0.94,3.48,0.0576437
0.94,3.49,0.0609022
0.94,3.5,0.0508549
0.94,3.51,0.0527591
0.94,3.52,0.063655
0.94,3.53,0.0550988
0.94,3.54,0.0588923
0.94,3.55,0.0530803
0.94,3.56,0.0540411
0.94,3.57,0.0498537
0.94,3.58,0.0566233
0.94,3.59,0.0656755
0.94,3.6,0.0586594
0.94,3.61,0.0514428
0.94,3.62,0.0659144
0.94,3.63,0.0598332
0.94,3.64,0.0516341
0.94,3.65,0.0637104
0.94,3.66,0.0539825
0.94,3.67,0.05212
0.94,3.68,0.0614101
0.94,3.69,0.0545393
0.94,3.7,0.0540798
0.94,3.71,0.052986
0.94,3.72,0.0628701
0.94,3.73,0.0652485
0.94,3.74,0.0706402
0.94,3.75,0.0611141
0.94,3.76,0.0685646
0.94,3.77,0.0518693
0.94,3.78,0.0508393
0.94,3.79,0.0648737
0.94,3.8,0.0465923
0.94,3.81,0.055056
0.94,3.82,0.0592331
0.94,3.83,0.0656886
0.94,3.84,0.0562109
0.94,3.85,0.0587295
0.94,3.86,0.0623587
0.94,3.87,0.0527659
0.94,3.88,0.0665892
0.94,3.89,0.0593919
0.94,3.9,0.059622
0.94,3.91,0.0587128
0.94,3.92,0.0650193
0.94,3.93,0.0596673
0.94,3.94,0.064149
0.94,3.95,0.0576205
0.94,3.96,0.0623157
0.94,3.97,0.048587
0.94,3.98,0.0620484
0.94,3.99,0.0573502
0.94,4,0.0585079
0.94,4.01,0.0560035
0.94,4.02,0.0540023
0.94,4.03,0.0653716
0.94,4.04,0.0772431
0.94,4.05,0.0583357
0.94,4.06,0.057134
0.94,4.07,0.058004
0.94,4.08,0.0589359
0.94,4.09,0.060323
0.94,4.1,0.0502232
0.94,4.11,0.0583772
0.94,4.12,0.0557096
0.94,4.13,0.0499655
0.94,4.14,0.0572604
0.94,4.15,0.0565073
0.94,4.16,0.0604752
0.94,4.17,0.0576452
0.94,4.18,0.0640861
0.94,4.19,0.0577962
0.94,4.2,0.0495383
0.94,4.21,0.0569418
0.94,4.22,0.0527253
0.94,4.23,0.0598403
0.94,4.24,0.0568129
0.94,4.25,0.0523269
0.94,4.26,0.0548731
0.94,4.27,0.0493325
0.94,4.28,0.0681589
0.94,4.29,0.0539784
0.94,4.3,0.0676634
0.94,4.31,0.0563498
0.94,4.32,0.0566783
0.94,4.33,0.0528392
0.94,4.34,0.058124
0.94,4.35,0.056654
0.94,4.36,0.0610865
0.94,4.37,0.0707421
0.94,4.38,0.0593227
0.94,4.39,0.0484593
0.94,4.4,0.0552092
0.94,4.41,0.0576956
0.94,4.42,0.0526629
0.94,4.43,0.0530085
0.94,4.44,0.0537435
0.94,4.45,0.0546766
0.94,4.46,0.0581419
0.94,4.47,0.0524051
0.94,4.48,0.0461769
0.94,4.49,0.0637165
0.94,4.5,0.0658992
0.94,4.51,0.0530721
0.94,4.52,0.056122
0.94,4.53,0.0570756
0.94,4.54,0.0512141
0.94,4.55,0.0512232
0.94,4.56,0.0556502
0.94,4.57,0.0621382
0.94,4.58,0.0608821
0.94,4.59,0.0551142
0.94,4.6,0.0577648
0.94,4.61,0.0614421
0.94,4.62,0.0593547
0.94,4.63,0.0523626
0.94,4.64,0.0578432
0.94,4.65,0.0572211
0.94,4.66,0.0522841
0.94,4.67,0.0693426
0.94,4.68,0.0587728
0.94,4.69,0.0571105
0.94,4.7,0.0644784
0.94,4.71,0.0578102
0.94,4.72,0.0549978
0.94,4.73,0.0542984
0.94,4.74,0.050295
0.94,4.75,0.0620373
0.94,4.76,0.0540381
0.94,4.77,0.0615028
0.94,4.78,0.0517279
0.94,4.79,0.0501723
0.94,4.8,0.0509407
0.94,4.81,0.0589984
0.94,4.82,0.0606998
0.94,4.83,0.0691587
0.94,4.84,0.0540397
0.94,4.85,0.053028
0.94,4.86,0.0587842
0.94,4.87,0.0538355
0.94,4.88,0.0560589
0.94,4.89,0.0529776
0.94,4.9,0.0593624
0.94,4.91,0.0627535
0.94,4.92,0.0657034
0.94,4.93,0.0561453
0.94,4.94,0.0491126
0.94,4.95,0.0615703
0.94,4.96,0.056756
0.94,4.97,0.0557561
0.94,4.98,0.0603597
0.94,4.99,0.0554071
0.94,5,0.0640452
0.94,5.01,0.0569053
0.94,5.02,0.0659645
0.94,5.03,0.0659945
0.94,5.04,0.0549458
0.94,5.05,0.0605755
0.94,5.06,0.0547072
0.94,5.07,0.0624906
0.94,5.08,0.0517685
0.94,5.09,0.0663576
0.94,5.1,0.0537772
0.94,5.11,0.0562371
0.94,5.12,0.0611066
0.94,5.13,0.0557832
0.94,5.14,0.0621831
0.94,5.15,0.0466887
0.94,5.16,0.0601423
0.94,5.17,0.0542387
0.94,5.18,0.0580853
0.94,5.19,0.0559261
0.94,5.2,0.0572083
0.94,5.21,0.0556644
0.94,5.22,0.0647
0.94,5.23,0.0574734
0.94,5.24,0.0651809
0.94,5.25,0.0563239
0.94,5.26,0.0637968
0.94,5.27,0.0614146
0.94,5.28,0.0585896
0.94,5.29,0.0568307
0.94,5.3,0.0618126
0.94,5.31,0.0535689
0.94,5.32,0.0683121
0.94,5.33,0.0541371
0.94,5.34,0.0476892
0.94,5.35,0.0540176
0.94,5.36,0.0511135
0.94,5.37,0.0549694
0.94,5.38,0.0579659
0.94,5.39,0.05478
0.94,5.4,0.064053
0.94,5.41,0.066991
0.94,5.42,0.0593907
0.94,5.43,0.0675998
0.94,5.44,0.0566225
0.94,5.45,0.0538848
0.94,5.46,0.0607765
0.94,5.47,0.0582085
0.94,5.48,0.0594674
0.94,5.49,0.0552671
0.94,5.5,0.0614072
0.94,5.51,0.0577225
0.94,5.52,0.0527812
0.94,5.53,0.0581971
0.94,5.54,0.0593874
0.94,5.55,0.0454894
0.94,5.56,0.0681075
0.94,5.57,0.0537804
0.94,5.58,0.052931
0.94,5.59,0.0555093
0.94,5.6,0.0663057
0.94,5.61,0.0491916
0.94,5.62,0.0506464
0.94,5.63,0.0615478
0.94,5.64,0.060296
0.94,5.65,0.0539094
0.94,5.66,0.0546807
0.94,5.67,0.058549
0.94,5.68,0.0507863
0.94,5.69,0.0576391
0.94,5.7,0.0522378
0.94,5.71,0.0568102
0.94,5.72,0.0515437
0.94,5.73,0.0601801
0.94,5.74,0.0503131
0.94,5.75,0.0571441
0.94,5.76,0.0537779
0.94,5.77,0.0449525
0.94,5.78,0.0677615
0.94,5.79,0.0596432
0.94,5.8,0.0592568
0.94,5.81,0.0536676
0.94,5.82,0.0621474
0.94,5.83,0.0510511
0.94,5.84,0.0561334
0.94,5.85,0.0525382
0.94,5.86,0.0554383
0.94,5.87,0.0614178
0.94,5.88,0.0586131
0.94,5.89,0.051916
0.94,5.9,0.0559349
0.94,5.91,0.0581357
0.94,5.92,0.0617552
0.94,5.93,0.0596918
0.94,5.94,0.0627039
0.94,5.95,0.0599362
0.94,5.96,0.0510757
0.94,5.97,0.0482887
0.94,5.98,0.0567245
0.94,5.99,0.0549442
0.94,6,0.0556738
0.94,6.01,0.0578412
0.94,6.02,0.0648487
0.94,6.03,0.059573
0.94,6.04,0.0555326
0.94,6.05,0.059869
0.94,6.06,0.0605669
0.94,6.07,0.056624
0.94,6.08,0.0561034
0.94,6.09,0.0567875
0.94,6.1,0.0622919
0.94,6.11,0.0445581
0.94,6.12,0.0656538
0.94,6.13,0.0656139
0.94,6.14,0.0575903
0.94,6.15,0.0613336
0.94,6.16,0.0597701
0.94,6.17,0.0598048
0.94,6.18,0.0632169
0.94,6.19,0.0619424
0.94,6.2,0.0604176
0.94,6.21,0.0549748
0.94,6.22,0.0583486
0.94,6.23,0.049994
0.94,6.24,0.0540261
0.94,6.25,0.0566862
0.94,6.26,0.0552006
0.94,6.27,0.0512424
0.94,6.28,0.0604378
0.95,0,0.0621589
0.95,0.01,0.0457587
0.95,0.02,0.0553992
0.95,0.03,0.0547273
0.95,0.04,0.0682246
0.95,0.05,0.0548124
0.95,0.06,0.0539622
0.95,0.07,0.0469903
0.95,0.08,0.0472685
0.95,0.09,0.0622537
0.95,0.1,0.0492258
0.95,0.11,0.0577555
0.95,0.12,0.064879
0.95,0.13,0.054881
0.95,0.14,0.05972
0.95,0.15,0.0648438
0.95,0.16,0.0569358
0.95,0.17,0.0534826
0.95,0.18,0.057477
0.95,0.19,0.0601059
0.95,0.2,0.0634113
0.95,0.21,0.0550192
0.95,0.22,0.0543591
0.95,0.23,0.045057
0.95,0.24,0.0529244
0.95,0.25,0.0569361
0.95,0.26,0.0508704
0.95,0.27,0.0580391
0.95,0.28,0.0533737
0.95,0.29,0.0532114
0.95,0.3,0.061477
0.95,0.31,0.0583022
0.95,0.32,0.0593844
0.95,0.33,0.0528778
0.95,0.34,0.0613032
0.95,0.35,0.059207
0.95,0.36,0.0577768
0.95,0.37,0.0557541
0.95,0.38,0.0563961
0.95,0.39,0.0577588
0.95,0.4,0.0594729
0.95,0.41,0.0564002
0.95,0.42,0.047838
0.95,0.43,0.0481678
0.95,0.44,0.055908
0.95,0.45,0.0622852
0.95,0.46,0.0559327
0.95,0.47,0.0606558
0.95,0.48,0.0622517
0.95,0.49,0.0557322
0.95,0.5,0.0576078
0.95,0.51,0.0496603
0.95,0.52,0.0594452
0.95,0.53,0.0508806
0.95,0.54,0.0587137
0.95,0.55,0.0528544
0.95,0.56,0.0507059
0.95,0.57,0.0593463
0.95,0.58,0.0629905
0.95,0.59,0.0560919
0.95,0.6,0.0528204
0.95,0.61,0.0616744
0.95,0.62,0.0628449
0.95,0.63,0.0491228
0.95,0.64,0.0615742
0.95,0.65,0.056352
0.95,0.66,0.071202
0.95,0.67,0.0541372
0.95,0.68,0.0573225
0.95,0.69,0.0573458
0.95,0.7,0.0661641
0.95,0.71,0.062031
0.95,0.72,0.0591418
0.95,0.73,0.0714881
0.95,0.74,0.0618189
0.95,0.75,0.0638339
0.95,0.76,0.0671626
0.95,0.77,0.0594829
0.95,0.78,0.0575907
0.95,0.79,0.0537497
0.95,0.8,0.0497436
0.95,0.81,0.0604713
0.95,0.82,0.0496673
0.95,0.83,0.0518574
0.95,0.84,0.0654275
0.95,0.85,0.0589771
0.95,0.86,0.0516517
0.95,0.87,0.0629063
0.95,0.88,0.0570177
0.95,0.89,0.0534223
0.95,0.9,0.0604748
0.95,0.91,0.0651224
0.95,0.92,0.0577407
0.95,0.93,0.0574766
0.95,0.94,0.0610759
0.95,0.95,0.0636396
0.95,0.96,0.0578488
0.95,0.97,0.0589934
0.95,0.98,0.0523603
0.95,0.99,0.0599544
0.95,1,0.0523576
0.95,1.01,0.0554657
0.95,1.02,0.057853
0.95,1.03,0.0542905
0.95,1.04,0.061482
0.95,1.05,0.0647361
0.95,1.06,0.0497166
0.95,1.07,0.0602261
0.95,1.08,0.0559312
0.95,1.09,0.0555255
0.95,1.1,0.0672841
0.95,1.11,0.0502774
0.95,1.12,0.0558538
0.95,1.13,0.0602825
0.95,1.14,0.0614117
0.95,1.15,0.0587751
0.95,1.16,0.0573038
0.95,1.17,0.049109
0.95,1.18,0.060336
0.95,1.19,0.053837
0.95,1.2,0.0528298
0.95,1.21,0.0664139
0.95,1.22,0.0602766
0.95,1.23,0.0570926
0.95,1.24,0.0564232
0.95,1.25,0.0586803
0.95,1.26,0.0530821
0.95,1.27,0.0586674
0.95,1.28,0.058557
0.95,1.29,0.0587486
0.95,1.3,0.0532177
0.95,1.31,0.0597428
0.95,1.32,0.0633144
0.95,1.33,0.0572256
0.95,1.34,0.0596423
0.95,1.35,0.0583436
0.95,1.36,0.0606357
0.95,1.37,0.0561084
0.95,1.38,0.0639925
0.95,1.39,0.0421072
0.95,1.4,0.0557759
0.95,1.41,0.0620539
0.95,1.42,0.0517805
0.95,1.43,0.0504828
0.95,1.44,0.0558195
0.95,1.45,0.0618964
0.95,1.46,0.0589439
0.95,1.47,0.058501
0.95,1.48,0.061411
0.95,1.49,0.0581599
0.95,1.5,0.058236
0.95,1.51,0.0630596
0.95,1.52,0.0598986
0.95,1.53,0.0559219
0.95,1.54,0.0525732
0.95,1.55,0.0574448
0.95,1.56,0.0607729
0.95,1.57,0.0524749
0.95,1.58,0.0662512
0.95,1.59,0.0536167
0.95,1.6,0.0515432
0.95,1.61,0.060261
0.95,1.62,0.0612253
0.95,1.63,0.0540685
0.95,1.64,0.0551691
0.95,1.65,0.0555785
0.95,1.66,0.0553918
0.95,1.67,0.0565425
0.95,1.68,0.0626822
0.95,1.69,0.0558993
0.95,1.7,0.0619004
0.95,1.71,0.0577416
0.95,1.72,0.058687
0.95,1.73,0.059488
0.95,1.74,0.0624797
0.95,1.75,0.0562712
0.95,1.76,0.0573474
0.95,1.77,0.066074
0.95,1.78,0.0585532
0.95,1.79,0.0535065
0.95,1.8,0.0563737
0.95,1.81,0.0529375
0.95,1.82,0.0548469
0.95,1.83,0.0481424
0.95,1.84,0.048289
0.95,1.85,0.0627112
0.95,1.86,0.0514738
0.95,1.87,0.0594576
0.95,1.88,0.0563326
0.95,1.89,0.0500668
0.95,1.9,0.0581833
0.95,1.91,0.0617996
0.95,1.92,0.0582544
0.95,1.93,0.0595644
0.95,1.94,0.0593458
0.95,1.95,0.0586064
0.95,1.96,0.0637476
0.95,1.97,0.0571036
0.95,1.98,0.0606872
0.95,1.99,0.0642504
0.95,2,0.0595116
0.95,2.01,0.0632184
0.95,2.02,0.0496798
0.95,2.03,0.0500242
0.95,2.04,0.0566614
0.95,2.05,0.0608147
0.95,2.06,0.0577992
0.95,2.07,0.0531525
0.95,2.08,0.0453713
0.95,2.09,0.0550369
0.95,2.1,0.0606594
0.95,2.11,0.0522911
0.95,2.12,0.0500113
0.95,2.13,0.056715
0.95,2.14,0.0534836
0.95,2.15,0.0516993
0.95,2.16,0.0591322
0.95,2.17,0.0572405
0.95,2.18,0.0495508
0.95,2.19,0.0561801
0.95,2.2,0.0523426
0.95,2.21,0.0588133
0.95,2.22,0.0549534
0.95,2.23,0.0489365
0.95,2.24,0.0594262
0.95,2.25,0.0525542
0.95,2.26,0.0665545
0.95,2.27,0.0521676
0.95,2.28,0.0461037
0.95,2.29,0.0573052
0.95,2.3,0.0593367
0.95,2.31,0.055036
0.95,2.32,0.0584409
0.95,2.33,0.0545449
0.95,2.34,0.053293
0.95,2.35,0.0599841
0.95,2.36,0.0618947
0.95,2.37,0.0615472
0.95,2.38,0.0576411
0.95,2.39,0.0542554
0.95,2.4,0.0564291
0.95,2.41,0.0470175
0.95,2.42,0.0610381
0.95,2.43,0.0563597
0.95,2.44,0.0576537
0.95,2.45,0.0566492
0.95,2.46,0.0590651
0.95,2.47,0.0548479
0.95,2.48,0.0583795
0.95,2.49,0.0624142
0.95,2.5,0.0617016
0.95,2.51,0.0455206
0.95,2.52,0.0581675
0.95,2.53,0.0635585
0.95,2.54,0.0653619
0.95,2.55,0.0570044
0.95,2.56,0.0507349
0.95,2.57,0.0639244
0.95,2.58,0.0507652
0.95,2.59,0.063234
0.95,2.6,0.0469141
0.95,2.61,0.060529
0.95,2.62,0.0528166
0.95,2.63,0.065786
0.95,2.64,0.0550762
0.95,2.65,0.0548126
0.95,2.66,0.0571633
0.95,2.67,0.060471
0.95,2.68,0.0725679
0.95,2.69,0.0629271
0.95,2.7,0.0626639
0.95,2.71,0.0536264
0.95,2.72,0.0490301
0.95,2.73,0.0525027
0.95,2.74,0.0532741
0.95,2.75,0.0531889
0.95,2.76,0.0632924
0.95,2.77,0.0543678
0.95,2.78,0.0516756
0.95,2.79,0.0634791
0.95,2.8,0.056199
0.95,2.81,0.0584751
0.95,2.82,0.0544185
0.95,2.83,0.0565139
0.95,2.84,0.0553331
0.95,2.85,0.0515387
0.95,2.86,0.0541796
0.95,2.87,0.0612711
0.95,2.88,0.0527193
0.95,2.89,0.0614562
0.95,2.9,0.0588259
0.95,2.91,0.0577661
0.95,2.92,0.0568052
0.95,2.93,0.0555344
0.95,2.94,0.0651591
0.95,2.95,0.0587789
0.95,2.96,0.0567547
0.95,2.97,0.0548043
0.95,2.98,0.0593102
0.95,2.99,0.0553594
0.95,3,0.0645217
0.95,3.01,0.046449
0.95,3.02,0.0633565
0.95,3.03,0.0642122
0.95,3.04,0.0656036
0.95,3.05,0.0555775
0.95,3.06,0.0556419
0.95,3.07,0.0591254
0.95,3.08,0.0600952
0.95,3.09,0.0568582
0.95,3.1,0.0561305
0.95,3.11,0.0485606
0.95,3.12,0.0583001
0.95,3.13,0.0545293
0.95,3.14,0.0667521
0.95,3.15,0.0495351
0.95,3.16,0.0620978
0.95,3.17,0.0529522
0.95,3.18,0.0542319
0.95,3.19,0.0580063
0.95,3.2,0.0554422
0.95,3.21,0.0688727
0.95,3.22,0.0559426
0.95,3.23,0.0540215
0.95,3.24,0.057603
0.95,3.25,0.0505763
0.95,3.26,0.0583526
0.95,3.27,0.0611005
0.95,3.28,0.0522341
0.95,3.29,0.0694729
0.95,3.3,0.0620914
0.95,3.31,0.0611832
0.95,3.32,0.0607029
0.95,3.33,0.0550443
0.95,3.34,0.051376
0.95,3.35,0.0532762
0.95,3.36,0.0642544
0.95,3.37,0.0615383
0.95,3.38,0.0505135
0.95,3.39,0.0574985
0.95,3.4,0.0528584
0.95,3.41,0.0438102
0.95,3.42,0.0535348
0.95,3.43,0.0591234
0.95,3.44,0.0591219
0.95,3.45,0.0543579
0.95,3.46,0.0595409
0.95,3.47,0.0645925
0.95,3.48,0.0536369
0.95,3.49,0.0564846
0.95,3.5,0.0594544
0.95,3.51,0.0600973
0.95,3.52,0.0554992
0.95,3.53,0.0555184
0.95,3.54,0.0626335
0.95,3.55,0.0580025
0.95,3.56,0.0529246
0.95,3.57,0.0531896
0.95,3.58,0.0534406
0.95,3.59,0.0560513
0.95,3.6,0.0608628
0.95,3.61,0.0572447
0.95,3.62,0.0659013
0.95,3.63,0.0579508
0.95,3.64,0.0543147
0.95,3.65,0.0570837
0.95,3.66,0.0623856
0.95,3.67,0.0529588
0.95,3.68,0.0640847
0.95,3.69,0.0590662
0.95,3.7,0.0490246
0.95,3.71,0.0606614
0.95,3.72,0.0582294
0.95,3.73,0.0598008
0.95,3.74,0.0598124
0.95,3.75,0.0598892
0.95,3.76,0.0541851
0.95,3.77,0.0584172
0.95,3.78,0.0629031
0.95,3.79,0.0534418
0.95,3.8,0.0553773
0.95,3.81,0.0537221
0.95,3.82,0.0550131
0.95,3.83,0.052661
0.95,3.84,0.0573824
0.95,3.85,0.0540563
0.95,3.86,0.0583394
0.95,3.87,0.0619745
0.95,3.88,0.0608499
0.95,3.89,0.0550693
0.95,3.9,0.0493899
0.95,3.91,0.063128
0.95,3.92,0.0578127
0.95,3.93,0.0543162
0.95,3.94,0.0589679
0.95,3.95,0.0616863
0.95,3.96,0.0619555
0.95,3.97,0.0638829
0.95,3.98,0.0625764
0.95,3.99,0.0631051
0.95,4,0.0636114
0.95,4.01,0.0597859
0.95,4.02,0.0557703
0.95,4.03,0.0548839
0.95,4.04,0.0644377
0.95,4.05,0.0651474
0.95,4.06,0.0637149
0.95,4.07,0.0629256
0.95,4.08,0.0492548
0.95,4.09,0.0576107
0.95,4.1,0.0551331
0.95,4.11,0.047322
0.95,4.12,0.0547584
0.95,4.13,0.048056
0.95,4.14,0.0558977
0.95,4.15,0.0628578
0.95,4.16,0.0529389
0.95,4.17,0.0626307
0.95,4.18,0.0630303
0.95,4.19,0.0567763
0.95,4.2,0.0591699
0.95,4.21,0.058494
0.95,4.22,0.0497514
0.95,4.23,0.0613149
0.95,4.24,0.0513622
0.95,4.25,0.0603934
0.95,4.26,0.0566489
0.95,4.27,0.0543403
0.95,4.28,0.0542972
0.95,4.29,0.0597151
0.95,4.3,0.0546664
0.95,4.31,0.0517291
0.95,4.32,0.0589727
0.95,4.33,0.0568712
0.95,4.34,0.0586144
0.95,4.35,0.0654288
0.95,4.36,0.0622043
0.95,4.37,0.0566207
0.95,4.38,0.0522819
0.95,4.39,0.0541162
0.95,4.4,0.0574561
0.95,4.41,0.0623954
0.95,4.42,0.0581165
0.95,4.43,0.0609269
0.95,4.44,0.0567823
0.95,4.45,0.0505982
0.95,4.46,0.0557118
0.95,4.47,0.0598379
0.95,4.48,0.0549313
0.95,4.49,0.0612057
0.95,4.5,0.0542232
0.95,4.51,0.0550858
0.95,4.52,0.0539959
0.95,4.53,0.0475827
0.95,4.54,0.0533192
0.95,4.55,0.0571414
0.95,4.56,0.046474
0.95,4.57,0.0551712
0.95,4.58,0.055777
0.95,4.59,0.0548253
0.95,4.6,0.0627913
0.95,4.61,0.0553249
0.95,4.62,0.0571472
0.95,4.63,0.0637888
0.95,4.64,0.0598235
0.95,4.65,0.0467935
0.95,4.66,0.0599659
0.95,4.67,0.0607519
0.95,4.68,0.0561064
0.95,4.69,0.0623986
0.95,4.7,0.0551469
0.95,4.71,0.0509367
0.95,4.72,0.057322
0.95,4.73,0.0652675
0.95,4.74,0.0535801
0.95,4.75,0.0623007
0.95,4.76,0.0569424
0.95,4.77,0.0554697
0.95,4.78,0.0593038
0.95,4.79,0.0575391
0.95,4.8,0.0577921
0.95,4.81,0.0503892
0.95,4.82,0.0581876
0.95,4.83,0.0565191
0.95,4.84,0.0514696
0.95,4.85,0.0631972
0.95,4.86,0.0516829
0.95,4.87,0.0651697
0.95,4.88,0.0560297
0.95,4.89,0.0544274
0.95,4.9,0.0575105
0.95,4.91,0.0513486
0.95,4.92,0.0527318
0.95,4.93,0.0617421
0.95,4.94,0.0540608
0.95,4.95,0.0591513
0.95,4.96,0.0675165
0.95,4.97,0.0604217
0.95,4.98,0.0597698
0.95,4.99,0.0658865
0.95,5,0.0552911
0.95,5.01,0.0593235
0.95,5.02,0.0543844
0.95,5.03,0.0592033
0.95,5.04,0.0585026
0.95,5.05,0.0578194
0.95,5.06,0.0470588
0.95,5.07,0.0545101
0.95,5.08,0.0490395
0.95,5.09,0.0583657
0.95,5.1,0.0552867
0.95,5.11,0.0529354
0.95,5.12,0.0626931
0.95,5.13,0.0526653
0.95,5.14,0.0560025
0.95,5.15,0.0580104
0.95,5.16,0.05193
0.95,5.17,0.0477142
0.95,5.18,0.0598392
0.95,5.19,0.0605364
0.95,5.2,0.0572503
0.95,5.21,0.0626024
0.95,5.22,0.0588514
0.95,5.23,0.0661064
0.95,5.24,0.065309
0.95,5.25,0.0590218
0.95,5.26,0.0590497
0.95,5.27,0.0595403
0.95,5.28,0.0531036
0.95,5.29,0.0536013
0.95,5.3,0.0562389
0.95,5.31,0.0480776
0.95,5.32,0.0576529
0.95,5.33,0.0615154
0.95,5.34,0.0616231
0.95,5.35,0.0576695
0.95,5.36,0.0463169
0.95,5.37,0.0561827
0.95,5.38,0.0619915
0.95,5.39,0.0529034
0.95,5.4,0.0634218
0.95,5.41,0.062659
0.95,5.42,0.0536221
0.95,5.43,0.0602676
0.95,5.44,0.0560893
0.95,5.45,0.0618612
0.95,5.46,0.0503123
0.95,5.47,0.0644648
0.95,5.48,0.0539236
0.95,5.49,0.0630574
0.95,5.5,0.0516568
0.95,5.51,0.0535732
0.95,5.52,0.0684149
0.95,5.53,0.0591696
0.95,5.54,0.0538646
0.95,5.55,0.0558131
0.95,5.56,0.0624413
0.95,5.57,0.0588931
0.95,5.58,0.0648388
0.95,5.59,0.0515825
0.95,5.6,0.0530129
0.95,5.61,0.0662474
0.95,5.62,0.0544668
0.95,5.63,0.0606628
0.95,5.64,0.0636153
0.95,5.65,0.0500055
0.95,5.66,0.0465867
0.95,5.67,0.0562694
0.95,5.68,0.0551398
0.95,5.69,0.054167
0.95,5.7,0.0476792
0.95,5.71,0.0615666
0.95,5.72,0.0549267
0.95,5.73,0.0484438
0.95,5.74,0.0596914
0.95,5.75,0.0569308
0.95,5.76,0.0575285
0.95,5.77,0.0511268
0.95,5.78,0.0586326
0.95,5.79,0.0498226
0.95,5.8,0.0536636
0.95,5.81,0.0466678
0.95,5.82,0.0624517
0.95,5.83,0.05837
0.95,5.84,0.0567186
0.95,5.85,0.0597013
0.95,5.86,0.058923
0.95,5.87,0.0548455
0.95,5.88,0.0599864
0.95,5.89,0.0595615
0.95,5.9,0.0624646
0.95,5.91,0.0585166
0.95,5.92,0.0468188
0.95,5.93,0.0602932
0.95,5.94,0.052185
0.95,5.95,0.0600516
0.95,5.96,0.0567766
0.95,5.97,0.0631125
0.95,5.98,0.056384
0.95,5.99,0.0542075
0.95,6,0.047302
0.95,6.01,0.0566344
0.95,6.02,0.0639231
0.95,6.03,0.0514721
0.95,6.04,0.0581433
0.95,6.05,0.0565888
0.95,6.06,0.0623164
0.95,6.07,0.0572951
0.95,6.08,0.0587134
0.95,6.09,0.055283
0.95,6.1,0.0689317
0.95,6.11,0.051352
0.95,6.12,0.0591778
0.95,6.13,0.050992
0.95,6.14,0.0586213
0.95,6.15,0.0626281
0.95,6.16,0.0584177
0.95,6.17,0.0514869
0.95,6.18,0.0498181
0.95,6.19,0.0519528
0.95,6.2,0.05662
0.95,6.21,0.0603013
0.95,6.22,0.057526
0.95,6.23,0.0464423
0.95,6.24,0.0574563
0.95,6.25,0.0590406
0.95,6.26,0.05423
0.95,6.27,0.0491676
0.95,6.28,0.0568817
0.96,0,0.052236
0.96,0.01,0.0535352
0.96,0.02,0.0600058
0.96,0.03,0.058869
0.96,0.04,0.0517706
0.96,0.05,0.0648497
0.96,0.06,0.0458815
0.96,0.07,0.0553419
0.96,0.08,0.0456549
0.96,0.09,0.0600438
0.96,0.1,0.0615174
0.96,0.11,0.0606829
0.96,0.12,0.0556406
0.96,0.13,0.0519588
0.96,0.14,0.0582966
0.96,0.15,0.0622295
0.96,0.16,0.0623428
0.96,0.17,0.053589
0.96,0.18,0.0567429
0.96,0.19,0.0608068
0.96,0.2,0.0516436
0.96,0.21,0.0550514
0.96,0.22,0.0591095
0.96,0.23,0.0550081
0.96,0.24,0.0758359
0.96,0.25,0.0620654
0.96,0.26,0.0707601
0.96,0.27,0.0584744
0.96,0.28,0.0590899
0.96,0.29,0.0518104
0.96,0.3,0.05925
0.96,0.31,0.053178
0.96,0.32,0.058787
0.96,0.33,0.056986
0.96,0.34,0.0475741
0.96,0.35,0.0678035
0.96,0.36,0.0603993
0.96,0.37,0.0541182
0.96,0.38,0.0534488
0.96,0.39,0.0602
0.96,0.4,0.0619989
0.96,0.41,0.052411
0.96,0.42,0.0562183
0.96,0.43,0.0610227
0.96,0.44,0.0494826
0.96,0.45,0.0553448
0.96,0.46,0.0602367
0.96,0.47,0.0512809
0.96,0.48,0.0623763
0.96,0.49,0.0602057
0.96,0.5,0.056954
0.96,0.51,0.0659037
0.96,0.52,0.0605092
0.96,0.53,0.0484877
0.96,0.54,0.0581261
0.96,0.55,0.0583923
0.96,0.56,0.0579259
0.96,0.57,0.0541741
0.96,0.58,0.0579327
0.96,0.59,0.0646579
0.96,0.6,0.0588733
0.96,0.61,0.0568163
0.96,0.62,0.0576614
0.96,0.63,0.057625
0.96,0.64,0.0561857
0.96,0.65,0.0680717
0.96,0.66,0.0520124
0.96,0.67,0.0625257
0.96,0.68,0.0645097
0.96,0.69,0.0598345
0.96,0.7,0.0586616
0.96,0.71,0.05559
0.96,0.72,0.0706642
0.96,0.73,0.0555235
0.96,0.74,0.0607115
0.96,0.75,0.0487505
0.96,0.76,0.0559848
0.96,0.77,0.0536654
0.96,0.78,0.0648159
0.96,0.79,0.0606995
0.96,0.8,0.0585383
0.96,0.81,0.0577776
0.96,0.82,0.0492687
0.96,0.83,0.0532467
0.96,0.84,0.056399
0.96,0.85,0.0560352
0.96,0.86,0.0556184
0.96,0.87,0.0565414
0.96,0.88,0.0562157
0.96,0.89,0.0537257
0.96,0.9,0.0537529
0.96,0.91,0.0616261
0.96,0.92,0.0581999
0.96,0.93,0.0616317
0.96,0.94,0.0598732
0.96,0.95,0.061043
0.96,0.96,0.059373
0.96,0.97,0.0519428
0.96,0.98,0.0554837
0.96,0.99,0.0474419
0.96,1,0.0499918
0.96,1.01,0.0590309
0.96,1.02,0.0649096
0.96,1.03,0.0595129
0.96,1.04,0.0587484
0.96,1.05,0.0613584
0.96,1.06,0.0659294
0.96,1.07,0.0592471
0.96,1.08,0.0582791
0.96,1.09,0.0551218
0.96,1.1,0.0633349
0.96,1.11,0.0571119
0.96,1.12,0.0430436
0.96,1.13,0.0554233
0.96,1.14,0.0638786
0.96,1.15,0.0630865
0.96,1.16,0.0564777
0.96,1.17,0.0553632
0.96,1.18,0.0654569
0.96,1.19,0.0590525
0.96,1.2,0.0519278
0.96,1.21,0.0554032
0.96,1.22,0.0462056
0.96,1.23,0.0490559
0.96,1.24,0.0622452
0.96,1.25,0.0575599
0.96,1.26,0.0535695
0.96,1.27,0.0665182
0.96,1.28,0.055864
0.96,1.29,0.0635532
0.96,1.3,0.0614518
0.96,1.31,0.0547728
0.96,1.32,0.0607271
0.96,1.33,0.0554189
0.96,1.34,0.053044
0.96,1.35,0.0534233
0.96,1.36,0.0536425
0.96,1.37,0.0535066
0.96,1.38,0.0572595
0.96,1.39,0.0556481
0.96,1.4,0.0622266
0.96,1.41,0.0591082
0.96,1.42,0.0551981
0.96,1.43,0.0593456
0.96,1.44,0.0584286
0.96,1.45,0.0607968
0.96,1.46,0.0520583
0.96,1.47,0.0583411
0.96,1.48,0.0529873
0.96,1.49,0.0569346
0.96,1.5,0.0578282
0.96,1.51,0.054966
0.96,1.52,0.0545106
0.96,1.53,0.0586552
0.96,1.54,0.0599521
0.96,1.55,0.0508711
0.96,1.56,0.0502793
0.96,1.57,0.073515
0.96,1.58,0.053574
0.96,1.59,0.0541184
0.96,1.6,0.0609139
0.96,1.61,0.0602985
0.96,1.62,0.0601311
0.96,1.63,0.0554507
0.96,1.64,0.0565696
0.96,1.65,0.0613592
0.96,1.66,0.0585856
0.96,1.67,0.0564396
0.96,1.68,0.0570393
0.96,1.69,0.0527428
0.96,1.7,0.0594486
0.96,1.71,0.0481836
0.96,1.72,0.0670459
0.96,1.73,0.0523476
0.96,1.74,0.0615136
0.96,1.75,0.051739
0.96,1.76,0.0635359
0.96,1.77,0.0626532
0.96,1.78,0.0517101
0.96,1.79,0.0504573
0.96,1.8,0.0569851
0.96,1.81,0.0608973
0.96,1.82,0.0613357
0.96,1.83,0.0563451
0.96,1.84,0.0558052
0.96,1.85,0.051502
0.96,1.86,0.0564647
0.96,1.87,0.0633782
0.96,1.88,0.057841
0.96,1.89,0.0526912
0.96,1.9,0.0569071
0.96,1.91,0.0603034
0.96,1.92,0.0555972
0.96,1.93,0.05991
0.96,1.94,0.0542427
0.96,1.95,0.053107
0.96,1.96,0.0548009
0.96,1.97,0.0592173
0.96,1.98,0.0544079
0.96,1.99,0.0549194
0.96,2,0.0451831
0.96,2.01,0.0568595
0.96,2.02,0.0643625
0.96,2.03,0.0505427
0.96,2.04,0.0627913
0.96,2.05,0.0549643
0.96,2.06,0.0568283
0.96,2.07,0.0455703
0.96,2.08,0.0595155
0.96,2.09,0.0518932
0.96,2.1,0.0581092
0.96,2.11,0.054995
0.96,2.12,0.0634683
0.96,2.13,0.0557096
0.96,2.14,0.0628705
0.96,2.15,0.0680324
0.96,2.16,0.0574762
0.96,2.17,0.0557391
0.96,2.18,0.059901
0.96,2.19,0.0548491
0.96,2.2,0.0649997
0.96,2.21,0.058705
0.96,2.22,0.0605101
0.96,2.23,0.0613381
0.96,2.24,0.0546581
0.96,2.25,0.0677086
0.96,2.26,0.0526304
0.96,2.27,0.0515828
0.96,2.28,0.0535935
0.96,2.29,0.0483843
0.96,2.3,0.0565728
0.96,2.31,0.0576965
0.96,2.32,0.0541386
0.96,2.33,0.0652203
0.96,2.34,0.0546115
0.96,2.35,0.0645188
0.96,2.36,0.0542273
0.96,2.37,0.0558853
0.96,2.38,0.0514413
0.96,2.39,0.0561273
0.96,2.4,0.049054
0.96,2.41,0.0549916
0.96,2.42,0.063093
0.96,2.43,0.0575937
0.96,2.44,0.0548521
0.96,2.45,0.0573155
0.96,2.46,0.0576669
0.96,2.47,0.055238
0.96,2.48,0.0585346
0.96,2.49,0.0569816
0.96,2.5,0.0558204
0.96,2.51,0.0578946
0.96,2.52,0.0635957
0.96,2.53,0.0546798
0.96,2.54,0.0565792
0.96,2.55,0.0590783
0.96,2.56,0.0524244
0.96,2.57,0.0569956
0.96,2.58,0.054255
0.96,2.59,0.0553743
0.96,2.6,0.0575718
0.96,2.61,0.0498883
0.96,2.62,0.0563169
0.96,2.63,0.0501897
0.96,2.64,0.0552906
0.96,2.65,0.0490405
0.96,2.66,0.064952
0.96,2.67,0.0520879
0.96,2.68,0.0607461
0.96,2.69,0.0516787
0.96,2.7,0.0628891
0.96,2.71,0.0584993
0.96,2.72,0.0558498
0.96,2.73,0.0626484
0.96,2.74,0.0610526
0.96,2.75,0.0579845
0.96,2.76,0.0636485
0.96,2.77,0.0691781
0.96,2.78,0.0552813
0.96,2.79,0.0619345
0.96,2.8,0.0493325
0.96,2.81,0.0513639
0.96,2.82,0.0590886
0.96,2.83,0.0602193
0.96,2.84,0.056339
0.96,2.85,0.045524
0.96,2.86,0.0553809
0.96,2.87,0.0564323
0.96,2.88,0.0564105
0.96,2.89,0.0624601
0.96,2.9,0.0588695
0.96,2.91,0.0576405
0.96,2.92,0.0580543
0.96,2.93,0.0527721
0.96,2.94,0.0574378
0.96,2.95,0.0606687
0.96,2.96,0.0518852
0.96,2.97,0.0536925
0.96,2.98,0.0539672
0.96,2.99,0.0537751
0.96,3,0.0547723
0.96,3.01,0.0666195
0.96,3.02,0.0603105
0.96,3.03,0.0682025
0.96,3.04,0.0525351
0.96,3.05,0.0673598
0.96,3.06,0.0586399
0.96,3.07,0.0517316
0.96,3.08,0.0635768
0.96,3.09,0.0551882
0.96,3.1,0.0579202
0.96,3.11,0.0607804
0.96,3.12,0.0606173
0.96,3.13,0.0574533
0.96,3.14,0.0622207
0.96,3.15,0.0580365
0.96,3.16,0.0696629
0.96,3.17,0.0576635
0.96,3.18,0.0570116
0.96,3.19,0.0684692
0.96,3.2,0.0497377
0.96,3.21,0.0546111
0.96,3.22,0.0520402
0.96,3.23,0.0588485
0.96,3.24,0.0554528
0.96,3.25,0.059454
0.96,3.26,0.0502609
0.96,3.27,0.0602044
0.96,3.28,0.064638
0.96,3.29,0.0524345
0.96,3.3,0.0580168
0.96,3.31,0.0651547
0.96,3.32,0.0535401
0.96,3.33,0.055207
0.96,3.34,0.0453677
0.96,3.35,0.059031
0.96,3.36,0.0591635
0.96,3.37,0.0596922
0.96,3.38,0.0535727
0.96,3.39,0.0538465
0.96,3.4,0.0545092
0.96,3.41,0.0585206
0.96,3.42,0.052555
0.96,3.43,0.0544355
0.96,3.44,0.0626131
0.96,3.45,0.0541464
0.96,3.46,0.0614269
0.96,3.47,0.0519486
0.96,3.48,0.0574889
0.96,3.49,0.0590942
0.96,3.5,0.0565615
0.96,3.51,0.0607954
0.96,3.52,0.0538956
0.96,3.53,0.0592529
0.96,3.54,0.0637245
0.96,3.55,0.0602766
0.96,3.56,0.0615317
0.96,3.57,0.0556063
0.96,3.58,0.052823
0.96,3.59,0.0637871
0.96,3.6,0.0536468
0.96,3.61,0.0470893
0.96,3.62,0.0527771
0.96,3.63,0.0657124
0.96,3.64,0.0697152
0.96,3.65,0.0678917
0.96,3.66,0.0611391
0.96,3.67,0.0599041
0.96,3.68,0.0639532
0.96,3.69,0.0516816
0.96,3.7,0.0685141
0.96,3.71,0.0534206
0.96,3.72,0.054395
0.96,3.73,0.059422
0.96,3.74,0.0561286
0.96,3.75,0.0579271
0.96,3.76,0.0567968
0.96,3.77,0.0672272
0.96,3.78,0.0550866
0.96,3.79,0.0578197
0.96,3.8,0.055444
0.96,3.81,0.0473449
0.96,3.82,0.0625422
0.96,3.83,0.064186
0.96,3.84,0.0615072
0.96,3.85,0.0597788
0.96,3.86,0.0550211
0.96,3.87,0.0527813
0.96,3.88,0.0583948
0.96,3.89,0.0479634
0.96,3.9,0.0580359
0.96,3.91,0.0486736
0.96,3.92,0.0579056
0.96,3.93,0.0611572
0.96,3.94,0.0549586
0.96,3.95,0.0593124
0.96,3.96,0.0543126
0.96,3.97,0.0621643
0.96,3.98,0.052357
0.96,3.99,0.0594114
0.96,4,0.0547324
0.96,4.01,0.0554891
0.96,4.02,0.0553162
0.96,4.03,0.0564226
0.96,4.04,0.0718164
0.96,4.05,0.0546893
0.96,4.06,0.0617472
0.96,4.07,0.0556209
0.96,4.08,0.0546221
0.96,4.09,0.0635958
0.96,4.1,0.0546618
0.96,4.11,0.0587462
0.96,4.12,0.0547255
0.96,4.13,0.0509531
0.96,4.14,0.0613508
0.96,4.15,0.0485156
0.96,4.16,0.0599713
0.96,4.17,0.0524068
0.96,4.18,0.0603772
0.96,4.19,0.0657777
0.96,4.2,0.0535775
0.96,4.21,0.0575655
0.96,4.22,0.0650315
0.96,4.23,0.0571657
0.96,4.24,0.0600034
0.96,4.25,0.0595679
0.96,4.26,0.0620527
0.96,4.27,0.0547914
0.96,4.28,0.0610135
0.96,4.29,0.0595236
0.96,4.3,0.0569
0.96,4.31,0.0631021
0.96,4.32,0.0599952
0.96,4.33,0.0607699
0.96,4.34,0.0577764
0.96,4.35,0.054923
0.96,4.36,0.0589801
0.96,4.37,0.051478
0.96,4.38,0.0604401
0.96,4.39,0.0529031
0.96,4.4,0.0457563
0.96,4.41,0.0681549
0.96,4.42,0.0585057
0.96,4.43,0.0562898
0.96,4.44,0.0597289
0.96,4.45,0.0493845
0.96,4.46,0.0574471
0.96,4.47,0.0644605
0.96,4.48,0.0592597
0.96,4.49,0.0498654
0.96,4.5,0.0536296
0.96,4.51,0.0472499
0.96,4.52,0.0463445
0.96,4.53,0.0529673
0.96,4.54,0.0516307
0.96,4.55,0.0539758
0.96,4.56,0.0503793
0.96,4.57,0.0620402
0.96,4.58,0.0596894
0.96,4.59,0.0667731
0.96,4.6,0.0551972
0.96,4.61,0.0609253
0.96,4.62,0.0647056
0.96,4.63,0.0593787
0.96,4.64,0.051074
0.96,4.65,0.0592028
0.96,4.66,0.0612476
0.96,4.67,0.0602001
0.96,4.68,0.059198
0.96,4.69,0.0471231
0.96,4.7,0.0657889
0.96,4.71,0.0577423
0.96,4.72,0.0570225
0.96,4.73,0.0545844
0.96,4.74,0.0535485
0.96,4.75,0.0533713
0.96,4.76,0.0627441
0.96,4.77,0.0597981
0.96,4.78,0.058882
0.96,4.79,0.0522154
0.96,4.8,0.0615035
0.96,4.81,0.055376
0.96,4.82,0.0628707
0.96,4.83,0.0609276
0.96,4.84,0.0619386
0.96,4.85,0.0600332
0.96,4.86,0.0525881
0.96,4.87,0.0670172
0.96,4.88,0.0537492
0.96,4.89,0.0617261
0.96,4.9,0.0522113
0.96,4.91,0.0576407
0.96,4.92,0.0549081
0.96,4.93,0.0575526
0.96,4.94,0.0521157
0.96,4.95,0.0644225
0.96,4.96,0.052204
0.96,4.97,0.0520292
0.96,4.98,0.0614679
0.96,4.99,0.0520875
0.96,5,0.0534463
0.96,5.01,0.0628591
0.96,5.02,0.0599164
0.96,5.03,0.0513478
0.96,5.04,0.0599355
0.96,5.05,0.0599078
0.96,5.06,0.053982
0.96,5.07,0.0559871
0.96,5.08,0.0529745
0.96,5.09,0.0594374
0.96,5.1,0.0538569
0.96,5.11,0.0520826
0.96,5.12,0.051431
0.96,5.13,0.0549002
0.96,5.14,0.0622521
0.96,5.15,0.0529877
0.96,5.16,0.0620252
0.96,5.17,0.0538616
0.96,5.18,0.0576006
0.96,5.19,0.0725855
0.96,5.2,0.0620737
0.96,5.21,0.0545882
0.96,5.22,0.0662065
0.96,5.23,0.0560394
0.96,5.24,0.0494686
0.96,5.25,0.0510738
0.96,5.26,0.0541271
0.96,5.27,0.0564152
0.96,5.28,0.0548028
0.96,5.29,0.0596678
0.96,5.3,0.063966
0.96,5.31,0.0522632
0.96,5.32,0.0541724
0.96,5.33,0.0612731
0.96,5.34,0.0521117
0.96,5.35,0.0560666
0.96,5.36,0.0474944
0.96,5.37,0.0598662
0.96,5.38,0.0601614
0.96,5.39,0.0595392
0.96,5.4,0.0651687
0.96,5.41,0.0519733
0.96,5.42,0.0590069
0.96,5.43,0.0633451
0.96,5.44,0.0592602
0.96,5.45,0.0543586
0.96,5.46,0.0515667
0.96,5.47,0.0523496
0.96,5.48,0.0577743
0.96,5.49,0.055258
0.96,5.5,0.0611233
0.96,5.51,0.0512876
0.96,5.52,0.0585951
0.96,5.53,0.0551347
0.96,5.54,0.0572117
0.96,5.55,0.0487179
0.96,5.56,0.0590479
0.96,5.57,0.0524088
0.96,5.58,0.068172
0.96,5.59,0.0580623
0.96,5.6,0.0519226
0.96,5.61,0.063564
0.96,5.62,0.0534602
0.96,5.63,0.0664656
0.96,5.64,0.060024
0.96,5.65,0.0601365
0.96,5.66,0.0589402
0.96,5.67,0.0616057
0.96,5.68,0.0538861
0.96,5.69,0.0576294
0.96,5.7,0.0583239
0.96,5.71,0.0570689
0.96,5.72,0.0559144
0.96,5.73,0.0500705
0.96,5.74,0.0557476
0.96,5.75,0.0589558
0.96,5.76,0.0522114
0.96,5.77,0.0505128
0.96,5.78,0.0549676
0.96,5.79,0.0597409
0.96,5.8,0.0615164
0.96,5.81,0.053412
0.96,5.82,0.0656553
0.96,5.83,0.0539076
0.96,5.84,0.0554572
0.96,5.85,0.0574913
0.96,5.86,0.0602951
0.96,5.87,0.0567783
0.96,5.88,0.0601381
0.96,5.89,0.0594421
0.96,5.9,0.0627258
0.96,5.91,0.0618353
0.96,5.92,0.0587883
0.96,5.93,0.0477259
0.96,5.94,0.0576575
0.96,5.95,0.0573209
0.96,5.96,0.059709
0.96,5.97,0.0586732
0.96,5.98,0.0522036
0.96,5.99,0.0551466
0.96,6,0.057983
0.96,6.01,0.0649384
0.96,6.02,0.0594156
0.96,6.03,0.0586479
0.96,6.04,0.0444392
0.96,6.05,0.0632093
0.96,6.06,0.064291
0.96,6.07,0.0457593
0.96,6.08,0.0660843
0.96,6.09,0.0526625
0.96,6.1,0.0562952
0.96,6.11,0.051694
0.96,6.12,0.0530656
0.96,6.13,0.0500681
0.96,6.14,0.0640075
0.96,6.15,0.0488437
0.96,6.16,0.0574429
0.96,6.17,0.0545405
0.96,6.18,0.0691052
0.96,6.19,0.0606682
0.96,6.2,0.0463621
0.96,6.21,0.0553854
0.96,6.22,0.0591128
0.96,6.23,0.0545057
0.96,6.24,0.0642512
0.96,6.25,0.054372
0.96,6.26,0.05594
0.96,6.27,0.0628334
0.96,6.28,0.0562526
0.97,0,0.0543445
0.97,0.01,0.0562293
0.97,0.02,0.0590169
0.97,0.03,0.048468
0.97,0.04,0.054713
0.97,0.05,0.0614601
0.97,0.06,0.0609625
0.97,0.07,0.0521225
0.97,0.08,0.0548068
0.97,0.09,0.0583599
0.97,0.1,0.0550604
0.97,0.11,0.0657333
0.97,0.12,0.0554426
0.97,0.13,0.0624308
0.97,0.14,0.0546551
0.97,0.15,0.0610595
0.97,0.16,0.0569031
0.97,0.17,0.0617271
0.97,0.18,0.0575441
0.97,0.19,0.0576139
0.97,0.2,0.0617012
0.97,0.21,0.044858
0.97,0.22,0.0538112
0.97,0.23,0.0587006
0.97,0.24,0.0663738
0.97,0.25,0.0581429
0.97,0.26,0.0634737
0.97,0.27,0.0546397
0.97,0.28,0.05774
0.97,0.29,0.0539518
0.97,0.3,0.062952
0.97,0.31,0.0625315
0.97,0.32,0.0571947
0.97,0.33,0.0483372
0.97,0.34,0.0461059
0.97,0.35,0.0524774
0.97,0.36,0.0627226
0.97,0.37,0.0646723
0.97,0.38,0.0535534
0.97,0.39,0.0615031
0.97,0.4,0.0576569
0.97,0.41,0.0533096
0.97,0.42,0.0557877
0.97,0.43,0.059586
0.97,0.44,0.0560608
0.97,0.45,0.0527105
0.97,0.46,0.0513817
0.97,0.47,0.056854
0.97,0.48,0.0595163
0.97,0.49,0.0530987
0.97,0.5,0.0634099
0.97,0.51,0.0523504
0.97,0.52,0.0547134
0.97,0.53,0.0532278
0.97,0.54,0.0619774
0.97,0.55,0.0596976
0.97,0.56,0.0666627
0.97,0.57,0.0488427
0.97,0.58,0.0537552
0.97,0.59,0.0645785
0.97,0.6,0.0567499
0.97,0.61,0.0710414
0.97,0.62,0.0572757
0.97,0.63,0.0601201
0.97,0.64,0.0565671
0.97,0.65,0.0616642
0.97,0.66,0.0574421
0.97,0.67,0.0557223
0.97,0.68,0.0576981
0.97,0.69,0.0575808
0.97,0.7,0.0591127
0.97,0.71,0.0645373
0.97,0.72,0.0566933
0.97,0.73,0.0513154
0.97,0.74,0.058704
0.97,0.75,0.0623022
0.97,0.76,0.0555538
0.97,0.77,0.0563897
0.97,0.78,0.0606675
0.97,0.79,0.0584555
0.97,0.8,0.0640575
0.97,0.81,0.0606061
0.97,0.82,0.0605058
0.97,0.83,0.0621725
0.97,0.84,0.0528641
0.97,0.85,0.0616256
0.97,0.86,0.055272
0.97,0.87,0.063996
0.97,0.88,0.052901
0.97,0.89,0.0495344
0.97,0.9,0.0503019
0.97,0.91,0.0564524
0.97,0.92,0.0500241
0.97,0.93,0.0572495
0.97,0.94,0.0656445
0.97,0.95,0.0568078
0.97,0.96,0.0474126
0.97,0.97,0.0541804
0.97,0.98,0.0663236
0.97,0.99,0.0488641
0.97,1,0.0516725
0.97,1.01,0.0566211
0.97,1.02,0.0518374
0.97,1.03,0.0621511
0.97,1.04,0.0557391
0.97,1.05,0.0632694
0.97,1.06,0.0567955
0.97,1.07,0.0614831
0.97,1.08,0.0615957
0.97,1.09,0.0638255
0.97,1.1,0.0487512
0.97,1.11,0.0566751
0.97,1.12,0.057506
0.97,1.13,0.0576443
0.97,1.14,0.0519083
0.97,1.15,0.058667
0.97,1.16,0.062566
0.97,1.17,0.052172
0.97,1.18,0.0539044
0.97,1.19,0.0615105
0.97,1.2,0.0547532
0.97,1.21,0.062512
0.97,1.22,0.0594751
0.97,1.23,0.0575848
0.97,1.24,0.0655087
0.97,1.25,0.0565041
0.97,1.26,0.058804
0.97,1.27,0.0525002
0.97,1.28,0.0554668
0.97,1.29,0.0567702
0.97,1.3,0.0608009
0.97,1.31,0.0601595
0.97,1.32,0.0586468
0.97,1.33,0.0537782
0.97,1.34,0.0557543
0.97,1.35,0.0591779
0.97,1.36,0.0509363
0.97,1.37,0.0515429
0.97,1.38,0.0616589
0.97,1.39,0.0556444
0.97,1.4,0.0613245
0.97,1.41,0.0554716
0.97,1.42,0.0563964
0.97,1.43,0.0518503
0.97,1.44,0.0498382
0.97,1.45,0.0567586
0.97,1.46,0.0551558
0.97,1.47,0.0686221
0.97,1.48,0.0571734
0.97,1.49,0.057731
0.97,1.5,0.0650768
0.97,1.51,0.0656132
0.97,1.52,0.0538209
0.97,1.53,0.0585899
0.97,1.54,0.0589759
0.97,1.55,0.0497904
0.97,1.56,0.0456233
0.97,1.57,0.0527395
0.97,1.58,0.0677099
0.97,1.59,0.0616042
0.97,1.6,0.0503924
0.97,1.61,0.0572026
0.97,1.62,0.0566997
0.97,1.63,0.0565623
0.97,1.64,0.0588475
0.97,1.65,0.0586331
0.97,1.66,0.0641582
0.97,1.67,0.0526023
0.97,1.68,0.0567788
0.97,1.69,0.0580505
0.97,1.7,0.0601646
0.97,1.71,0.0586347
0.97,1.72,0.0528566
0.97,1.73,0.050121
0.97,1.74,0.0615964
0.97,1.75,0.0536753
0.97,1.76,0.0574761
0.97,1.77,0.0469293
0.97,1.78,0.0585073
0.97,1.79,0.0570668
0.97,1.8,0.0553209
0.97,1.81,0.0563601
0.97,1.82,0.0637376
0.97,1.83,0.0676893
0.97,1.84,0.0608748
0.97,1.85,0.0577047
0.97,1.86,0.0618612
0.97,1.87,0.0661992
0.97,1.88,0.0584394
0.97,1.89,0.0503238
0.97,1.9,0.0632879
0.97,1.91,0.0484575
0.97,1.92,0.051314
0.97,1.93,0.0558835
0.97,1.94,0.0586269
0.97,1.95,0.0585934
0.97,1.96,0.0526202
0.97,1.97,0.0434779
0.97,1.98,0.0570745
0.97,1.99,0.0518092
0.97,2,0.0495853
0.97,2.01,0.0579552
0.97,2.02,0.0592646
0.97,2.03,0.0615545
0.97,2.04,0.0638809
0.97,2.05,0.052977
0.97,2.06,0.0589878
0.97,2.07,0.058387
0.97,2.08,0.0542345
0.97,2.09,0.0683857
0.97,2.1,0.0603467
0.97,2.11,0.058403
0.97,2.12,0.0612246
0.97,2.13,0.0608602
0.97,2.14,0.0615274
0.97,2.15,0.0685412
0.97,2.16,0.0558194
0.97,2.17,0.0553427
0.97,2.18,0.0587932
0.97,2.19,0.0706532
0.97,2.2,0.0484744
0.97,2.21,0.0547723
0.97,2.22,0.0645993
0.97,2.23,0.0701338
0.97,2.24,0.0482728
0.97,2.25,0.0582804
0.97,2.26,0.0475076
0.97,2.27,0.0590387
0.97,2.28,0.0562815
0.97,2.29,0.0681742
0.97,2.3,0.0582548
0.97,2.31,0.0479386
0.97,2.32,0.0596472
0.97,2.33,0.0624725
0.97,2.34,0.0595114
0.97,2.35,0.0596491
0.97,2.36,0.0597768
0.97,2.37,0.060031
0.97,2.38,0.0569424
0.97,2.39,0.0578396
0.97,2.4,0.0523077
0.97,2.41,0.0618087
0.97,2.42,0.0688625
0.97,2.43,0.0532086
0.97,2.44,0.0676485
0.97,2.45,0.0608199
0.97,2.46,0.0470721
0.97,2.47,0.0584325
0.97,2.48,0.0567575
0.97,2.49,0.0613902
0.97,2.5,0.0479123
0.97,2.51,0.0567953
0.97,2.52,0.0570091
0.97,2.53,0.060044
0.97,2.54,0.0579012
0.97,2.55,0.0508263
0.97,2.56,0.0588134
0.97,2.57,0.0545167
0.97,2.58,0.0498334
0.97,2.59,0.0531422
0.97,2.6,0.0547155
0.97,2.61,0.050807
0.97,2.62,0.0486991
0.97,2.63,0.0589112
0.97,2.64,0.0504731
0.97,2.65,0.0558341
0.97,2.66,0.0505542
0.97,2.67,0.0605454
0.97,2.68,0.0596867
0.97,2.69,0.0584072
0.97,2.7,0.0548479
0.97,2.71,0.0592965
0.97,2.72,0.0632173
0.97,2.73,0.0535014
0.97,2.74,0.0522721
0.97,2.75,0.0601886
0.97,2.76,0.0544028
0.97,2.77,0.0529055
0.97,2.78,0.0569881
0.97,2.79,0.0581706
0.97,2.8,0.0601498
0.97,2.81,0.0661662
0.97,2.82,0.0658734
0.97,2.83,0.0528694
0.97,2.84,0.058432
0.97,2.85,0.0614726
0.97,2.86,0.0612371
0.97,2.87,0.0553986
0.97,2.88,0.0507221
0.97,2.89,0.0570822
0.97,2.9,0.0534479
0.97,2.91,0.055835
0.97,2.92,0.050115
0.97,2.93,0.0672119
0.97,2.94,0.0557784
0.97,2.95,0.0638688
0.97,2.96,0.065107
0.97,2.97,0.0587723
0.97,2.98,0.0506372
0.97,2.99,0.070911
0.97,3,0.0700666
0.97,3.01,0.0537102
0.97,3.02,0.0552689
0.97,3.03,0.0524321
0.97,3.04,0.05812
0.97,3.05,0.0552507
0.97,3.06,0.0557374
0.97,3.07,0.0572179
0.97,3.08,0.0604689
0.97,3.09,0.067209
0.97,3.1,0.0557935
0.97,3.11,0.052587
0.97,3.12,0.0638086
0.97,3.13,0.065913
0.97,3.14,0.0485644
0.97,3.15,0.0515937
0.97,3.16,0.054483
0.97,3.17,0.05833
0.97,3.18,0.0559278
0.97,3.19,0.0608945
0.97,3.2,0.0595322
0.97,3.21,0.0578427
0.97,3.22,0.0519368
0.97,3.23,0.0592832
0.97,3.24,0.0635633
0.97,3.25,0.050347
0.97,3.26,0.0565214
0.97,3.27,0.0496483
0.97,3.28,0.0479244
0.97,3.29,0.061721
0.97,3.3,0.063673
0.97,3.31,0.0536222
0.97,3.32,0.0467391
0.97,3.33,0.0640867
0.97,3.34,0.0637794
0.97,3.35,0.049369
0.97,3.36,0.0576797
0.97,3.37,0.0628722
0.97,3.38,0.052291
0.97,3.39,0.0530266
0.97,3.4,0.0571885
0.97,3.41,0.053809
0.97,3.42,0.0534424
0.97,3.43,0.060634
0.97,3.44,0.0563268
0.97,3.45,0.0495187
0.97,3.46,0.0602527
0.97,3.47,0.0555887
0.97,3.48,0.0584597
0.97,3.49,0.0578897
0.97,3.5,0.0611619
0.97,3.51,0.0488647
0.97,3.52,0.0593699
0.97,3.53,0.0659187
0.97,3.54,0.052351
0.97,3.55,0.0591239
0.97,3.56,0.0567746
0.97,3.57,0.0563661
0.97,3.58,0.056297
0.97,3.59,0.0511661
0.97,3.6,0.0550344
0.97,3.61,0.0572158
0.97,3.62,0.0525577
0.97,3.63,0.0520457
0.97,3.64,0.0550624
0.97,3.65,0.0571971
0.97,3.66,0.0569484
0.97,3.67,0.0565407
0.97,3.68,0.0527097
0.97,3.69,0.0490301
0.97,3.7,0.0644306
0.97,3.71,0.0555891
0.97,3.72,0.0560869
0.97,3.73,0.0503733
0.97,3.74,0.0551068
0.97,3.75,0.0607853
0.97,3.76,0.0603001
0.97,3.77,0.0560746
0.97,3.78,0.0616377
0.97,3.79,0.0607703
0.97,3.8,0.0694127
0.97,3.81,0.0565493
0.97,3.82,0.0583487
0.97,3.83,0.0614445
0.97,3.84,0.0623659
0.97,3.85,0.0585776
0.97,3.86,0.0589566
0.97,3.87,0.0466582
0.97,3.88,0.0485102
0.97,3.89,0.0523903
0.97,3.9,0.0561275
0.97,3.91,0.0557021
0.97,3.92,0.048252
0.97,3.93,0.0698725
0.97,3.94,0.0618784
0.97,3.95,0.0605198
0.97,3.96,0.0669346
0.97,3.97,0.0605471
0.97,3.98,0.0584002
0.97,3.99,0.064235
0.97,4,0.0568275
0.97,4.01,0.0577233
0.97,4.02,0.0572967
0.97,4.03,0.0639461
0.97,4.04,0.0609397
0.97,4.05,0.0622797
0.97,4.06,0.0532133
0.97,4.07,0.0548012
0.97,4.08,0.0552855
0.97,4.09,0.0600356
0.97,4.1,0.0615251
0.97,4.11,0.0546073
0.97,4.12,0.0565865
0.97,4.13,0.0484299
0.97,4.14,0.062436
0.97,4.15,0.0580816
0.97,4.16,0.0680447
0.97,4.17,0.0588607
0.97,4.18,0.0608781
0.97,4.19,0.0578351
0.97,4.2,0.065977
0.97,4.21,0.0521355
0.97,4.22,0.063336
0.97,4.23,0.0563515
0.97,4.24,0.0458727
0.97,4.25,0.0564453
0.97,4.26,0.0612956
0.97,4.27,0.0581299
0.97,4.28,0.0556857
0.97,4.29,0.0540498
0.97,4.3,0.0607234
0.97,4.31,0.0600492
0.97,4.32,0.0603525
0.97,4.33,0.0574548
0.97,4.34,0.0557216
0.97,4.35,0.0518537
0.97,4.36,0.0566622
0.97,4.37,0.06384
0.97,4.38,0.0658331
0.97,4.39,0.0629399
0.97,4.4,0.0578975
0.97,4.41,0.0595986
0.97,4.42,0.0528417
0.97,4.43,0.0574796
0.97,4.44,0.0589424
0.97,4.45,0.0600302
0.97,4.46,0.0620512
0.97,4.47,0.0619395
0.97,4.48,0.0514287
0.97,4.49,0.0571071
0.97,4.5,0.062916
0.97,4.51,0.0574396
0.97,4.52,0.0558886
0.97,4.53,0.0513805
0.97,4.54,0.0659872
0.97,4.55,0.0617187
0.97,4.56,0.063502
0.97,4.57,0.0564641
0.97,4.58,0.0506332
0.97,4.59,0.0506193
0.97,4.6,0.052484
0.97,4.61,0.0639578
0.97,4.62,0.0637038
0.97,4.63,0.0529744
0.97,4.64,0.0527654
0.97,4.65,0.0506759
0.97,4.66,0.0685151
0.97,4.67,0.0495245
0.97,4.68,0.0603818
0.97,4.69,0.0626108
0.97,4.7,0.059303
0.97,4.71,0.0587107
0.97,4.72,0.0546078
0.97,4.73,0.0524858
0.97,4.74,0.0507145
0.97,4.75,0.0573
0.97,4.76,0.0585962
0.97,4.77,0.0586885
0.97,4.78,0.059218
0.97,4.79,0.0638006
0.97,4.8,0.0574881
0.97,4.81,0.0501529
0.97,4.82,0.0486538
0.97,4.83,0.0635947
0.97,4.84,0.0570307
0.97,4.85,0.0599034
0.97,4.86,0.0527631
0.97,4.87,0.0529476
0.97,4.88,0.0506926
0.97,4.89,0.0560524
0.97,4.9,0.0542368
0.97,4.91,0.0606264
0.97,4.92,0.0501402
0.97,4.93,0.0590741
0.97,4.94,0.0697999
0.97,4.95,0.0589143
0.97,4.96,0.0520775
0.97,4.97,0.0624875
0.97,4.98,0.0595423
0.97,4.99,0.0595917
0.97,5,0.0575429
0.97,5.01,0.0544013
0.97,5.02,0.0588682
0.97,5.03,0.0685487
0.97,5.04,0.0532206
0.97,5.05,0.0597333
0.97,5.06,0.0577956
0.97,5.07,0.052266
0.97,5.08,0.0525771
0.97,5.09,0.0526859
0.97,5.1,0.0550298
0.97,5.11,0.0541127
0.97,5.12,0.0477708
0.97,5.13,0.0588404
0.97,5.14,0.0635052
0.97,5.15,0.053836
0.97,5.16,0.0529179
0.97,5.17,0.0595568
0.97,5.18,0.0678436
0.97,5.19,0.0487819
0.97,5.2,0.0432412
0.97,5.21,0.0598729
0.97,5.22,0.0630899
0.97,5.23,0.057388
0.97,5.24,0.0604323
0.97,5.25,0.0560904
0.97,5.26,0.0538095
0.97,5.27,0.0520254
0.97,5.28,0.0589596
0.97,5.29,0.054581
0.97,5.3,0.051075
0.97,5.31,0.0550051
0.97,5.32,0.061665
0.97,5.33,0.0589186
0.97,5.34,0.054188
0.97,5.35,0.0582384
0.97,5.36,0.0552255
0.97,5.37,0.0644471
0.97,5.38,0.0568378
0.97,5.39,0.0616722
0.97,5.4,0.0638945
0.97,5.41,0.060803
0.97,5.42,0.0566192
0.97,5.43,0.054473
0.97,5.44,0.0503505
0.97,5.45,0.0495133
0.97,5.46,0.0641641
0.97,5.47,0.0577515
0.97,5.48,0.0565713
0.97,5.49,0.0552375
0.97,5.5,0.0523246
0.97,5.51,0.0521069
0.97,5.52,0.0534048
0.97,5.53,0.0531716
0.97,5.54,0.0524391
0.97,5.55,0.0571266
0.97,5.56,0.0591675
0.97,5.57,0.0609653
0.97,5.58,0.0510723
0.97,5.59,0.054856
0.97,5.6,0.0619378
0.97,5.61,0.060634
0.97,5.62,0.0556402
0.97,5.63,0.0570221
0.97,5.64,0.0558174
0.97,5.65,0.0518667
0.97,5.66,0.0612325
0.97,5.67,0.0563926
0.97,5.68,0.0564932
0.97,5.69,0.0560249
0.97,5.7,0.06419
0.97,5.71,0.0624425
0.97,5.72,0.064891
0.97,5.73,0.0496007
0.97,5.74,0.0601597
0.97,5.75,0.0572481
0.97,5.76,0.0601774
0.97,5.77,0.0530836
0.97,5.78,0.0695399
0.97,5.79,0.0599455
0.97,5.8,0.0605288
0.97,5.81,0.0548423
0.97,5.82,0.0573368
0.97,5.83,0.065764
0.97,5.84,0.054545
0.97,5.85,0.0612674
0.97,5.86,0.057881
0.97,5.87,0.0490019
0.97,5.88,0.0497933
0.97,5.89,0.0550352
0.97,5.9,0.0607322
0.97,5.91,0.0566669
0.97,5.92,0.053811
0.97,5.93,0.0546361
0.97,5.94,0.0665673
0.97,5.95,0.0629187
0.97,5.96,0.0606515
0.97,5.97,0.0476274
0.97,5.98,0.0545731
0.97,5.99,0.0578867
0.97,6,0.0500116
0.97,6.01,0.0676962
0.97,6.02,0.0621854
0.97,6.03,0.0598875
0.97,6.04,0.053884
0.97,6.05,0.0596058
0.97,6.06,0.0569469
0.97,6.07,0.0520866
0.97,6.08,0.0478218
0.97,6.09,0.0534431
0.97,6.1,0.0494464
0.97,6.11,0.0536478
0.97,6.12,0.0649742
0.97,6.13,0.0602545
0.97,6.14,0.0590966
0.97,6.15,0.0565191
0.97,6.16,0.0551673
0.97,6.17,0.0565415
0.97,6.18,0.0616703
0.97,6.19,0.06178
0.97,6.2,0.0515441
0.97,6.21,0.0514496
0.97,6.22,0.0610026
0.97,6.23,0.0554666
0.97,6.24,0.0575923
0.97,6.25,0.0554955
0.97,6.26,0.0557517
0.97,6.27,0.0509271
0.97,6.28,0.0533628
0.98,0,0.0590429
0.98,0.01,0.0524242
0.98,0.02,0.0633486
0.98,0.03,0.0651681
0.98,0.04,0.0626142
0.98,0.05,0.0627065
0.98,0.06,0.0552302
0.98,0.07,0.0593684
0.98,0.08,0.0579359
0.98,0.09,0.060305
0.98,0.1,0.0652908
0.98,0.11,0.0655698
0.98,0.12,0.0546607
0.98,0.13,0.0615512
0.98,0.14,0.0622995
0.98,0.15,0.0564313
0.98,0.16,0.0499172
0.98,0.17,0.0603064
0.98,0.18,0.0547502
0.98,0.19,0.0541168
0.98,0.2,0.0599321
0.98,0.21,0.054851
0.98,0.22,0.0654503
0.98,0.23,0.0591511
0.98,0.24,0.0528283
0.98,0.25,0.0590143
0.98,0.26,0.0611713
0.98,0.27,0.0452091
0.98,0.28,0.0529483
0.98,0.29,0.0516752
0.98,0.3,0.0620192
0.98,0.31,0.0539397
0.98,0.32,0.0624563
0.98,0.33,0.054581
0.98,0.34,0.0544886
0.98,0.35,0.0584662
0.98,0.36,0.0514229
0.98,0.37,0.0530095
0.98,0.38,0.053331
0.98,0.39,0.0557831
0.98,0.4,0.0657925
0.98,0.41,0.0591261
0.98,0.42,0.0610982
0.98,0.43,0.0552665
0.98,0.44,0.0577099
0.98,0.45,0.0593298
0.98,0.46,0.0631031
0.98,0.47,0.0629381
0.98,0.48,0.0579128
0.98,0.49,0.0519759
0.98,0.5,0.052648
0.98,0.51,0.0540494
0.98,0.52,0.0624326
0.98,0.53,0.0557988
0.98,0.54,0.057617
0.98,0.55,0.0541941
0.98,0.56,0.0570052
0.98,0.57,0.0692298
0.98,0.58,0.062337
0.98,0.59,0.0642391
0.98,0.6,0.0514399
0.98,0.61,0.0583618
0.98,0.62,0.0558572
0.98,0.63,0.0535105
0.98,0.64,0.0594068
0.98,0.65,0.0698284
0.98,0.66,0.0526636
0.98,0.67,0.0580987
0.98,0.68,0.0574879
0.98,0.69,0.0695571
0.98,0.7,0.064178
0.98,0.71,0.0686305
0.98,0.72,0.0578064
0.98,0.73,0.0498382
0.98,0.74,0.0542144
0.98,0.75,0.0559568
0.98,0.76,0.061859
0.98,0.77,0.0637924
0.98,0.78,0.0607268
0.98,0.79,0.055528
0.98,0.8,0.057751
0.98,0.81,0.0583426
0.98,0.82,0.0587778
0.98,0.83,0.0602355
0.98,0.84,0.0478072
0.98,0.85,0.0558952
0.98,0.86,0.0571508
0.98,0.87,0.0530466
0.98,0.88,0.0533977
0.98,0.89,0.0630921
0.98,0.9,0.0627125
0.98,0.91,0.0647303
0.98,0.92,0.0582288
0.98,0.93,0.0635061
0.98,0.94,0.0606539
0.98,0.95,0.0572027
0.98,0.96,0.0646997
0.98,0.97,0.0687058
0.98,0.98,0.055169
0.98,0.99,0.0584726
0.98,1,0.0477682
0.98,1.01,0.0594584
0.98,1.02,0.0621487
0.98,1.03,0.0546137
0.98,1.04,0.0624222
0.98,1.05,0.0584944
0.98,1.06,0.0509471
0.98,1.07,0.0667764
0.98,1.08,0.0586972
0.98,1.09,0.0512932
0.98,1.1,0.0529842
0.98,1.11,0.0569116
0.98,1.12,0.0501776
0.98,1.13,0.0641569
0.98,1.14,0.0655052
0.98,1.15,0.0586701
0.98,1.16,0.0626414
0.98,1.17,0.0623108
0.98,1.18,0.0649296
0.98,1.19,0.0553665
0.98,1.2,0.0627806
0.98,1.21,0.0656127
0.98,1.22,0.0610644
0.98,1.23,0.0520253
0.98,1.24,0.068234
0.98,1.25,0.0600887
0.98,1.26,0.0554533
0.98,1.27,0.0577855
0.98,1.28,0.0488173
0.98,1.29,0.0638996
0.98,1.3,0.0577471
0.98,1.31,0.0597207
0.98,1.32,0.0576038
0.98,1.33,0.0569684
0.98,1.34,0.0552736
0.98,1.35,0.0515835
0.98,1.36,0.0551656
0.98,1.37,0.0595268
0.98,1.38,0.0528718
0.98,1.39,0.0656891
0.98,1.4,0.0588305
0.98,1.41,0.055889
0.98,1.42,0.0493561
0.98,1.43,0.0510808
0.98,1.44,0.0509184
0.98,1.45,0.0576379
0.98,1.46,0.0625329
0.98,1.47,0.0605868
0.98,1.48,0.0517049
0.98,1.49,0.0600089
0.98,1.5,0.062062
0.98,1.51,0.0503026
0.98,1.52,0.0546839
0.98,1.53,0.0534342
0.98,1.54,0.0512033
0.98,1.55,0.0602827
0.98,1.56,0.0538498
0.98,1.57,0.0652099
0.98,1.58,0.0510706
0.98,1.59,0.0567446
0.98,1.6,0.0540214
0.98,1.61,0.0582366
0.98,1.62,0.0575269
0.98,1.63,0.0586776
0.98,1.64,0.0621846
0.98,1.65,0.0564902
0.98,1.66,0.0570629
0.98,1.67,0.0638112
0.98,1.68,0.0621631
0.98,1.69,0.0643115
0.98,1.7,0.0523177
0.98,1.71,0.0619549
0.98,1.72,0.0517817
0.98,1.73,0.0726192
0.98,1.74,0.0602044
0.98,1.75,0.0632512
0.98,1.76,0.0577257
0.98,1.77,0.0561746
0.98,1.78,0.0582982
0.98,1.79,0.0571714
0.98,1.8,0.0532043
0.98,1.81,0.0527921
0.98,1.82,0.0615224
0.98,1.83,0.0532805
0.98,1.84,0.0627021
0.98,1.85,0.047647
0.98,1.86,0.0539506
0.98,1.87,0.0531734
0.98,1.88,0.0571442
0.98,1.89,0.0618257
0.98,1.9,0.0627729
0.98,1.91,0.0604188
0.98,1.92,0.057741
0.98,1.93,0.0627825
0.98,1.94,0.0463499
0.98,1.95,0.0549533
0.98,1.96,0.0657881
0.98,1.97,0.051931
0.98,1.98,0.054014
0.98,1.99,0.0595653
0.98,2,0.0600252
0.98,2.01,0.0613155
0.98,2.02,0.0629515
0.98,2.03,0.0582177
0.98,2.04,0.0567316
0.98,2.05,0.0617319
0.98,2.06,0.0559087
0.98,2.07,0.0680709
0.98,2.08,0.064175
0.98,2.09,0.0661374
0.98,2.1,0.0578007
0.98,2.11,0.0528795
0.98,2.12,0.0640142
0.98,2.13,0.0524914
0.98,2.14,0.058092
0.98,2.15,0.0503491
0.98,2.16,0.0603101
0.98,2.17,0.0519766
0.98,2.18,0.0517065
0.98,2.19,0.0599678
0.98,2.2,0.0561228
0.98,2.21,0.0440179
0.98,2.22,0.0633621
0.98,2.23,0.0643009
0.98,2.24,0.054138
0.98,2.25,0.0551959
0.98,2.26,0.0646553
0.98,2.27,0.0591854
0.98,2.28,0.0604861
0.98,2.29,0.0532752
0.98,2.3,0.0558557
0.98,2.31,0.0605112
0.98,2.32,0.0531561
0.98,2.33,0.0492873
0.98,2.34,0.0601801
0.98,2.35,0.0511159
0.98,2.36,0.0554146
0.98,2.37,0.0531756
0.98,2.38,0.0561689
0.98,2.39,0.0573225
0.98,2.4,0.0709719
0.98,2.41,0.0621783
0.98,2.42,0.0588587
0.98,2.43,0.0512426
0.98,2.44,0.0645682
0.98,2.45,0.0650284
0.98,2.46,0.0604634
0.98,2.47,0.0549487
0.98,2.48,0.0607525
0.98,2.49,0.0502763
0.98,2.5,0.0501512
0.98,2.51,0.0524811
0.98,2.52,0.0604664
0.98,2.53,0.060353
0.98,2.54,0.0591121
0.98,2.55,0.051824
0.98,2.56,0.053644
0.98,2.57,0.0568018
0.98,2.58,0.0484569
0.98,2.59,0.0616689
0.98,2.6,0.0674675
0.98,2.61,0.0512547
0.98,2.62,0.0619372
0.98,2.63,0.0689993
0.98,2.64,0.0526457
0.98,2.65,0.0576594
0.98,2.66,0.0629343
0.98,2.67,0.0669565
0.98,2.68,0.0574363
0.98,2.69,0.0460342
0.98,2.7,0.0546169
0.98,2.71,0.0466264
0.98,2.72,0.0626556
0.98,2.73,0.0582992
0.98,2.74,0.0614747
0.98,2.75,0.0569517
0.98,2.76,0.055816
0.98,2.77,0.0561983
0.98,2.78,0.0535626
0.98,2.79,0.0525641
0.98,2.8,0.052159
0.98,2.81,0.0593651
0.98,2.82,0.057633
0.98,2.83,0.0641302
0.98,2.84,0.0528671
0.98,2.85,0.0559927
0.98,2.86,0.0630484
0.98,2.87,0.0493778
0.98,2.88,0.0559947
0.98,2.89,0.0607478
0.98,2.9,0.0485753
0.98,2.91,0.0523669
0.98,2.92,0.0506184
0.98,2.93,0.0499054
0.98,2.94,0.0598595
0.98,2.95,0.0653725
0.98,2.96,0.0654397
0.98,2.97,0.0450792
0.98,2.98,0.0564886
0.98,2.99,0.0563695
0.98,3,0.0513693
0.98,3.01,0.0551382
0.98,3.02,0.06476
0.98,3.03,0.0531524
0.98,3.04,0.0514374
0.98,3.05,0.0567796
0.98,3.06,0.0555336
0.98,3.07,0.055196
0.98,3.08,0.0510578
0.98,3.09,0.0515294
0.98,3.1,0.0645201
0.98,3.11,0.0578962
0.98,3.12,0.0543697
0.98,3.13,0.0596921
0.98,3.14,0.0548964
0.98,3.15,0.0589254
0.98,3.16,0.0598723
0.98,3.17,0.0530428
0.98,3.18,0.0575146
0.98,3.19,0.0617832
0.98,3.2,0.0605347
0.98,3.21,0.0554303
0.98,3.22,0.0596844
0.98,3.23,0.0562134
0.98,3.24,0.0583216
0.98,3.25,0.057889
0.98,3.26,0.0501468
0.98,3.27,0.053032
0.98,3.28,0.0595765
0.98,3.29,0.0645815
0.98,3.3,0.0513234
0.98,3.31,0.05947
0.98,3.32,0.0614316
0.98,3.33,0.0580171
0.98,3.34,0.0582216
0.98,3.35,0.0514611
0.98,3.36,0.0568966
0.98,3.37,0.055294
0.98,3.38,0.0540053
0.98,3.39,0.0603135
0.98,3.4,0.0589538
0.98,3.41,0.0592355
0.98,3.42,0.0720505
0.98,3.43,0.0640204
0.98,3.44,0.0542414
0.98,3.45,0.0561309
0.98,3.46,0.0673548
0.98,3.47,0.0544207
0.98,3.48,0.0543924
0.98,3.49,0.0572925
0.98,3.5,0.0474462
0.98,3.51,0.0584395
0.98,3.52,0.0595037
0.98,3.53,0.0630759
0.98,3.54,0.0619903
0.98,3.55,0.0581761
0.98,3.56,0.0557116
0.98,3.57,0.0544687
0.98,3.58,0.0583513
0.98,3.59,0.0663227
0.98,3.6,0.0536514
0.98,3.61,0.0600481
0.98,3.62,0.0561748
0.98,3.63,0.0573597
0.98,3.64,0.0458853
0.98,3.65,0.0598212
0.98,3.66,0.0572894
0.98,3.67,0.0586752
0.98,3.68,0.0447579
0.98,3.69,0.0697672
0.98,3.7,0.0505115
0.98,3.71,0.0552571
0.98,3.72,0.0559284
0.98,3.73,0.0519524
0.98,3.74,0.0606331
0.98,3.75,0.058067
0.98,3.76,0.0583387
0.98,3.77,0.0540818
0.98,3.78,0.0548293
0.98,3.79,0.0626068
0.98,3.8,0.0642191
0.98,3.81,0.0620265
0.98,3.82,0.0599833
0.98,3.83,0.0620202
0.98,3.84,0.0557496
0.98,3.85,0.0497717
0.98,3.86,0.0580766
0.98,3.87,0.0593363
0.98,3.88,0.0642204
0.98,3.89,0.0452037
0.98,3.9,0.0502295
0.98,3.91,0.069453
0.98,3.92,0.0512379
0.98,3.93,0.0552316
0.98,3.94,0.0574864
0.98,3.95,0.0568466
0.98,3.96,0.0492653
0.98,3.97,0.0554746
0.98,3.98,0.0598078
0.98,3.99,0.0548305
0.98,4,0.0543058
0.98,4.01,0.056386
0.98,4.02,0.0577019
0.98,4.03,0.0550769
0.98,4.04,0.0588418
0.98,4.05,0.0605524
0.98,4.06,0.0638261
0.98,4.07,0.0620598
0.98,4.08,0.0656424
0.98,4.09,0.0631091
0.98,4.1,0.0507872
0.98,4.11,0.0603127
0.98,4.12,0.0525534
0.98,4.13,0.0652327
0.98,4.14,0.0476342
0.98,4.15,0.0579128
0.98,4.16,0.0554287
0.98,4.17,0.0521022
0.98,4.18,0.0585006
0.98,4.19,0.0494437
0.98,4.2,0.0573141
0.98,4.21,0.0519842
0.98,4.22,0.0596008
0.98,4.23,0.0612137
0.98,4.24,0.0621562
0.98,4.25,0.0549794
0.98,4.26,0.0454051
0.98,4.27,0.0681427
0.98,4.28,0.0600235
0.98,4.29,0.0584084
0.98,4.3,0.0552185
0.98,4.31,0.0663204
0.98,4.32,0.0637469
0.98,4.33,0.0594589
0.98,4.34,0.0673718
0.98,4.35,0.0565208
0.98,4.36,0.0590171
0.98,4.37,0.0614027
0.98,4.38,0.0567013
0.98,4.39,0.0680744
0.98,4.4,0.0588325
0.98,4.41,0.0568614
0.98,4.42,0.0501079
0.98,4.43,0.0608493
0.98,4.44,0.0562282
0.98,4.45,0.0631054
0.98,4.46,0.0558981
0.98,4.47,0.060167
0.98,4.48,0.0609036
0.98,4.49,0.0580353
0.98,4.5,0.0640022
0.98,4.51,0.059956
0.98,4.52,0.0465379
0.98,4.53,0.0494374
0.98,4.54,0.0580825
0.98,4.55,0.0582072
0.98,4.56,0.0599322
0.98,4.57,0.054416
0.98,4.58,0.0581811
0.98,4.59,0.0601557
0.98,4.6,0.0527432
0.98,4.61,0.0569928
0.98,4.62,0.0629576
0.98,4.63,0.0587979
0.98,4.64,0.0557392
0.98,4.65,0.0576114
0.98,4.66,0.0530957
0.98,4.67,0.0628162
0.98,4.68,0.0587064
0.98,4.69,0.056718
0.98,4.7,0.0469356
0.98,4.71,0.0570303
0.98,4.72,0.0500131
0.98,4.73,0.0593743
0.98,4.74,0.0569311
0.98,4.75,0.0567251
0.98,4.76,0.0535961
0.98,4.77,0.0483261
0.98,4.78,0.0510172
0.98,4.79,0.0586195
0.98,4.8,0.0634935
0.98,4.81,0.0568285
0.98,4.82,0.0622446
0.98,4.83,0.0522405
0.98,4.84,0.0615802
0.98,4.85,0.0634883
0.98,4.86,0.0622008
0.98,4.87,0.0645649
0.98,4.88,0.0564129
0.98,4.89,0.0579456
0.98,4.9,0.0581484
0.98,4.91,0.0581274
0.98,4.92,0.0594592
0.98,4.93,0.0529739
0.98,4.94,0.0553585
0.98,4.95,0.0644633
0.98,4.96,0.0649837
0.98,4.97,0.0582232
0.98,4.98,0.0552692
0.98,4.99,0.055067
0.98,5,0.0694533
0.98,5.01,0.0574018
0.98,5.02,0.0514275
0.98,5.03,0.0571568
0.98,5.04,0.0651594
0.98,5.05,0.0545046
0.98,5.06,0.0562202
0.98,5.07,0.0613209
0.98,5.08,0.0518956
0.98,5.09,0.0544759
0.98,5.1,0.0622665
0.98,5.11,0.0657518
0.98,5.12,0.0509968
0.98,5.13,0.067169
0.98,5.14,0.0670713
0.98,5.15,0.0590051
0.98,5.16,0.0574441
0.98,5.17,0.0604826
0.98,5.18,0.0504144
0.98,5.19,0.0606144
0.98,5.2,0.0615332
0.98,5.21,0.0647007
0.98,5.22,0.0548933
0.98,5.23,0.0575463
0.98,5.24,0.0589218
0.98,5.25,0.0513205
0.98,5.26,0.0655251
0.98,5.27,0.0531402
0.98,5.28,0.0470616
0.98,5.29,0.053506
0.98,5.3,0.0647763
0.98,5.31,0.0574077
0.98,5.32,0.0648237
0.98,5.33,0.0559225
0.98,5.34,0.0592623
0.98,5.35,0.0581639
0.98,5.36,0.058866
0.98,5.37,0.0599588
0.98,5.38,0.0540908
0.98,5.39,0.0547093
0.98,5.4,0.0628666
0.98,5.41,0.0646775
0.98,5.42,0.0592443
0.98,5.43,0.0584897
0.98,5.44,0.0623134
0.98,5.45,0.0594357
0.98,5.46,0.0563781
0.98,5.47,0.0618791
0.98,5.48,0.0479165
0.98,5.49,0.0530394
0.98,5.5,0.0590722
0.98,5.51,0.051847
0.98,5.52,0.0647143
0.98,5.53,0.0561541
0.98,5.54,0.0571714
0.98,5.55,0.0607945
0.98,5.56,0.064684
0.98,5.57,0.0591056
0.98,5.58,0.0645623
0.98,5.59,0.0595818
0.98,5.6,0.0541236
0.98,5.61,0.0628462
0.98,5.62,0.0530209
0.98,5.63,0.0564236
0.98,5.64,0.0574043
0.98,5.65,0.0614929
0.98,5.66,0.0484223
0.98,5.67,0.0599512
0.98,5.68,0.0506123
0.98,5.69,0.0578776
0.98,5.7,0.0543657
0.98,5.71,0.058024
0.98,5.72,0.0611714
0.98,5.73,0.0554483
0.98,5.74,0.065676
0.98,5.75,0.053409
0.98,5.76,0.0527258
0.98,5.77,0.0607374
0.98,5.78,0.0536263
0.98,5.79,0.0669495
0.98,5.8,0.0635065
0.98,5.81,0.0593844
0.98,5.82,0.0629664
0.98,5.83,0.0600573
0.98,5.84,0.0626917
0.98,5.85,0.0608219
0.98,5.86,0.0510834
0.98,5.87,0.0530215
0.98,5.88,0.0465469
0.98,5.89,0.0604222
0.98,5.9,0.0616689
0.98,5.91,0.0628476
0.98,5.92,0.0625041
0.98,5.93,0.0557392
0.98,5.94,0.0496133
0.98,5.95,0.0597287
0.98,5.96,0.058755
0.98,5.97,0.0552226
0.98,5.98,0.0574134
0.98,5.99,0.0662971
0.98,6,0.0525864
0.98,6.01,0.0561567
0.98,6.02,0.0534141
0.98,6.03,0.0486406
0.98,6.04,0.0594655
0.98,6.05,0.0582146
0.98,6.06,0.057073
0.98,6.07,0.0575867
0.98,6.08,0.0541027
0.98,6.09,0.0608025
0.98,6.1,0.0536213
0.98,6.11,0.0509214
0.98,6.12,0.0527974
0.98,6.13,0.0576185
0.98,6.14,0.0473092
0.98,6.15,0.0603453
0.98,6.16,0.0605613
0.98,6.17,0.0595346
0.98,6.18,0.054085
0.98,6.19,0.0684632
0.98,6.2,0.0597187
0.98,6.21,0.0583807
0.98,6.22,0.0585147
0.98,6.23,0.061898
0.98,6.24,0.0627451
0.98,6.25,0.0648811
0.98,6.26,0.0502043
0.98,6.27,0.0469148
0.98,6.28,0.0612947
0.99,0,0.0576817
0.99,0.01,0.0589185
0.99,0.02,0.0614218
0.99,0.03,0.0566445
0.99,0.04,0.0522177
0.99,0.05,0.0584141
0.99,0.06,0.0604329
0.99,0.07,0.0569042
0.99,0.08,0.0646258
0.99,0.09,0.0674932
0.99,0.1,0.0541595
0.99,0.11,0.0609758
0.99,0.12,0.0566296
0.99,0.13,0.0658086
0.99,0.14,0.0622965
0.99,0.15,0.0566814
0.99,0.16,0.0506682
0.99,0.17,0.0597726
0.99,0.18,0.0626821
0.99,0.19,0.0625871
0.99,0.2,0.0497545
0.99,0.21,0.0621061
0.99,0.22,0.0517209
0.99,0.23,0.0595496
0.99,0.24,0.0570239
0.99,0.25,0.059243
0.99,0.26,0.0551612
0.99,0.27,0.0612213
0.99,0.28,0.0598378
0.99,0.29,0.0674283
0.99,0.3,0.0573318
0.99,0.31,0.0544159
0.99,0.32,0.057916
0.99,0.33,0.0464837
0.99,0.34,0.0571908
0.99,0.35,0.0692814
0.99,0.36,0.0581598
0.99,0.37,0.0536863
0.99,0.38,0.049157
0.99,0.39,0.0524392
0.99,0.4,0.0618487
0.99,0.41,0.0614149
0.99,0.42,0.0539188
0.99,0.43,0.0547659
0.99,0.44,0.0628307
0.99,0.45,0.0573645
0.99,0.46,0.0573056
0.99,0.47,0.0515347
0.99,0.48,0.0601632
0.99,0.49,0.0642152
0.99,0.5,0.055994
0.99,0.51,0.0564103
0.99,0.52,0.054727
0.99,0.53,0.0527168
0.99,0.54,0.0547112
0.99,0.55,0.0514016
0.99,0.56,0.0600296
0.99,0.57,0.0502737
0.99,0.58,0.057131
0.99,0.59,0.0652879
0.99,0.6,0.049875
0.99,0.61,0.057638
0.99,0.62,0.0527219
0.99,0.63,0.0560078
0.99,0.64,0.055113
0.99,0.65,0.062126
0.99,0.66,0.0610681
0.99,0.67,0.0491854
0.99,0.68,0.0661109
0.99,0.69,0.0564763
0.99,0.7,0.0635309
0.99,0.71,0.0592661
0.99,0.72,0.0484397
0.99,0.73,0.0489067
0.99,0.74,0.0717797
0.99,0.75,0.0566327
0.99,0.76,0.0500289
0.99,0.77,0.0477426
0.99,0.78,0.0534365
0.99,0.79,0.0591952
0.99,0.8,0.0651218
0.99,0.81,0.0624717
0.99,0.82,0.0560654
0.99,0.83,0.0501929
0.99,0.84,0.065909
0.99,0.85,0.0695665
0.99,0.86,0.0556733
0.99,0.87,0.0554725
0.99,0.88,0.074105
0.99,0.89,0.0542582
0.99,0.9,0.0621985
0.99,0.91,0.051734
0.99,0.92,0.0542055
0.99,0.93,0.0654662
0.99,0.94,0.0543855
0.99,0.95,0.0591926
0.99,0.96,0.054469
0.99,0.97,0.0609072
0.99,0.98,0.0553347
0.99,0.99,0.056387
0.99,1,0.0634362
0.99,1.01,0.0556063
0.99,1.02,0.0563343
0.99,1.03,0.0541675
0.99,1.04,0.0593837
0.99,1.05,0.0521163
0.99,1.06,0.0655311
0.99,1.07,0.0606554
0.99,1.08,0.056613
0.99,1.09,0.0593712
0.99,1.1,0.050316
0.99,1.11,0.0492029
0.99,1.12,0.0568157
0.99,1.13,0.0514134
0.99,1.14,0.0535478
0.99,1.15,0.0568089
0.99,1.16,0.0580652
0.99,1.17,0.0619014
0.99,1.18,0.0584408
0.99,1.19,0.0580638
0.99,1.2,0.0483886
0.99,1.21,0.0674264
0.99,1.22,0.0481569
0.99,1.23,0.0611078
0.99,1.24,0.0582998
0.99,1.25,0.0651971
0.99,1.26,0.0558619
0.99,1.27,0.0534326
0.99,1.28,0.052457
0.99,1.29,0.0545553
0.99,1.3,0.0527776
0.99,1.31,0.0571647
0.99,1.32,0.0587157
0.99,1.33,0.0513773
0.99,1.34,0.0545629
0.99,1.35,0.0625812
0.99,1.36,0.0479712
0.99,1.37,0.0564331
0.99,1.38,0.0508048
0.99,1.39,0.0605941
0.99,1.4,0.057358
0.99,1.41,0.0618525
0.99,1.42,0.0602267
0.99,1.43,0.0616123
0.99,1.44,0.0578931
0.99,1.45,0.0623075
0.99,1.46,0.0643928
0.99,1.47,0.0626301
0.99,1.48,0.0589481
0.99,1.49,0.062262
0.99,1.5,0.0591185
0.99,1.51,0.0558685
0.99,1.52,0.0547833
0.99,1.53,0.0577492
0.99,1.54,0.0564994
0.99,1.55,0.0546105
0.99,1.56,0.051615
0.99,1.57,0.0592564
0.99,1.58,0.0580004
0.99,1.59,0.0644803
0.99,1.6,0.0650765
0.99,1.61,0.0578317
0.99,1.62,0.0676258
0.99,1.63,0.0500709
0.99,1.64,0.0589579
0.99,1.65,0.0588631
0.99,1.66,0.0598842
0.99,1.67,0.0492967
0.99,1.68,0.0594585
0.99,1.69,0.0546977
0.99,1.7,0.0636327
0.99,1.71,0.0542305
0.99,1.72,0.0607168
0.99,1.73,0.0583341
0.99,1.74,0.059993
0.99,1.75,0.0733353
0.99,1.76,0.0598958
0.99,1.77,0.0549499
0.99,1.78,0.0557365
0.99,1.79,0.0608985
0.99,1.8,0.0580306
0.99,1.81,0.0486758
0.99,1.82,0.0482851
0.99,1.83,0.0534068
0.99,1.84,0.0497279
0.99,1.85,0.0575087
0.99,1.86,0.054387
0.99,1.87,0.0693777
0.99,1.88,0.0562446
0.99,1.89,0.0611338
0.99,1.9,0.0534089
0.99,1.91,0.0598967
0.99,1.92,0.0568958
0.99,1.93,0.065851
0.99,1.94,0.0628489
0.99,1.95,0.0542001
0.99,1.96,0.0679655
0.99,1.97,0.0516846
0.99,1.98,0.0621431
0.99,1.99,0.0599313
0.99,2,0.0557113
0.99,2.01,0.0540739
0.99,2.02,0.0487859
0.99,2.03,0.0584138
0.99,2.04,0.0527162
0.99,2.05,0.0535151
0.99,2.06,0.0526173
0.99,2.07,0.0601768
0.99,2.08,0.0562192
0.99,2.09,0.0656243
0.99,2.1,0.0608836
0.99,2.11,0.0531111
0.99,2.12,0.0641541
0.99,2.13,0.0571043
0.99,2.14,0.0633953
0.99,2.15,0.0546518
0.99,2.16,0.0593832
0.99,2.17,0.0582667
0.99,2.18,0.05394
0.99,2.19,0.0682235
0.99,2.2,0.0516476
0.99,2.21,0.0668908
0.99,2.22,0.0630053
0.99,2.23,0.059976
0.99,2.24,0.0510396
0.99,2.25,0.0448682
0.99,2.26,0.0574884
0.99,2.27,0.0659526
0.99,2.28,0.0538298
0.99,2.29,0.0588593
0.99,2.3,0.0644891
0.99,2.31,0.0547442
0.99,2.32,0.0581354
0.99,2.33,0.0676633
0.99,2.34,0.0665695
0.99,2.35,0.0607478
0.99,2.36,0.05409
0.99,2.37,0.0568282
0.99,2.38,0.0570962
0.99,2.39,0.0515134
0.99,2.4,0.0593225
0.99,2.41,0.0535254
0.99,2.42,0.0580235
0.99,2.43,0.0620392
0.99,2.44,0.0581088
0.99,2.45,0.0595956
0.99,2.46,0.0552537
0.99,2.47,0.0560756
0.99,2.48,0.0482951
0.99,2.49,0.0569774
0.99,2.5,0.0480714
0.99,2.51,0.0594906
0.99,2.52,0.0558218
0.99,2.53,0.0670633
0.99,2.54,0.054101
0.99,2.55,0.0566082
0.99,2.56,0.0599375
0.99,2.57,0.0596011
0.99,2.58,0.0596762
0.99,2.59,0.0589873
0.99,2.6,0.0621958
0.99,2.61,0.0568034
0.99,2.62,0.0601157
0.99,2.63,0.0550764
0.99,2.64,0.0661517
0.99,2.65,0.0638604
0.99,2.66,0.0619641
0.99,2.67,0.0495162
0.99,2.68,0.0577672
0.99,2.69,0.058486
0.99,2.7,0.0641762
0.99,2.71,0.0531659
0.99,2.72,0.0502884
0.99,2.73,0.0531361
0.99,2.74,0.0601346
0.99,2.75,0.0516844
0.99,2.76,0.0544068
0.99,2.77,0.063524
0.99,2.78,0.0570339
0.99,2.79,0.0514311
0.99,2.8,0.0525746
0.99,2.81,0.0672538
0.99,2.82,0.0571428
0.99,2.83,0.0634574
0.99,2.84,0.0580629
0.99,2.85,0.0478606
0.99,2.86,0.0506046
0.99,2.87,0.0587302
0.99,2.88,0.0567132
0.99,2.89,0.0696007
0.99,2.9,0.0561542
0.99,2.91,0.0607007
0.99,2.92,0.0559059
0.99,2.93,0.0550854
0.99,2.94,0.062682
0.99,2.95,0.0550856
0.99,2.96,0.0587239
0.99,2.97,0.0639781
0.99,2.98,0.0585075
0.99,2.99,0.0481159
0.99,3,0.0654361
0.99,3.01,0.0529928
0.99,3.02,0.048503
0.99,3.03,0.0558362
0.99,3.04,0.0558051
0.99,3.05,0.0537728
0.99,3.06,0.0594798
0.99,3.07,0.0575181
0.99,3.08,0.0578011
0.99,3.09,0.0601552
0.99,3.1,0.058509
0.99,3.11,0.0629254
0.99,3.12,0.0567346
0.99,3.13,0.0599186
0.99,3.14,0.0560172
0.99,3.15,0.0565816
0.99,3.16,0.055
0.99,3.17,0.0637801
0.99,3.18,0.0586614
0.99,3.19,0.0616675
0.99,3.2,0.0541682
0.99,3.21,0.0576049
0.99,3.22,0.0506991
0.99,3.23,0.0639361
0.99,3.24,0.0654701
0.99,3.25,0.0651854
0.99,3.26,0.0568442
0.99,3.27,0.0639933
0.99,3.28,0.0632237
0.99,3.29,0.0649099
0.99,3.3,0.0546668
0.99,3.31,0.0612726
0.99,3.32,0.0517457
0.99,3.33,0.0609513
0.99,3.34,0.0591281
0.99,3.35,0.053726
0.99,3.36,0.0575761
0.99,3.37,0.053964
0.99,3.38,0.0522849
0.99,3.39,0.0579
0.99,3.4,0.0552875
0.99,3.41,0.0579288
0.99,3.42,0.0620846
0.99,3.43,0.0567615
0.99,3.44,0.0642756
0.99,3.45,0.068262
0.99,3.46,0.0525619
0.99,3.47,0.0520095
0.99,3.48,0.0634645
0.99,3.49,0.0573905
0.99,3.5,0.0688073
0.99,3.51,0.0567146
0.99,3.52,0.0377945
0.99,3.53,0.0626157
0.99,3.54,0.0545295
0.99,3.55,0.0493655
0.99,3.56,0.053961
0.99,3.57,0.0547357
0.99,3.58,0.0561893
0.99,3.59,0.0503813
0.99,3.6,0.0501315
0.99,3.61,0.0544587
0.99,3.62,0.0527002
0.99,3.63,0.0560231
0.99,3.64,0.0592835
0.99,3.65,0.051083
0.99,3.66,0.0460303
0.99,3.67,0.0609858
0.99,3.68,0.0547593
0.99,3.69,0.0528492
0.99,3.7,0.0609188
0.99,3.71,0.0522676
0.99,3.72,0.0625173
0.99,3.73,0.0557546
0.99,3.74,0.062587
0.99,3.75,0.0700775
0.99,3.76,0.0563509
0.99,3.77,0.060247
0.99,3.78,0.0577154
0.99,3.79,0.060418
0.99,3.8,0.0546425
0.99,3.81,0.0595469
0.99,3.82,0.0484328
0.99,3.83,0.0581436
0.99,3.84,0.0595053
0.99,3.85,0.0568585
0.99,3.86,0.0609678
0.99,3.87,0.0456714
0.99,3.88,0.0431121
0.99,3.89,0.0600834
0.99,3.9,0.0586753
0.99,3.91,0.0494578
0.99,3.92,0.0526644
0.99,3.93,0.0589041
0.99,3.94,0.0566412
0.99,3.95,0.0515615
0.99,3.96,0.0600194
0.99,3.97,0.0607274
0.99,3.98,0.0637049
0.99,3.99,0.063492
0.99,4,0.0613332
0.99,4.01,0.0585653
0.99,4.02,0.0547183
0.99,4.03,0.0541293
0.99,4.04,0.0620087
0.99,4.05,0.0613632
0.99,4.06,0.0636801
0.99,4.07,0.0612687
0.99,4.08,0.0531669
0.99,4.09,0.0569248
0.99,4.1,0.0448483
0.99,4.11,0.0640764
0.99,4.12,0.0613791
0.99,4.13,0.0576372
0.99,4.14,0.0581471
0.99,4.15,0.058938
0.99,4.16,0.0637499
0.99,4.17,0.0719577
0.99,4.18,0.0543079
0.99,4.19,0.0552
0.99,4.2,0.0600446
0.99,4.21,0.0637304
0.99,4.22,0.0641436
0.99,4.23,0.0644441
0.99,4.24,0.0581022
0.99,4.25,0.0490003
0.99,4.26,0.0592801
0.99,4.27,0.0569833
0.99,4.28,0.0579405
0.99,4.29,0.066821
0.99,4.3,0.0564548
0.99,4.31,0.0610106
0.99,4.32,0.0440643
0.99,4.33,0.0508137
0.99,4.34,0.0554619
0.99,4.35,0.0610942
0.99,4.36,0.0546897
0.99,4.37,0.0575424
0.99,4.38,0.0499548
0.99,4.39,0.0605097
0.99,4.4,0.0597778
0.99,4.41,0.0599663
0.99,4.42,0.0612438
0.99,4.43,0.0546687
0.99,4.44,0.0553875
0.99,4.45,0.0641408
0.99,4.46,0.0594948
0.99,4.47,0.0528809
0.99,4.48,0.0555866
0.99,4.49,0.0523202
0.99,4.5,0.0606217
0.99,4.51,0.0624182
0.99,4.52,0.0612155
0.99,4.53,0.0617907
0.99,4.54,0.0572214
0.99,4.55,0.0558214
0.99,4.56,0.0577183
0.99,4.57,0.0565714
0.99,4.58,0.0610512
0.99,4.59,0.0511425
0.99,4.6,0.0658446
0.99,4.61,0.0678155
0.99,4.62,0.0629096
0.99,4.63,0.0572571
0.99,4.64,0.0745925
0.99,4.65,0.0596269
0.99,4.66,0.061596
0.99,4.67,0.0579621
0.99,4.68,0.0524669
0.99,4.69,0.0615188
0.99,4.7,0.0502708
0.99,4.71,0.0505304
0.99,4.72,0.052064
0.99,4.73,0.0592414
0.99,4.74,0.0535791
0.99,4.75,0.0554335
0.99,4.76,0.0549889
0.99,4.77,0.0534824
0.99,4.78,0.062145
0.99,4.79,0.0638433
0.99,4.8,0.0574468
0.99,4.81,0.0538493
0.99,4.82,0.0649388
0.99,4.83,0.0569747
0.99,4.84,0.0540994
0.99,4.85,0.0507088
0.99,4.86,0.0510666
0.99,4.87,0.0628436
0.99,4.88,0.0529981
0.99,4.89,0.0504849
0.99,4.9,0.0580261
0.99,4.91,0.0607688
0.99,4.92,0.0547262
0.99,4.93,0.0657798
0.99,4.94,0.0591405
0.99,4.95,0.0619681
0.99,4.96,0.0531055
0.99,4.97,0.0572887
0.99,4.98,0.0646735
0.99,4.99,0.0567684
0.99,5,0.0580581
0.99,5.01,0.0569782
0.99,5.02,0.0637548
0.99,5.03,0.0427475
0.99,5.04,0.0586141
0.99,5.05,0.0595506
0.99,5.06,0.061076
0.99,5.07,0.0592727
0.99,5.08,0.061896
0.99,5.09,0.0528643
0.99,5.1,0.0509941
0.99,5.11,0.0582827
0.99,5.12,0.0526743
0.99,5.13,0.0713169
0.99,5.14,0.0601164
0.99,5.15,0.0636694
0.99,5.16,0.0550196
0.99,5.17,0.0585276
0.99,5.18,0.047342
0.99,5.19,0.058372
0.99,5.2,0.0604667
0.99,5.21,0.0577102
0.99,5.22,0.0553363
0.99,5.23,0.0642578
0.99,5.24,0.0499542
0.99,5.25,0.0605744
0.99,5.26,0.0571656
0.99,5.27,0.0591043
0.99,5.28,0.062886
0.99,5.29,0.0494425
0.99,5.3,0.0560612
0.99,5.31,0.0590382
0.99,5.32,0.0566768
0.99,5.33,0.0600184
0.99,5.34,0.0525677
0.99,5.35,0.0519906
0.99,5.36,0.0590476
0.99,5.37,0.0568144
0.99,5.38,0.0635738
0.99,5.39,0.0554884
0.99,5.4,0.053285
0.99,5.41,0.0635712
0.99,5.42,0.0551383
0.99,5.43,0.0581089
0.99,5.44,0.054933
0.99,5.45,0.0527463
0.99,5.46,0.0644095
0.99,5.47,0.0571972
0.99,5.48,0.0536663
0.99,5.49,0.0507733
0.99,5.5,0.0653384
0.99,5.51,0.0596664
0.99,5.52,0.0503692
0.99,5.53,0.0610522
0.99,5.54,0.0520576
0.99,5.55,0.0571325
0.99,5.56,0.0571453
0.99,5.57,0.0573777
0.99,5.58,0.0632067
0.99,5.59,0.0645581
0.99,5.6,0.0526375
0.99,5.61,0.0631366
0.99,5.62,0.0663875
0.99,5.63,0.0583061
0.99,5.64,0.0615416
0.99,5.65,0.0621328
0.99,5.66,0.052683
0.99,5.67,0.0551679
0.99,5.68,0.0513652
0.99,5.69,0.0686432
0.99,5.7,0.053572
0.99,5.71,0.0504349
0.99,5.72,0.0586074
0.99,5.73,0.0487914
0.99,5.74,0.0574215
0.99,5.75,0.0582838
0.99,5.76,0.0579045
0.99,5.77,0.0594399
0.99,5.78,0.0623914
0.99,5.79,0.0560091
0.99,5.8,0.054206
0.99,5.81,0.0715036
0.99,5.82,0.0609654
0.99,5.83,0.0592084
0.99,5.84,0.0502721
0.99,5.85,0.0573767
0.99,5.86,0.0625608
0.99,5.87,0.0507227
0.99,5.88,0.0562697
0.99,5.89,0.0520584
0.99,5.9,0.0559711
0.99,5.91,0.0596548
0.99,5.92,0.0544053
0.99,5.93,0.0531387
0.99,5.94,0.058133
0.99,5.95,0.0646948
0.99,5.96,0.0508847
0.99,5.97,0.0577743
0.99,5.98,0.0558073
0.99,5.99,0.0556979
0.99,6,0.065042
0.99,6.01,0.0549898
0.99,6.02,0.0608365
0.99,6.03,0.0573328
0.99,6.04,0.0609083
0.99,6.05,0.0581583
0.99,6.06,0.0603665
0.99,6.07,0.0615671
0.99,6.08,0.0569035
0.99,6.09,0.0548809
0.99,6.1,0.0528585
0.99,6.11,0.0704489
0.99,6.12,0.0592649
0.99,6.13,0.057613
0.99,6.14,0.0552911
0.99,6.15,0.0599832
0.99,6.16,0.047323
0.99,6.17,0.0607204
0.99,6.18,0.0528113
0.99,6.19,0.05972
0.99,6.2,0.055868
0.99,6.21,0.0550532
0.99,6.22,0.0483744
0.99,6.23,0.0586817
0.99,6.24,0.0575869
0.99,6.25,0.0546978
0.99,6.26,0.0553575
0.99,6.27,0.056213
0.99,6.28,0.0551547
