r,theta,mass
0.8,0,0.170422
0.8,0.01,0.178458
0.8,0.02,0.162104
0.8,0.03,0.165699
0.8,0.04,0.175982
0.8,0.05,0.159835
0.8,0.06,0.174471
0.8,0.07,0.181305
0.8,0.08,0.163397
0.8,0.09,0.162902
0.8,0.1,0.178635
0.8,0.11,0.18958
0.8,0.12,0.188838
0.8,0.13,0.172152
0.8,0.14,0.161804
0.8,0.15,0.162515
0.8,0.16,0.175295
0.8,0.17,0.17077
0.8,0.18,0.164815
0.8,0.19,0.176005
0.8,0.2,0.162173
0.8,0.21,0.167395
0.8,0.22,0.1678
0.8,0.23,0.173731
0.8,0.24,0.168454
0.8,0.25,0.17777
0.8,0.26,0.154683
0.8,0.27,0.167592
0.8,0.28,0.169071
0.8,0.29,0.174001
0.8,0.3,0.179427
0.8,0.31,0.177417
0.8,0.32,0.16524
0.8,0.33,0.168624
0.8,0.34,0.169416
0.8,0.35,0.185562
0.8,0.36,0.172251
0.8,0.37,0.173118
0.8,0.38,0.162772
0.8,0.39,0.171928
0.8,0.4,0.170001
0.8,0.41,0.172497
0.8,0.42,0.181624
0.8,0.43,0.164386
0.8,0.44,0.175639
0.8,0.45,0.175519
0.8,0.46,0.172938
0.8,0.47,0.170819
0.8,0.48,0.171114
0.8,0.49,0.174889
0.8,0.5,0.165701
0.8,0.51,0.166327
0.8,0.52,0.16435
0.8,0.53,0.184183
0.8,0.54,0.175077
0.8,0.55,0.17371
0.8,0.56,0.173219
0.8,0.57,0.186557
0.8,0.58,0.181537
0.8,0.59,0.17018
0.8,0.6,0.167383
0.8,0.61,0.175372
0.8,0.62,0.171376
0.8,0.63,0.179402
0.8,0.64,0.17685
0.8,0.65,0.174234
0.8,0.66,0.17331
0.8,0.67,0.166337
0.8,0.68,0.177902
0.8,0.69,0.17951
0.8,0.7,0.169456
0.8,0.71,0.169693
0.8,0.72,0.177351
0.8,0.73,0.165826
0.8,0.74,0.184526
0.8,0.75,0.172038
0.8,0.76,0.177324
0.8,0.77,0.167405
0.8,0.78,0.159764
0.8,0.79,0.171681
0.8,0.8,0.170111
0.8,0.81,0.183667
0.8,0.82,0.175713
0.8,0.83,0.179504
0.8,0.84,0.162666
0.8,0.85,0.165505
0.8,0.86,0.180074
0.8,0.87,0.163578
0.8,0.88,0.175646
0.8,0.89,0.169416
0.8,0.9,0.178701
0.8,0.91,0.176408
0.8,0.92,0.176171
0.8,0.93,0.158289
0.8,0.94,0.169081
0.8,0.95,0.155166
0.8,0.96,0.166769
0.8,0.97,0.184813
0.8,0.98,0.1681
0.8,0.99,0.177246
0.8,1,0.184925
0.8,1.01,0.169339
0.8,1.02,0.176201
0.8,1.03,0.161808
0.8,1.04,0.155799
0.8,1.05,0.168374
0.8,1.06,0.166765
0.8,1.07,0.163401
0.8,1.08,0.172019
0.8,1.09,0.175003
0.8,1.1,0.186614
0.8,1.11,0.170416
0.8,1.12,0.168704
0.8,1.13,0.165679
0.8,1.14,0.19334
0.8,1.15,0.188298
0.8,1.16,0.1686
0.8,1.17,0.169159
0.8,1.18,0.157103
0.8,1.19,0.177932
0.8,1.2,0.16582
0.8,1.21,0.186793
0.8,1.22,0.182132
0.8,1.23,0.171048
0.8,1.24,0.168929
0.8,1.25,0.164029
0.8,1.26,0.186225
0.8,1.27,0.177594
0.8,1.28,0.167143
0.8,1.29,0.168935
0.8,1.3,0.178114
0.8,1.31,0.170932
0.8,1.32,0.172887
0.8,1.33,0.188332
0.8,1.34,0.157655
0.8,1.35,0.178742
0.8,1.36,0.165272
0.8,1.37,0.180927
0.8,1.38,0.186726
0.8,1.39,0.1581
0.8,1.4,0.174266
0.8,1.41,0.190756
0.8,1.42,0.171211
0.8,1.43,0.167226
0.8,1.44,0.172333
0.8,1.45,0.167378
0.8,1.46,0.163621
0.8,1.47,0.176462
0.8,1.48,0.16822
0.8,1.49,0.180172
0.8,1.5,0.180781
0.8,1.51,0.182948
0.8,1.52,0.184523
0.8,1.53,0.182712
0.8,1.54,0.192431
0.8,1.55,0.175611
0.8,1.56,0.177389
0.8,1.57,0.166087
0.8,1.58,0.17207
0.8,1.59,0.16776
0.8,1.6,0.157289
0.8,1.61,0.185244
0.8,1.62,0.174848
0.8,1.63,0.174027
0.8,1.64,0.178737
0.8,1.65,0.158011
0.8,1.66,0.180954
0.8,1.67,0.16293
0.8,1.68,0.178153
0.8,1.69,0.175868
0.8,1.7,0.174169
0.8,1.71,0.167024
0.8,1.72,0.175975
0.8,1.73,0.17523
0.8,1.74,0.175949
0.8,1.75,0.174127
0.8,1.76,0.168585
0.8,1.77,0.179905
0.8,1.78,0.171612
0.8,1.79,0.166177
0.8,1.8,0.165857
0.8,1.81,0.166117
0.8,1.82,0.167554
0.8,1.83,0.166636
0.8,1.84,0.179025
0.8,1.85,0.182631
0.8,1.86,0.176455
0.8,1.87,0.174362
0.8,1.88,0.168919
0.8,1.89,0.179454
0.8,1.9,0.175614
0.8,1.91,0.182993
0.8,1.92,0.171162
0.8,1.93,0.184161
0.8,1.94,0.1662
0.8,1.95,0.167301
0.8,1.96,0.178918
0.8,1.97,0.171919
0.8,1.98,0.172052
0.8,1.99,0.157358
0.8,2,0.181427
0.8,2.01,0.172014
0.8,2.02,0.170444
0.8,2.03,0.158596
0.8,2.04,0.167432
0.8,2.05,0.175785
0.8,2.06,0.176497
0.8,2.07,0.181808
0.8,2.08,0.168434
0.8,2.09,0.189582
0.8,2.1,0.169018
0.8,2.11,0.168036
0.8,2.12,0.16366
0.8,2.13,0.168575
0.8,2.14,0.172814
0.8,2.15,0.168126
0.8,2.16,0.165457
0.8,2.17,0.172854
0.8,2.18,0.177099
0.8,2.19,0.167645
0.8,2.2,0.174764
0.8,2.21,0.16836
0.8,2.22,0.167782
0.8,2.23,0.163891
0.8,2.24,0.180598
0.8,2.25,0.174944
0.8,2.26,0.174236
0.8,2.27,0.182683
0.8,2.28,0.179141
0.8,2.29,0.164771
0.8,2.3,0.170627
0.8,2.31,0.159068
0.8,2.32,0.178569
0.8,2.33,0.183612
0.8,2.34,0.174388
0.8,2.35,0.174857
0.8,2.36,0.169332
0.8,2.37,0.179025
0.8,2.38,0.167265
0.8,2.39,0.165579
0.8,2.4,0.189793
0.8,2.41,0.176057
0.8,2.42,0.179117
0.8,2.43,0.181138
0.8,2.44,0.170122
0.8,2.45,0.167627
0.8,2.46,0.17109
0.8,2.47,0.159932
0.8,2.48,0.187388
0.8,2.49,0.155672
0.8,2.5,0.161973
0.8,2.51,0.16972
0.8,2.52,0.185529
0.8,2.53,0.172177
0.8,2.54,0.181781
0.8,2.55,0.195272
0.8,2.56,0.172367
0.8,2.57,0.181057
0.8,2.58,0.169698
0.8,2.59,0.184122
0.8,2.6,0.172299
0.8,2.61,0.169689
0.8,2.62,0.178546
0.8,2.63,0.1896
0.8,2.64,0.177042
0.8,2.65,0.17629
0.8,2.66,0.189832
0.8,2.67,0.174975
0.8,2.68,0.167564
0.8,2.69,0.165421
0.8,2.7,0.164059
0.8,2.71,0.188601
0.8,2.72,0.174531
0.8,2.73,0.174493
0.8,2.74,0.178663
0.8,2.75,0.161461
0.8,2.76,0.182581
0.8,2.77,0.159243
0.8,2.78,0.178581
0.8,2.79,0.185226
0.8,2.8,0.178191
0.8,2.81,0.175804
0.8,2.82,0.163482
0.8,2.83,0.178342
0.8,2.84,0.159059
0.8,2.85,0.171718
0.8,2.86,0.166866
0.8,2.87,0.170171
0.8,2.88,0.166103
0.8,2.89,0.180707
0.8,2.9,0.17823
0.8,2.91,0.168812
0.8,2.92,0.170746
0.8,2.93,0.169734
0.8,2.94,0.17726
0.8,2.95,0.17544
0.8,2.96,0.173913
0.8,2.97,0.176927
0.8,2.98,0.174763
0.8,2.99,0.192519
0.8,3,0.166403
0.8,3.01,0.176081
0.8,3.02,0.167617
0.8,3.03,0.184465
0.8,3.04,0.173842
0.8,3.05,0.186399
0.8,3.06,0.175159
0.8,3.07,0.156534
0.8,3.08,0.166486
0.8,3.09,0.17881
0.8,3.1,0.167493
0.8,3.11,0.160715
0.8,3.12,0.170766
0.8,3.13,0.18584
0.8,3.14,0.175606
0.8,3.15,0.168767
0.8,3.16,0.177948
0.8,3.17,0.171349
0.8,3.18,0.17918
0.8,3.19,0.178189
0.8,3.2,0.184211
0.8,3.21,0.171419
0.8,3.22,0.17326
0.8,3.23,0.162657
0.8,3.24,0.16492
0.8,3.25,0.159833
0.8,3.26,0.168747
0.8,3.27,0.169827
0.8,3.28,0.173586
0.8,3.29,0.180796
0.8,3.3,0.180374
0.8,3.31,0.154798
0.8,3.32,0.157831
0.8,3.33,0.17654
0.8,3.34,0.161184
0.8,3.35,0.176542
0.8,3.36,0.179967
0.8,3.37,0.170273
0.8,3.38,0.16915
0.8,3.39,0.174722
0.8,3.4,0.17472
0.8,3.41,0.168799
0.8,3.42,0.169433
0.8,3.43,0.172286
0.8,3.44,0.170022
0.8,3.45,0.153367
0.8,3.46,0.170701
0.8,3.47,0.163569
0.8,3.48,0.170513
0.8,3.49,0.186349
0.8,3.5,0.178373
0.8,3.51,0.172026
0.8,3.52,0.175005
0.8,3.53,0.182533
0.8,3.54,0.18095
0.8,3.55,0.162674
0.8,3.56,0.18243
0.8,3.57,0.179175
0.8,3.58,0.179011
0.8,3.59,0.181672
0.8,3.6,0.178566
0.8,3.61,0.170532
0.8,3.62,0.176378
0.8,3.63,0.180936
0.8,3.64,0.167583
0.8,3.65,0.172279
0.8,3.66,0.172259
0.8,3.67,0.184522
0.8,3.68,0.176659
0.8,3.69,0.167336
0.8,3.7,0.177527
0.8,3.71,0.157142
0.8,3.72,0.187763
0.8,3.73,0.171067
0.8,3.74,0.180594
0.8,3.75,0.176844
0.8,3.76,0.172066
0.8,3.77,0.172495
0.8,3.78,0.168707
0.8,3.79,0.167858
0.8,3.8,0.163694
0.8,3.81,0.177246
0.8,3.82,0.160107
0.8,3.83,0.179524
0.8,3.84,0.176572
0.8,3.85,0.171102
0.8,3.86,0.176046
0.8,3.87,0.185373
0.8,3.88,0.178726
0.8,3.89,0.174678
0.8,3.9,0.168415
0.8,3.91,0.180754
0.8,3.92,0.168248
0.8,3.93,0.175159
0.8,3.94,0.171202
0.8,3.95,0.181721
0.8,3.96,0.175623
0.8,3.97,0.163039
0.8,3.98,0.176907
0.8,3.99,0.170228
0.8,4,0.176396
0.8,4.01,0.165008
0.8,4.02,0.159138
0.8,4.03,0.178999
0.8,4.04,0.183249
0.8,4.05,0.173324
0.8,4.06,0.168766
0.8,4.07,0.173294
0.8,4.08,0.168651
0.8,4.09,0.193011
0.8,4.1,0.170366
0.8,4.11,0.16416
0.8,4.12,0.169559
0.8,4.13,0.16736
0.8,4.14,0.178877
0.8,4.15,0.176007
0.8,4.16,0.187997
0.8,4.17,0.171107
0.8,4.18,0.166565
0.8,4.19,0.178008
0.8,4.2,0.173646
0.8,4.21,0.170681
0.8,4.22,0.173467
0.8,4.23,0.192286
0.8,4.24,0.163931
0.8,4.25,0.162191
0.8,4.26,0.162605
0.8,4.27,0.169434
0.8,4.28,0.186191
0.8,4.29,0.172248
0.8,4.3,0.179037
0.8,4.31,0.162968
0.8,4.32,0.175726
0.8,4.33,0.177373
0.8,4.34,0.165095
0.8,4.35,0.183572
0.8,4.36,0.171201
0.8,4.37,0.173827
0.8,4.38,0.177259
0.8,4.39,0.172739
0.8,4.4,0.157307
0.8,4.41,0.167332
0.8,4.42,0.172414
0.8,4.43,0.179613
0.8,4.44,0.175315
0.8,4.45,0.179856
0.8,4.46,0.16959
0.8,4.47,0.180542
0.8,4.48,0.165609
0.8,4.49,0.193978
0.8,4.5,0.180376
0.8,4.51,0.169491
0.8,4.52,0.167931
0.8,4.53,0.187466
0.8,4.54,0.167585
0.8,4.55,0.172905
0.8,4.56,0.166857
0.8,4.57,0.181151
0.8,4.58,0.176153
0.8,4.59,0.169508
0.8,4.6,0.171584
0.8,4.61,0.168867
0.8,4.62,0.171124
0.8,4.63,0.184149
0.8,4.64,0.172675
0.8,4.65,0.18618
0.8,4.66,0.190684
0.8,4.67,0.171986
0.8,4.68,0.166985
0.8,4.69,0.17546
0.8,4.7,0.177526
0.8,4.71,0.168045
0.8,4.72,0.170451
0.8,4.73,0.17177
0.8,4.74,0.182642
0.8,4.75,0.170008
0.8,4.76,0.173161
0.8,4.77,0.171814
0.8,4.78,0.168564
0.8,4.79,0.16934
0.8,4.8,0.183793
0.8,4.81,0.163403
0.8,4.82,0.167652
0.8,4.83,0.166366
0.8,4.84,0.184412
0.8,4.85,0.172833
0.8,4.86,0.180644
0.8,4.87,0.178574
0.8,4.88,0.164133
0.8,4.89,0.165398
0.8,4.9,0.172458
0.8,4.91,0.17169
0.8,4.92,0.175658
0.8,4.93,0.178531
0.8,4.94,0.180349
0.8,4.95,0.182078
0.8,4.96,0.178614
0.8,4.97,0.162224
0.8,4.98,0.169632
0.8,4.99,0.166809
0.8,5,0.172247
0.8,5.01,0.183527
0.8,5.02,0.188101
0.8,5.03,0.164963
0.8,5.04,0.176477
0.8,5.05,0.170238
0.8,5.06,0.181188
0.8,5.07,0.175224
0.8,5.08,0.177296
0.8,5.09,0.161524
0.8,5.1,0.181425
0.8,5.11,0.176882
0.8,5.12,0.176244
0.8,5.13,0.169079
0.8,5.14,0.174733
0.8,5.15,0.166384
0.8,5.16,0.167926
0.8,5.17,0.170182
0.8,5.18,0.177829
0.8,5.19,0.193726
0.8,5.2,0.165561
0.8,5.21,0.168267
0.8,5.22,0.161441
0.8,5.23,0.158733
0.8,5.24,0.168038
0.8,5.25,0.173322
0.8,5.26,0.176895
0.8,5.27,0.187056
0.8,5.28,0.175028
0.8,5.29,0.177338
0.8,5.3,0.182101
0.8,5.31,0.162019
0.8,5.32,0.184337
0.8,5.33,0.181111
0.8,5.34,0.170869
0.8,5.35,0.176428
0.8,5.36,0.165989
0.8,5.37,0.181269
0.8,5.38,0.183666
0.8,5.39,0.174522
0.8,5.4,0.183106
0.8,5.41,0.176654
0.8,5.42,0.175117
0.8,5.43,0.170226
0.8,5.44,0.196653
0.8,5.45,0.173547
0.8,5.46,0.169885
0.8,5.47,0.174492
0.8,5.48,0.182074
0.8,5.49,0.172363
0.8,5.5,0.185682
0.8,5.51,0.171252
0.8,5.52,0.180121
0.8,5.53,0.155165
0.8,5.54,0.161685
0.8,5.55,0.171528
0.8,5.56,0.17894
0.8,5.57,0.168028
0.8,5.58,0.189413
0.8,5.59,0.161252
0.8,5.6,0.173952
0.8,5.61,0.182909
0.8,5.62,0.174107
0.8,5.63,0.169572
0.8,5.64,0.172818
0.8,5.65,0.16944
0.8,5.66,0.180085
0.8,5.67,0.181273
0.8,5.68,0.191163
0.8,5.69,0.178578
0.8,5.7,0.167176
0.8,5.71,0.182589
0.8,5.72,0.17265
0.8,5.73,0.164429
0.8,5.74,0.177352
0.8,5.75,0.16756
0.8,5.76,0.170557
0.8,5.77,0.181264
0.8,5.78,0.172907
0.8,5.79,0.168069
0.8,5.8,0.1742
0.8,5.81,0.179015
0.8,5.82,0.179708
0.8,5.83,0.185814
0.8,5.84,0.165045
0.8,5.85,0.175189
0.8,5.86,0.1676
0.8,5.87,0.172531
0.8,5.88,0.164486
0.8,5.89,0.173183
0.8,5.9,0.173034
0.8,5.91,0.181173
0.8,5.92,0.169379
0.8,5.93,0.17619
0.8,5.94,0.160502
0.8,5.95,0.171907
0.8,5.96,0.179697
0.8,5.97,0.183178
0.8,5.98,0.181007
0.8,5.99,0.167007
0.8,6,0.178783
0.8,6.01,0.166534
0.8,6.02,0.147489
0.8,6.03,0.166363
0.8,6.04,0.163675
0.8,6.05,0.186362
0.8,6.06,0.166727
0.8,6.07,0.17993
0.8,6.08,0.164725
0.8,6.09,0.179717
0.8,6.1,0.181922
0.8,6.11,0.183028
0.8,6.12,0.170678
0.8,6.13,0.177552
0.8,6.14,0.177357
0.8,6.15,0.169476
0.8,6.16,0.172229
0.8,6.17,0.164997
0.8,6.18,0.170767
0.8,6.19,0.176484
0.8,6.2,0.172211
0.8,6.21,0.181069
0.8,6.22,0.181187
0.8,6.23,0.183623
0.8,6.24,0.177354
0.8,6.25,0.173414
0.8,6.26,0.168443
0.8,6.27,0.178581
0.8,6.28,0.173672
0.81,0,0.1835
0.81,0.01,0.155757
0.81,0.02,0.165877
0.81,0.03,0.168562
0.81,0.04,0.16973
0.81,0.05,0.170088
0.81,0.06,0.178727
0.81,0.07,0.171641
0.81,0.08,0.160383
0.81,0.09,0.17265
0.81,0.1,0.171222
0.81,0.11,0.173053
0.81,0.12,0.174013
0.81,0.13,0.167587
0.81,0.14,0.181537
0.81,0.15,0.172444
0.81,0.16,0.162691
0.81,0.17,0.166973
0.81,0.18,0.169179
0.81,0.19,0.180612
0.81,0.2,0.166551
0.81,0.21,0.181232
0.81,0.22,0.165773
0.81,0.23,0.174936
0.81,0.24,0.170765
0.81,0.25,0.185751
0.81,0.26,0.152591
0.81,0.27,0.176273
0.81,0.28,0.166821
0.81,0.29,0.162157
0.81,0.3,0.16167
0.81,0.31,0.180079
0.81,0.32,0.176809
0.81,0.33,0.162033
0.81,0.34,0.162749
0.81,0.35,0.175645
0.81,0.36,0.171469
0.81,0.37,0.166607
0.81,0.38,0.162502
0.81,0.39,0.170523
0.81,0.4,0.158883
0.81,0.41,0.17404
0.81,0.42,0.168382
0.81,0.43,0.166296
0.81,0.44,0.165976
0.81,0.45,0.173951
0.81,0.46,0.171294
0.81,0.47,0.173217
0.81,0.48,0.174706
0.81,0.49,0.160914
0.81,0.5,0.16636
0.81,0.51,0.157327
0.81,0.52,0.166593
0.81,0.53,0.177426
0.81,0.54,0.160227
0.81,0.55,0.161794
0.81,0.56,0.170774
0.81,0.57,0.163693
0.81,0.58,0.171665
0.81,0.59,0.166715
0.81,0.6,0.155414
0.81,0.61,0.171103
0.81,0.62,0.167787
0.81,0.63,0.161498
0.81,0.64,0.177651
0.81,0.65,0.154202
0.81,0.66,0.17309
0.81,0.67,0.16744
0.81,0.68,0.175887
0.81,0.69,0.167896
0.81,0.7,0.158037
0.81,0.71,0.172628
0.81,0.72,0.179766
0.81,0.73,0.17516
0.81,0.74,0.177318
0.81,0.75,0.168293
0.81,0.76,0.165005
0.81,0.77,0.169726
0.81,0.78,0.177905
0.81,0.79,0.156037
0.81,0.8,0.179483
0.81,0.81,0.167816
0.81,0.82,0.164437
0.81,0.83,0.176468
0.81,0.84,0.163513
0.81,0.85,0.178457
0.81,0.86,0.157627
0.81,0.87,0.175138
0.81,0.88,0.171046
0.81,0.89,0.177485
0.81,0.9,0.165425
0.81,0.91,0.174216
0.81,0.92,0.173993
0.81,0.93,0.168405
0.81,0.94,0.172668
0.81,0.95,0.174072
0.81,0.96,0.162599
0.81,0.97,0.17349
0.81,0.98,0.169912
0.81,0.99,0.167029
0.81,1,0.181884
0.81,1.01,0.173414
0.81,1.02,0.164733
0.81,1.03,0.168618
0.81,1.04,0.174561
0.81,1.05,0.173514
0.81,1.06,0.171806
0.81,1.07,0.173234
0.81,1.08,0.160077
0.81,1.09,0.171318
0.81,1.1,0.172223
0.81,1.11,0.172524
0.81,1.12,0.165515
0.81,1.13,0.180586
0.81,1.14,0.182898
0.81,1.15,0.171922
0.81,1.16,0.175937
0.81,1.17,0.169347
0.81,1.18,0.153793
0.81,1.19,0.156517
0.81,1.2,0.167625
0.81,1.21,0.168776
0.81,1.22,0.178602
0.81,1.23,0.179502
0.81,1.24,0.177945
0.81,1.25,0.174027
0.81,1.26,0.185713
0.81,1.27,0.178599
0.81,1.28,0.167074
0.81,1.29,0.177892
0.81,1.3,0.164677
0.81,1.31,0.17537
0.81,1.32,0.164345
0.81,1.33,0.179353
0.81,1.34,0.170782
0.81,1.35,0.187724
0.81,1.36,0.182687
0.81,1.37,0.181767
0.81,1.38,0.169487
0.81,1.39,0.173091
0.81,1.4,0.174395
0.81,1.41,0.162676
0.81,1.42,0.167677
0.81,1.43,0.171047
0.81,1.44,0.170771
0.81,1.45,0.163423
0.81,1.46,0.165805
0.81,1.47,0.159437
0.81,1.48,0.174696
0.81,1.49,0.169093
0.81,1.5,0.17558
0.81,1.51,0.178664
0.81,1.52,0.162043
0.81,1.53,0.16673
0.81,1.54,0.171427
0.81,1.55,0.163804
0.81,1.56,0.179304
0.81,1.57,0.160039
0.81,1.58,0.167652
0.81,1.59,0.179759
0.81,1.6,0.175524
0.81,1.61,0.169867
0.81,1.62,0.168632
0.81,1.63,0.172822
0.81,1.64,0.161466
0.81,1.65,0.168976
0.81,1.66,0.169169
0.81,1.67,0.157725
0.81,1.68,0.150885
0.81,1.69,0.17275
0.81,1.7,0.172323
0.81,1.71,0.17195
0.81,1.72,0.169678
0.81,1.73,0.166082
0.81,1.74,0.172353
0.81,1.75,0.170334
0.81,1.76,0.177169
0.81,1.77,0.167346
0.81,1.78,0.179167
0.81,1.79,0.178128
0.81,1.8,0.167138
0.81,1.81,0.165841
0.81,1.82,0.179026
0.81,1.83,0.184681
0.81,1.84,0.174668
0.81,1.85,0.171978
0.81,1.86,0.172881
0.81,1.87,0.171186
0.81,1.88,0.17281
0.81,1.89,0.186441
0.81,1.9,0.161386
0.81,1.91,0.162271
0.81,1.92,0.177327
0.81,1.93,0.168903
0.81,1.94,0.180554
0.81,1.95,0.166541
0.81,1.96,0.175044
0.81,1.97,0.169239
0.81,1.98,0.168554
0.81,1.99,0.172462
0.81,2,0.163217
0.81,2.01,0.170959
0.81,2.02,0.163377
0.81,2.03,0.163973
0.81,2.04,0.167504
0.81,2.05,0.171116
0.81,2.06,0.167377
0.81,2.07,0.166337
0.81,2.08,0.171397
0.81,2.09,0.18168
0.81,2.1,0.191038
0.81,2.11,0.172004
0.81,2.12,0.173634
0.81,2.13,0.166069
0.81,2.14,0.165452
0.81,2.15,0.179599
0.81,2.16,0.169889
0.81,2.17,0.160292
0.81,2.18,0.18239
0.81,2.19,0.160058
0.81,2.2,0.171763
0.81,2.21,0.156048
0.81,2.22,0.167604
0.81,2.23,0.165731
0.81,2.24,0.169824
0.81,2.25,0.167823
0.81,2.26,0.169343
0.81,2.27,0.17514
0.81,2.28,0.162139
0.81,2.29,0.166782
0.81,2.3,0.167686
0.81,2.31,0.16076
0.81,2.32,0.149621
0.81,2.33,0.171141
0.81,2.34,0.165091
0.81,2.35,0.187434
0.81,2.36,0.172895
0.81,2.37,0.163455
0.81,2.38,0.170994
0.81,2.39,0.165729
0.81,2.4,0.161527
0.81,2.41,0.167944
0.81,2.42,0.176114
0.81,2.43,0.167726
0.81,2.44,0.163462
0.81,2.45,0.173547
0.81,2.46,0.176071
0.81,2.47,0.16587
0.81,2.48,0.167128
0.81,2.49,0.171804
0.81,2.5,0.174408
0.81,2.51,0.173339
0.81,2.52,0.170442
0.81,2.53,0.169903
0.81,2.54,0.173641
0.81,2.55,0.153976
0.81,2.56,0.170891
0.81,2.57,0.161726
0.81,2.58,0.161936
0.81,2.59,0.177174
0.81,2.6,0.168459
0.81,2.61,0.168649
0.81,2.62,0.154669
0.81,2.63,0.17128
0.81,2.64,0.174641
0.81,2.65,0.161386
0.81,2.66,0.176203
0.81,2.67,0.165647
0.81,2.68,0.17008
0.81,2.69,0.167111
0.81,2.7,0.163054
0.81,2.71,0.161513
0.81,2.72,0.170878
0.81,2.73,0.161548
0.81,2.74,0.171333
0.81,2.75,0.174117
0.81,2.76,0.167549
0.81,2.77,0.187956
0.81,2.78,0.178122
0.81,2.79,0.161902
0.81,2.8,0.176399
0.81,2.81,0.181916
0.81,2.82,0.167193
0.81,2.83,0.174793
0.81,2.84,0.178944
0.81,2.85,0.161103
0.81,2.86,0.170509
0.81,2.87,0.166298
0.81,2.88,0.185586
0.81,2.89,0.163608
0.81,2.9,0.165518
0.81,2.91,0.173688
0.81,2.92,0.172636
0.81,2.93,0.159406
0.81,2.94,0.176554
0.81,2.95,0.179823
0.81,2.96,0.179753
0.81,2.97,0.168854
0.81,2.98,0.170092
0.81,2.99,0.173259
0.81,3,0.167298
0.81,3.01,0.171233
0.81,3.02,0.162498
0.81,3.03,0.16816
0.81,3.04,0.179786
0.81,3.05,0.169643
0.81,3.06,0.174575
0.81,3.07,0.179356
0.81,3.08,0.167053
0.81,3.09,0.161194
0.81,3.1,0.159694
0.81,3.11,0.16949
0.81,3.12,0.170881
0.81,3.13,0.170513
0.81,3.14,0.180356
0.81,3.15,0.153218
0.81,3.16,0.176882
0.81,3.17,0.174047
0.81,3.18,0.177267
0.81,3.19,0.189201
0.81,3.2,0.160669
0.81,3.21,0.17265
0.81,3.22,0.177114
0.81,3.23,0.176699
0.81,3.24,0.172604
0.81,3.25,0.166846
0.81,3.26,0.159651
0.81,3.27,0.175431
0.81,3.28,0.167805
0.81,3.29,0.193516
0.81,3.3,0.169766
0.81,3.31,0.166619
0.81,3.32,0.175342
0.81,3.33,0.17478
0.81,3.34,0.177796
0.81,3.35,0.172424
0.81,3.36,0.172919
0.81,3.37,0.178514
0.81,3.38,0.168001
0.81,3.39,0.161571
0.81,3.4,0.176466
0.81,3.41,0.182208
0.81,3.42,0.165326
0.81,3.43,0.167419
0.81,3.44,0.182705
0.81,3.45,0.16804
0.81,3.46,0.171144
0.81,3.47,0.1707
0.81,3.48,0.168
0.81,3.49,0.177718
0.81,3.5,0.179019
0.81,3.51,0.175696
0.81,3.52,0.167607
0.81,3.53,0.167302
0.81,3.54,0.17829
0.81,3.55,0.171946
0.81,3.56,0.175599
0.81,3.57,0.171136
0.81,3.58,0.16584
0.81,3.59,0.160396
0.81,3.6,0.168249
0.81,3.61,0.167574
0.81,3.62,0.168299
0.81,3.63,0.159066
0.81,3.64,0.166944
0.81,3.65,0.173735
0.81,3.66,0.178138
0.81,3.67,0.162802
0.81,3.68,0.160087
0.81,3.69,0.177794
0.81,3.7,0.174028
0.81,3.71,0.1666
0.81,3.72,0.168947
0.81,3.73,0.16013
0.81,3.74,0.178476
0.81,3.75,0.155841
0.81,3.76,0.167017
0.81,3.77,0.175136
0.81,3.78,0.17542
0.81,3.79,0.170683
0.81,3.8,0.179321
0.81,3.81,0.176972
0.81,3.82,0.162088
0.81,3.83,0.16227
0.81,3.84,0.177822
0.81,3.85,0.162915
0.81,3.86,0.175881
0.81,3.87,0.171518
0.81,3.88,0.181808
0.81,3.89,0.162303
0.81,3.9,0.164856
0.81,3.91,0.162756
0.81,3.92,0.164176
0.81,3.93,0.167739
0.81,3.94,0.167157
0.81,3.95,0.167116
0.81,3.96,0.174321
0.81,3.97,0.178993
0.81,3.98,0.166009
0.81,3.99,0.179737
0.81,4,0.18015
0.81,4.01,0.158696
0.81,4.02,0.166258
0.81,4.03,0.155621
0.81,4.04,0.17547
0.81,4.05,0.175693
0.81,4.06,0.170291
0.81,4.07,0.176009
0.81,4.08,0.171712
0.81,4.09,0.155366
0.81,4.1,0.175537
0.81,4.11,0.169549
0.81,4.12,0.176201
0.81,4.13,0.162393
0.81,4.14,0.156146
0.81,4.15,0.152418
0.81,4.16,0.160365
0.81,4.17,0.177814
0.81,4.18,0.180087
0.81,4.19,0.173693
0.81,4.2,0.16032
0.81,4.21,0.186423
0.81,4.22,0.17291
0.81,4.23,0.175783
0.81,4.24,0.166096
0.81,4.25,0.176373
0.81,4.26,0.163498
0.81,4.27,0.172328
0.81,4.28,0.172749
0.81,4.29,0.178614
0.81,4.3,0.160119
0.81,4.31,0.160526
0.81,4.32,0.164024
0.81,4.33,0.169132
0.81,4.34,0.164589
0.81,4.35,0.170317
0.81,4.36,0.176844
0.81,4.37,0.163411
0.81,4.38,0.16767
0.81,4.39,0.172049
0.81,4.4,0.167743
0.81,4.41,0.1757
0.81,4.42,0.178105
0.81,4.43,0.170093
0.81,4.44,0.170816
0.81,4.45,0.173585
0.81,4.46,0.1586
0.81,4.47,0.176116
0.81,4.48,0.151972
0.81,4.49,0.166695
0.81,4.5,0.174074
0.81,4.51,0.169406
0.81,4.52,0.171009
0.81,4.53,0.188683
0.81,4.54,0.172246
0.81,4.55,0.18341
0.81,4.56,0.175464
0.81,4.57,0.167054
0.81,4.58,0.175181
0.81,4.59,0.167933
0.81,4.6,0.17195
0.81,4.61,0.16555
0.81,4.62,0.169209
0.81,4.63,0.171763
0.81,4.64,0.154414
0.81,4.65,0.168549
0.81,4.66,0.180804
0.81,4.67,0.183913
0.81,4.68,0.168784
0.81,4.69,0.175974
0.81,4.7,0.168988
0.81,4.71,0.190272
0.81,4.72,0.168644
0.81,4.73,0.173863
0.81,4.74,0.16868
0.81,4.75,0.17621
0.81,4.76,0.171867
0.81,4.77,0.167796
0.81,4.78,0.183682
0.81,4.79,0.168316
0.81,4.8,0.17293
0.81,4.81,0.17201
0.81,4.82,0.166881
0.81,4.83,0.162982
0.81,4.84,0.18145
0.81,4.85,0.163223
0.81,4.86,0.1807
0.81,4.87,0.177714
0.81,4.88,0.166595
0.81,4.89,0.172575
0.81,4.9,0.179271
0.81,4.91,0.171584
0.81,4.92,0.166768
0.81,4.93,0.168897
0.81,4.94,0.15839
0.81,4.95,0.174637
0.81,4.96,0.169173
0.81,4.97,0.166132
0.81,4.98,0.15966
0.81,4.99,0.170666
0.81,5,0.16356
0.81,5.01,0.168453
0.81,5.02,0.167511
0.81,5.03,0.158962
0.81,5.04,0.159936
0.81,5.05,0.168662
0.81,5.06,0.169128
0.81,5.07,0.158025
0.81,5.08,0.168378
0.81,5.09,0.169639
0.81,5.1,0.173397
0.81,5.11,0.17185
0.81,5.12,0.168848
0.81,5.13,0.170933
0.81,5.14,0.165985
0.81,5.15,0.167106
0.81,5.16,0.160164
0.81,5.17,0.157176
0.81,5.18,0.172426
0.81,5.19,0.173474
0.81,5.2,0.166208
0.81,5.21,0.179808
0.81,5.22,0.170601
0.81,5.23,0.180397
0.81,5.24,0.171752
0.81,5.25,0.179425
0.81,5.26,0.171251
0.81,5.27,0.157371
0.81,5.28,0.170656
0.81,5.29,0.170842
0.81,5.3,0.172006
0.81,5.31,0.166112
0.81,5.32,0.166161
0.81,5.33,0.171302
0.81,5.34,0.171069
0.81,5.35,0.17024
0.81,5.36,0.173098
0.81,5.37,0.161316
0.81,5.38,0.1756
0.81,5.39,0.170129
0.81,5.4,0.166557
0.81,5.41,0.164085
0.81,5.42,0.159792
0.81,5.43,0.175396
0.81,5.44,0.168167
0.81,5.45,0.183596
0.81,5.46,0.176996
0.81,5.47,0.179271
0.81,5.48,0.181769
0.81,5.49,0.181445
0.81,5.5,0.180078
0.81,5.51,0.176977
0.81,5.52,0.17922
0.81,5.53,0.166098
0.81,5.54,0.175505
0.81,5.55,0.16715
0.81,5.56,0.168367
0.81,5.57,0.168574
0.81,5.58,0.16894
0.81,5.59,0.170005
0.81,5.6,0.184285
0.81,5.61,0.18413
0.81,5.62,0.1778
0.81,5.63,0.181635
0.81,5.64,0.164607
0.81,5.65,0.177081
0.81,5.66,0.175873
0.81,5.67,0.168118
0.81,5.68,0.163375
0.81,5.69,0.175044
0.81,5.7,0.160996
0.81,5.71,0.17023
0.81,5.72,0.172354
0.81,5.73,0.156018
0.81,5.74,0.148105
0.81,5.75,0.166411
0.81,5.76,0.175714
0.81,5.77,0.169568
0.81,5.78,0.174801
0.81,5.79,0.159993
0.81,5.8,0.192945
0.81,5.81,0.173068
0.81,5.82,0.177394
0.81,5.83,0.172338
0.81,5.84,0.166747
0.81,5.85,0.168648
0.81,5.86,0.167494
0.81,5.87,0.161988
0.81,5.88,0.161211
0.81,5.89,0.163906
0.81,5.9,0.160434
0.81,5.91,0.172507
0.81,5.92,0.17809
0.81,5.93,0.181134
0.81,5.94,0.175178
0.81,5.95,0.168371
0.81,5.96,0.165951
0.81,5.97,0.177441
0.81,5.98,0.165631
0.81,5.99,0.158064
0.81,6,0.184268
0.81,6.01,0.16785
0.81,6.02,0.16985
0.81,6.03,0.167125
0.81,6.04,0.16816
0.81,6.05,0.164207
0.81,6.06,0.176021
0.81,6.07,0.181785
0.81,6.08,0.161785
0.81,6.09,0.176275
0.81,6.1,0.172334
0.81,6.11,0.183849
0.81,6.12,0.17582
0.81,6.13,0.181479
0.81,6.14,0.181209
0.81,6.15,0.179844
0.81,6.16,0.173488
0.81,6.17,0.187221
0.81,6.18,0.168454
0.81,6.19,0.175426
0.81,6.2,0.177649
0.81,6.21,0.160968
0.81,6.22,0.175268
0.81,6.23,0.165252
0.81,6.24,0.168209
0.81,6.25,0.16349
0.81,6.26,0.171076
0.81,6.27,0.171591
0.81,6.28,0.180732
0.82,0,0.166677
0.82,0.01,0.175855
0.82,0.02,0.161485
0.82,0.03,0.173537
0.82,0.04,0.168853
0.82,0.05,0.154592
0.82,0.06,0.176604
0.82,0.07,0.168302
0.82,0.08,0.163694
0.82,0.09,0.148274
0.82,0.1,0.163443
0.82,0.11,0.161393
0.82,0.12,0.16909
0.82,0.13,0.149852
0.82,0.14,0.167438
0.82,0.15,0.157378
0.82,0.16,0.167814
0.82,0.17,0.156534
0.82,0.18,0.166551
0.82,0.19,0.166704
0.82,0.2,0.172274
0.82,0.21,0.167505
0.82,0.22,0.168672
0.82,0.23,0.157356
0.82,0.24,0.167133
0.82,0.25,0.168391
0.82,0.26,0.165142
0.82,0.27,0.16564
0.82,0.28,0.150622
0.82,0.29,0.167967
0.82,0.3,0.157738
0.82,0.31,0.169758
0.82,0.32,0.172916
0.82,0.33,0.167043
0.82,0.34,0.168375
0.82,0.35,0.169477
0.82,0.36,0.174851
0.82,0.37,0.169522
0.82,0.38,0.171672
0.82,0.39,0.155337
0.82,0.4,0.171744
0.82,0.41,0.158928
0.82,0.42,0.166144
0.82,0.43,0.162367
0.82,0.44,0.180453
0.82,0.45,0.185002
0.82,0.46,0.1722
0.82,0.47,0.162641
0.82,0.48,0.179583
0.82,0.49,0.178007
0.82,0.5,0.158813
0.82,0.51,0.166602
0.82,0.52,0.173709
0.82,0.53,0.174251
0.82,0.54,0.165918
0.82,0.55,0.178027
0.82,0.56,0.172757
0.82,0.57,0.169545
0.82,0.58,0.173706
0.82,0.59,0.166143
0.82,0.6,0.169416
0.82,0.61,0.171849
0.82,0.62,0.165378
0.82,0.63,0.165713
0.82,0.64,0.170813
0.82,0.65,0.166011
0.82,0.66,0.164927
0.82,0.67,0.162744
0.82,0.68,0.175301
0.82,0.69,0.16598
0.82,0.7,0.166894
0.82,0.71,0.171792
0.82,0.72,0.158587
0.82,0.73,0.166385
0.82,0.74,0.16066
0.82,0.75,0.160151
0.82,0.76,0.160343
0.82,0.77,0.16232
0.82,0.78,0.174308
0.82,0.79,0.167407
0.82,0.8,0.1649
0.82,0.81,0.172229
0.82,0.82,0.176567
0.82,0.83,0.179433
0.82,0.84,0.172457
0.82,0.85,0.174621
0.82,0.86,0.162781
0.82,0.87,0.16625
0.82,0.88,0.168792
0.82,0.89,0.181499
0.82,0.9,0.17588
0.82,0.91,0.161924
0.82,0.92,0.161796
0.82,0.93,0.167552
0.82,0.94,0.16665
0.82,0.95,0.184317
0.82,0.96,0.158675
0.82,0.97,0.151465
0.82,0.98,0.1522
0.82,0.99,0.159428
0.82,1,0.164492
0.82,1.01,0.163838
0.82,1.02,0.16882
0.82,1.03,0.16247
0.82,1.04,0.154688
0.82,1.05,0.179354
0.82,1.06,0.172856
0.82,1.07,0.174839
0.82,1.08,0.175541
0.82,1.09,0.16673
0.82,1.1,0.165413
0.82,1.11,0.157466
0.82,1.12,0.153338
0.82,1.13,0.164799
0.82,1.14,0.17371
0.82,1.15,0.173483
0.82,1.16,0.163822
0.82,1.17,0.160888
0.82,1.18,0.159528
0.82,1.19,0.174077
0.82,1.2,0.176816
0.82,1.21,0.178131
0.82,1.22,0.173058
0.82,1.23,0.161352
0.82,1.24,0.173258
0.82,1.25,0.166023
0.82,1.26,0.159246
0.82,1.27,0.17208
0.82,1.28,0.160654
0.82,1.29,0.168859
0.82,1.3,0.179443
0.82,1.31,0.153698
0.82,1.32,0.161994
0.82,1.33,0.172326
0.82,1.34,0.169399
0.82,1.35,0.171044
0.82,1.36,0.177511
0.82,1.37,0.17526
0.82,1.38,0.175313
0.82,1.39,0.158678
0.82,1.4,0.168761
0.82,1.41,0.156239
0.82,1.42,0.167696
0.82,1.43,0.158241
0.82,1.44,0.164376
0.82,1.45,0.15692
0.82,1.46,0.177043
0.82,1.47,0.168654
0.82,1.48,0.165999
0.82,1.49,0.168755
0.82,1.5,0.1736
0.82,1.51,0.161389
0.82,1.52,0.164027
0.82,1.53,0.164508
0.82,1.54,0.1752
0.82,1.55,0.16538
0.82,1.56,0.154287
0.82,1.57,0.16391
0.82,1.58,0.150018
0.82,1.59,0.174919
0.82,1.6,0.165961
0.82,1.61,0.162497
0.82,1.62,0.171329
0.82,1.63,0.175905
0.82,1.64,0.16072
0.82,1.65,0.151594
0.82,1.66,0.16082
0.82,1.67,0.174896
0.82,1.68,0.171564
0.82,1.69,0.162706
0.82,1.7,0.176291
0.82,1.71,0.182559
0.82,1.72,0.162277
0.82,1.73,0.16665
0.82,1.74,0.165095
0.82,1.75,0.155322
0.82,1.76,0.168014
0.82,1.77,0.15503
0.82,1.78,0.169438
0.82,1.79,0.149337
0.82,1.8,0.170731
0.82,1.81,0.169382
0.82,1.82,0.174702
0.82,1.83,0.177649
0.82,1.84,0.168702
0.82,1.85,0.16526
0.82,1.86,0.164512
0.82,1.87,0.166428
0.82,1.88,0.166079
0.82,1.89,0.18759
0.82,1.9,0.166233
0.82,1.91,0.176788
0.82,1.92,0.163406
0.82,1.93,0.176781
0.82,1.94,0.161244
0.82,1.95,0.164676
0.82,1.96,0.17828
0.82,1.97,0.166057
0.82,1.98,0.165856
0.82,1.99,0.174401
0.82,2,0.171277
0.82,2.01,0.171321
0.82,2.02,0.162824
0.82,2.03,0.167184
0.82,2.04,0.184205
0.82,2.05,0.173162
0.82,2.06,0.165403
0.82,2.07,0.185582
0.82,2.08,0.173048
0.82,2.09,0.165887
0.82,2.1,0.168772
0.82,2.11,0.16051
0.82,2.12,0.176433
0.82,2.13,0.180272
0.82,2.14,0.15526
0.82,2.15,0.15729
0.82,2.16,0.161269
0.82,2.17,0.171244
0.82,2.18,0.160929
0.82,2.19,0.175052
0.82,2.2,0.166906
0.82,2.21,0.168956
0.82,2.22,0.172134
0.82,2.23,0.185985
0.82,2.24,0.164043
0.82,2.25,0.158761
0.82,2.26,0.18328
0.82,2.27,0.153697
0.82,2.28,0.181314
0.82,2.29,0.174695
0.82,2.3,0.169528
0.82,2.31,0.163055
0.82,2.32,0.169089
0.82,2.33,0.177465
0.82,2.34,0.169364
0.82,2.35,0.151688
0.82,2.36,0.17477
0.82,2.37,0.165284
0.82,2.38,0.163454
0.82,2.39,0.164261
0.82,2.4,0.181749
0.82,2.41,0.162588
0.82,2.42,0.176512
0.82,2.43,0.177131
0.82,2.44,0.166309
0.82,2.45,0.167523
0.82,2.46,0.177546
0.82,2.47,0.181255
0.82,2.48,0.164442
0.82,2.49,0.181209
0.82,2.5,0.16683
0.82,2.51,0.168611
0.82,2.52,0.154449
0.82,2.53,0.179318
0.82,2.54,0.1642
0.82,2.55,0.173202
0.82,2.56,0.167988
0.82,2.57,0.159799
0.82,2.58,0.164045
0.82,2.59,0.163517
0.82,2.6,0.157935
0.82,2.61,0.156942
0.82,2.62,0.16606
0.82,2.63,0.162578
0.82,2.64,0.171218
0.82,2.65,0.173146
0.82,2.66,0.170149
0.82,2.67,0.170973
0.82,2.68,0.166343
0.82,2.69,0.166019
0.82,2.7,0.159036
0.82,2.71,0.159705
0.82,2.72,0.168602
0.82,2.73,0.162461
0.82,2.74,0.174096
0.82,2.75,0.158987
0.82,2.76,0.163321
0.82,2.77,0.163391
0.82,2.78,0.162257
0.82,2.79,0.154006
0.82,2.8,0.176905
0.82,2.81,0.169192
0.82,2.82,0.166434
0.82,2.83,0.177863
0.82,2.84,0.157473
0.82,2.85,0.174188
0.82,2.86,0.171392
0.82,2.87,0.175022
0.82,2.88,0.18003
0.82,2.89,0.159345
0.82,2.9,0.177148
0.82,2.91,0.18068
0.82,2.92,0.165672
0.82,2.93,0.167108
0.82,2.94,0.163631
0.82,2.95,0.167341
0.82,2.96,0.162415
0.82,2.97,0.175301
0.82,2.98,0.174979
0.82,2.99,0.164315
0.82,3,0.164884
0.82,3.01,0.164509
0.82,3.02,0.164215
0.82,3.03,0.162508
0.82,3.04,0.173017
0.82,3.05,0.170334
0.82,3.06,0.176982
0.82,3.07,0.174978
0.82,3.08,0.177222
0.82,3.09,0.163317
0.82,3.1,0.177386
0.82,3.11,0.173798
0.82,3.12,0.178071
0.82,3.13,0.175084
0.82,3.14,0.16741
0.82,3.15,0.16479
0.82,3.16,0.160598
0.82,3.17,0.172698
0.82,3.18,0.165276
0.82,3.19,0.167273
0.82,3.2,0.16622
0.82,3.21,0.158544
0.82,3.22,0.160726
0.82,3.23,0.158708
0.82,3.24,0.177437
0.82,3.25,0.165001
0.82,3.26,0.169705
0.82,3.27,0.160599
0.82,3.28,0.170065
0.82,3.29,0.155701
0.82,3.3,0.158661
0.82,3.31,0.169789
0.82,3.32,0.164319
0.82,3.33,0.188357
0.82,3.34,0.171274
0.82,3.35,0.167896
0.82,3.36,0.164195
0.82,3.37,0.16508
0.82,3.38,0.176624
0.82,3.39,0.168551
0.82,3.4,0.179048
0.82,3.41,0.158697
0.82,3.42,0.168741
0.82,3.43,0.16102
0.82,3.44,0.176836
0.82,3.45,0.168137
0.82,3.46,0.169598
0.82,3.47,0.162575
0.82,3.48,0.180971
0.82,3.49,0.172186
0.82,3.5,0.156487
0.82,3.51,0.149032
0.82,3.52,0.171174
0.82,3.53,0.165551
0.82,3.54,0.176132
0.82,3.55,0.164432
0.82,3.56,0.14239
0.82,3.57,0.173046
0.82,3.58,0.169108
0.82,3.59,0.162366
0.82,3.6,0.167476
0.82,3.61,0.169063
0.82,3.62,0.164148
0.82,3.63,0.162638
0.82,3.64,0.165076
0.82,3.65,0.16076
0.82,3.66,0.159957
0.82,3.67,0.165276
0.82,3.68,0.166272
0.82,3.69,0.170352
0.82,3.7,0.166741
0.82,3.71,0.170278
0.82,3.72,0.168176
0.82,3.73,0.166969
0.82,3.74,0.177348
0.82,3.75,0.163391
0.82,3.76,0.17905
0.82,3.77,0.16547
0.82,3.78,0.170057
0.82,3.79,0.171193
0.82,3.8,0.16683
0.82,3.81,0.161904
0.82,3.82,0.168782
0.82,3.83,0.178023
0.82,3.84,0.152218
0.82,3.85,0.173919
0.82,3.86,0.165753
0.82,3.87,0.171628
0.82,3.88,0.165713
0.82,3.89,0.164889
0.82,3.9,0.181975
0.82,3.91,0.169887
0.82,3.92,0.171171
0.82,3.93,0.169678
0.82,3.94,0.171091
0.82,3.95,0.175951
0.82,3.96,0.156206
0.82,3.97,0.179147
0.82,3.98,0.171846
0.82,3.99,0.17158
0.82,4,0.164031
0.82,4.01,0.172456
0.82,4.02,0.167552
0.82,4.03,0.164936
0.82,4.04,0.169586
0.82,4.05,0.1614
0.82,4.06,0.162442
0.82,4.07,0.178893
0.82,4.08,0.176462
0.82,4.09,0.163848
0.82,4.1,0.167207
0.82,4.11,0.159193
0.82,4.12,0.175168
0.82,4.13,0.167737
0.82,4.14,0.162762
0.82,4.15,0.167702
0.82,4.16,0.167718
0.82,4.17,0.172511
0.82,4.18,0.179882
0.82,4.19,0.165289
0.82,4.2,0.185653
0.82,4.21,0.176022
0.82,4.22,0.177749
0.82,4.23,0.157928
0.82,4.24,0.177154
0.82,4.25,0.179202
0.82,4.26,0.17388
0.82,4.27,0.148762
0.82,4.28,0.166011
0.82,4.29,0.169508
0.82,4.3,0.174457
0.82,4.31,0.174386
0.82,4.32,0.170327
0.82,4.33,0.17649
0.82,4.34,0.160459
0.82,4.35,0.165039
0.82,4.36,0.161622
0.82,4.37,0.159004
0.82,4.38,0.155577
0.82,4.39,0.163905
0.82,4.4,0.166894
0.82,4.41,0.176319
0.82,4.42,0.167938
0.82,4.43,0.169431
0.82,4.44,0.164056
0.82,4.45,0.164088
0.82,4.46,0.179018
0.82,4.47,0.156514
0.82,4.48,0.160998
0.82,4.49,0.175263
0.82,4.5,0.177319
0.82,4.51,0.160751
0.82,4.52,0.170984
0.82,4.53,0.18003
0.82,4.54,0.180656
0.82,4.55,0.173266
0.82,4.56,0.170815
0.82,4.57,0.172423
0.82,4.58,0.164668
0.82,4.59,0.167573
0.82,4.6,0.182011
0.82,4.61,0.165541
0.82,4.62,0.161879
0.82,4.63,0.166933
0.82,4.64,0.167546
0.82,4.65,0.175057
0.82,4.66,0.183028
0.82,4.67,0.149619
0.82,4.68,0.180236
0.82,4.69,0.154624
0.82,4.7,0.166176
0.82,4.71,0.170183
0.82,4.72,0.168769
0.82,4.73,0.165546
0.82,4.74,0.162559
0.82,4.75,0.172645
0.82,4.76,0.167446
0.82,4.77,0.173646
0.82,4.78,0.169458
0.82,4.79,0.165992
0.82,4.8,0.163445
0.82,4.81,0.176749
0.82,4.82,0.164623
0.82,4.83,0.173208
0.82,4.84,0.158986
0.82,4.85,0.169876
0.82,4.86,0.16354
0.82,4.87,0.176086
0.82,4.88,0.169965
0.82,4.89,0.170149
0.82,4.9,0.174637
0.82,4.91,0.158448
0.82,4.92,0.16936
0.82,4.93,0.167587
0.82,4.94,0.179246
0.82,4.95,0.173375
0.82,4.96,0.164974
0.82,4.97,0.156329
0.82,4.98,0.163071
0.82,4.99,0.165655
0.82,5,0.169483
0.82,5.01,0.172519
0.82,5.02,0.165513
0.82,5.03,0.174108
0.82,5.04,0.162253
0.82,5.05,0.165573
0.82,5.06,0.175573
0.82,5.07,0.173008
0.82,5.08,0.176133
0.82,5.09,0.183655
0.82,5.1,0.168608
0.82,5.11,0.188744
0.82,5.12,0.170037
0.82,5.13,0.155301
0.82,5.14,0.171125
0.82,5.15,0.170142
0.82,5.16,0.165506
0.82,5.17,0.17902
0.82,5.18,0.17042
0.82,5.19,0.159029
0.82,5.2,0.171292
0.82,5.21,0.165066
0.82,5.22,0.157425
0.82,5.23,0.176428
0.82,5.24,0.17723
0.82,5.25,0.176879
0.82,5.26,0.175017
0.82,5.27,0.179872
0.82,5.28,0.158711
0.82,5.29,0.167903
0.82,5.3,0.167101
0.82,5.31,0.167693
0.82,5.32,0.175731
0.82,5.33,0.167634
0.82,5.34,0.172932
0.82,5.35,0.169096
0.82,5.36,0.164139
0.82,5.37,0.162891
0.82,5.38,0.157419
0.82,5.39,0.172634
0.82,5.4,0.16938
0.82,5.41,0.178122
0.82,5.42,0.170928
0.82,5.43,0.163994
0.82,5.44,0.172998
0.82,5.45,0.174733
0.82,5.46,0.166287
0.82,5.47,0.17575
0.82,5.48,0.167783
0.82,5.49,0.173718
0.82,5.5,0.177761
0.82,5.51,0.176825
0.82,5.52,0.158123
0.82,5.53,0.166333
0.82,5.54,0.162025
0.82,5.55,0.163511
0.82,5.56,0.157781
0.82,5.57,0.167723
0.82,5.58,0.176824
0.82,5.59,0.16229
0.82,5.6,0.160905
0.82,5.61,0.16844
0.82,5.62,0.17387
0.82,5.63,0.186528
0.82,5.64,0.165242
0.82,5.65,0.171714
0.82,5.66,0.161288
0.82,5.67,0.159324
0.82,5.68,0.16241
0.82,5.69,0.169556
0.82,5.7,0.173845
0.82,5.71,0.175702
0.82,5.72,0.169168
0.82,5.73,0.167373
0.82,5.74,0.166398
0.82,5.75,0.1665
0.82,5.76,0.168094
0.82,5.77,0.168494
0.82,5.78,0.161681
0.82,5.79,0.162565
0.82,5.8,0.17035
0.82,5.81,0.170219
0.82,5.82,0.166923
0.82,5.83,0.173027
0.82,5.84,0.167376
0.82,5.85,0.166907
0.82,5.86,0.161972
0.82,5.87,0.169555
0.82,5.88,0.17385
0.82,5.89,0.158152
0.82,5.9,0.167755
0.82,5.91,0.182712
0.82,5.92,0.160822
0.82,5.93,0.169075
0.82,5.94,0.167571
0.82,5.95,0.177535
0.82,5.96,0.187955
0.82,5.97,0.164791
0.82,5.98,0.183446
0.82,5.99,0.171353
0.82,6,0.16767
0.82,6.01,0.167833
0.82,6.02,0.166446
0.82,6.03,0.164507
0.82,6.04,0.170804
0.82,6.05,0.171751
0.82,6.06,0.167649
0.82,6.07,0.164754
0.82,6.08,0.170895
0.82,6.09,0.166882
0.82,6.1,0.160347
0.82,6.11,0.168347
0.82,6.12,0.173597
0.82,6.13,0.171107
0.82,6.14,0.167901
0.82,6.15,0.165707
0.82,6.16,0.17108
0.82,6.17,0.169444
0.82,6.18,0.161335
0.82,6.19,0.171418
0.82,6.2,0.173396
0.82,6.21,0.156547
0.82,6.22,0.16057
0.82,6.23,0.158451
0.82,6.24,0.163369
0.82,6.25,0.170995
0.82,6.26,0.163228
0.82,6.27,0.173524
0.82,6.28,0.170993
0.83,0,0.163752
0.83,0.01,0.160876
0.83,0.02,0.171792
0.83,0.03,0.18185
0.83,0.04,0.154626
0.83,0.05,0.15456
0.83,0.06,0.16789
0.83,0.07,0.160187
0.83,0.08,0.169396
0.83,0.09,0.156353
0.83,0.1,0.161778
0.83,0.11,0.155418
0.83,0.12,0.172387
0.83,0.13,0.161872
0.83,0.14,0.169477
0.83,0.15,0.166448
0.83,0.16,0.170616
0.83,0.17,0.178902
0.83,0.18,0.172956
0.83,0.19,0.160738
0.83,0.2,0.169213
0.83,0.21,0.172041
0.83,0.22,0.170929
0.83,0.23,0.168071
0.83,0.24,0.161103
0.83,0.25,0.166791
0.83,0.26,0.154018
0.83,0.27,0.162817
0.83,0.28,0.171916
0.83,0.29,0.141278
0.83,0.3,0.163548
0.83,0.31,0.159618
0.83,0.32,0.172279
0.83,0.33,0.156121
0.83,0.34,0.16333
0.83,0.35,0.162752
0.83,0.36,0.163131
0.83,0.37,0.164865
0.83,0.38,0.164493
0.83,0.39,0.164884
0.83,0.4,0.172157
0.83,0.41,0.170224
0.83,0.42,0.167922
0.83,0.43,0.173841
0.83,0.44,0.164829
0.83,0.45,0.168252
0.83,0.46,0.157612
0.83,0.47,0.159539
0.83,0.48,0.161337
0.83,0.49,0.161521
0.83,0.5,0.167639
0.83,0.51,0.174904
0.83,0.52,0.181023
0.83,0.53,0.166729
0.83,0.54,0.170872
0.83,0.55,0.159488
0.83,0.56,0.173065
0.83,0.57,0.163516
0.83,0.58,0.167738
0.83,0.59,0.169069
0.83,0.6,0.162766
0.83,0.61,0.164885
0.83,0.62,0.170435
0.83,0.63,0.167382
0.83,0.64,0.180175
0.83,0.65,0.157836
0.83,0.66,0.159532
0.83,0.67,0.165419
0.83,0.68,0.16523
0.83,0.69,0.157154
0.83,0.7,0.169075
0.83,0.71,0.152395
0.83,0.72,0.167395
0.83,0.73,0.16144
0.83,0.74,0.159034
0.83,0.75,0.161545
0.83,0.76,0.181297
0.83,0.77,0.152494
0.83,0.78,0.162468
0.83,0.79,0.163882
0.83,0.8,0.159951
0.83,0.81,0.178939
0.83,0.82,0.167152
0.83,0.83,0.179679
0.83,0.84,0.169459
0.83,0.85,0.161624
0.83,0.86,0.162223
0.83,0.87,0.159843
0.83,0.88,0.157056
0.83,0.89,0.161999
0.83,0.9,0.158001
0.83,0.91,0.174271
0.83,0.92,0.168679
0.83,0.93,0.168141
0.83,0.94,0.147316
0.83,0.95,0.156456
0.83,0.96,0.158318
0.83,0.97,0.165901
0.83,0.98,0.156663
0.83,0.99,0.165885
0.83,1,0.166473
0.83,1.01,0.166166
0.83,1.02,0.171575
0.83,1.03,0.171946
0.83,1.04,0.171804
0.83,1.05,0.158739
0.83,1.06,0.177045
0.83,1.07,0.172594
0.83,1.08,0.153923
0.83,1.09,0.172936
0.83,1.1,0.157973
0.83,1.11,0.16009
0.83,1.12,0.159372
0.83,1.13,0.171512
0.83,1.14,0.155498
0.83,1.15,0.161963
0.83,1.16,0.169297
0.83,1.17,0.158687
0.83,1.18,0.164549
0.83,1.19,0.154579
0.83,1.2,0.170945
0.83,1.21,0.167782
0.83,1.22,0.17219
0.83,1.23,0.175767
0.83,1.24,0.16597
0.83,1.25,0.16447
0.83,1.26,0.167002
0.83,1.27,0.159829
0.83,1.28,0.164564
0.83,1.29,0.181697
0.83,1.3,0.17096
0.83,1.31,0.166781
0.83,1.32,0.164012
0.83,1.33,0.168746
0.83,1.34,0.164152
0.83,1.35,0.180746
0.83,1.36,0.166321
0.83,1.37,0.172267
0.83,1.38,0.156092
0.83,1.39,0.158457
0.83,1.4,0.169792
0.83,1.41,0.156414
0.83,1.42,0.155995
0.83,1.43,0.170599
0.83,1.44,0.168258
0.83,1.45,0.156406
0.83,1.46,0.157522
0.83,1.47,0.16487
0.83,1.48,0.15539
0.83,1.49,0.152349
0.83,1.5,0.170649
0.83,1.51,0.168477
0.83,1.52,0.158956
0.83,1.53,0.157433
0.83,1.54,0.165613
0.83,1.55,0.158236
0.83,1.56,0.165652
0.83,1.57,0.150594
0.83,1.58,0.177936
0.83,1.59,0.17248
0.83,1.6,0.156345
0.83,1.61,0.171972
0.83,1.62,0.165422
0.83,1.63,0.161159
0.83,1.64,0.158655
0.83,1.65,0.148892
0.83,1.66,0.158804
0.83,1.67,0.174626
0.83,1.68,0.157483
0.83,1.69,0.156463
0.83,1.7,0.163697
0.83,1.71,0.154286
0.83,1.72,0.16822
0.83,1.73,0.167118
0.83,1.74,0.164726
0.83,1.75,0.163632
0.83,1.76,0.168943
0.83,1.77,0.161826
0.83,1.78,0.169735
0.83,1.79,0.167193
0.83,1.8,0.17112
0.83,1.81,0.157487
0.83,1.82,0.17247
0.83,1.83,0.158422
0.83,1.84,0.170305
0.83,1.85,0.165924
0.83,1.86,0.163635
0.83,1.87,0.160224
0.83,1.88,0.163729
0.83,1.89,0.1705
0.83,1.9,0.14452
0.83,1.91,0.173049
0.83,1.92,0.165628
0.83,1.93,0.154523
0.83,1.94,0.164964
0.83,1.95,0.160389
0.83,1.96,0.156892
0.83,1.97,0.188698
0.83,1.98,0.167888
0.83,1.99,0.160107
0.83,2,0.15549
0.83,2.01,0.185475
0.83,2.02,0.17114
0.83,2.03,0.158412
0.83,2.04,0.164473
0.83,2.05,0.169561
0.83,2.06,0.163255
0.83,2.07,0.177497
0.83,2.08,0.168961
0.83,2.09,0.159561
0.83,2.1,0.169269
0.83,2.11,0.158092
0.83,2.12,0.163119
0.83,2.13,0.172823
0.83,2.14,0.173297
0.83,2.15,0.157011
0.83,2.16,0.15458
0.83,2.17,0.157171
0.83,2.18,0.164093
0.83,2.19,0.169514
0.83,2.2,0.166326
0.83,2.21,0.17584
0.83,2.22,0.156295
0.83,2.23,0.146266
0.83,2.24,0.175493
0.83,2.25,0.17082
0.83,2.26,0.156383
0.83,2.27,0.165456
0.83,2.28,0.169312
0.83,2.29,0.173293
0.83,2.3,0.165066
0.83,2.31,0.156255
0.83,2.32,0.15785
0.83,2.33,0.167259
0.83,2.34,0.169025
0.83,2.35,0.17687
0.83,2.36,0.161969
0.83,2.37,0.160098
0.83,2.38,0.168493
0.83,2.39,0.158399
0.83,2.4,0.156621
0.83,2.41,0.175978
0.83,2.42,0.157293
0.83,2.43,0.172201
0.83,2.44,0.158395
0.83,2.45,0.169273
0.83,2.46,0.151909
0.83,2.47,0.174113
0.83,2.48,0.158078
0.83,2.49,0.155405
0.83,2.5,0.153822
0.83,2.51,0.157873
0.83,2.52,0.169631
0.83,2.53,0.169406
0.83,2.54,0.165056
0.83,2.55,0.184939
0.83,2.56,0.165525
0.83,2.57,0.165532
0.83,2.58,0.152867
0.83,2.59,0.160063
0.83,2.6,0.163734
0.83,2.61,0.16996
0.83,2.62,0.157607
0.83,2.63,0.16506
0.83,2.64,0.167869
0.83,2.65,0.167633
0.83,2.66,0.165086
0.83,2.67,0.164919
0.83,2.68,0.16847
0.83,2.69,0.163568
0.83,2.7,0.174628
0.83,2.71,0.151214
0.83,2.72,0.163383
0.83,2.73,0.162636
0.83,2.74,0.159309
0.83,2.75,0.159366
0.83,2.76,0.165351
0.83,2.77,0.161943
0.83,2.78,0.171291
0.83,2.79,0.185038
0.83,2.8,0.160571
0.83,2.81,0.175212
0.83,2.82,0.154484
0.83,2.83,0.179481
0.83,2.84,0.167248
0.83,2.85,0.173802
0.83,2.86,0.16735
0.83,2.87,0.165379
0.83,2.88,0.162288
0.83,2.89,0.16595
0.83,2.9,0.153175
0.83,2.91,0.171757
0.83,2.92,0.172917
0.83,2.93,0.153897
0.83,2.94,0.17363
0.83,2.95,0.158239
0.83,2.96,0.163376
0.83,2.97,0.172789
0.83,2.98,0.162264
0.83,2.99,0.16336
0.83,3,0.163037
0.83,3.01,0.176772
0.83,3.02,0.164835
0.83,3.03,0.168259
0.83,3.04,0.172338
0.83,3.05,0.163564
0.83,3.06,0.17658
0.83,3.07,0.155636
0.83,3.08,0.172488
0.83,3.09,0.159293
0.83,3.1,0.154856
0.83,3.11,0.152482
0.83,3.12,0.158129
0.83,3.13,0.16658
0.83,3.14,0.164196
0.83,3.15,0.152109
0.83,3.16,0.16266
0.83,3.17,0.169484
0.83,3.18,0.174443
0.83,3.19,0.166643
0.83,3.2,0.171331
0.83,3.21,0.151348
0.83,3.22,0.168686
0.83,3.23,0.171872
0.83,3.24,0.178348
0.83,3.25,0.154341
0.83,3.26,0.166998
0.83,3.27,0.162239
0.83,3.28,0.151823
0.83,3.29,0.17726
0.83,3.3,0.16741
0.83,3.31,0.162921
0.83,3.32,0.158328
0.83,3.33,0.191662
0.83,3.34,0.159603
0.83,3.35,0.172502
0.83,3.36,0.172872
0.83,3.37,0.171388
0.83,3.38,0.161587
0.83,3.39,0.166789
0.83,3.4,0.168554
0.83,3.41,0.173347
0.83,3.42,0.157552
0.83,3.43,0.161202
0.83,3.44,0.170037
0.83,3.45,0.172609
0.83,3.46,0.171643
0.83,3.47,0.151266
0.83,3.48,0.167941
0.83,3.49,0.17782
0.83,3.5,0.171709
0.83,3.51,0.175396
0.83,3.52,0.171002
0.83,3.53,0.16602
0.83,3.54,0.161456
0.83,3.55,0.162493
0.83,3.56,0.174622
0.83,3.57,0.160406
0.83,3.58,0.150863
0.83,3.59,0.170813
0.83,3.6,0.162754
0.83,3.61,0.167683
0.83,3.62,0.174298
0.83,3.63,0.163443
0.83,3.64,0.174838
0.83,3.65,0.175642
0.83,3.66,0.163833
0.83,3.67,0.167564
0.83,3.68,0.169506
0.83,3.69,0.149743
0.83,3.7,0.161631
0.83,3.71,0.167934
0.83,3.72,0.154222
0.83,3.73,0.151047
0.83,3.74,0.153005
0.83,3.75,0.14633
0.83,3.76,0.166099
0.83,3.77,0.159569
0.83,3.78,0.155881
0.83,3.79,0.175558
0.83,3.8,0.171617
0.83,3.81,0.158159
0.83,3.82,0.176878
0.83,3.83,0.164607
0.83,3.84,0.161017
0.83,3.85,0.163102
0.83,3.86,0.177843
0.83,3.87,0.158383
0.83,3.88,0.167149
0.83,3.89,0.172356
0.83,3.9,0.172506
0.83,3.91,0.166774
0.83,3.92,0.165582
0.83,3.93,0.150574
0.83,3.94,0.16805
0.83,3.95,0.170079
0.83,3.96,0.177106
0.83,3.97,0.160808
0.83,3.98,0.157718
0.83,3.99,0.16646
0.83,4,0.167041
0.83,4.01,0.170569
0.83,4.02,0.164438
0.83,4.03,0.1696
0.83,4.04,0.170725
0.83,4.05,0.166996
0.83,4.06,0.166254
0.83,4.07,0.168763
0.83,4.08,0.154547
0.83,4.09,0.164734
0.83,4.1,0.16609
0.83,4.11,0.152346
0.83,4.12,0.170706
0.83,4.13,0.152426
0.83,4.14,0.156243
0.83,4.15,0.170352
0.83,4.16,0.171851
0.83,4.17,0.170018
0.83,4.18,0.162204
0.83,4.19,0.162581
0.83,4.2,0.170468
0.83,4.21,0.163111
0.83,4.22,0.153795
0.83,4.23,0.178624
0.83,4.24,0.158817
0.83,4.25,0.157642
0.83,4.26,0.165636
0.83,4.27,0.156965
0.83,4.28,0.155963
0.83,4.29,0.163517
0.83,4.3,0.174289
0.83,4.31,0.171559
0.83,4.32,0.172991
0.83,4.33,0.16816
0.83,4.34,0.163389
0.83,4.35,0.15511
0.83,4.36,0.170139
0.83,4.37,0.163579
0.83,4.38,0.170997
0.83,4.39,0.173809
0.83,4.4,0.16144
0.83,4.41,0.158784
0.83,4.42,0.172417
0.83,4.43,0.171656
0.83,4.44,0.164676
0.83,4.45,0.154967
0.83,4.46,0.15741
0.83,4.47,0.154366
0.83,4.48,0.177332
0.83,4.49,0.163552
0.83,4.5,0.172525
0.83,4.51,0.16215
0.83,4.52,0.167334
0.83,4.53,0.164342
0.83,4.54,0.156283
0.83,4.55,0.164273
0.83,4.56,0.161885
0.83,4.57,0.164515
0.83,4.58,0.167933
0.83,4.59,0.164132
0.83,4.6,0.164386
0.83,4.61,0.169423
0.83,4.62,0.177709
0.83,4.63,0.17355
0.83,4.64,0.170584
0.83,4.65,0.167967
0.83,4.66,0.16171
0.83,4.67,0.171974
0.83,4.68,0.163405
0.83,4.69,0.162501
0.83,4.7,0.173286
0.83,4.71,0.159651
0.83,4.72,0.170764
0.83,4.73,0.171965
0.83,4.74,0.162279
0.83,4.75,0.169409
0.83,4.76,0.159749
0.83,4.77,0.160465
0.83,4.78,0.159161
0.83,4.79,0.1476
0.83,4.8,0.161144
0.83,4.81,0.173306
0.83,4.82,0.160741
0.83,4.83,0.169951
0.83,4.84,0.157929
0.83,4.85,0.167359
0.83,4.86,0.1797
0.83,4.87,0.16776
0.83,4.88,0.157349
0.83,4.89,0.15999
0.83,4.9,0.167636
0.83,4.91,0.177143
0.83,4.92,0.162275
0.83,4.93,0.157654
0.83,4.94,0.156119
0.83,4.95,0.157423
0.83,4.96,0.165901
0.83,4.97,0.173113
0.83,4.98,0.157224
0.83,4.99,0.161441
0.83,5,0.164694
0.83,5.01,0.172894
0.83,5.02,0.154971
0.83,5.03,0.175985
0.83,5.04,0.167735
0.83,5.05,0.160686
0.83,5.06,0.161771
0.83,5.07,0.168302
0.83,5.08,0.159251
0.83,5.09,0.174726
0.83,5.1,0.173749
0.83,5.11,0.171269
0.83,5.12,0.175402
0.83,5.13,0.170738
0.83,5.14,0.158155
0.83,5.15,0.161734
0.83,5.16,0.171474
0.83,5.17,0.165146
0.83,5.18,0.171225
0.83,5.19,0.163932
0.83,5.2,0.169344
0.83,5.21,0.161673
0.83,5.22,0.169249
0.83,5.23,0.157715
0.83,5.24,0.17504
0.83,5.25,0.169518
0.83,5.26,0.155354
0.83,5.27,0.16939
0.83,5.28,0.160391
0.83,5.29,0.166785
0.83,5.3,0.179649
0.83,5.31,0.175975
0.83,5.32,0.164751
0.83,5.33,0.175976
0.83,5.34,0.168003
0.83,5.35,0.170965
0.83,5.36,0.161677
0.83,5.37,0.161906
0.83,5.38,0.177018
0.83,5.39,0.174201
0.83,5.4,0.167747
0.83,5.41,0.162892
0.83,5.42,0.164685
0.83,5.43,0.149338
0.83,5.44,0.15705
0.83,5.45,0.159427
0.83,5.46,0.165425
0.83,5.47,0.176228
0.83,5.48,0.172374
0.83,5.49,0.153686
0.83,5.5,0.159318
0.83,5.51,0.164661
0.83,5.52,0.17502
0.83,5.53,0.16875
0.83,5.54,0.157401
0.83,5.55,0.177985
0.83,5.56,0.164916
0.83,5.57,0.15617
0.83,5.58,0.163767
0.83,5.59,0.156769
0.83,5.6,0.171325
0.83,5.61,0.172602
0.83,5.62,0.165557
0.83,5.63,0.1522
0.83,5.64,0.161153
0.83,5.65,0.155873
0.83,5.66,0.166864
0.83,5.67,0.164659
0.83,5.68,0.165998
0.83,5.69,0.175197
0.83,5.7,0.162236
0.83,5.71,0.163843
0.83,5.72,0.163025
0.83,5.73,0.167286
0.83,5.74,0.162289
0.83,5.75,0.158337
0.83,5.76,0.159031
0.83,5.77,0.15678
0.83,5.78,0.180171
0.83,5.79,0.163918
0.83,5.8,0.163267
0.83,5.81,0.16216
0.83,5.82,0.179512
0.83,5.83,0.175882
0.83,5.84,0.1619
0.83,5.85,0.166332
0.83,5.86,0.180638
0.83,5.87,0.158455
0.83,5.88,0.166599
0.83,5.89,0.170945
0.83,5.9,0.176566
0.83,5.91,0.158079
0.83,5.92,0.160898
0.83,5.93,0.155916
0.83,5.94,0.173215
0.83,5.95,0.171557
0.83,5.96,0.158625
0.83,5.97,0.169112
0.83,5.98,0.162468
0.83,5.99,0.171284
0.83,6,0.15799
0.83,6.01,0.179624
0.83,6.02,0.161288
0.83,6.03,0.162077
0.83,6.04,0.153184
0.83,6.05,0.165652
0.83,6.06,0.17682
0.83,6.07,0.165987
0.83,6.08,0.163835
0.83,6.09,0.165787
0.83,6.1,0.170666
0.83,6.11,0.159996
0.83,6.12,0.165252
0.83,6.13,0.16756
0.83,6.14,0.161665
0.83,6.15,0.164882
0.83,6.16,0.167302
0.83,6.17,0.162634
0.83,6.18,0.169643
0.83,6.19,0.166407
0.83,6.2,0.172899
0.83,6.21,0.166046
0.83,6.22,0.172306
0.83,6.23,0.152096
0.83,6.24,0.158515
0.83,6.25,0.167773
0.83,6.26,0.165136
0.83,6.27,0.147751
0.83,6.28,0.171415
0.84,0,0.156528
0.84,0.01,0.159149
0.84,0.02,0.153444
0.84,0.03,0.162674
0.84,0.04,0.165184
0.84,0.05,0.159834
0.84,0.06,0.17404
0.84,0.07,0.149457
0.84,0.08,0.153139
0.84,0.09,0.170005
0.84,0.1,0.160241
0.84,0.11,0.171104
0.84,0.12,0.161394
0.84,0.13,0.156884
0.84,0.14,0.159534
0.84,0.15,0.171993
0.84,0.16,0.165461
0.84,0.17,0.171129
0.84,0.18,0.159982
0.84,0.19,0.16543
0.84,0.2,0.160008
0.84,0.21,0.157308
0.84,0.22,0.156374
0.84,0.23,0.163788
0.84,0.24,0.165457
0.84,0.25,0.165074
0.84,0.26,0.152416
0.84,0.27,0.173269
0.84,0.28,0.172362
0.84,0.29,0.186332
0.84,0.3,0.165043
0.84,0.31,0.159414
0.84,0.32,0.163596
0.84,0.33,0.159995
0.84,0.34,0.164217
0.84,0.35,0.152286
0.84,0.36,0.16487
0.84,0.37,0.170043
0.84,0.38,0.159181
0.84,0.39,0.153124
0.84,0.4,0.152816
0.84,0.41,0.16272
0.84,0.42,0.165057
0.84,0.43,0.147378
0.84,0.44,0.163589
0.84,0.45,0.153395
0.84,0.46,0.166266
0.84,0.47,0.168043
0.84,0.48,0.162533
0.84,0.49,0.172341
0.84,0.5,0.158048
0.84,0.51,0.164885
0.84,0.52,0.159888
0.84,0.53,0.157489
0.84,0.54,0.15365
0.84,0.55,0.15968
0.84,0.56,0.165101
0.84,0.57,0.165799
0.84,0.58,0.170614
0.84,0.59,0.169465
0.84,0.6,0.169992
0.84,0.61,0.159371
0.84,0.62,0.170744
0.84,0.63,0.154955
0.84,0.64,0.168463
0.84,0.65,0.15707
0.84,0.66,0.160047
0.84,0.67,0.164749
0.84,0.68,0.153926
0.84,0.69,0.158379
0.84,0.7,0.164214
0.84,0.71,0.172763
0.84,0.72,0.165709
0.84,0.73,0.181139
0.84,0.74,0.164974
0.84,0.75,0.163661
0.84,0.76,0.171833
0.84,0.77,0.165505
0.84,0.78,0.153044
0.84,0.79,0.164628
0.84,0.8,0.172991
0.84,0.81,0.160492
0.84,0.82,0.163594
0.84,0.83,0.169907
0.84,0.84,0.157075
0.84,0.85,0.154439
0.84,0.86,0.17182
0.84,0.87,0.154922
0.84,0.88,0.166349
0.84,0.89,0.186481
0.84,0.9,0.166432
0.84,0.91,0.158486
0.84,0.92,0.15566
0.84,0.93,0.160629
0.84,0.94,0.151109
0.84,0.95,0.147687
0.84,0.96,0.167935
0.84,0.97,0.163845
0.84,0.98,0.15751
0.84,0.99,0.173814
0.84,1,0.162272
0.84,1.01,0.162418
0.84,1.02,0.165185
0.84,1.03,0.185074
0.84,1.04,0.154469
0.84,1.05,0.160454
0.84,1.06,0.1755
0.84,1.07,0.164325
0.84,1.08,0.164004
0.84,1.09,0.175942
0.84,1.1,0.167092
0.84,1.11,0.159577
0.84,1.12,0.161415
0.84,1.13,0.176791
0.84,1.14,0.154788
0.84,1.15,0.152295
0.84,1.16,0.156359
0.84,1.17,0.160874
0.84,1.18,0.169693
0.84,1.19,0.160672
0.84,1.2,0.160197
0.84,1.21,0.164745
0.84,1.22,0.16045
0.84,1.23,0.159063
0.84,1.24,0.155986
0.84,1.25,0.151064
0.84,1.26,0.154971
0.84,1.27,0.163385
0.84,1.28,0.15308
0.84,1.29,0.168237
0.84,1.3,0.170438
0.84,1.31,0.182296
0.84,1.32,0.162614
0.84,1.33,0.166476
0.84,1.34,0.171938
0.84,1.35,0.164439
0.84,1.36,0.160441
0.84,1.37,0.160451
0.84,1.38,0.168506
0.84,1.39,0.152201
0.84,1.4,0.166352
0.84,1.41,0.163092
0.84,1.42,0.154081
0.84,1.43,0.165822
0.84,1.44,0.180242
0.84,1.45,0.166274
0.84,1.46,0.161261
0.84,1.47,0.153092
0.84,1.48,0.151573
0.84,1.49,0.165104
0.84,1.5,0.167793
0.84,1.51,0.165389
0.84,1.52,0.16608
0.84,1.53,0.169921
0.84,1.54,0.150237
0.84,1.55,0.153738
0.84,1.56,0.160806
0.84,1.57,0.160409
0.84,1.58,0.17357
0.84,1.59,0.172084
0.84,1.6,0.162037
0.84,1.61,0.157633
0.84,1.62,0.145301
0.84,1.63,0.160711
0.84,1.64,0.165657
0.84,1.65,0.167179
0.84,1.66,0.161742
0.84,1.67,0.165237
0.84,1.68,0.161445
0.84,1.69,0.164527
0.84,1.7,0.163859
0.84,1.71,0.172887
0.84,1.72,0.170584
0.84,1.73,0.156609
0.84,1.74,0.175821
0.84,1.75,0.160882
0.84,1.76,0.159205
0.84,1.77,0.166037
0.84,1.78,0.157614
0.84,1.79,0.175847
0.84,1.8,0.147846
0.84,1.81,0.155844
0.84,1.82,0.170789
0.84,1.83,0.175385
0.84,1.84,0.162653
0.84,1.85,0.157893
0.84,1.86,0.157514
0.84,1.87,0.167492
0.84,1.88,0.153181
0.84,1.89,0.167367
0.84,1.9,0.147928
0.84,1.91,0.159457
0.84,1.92,0.172646
0.84,1.93,0.169132
0.84,1.94,0.171019
0.84,1.95,0.166409
0.84,1.96,0.160248
0.84,1.97,0.172265
0.84,1.98,0.160237
0.84,1.99,0.175231
0.84,2,0.171381
0.84,2.01,0.166819
0.84,2.02,0.165567
0.84,2.03,0.163942
0.84,2.04,0.16017
0.84,2.05,0.172247
0.84,2.06,0.161162
0.84,2.07,0.154874
0.84,2.08,0.162345
0.84,2.09,0.155197
0.84,2.1,0.156929
0.84,2.11,0.162868
0.84,2.12,0.156536
0.84,2.13,0.157402
0.84,2.14,0.167809
0.84,2.15,0.17072
0.84,2.16,0.152693
0.84,2.17,0.156737
0.84,2.18,0.176998
0.84,2.19,0.170489
0.84,2.2,0.168546
0.84,2.21,0.159715
0.84,2.22,0.156217
0.84,2.23,0.163536
0.84,2.24,0.16204
0.84,2.25,0.155541
0.84,2.26,0.173145
0.84,2.27,0.164822
0.84,2.28,0.162791
0.84,2.29,0.17965
0.84,2.3,0.162611
0.84,2.31,0.181631
0.84,2.32,0.163648
0.84,2.33,0.158958
0.84,2.34,0.152314
0.84,2.35,0.162452
0.84,2.36,0.164539
0.84,2.37,0.162844
0.84,2.38,0.16425
0.84,2.39,0.169266
0.84,2.4,0.167826
0.84,2.41,0.156026
0.84,2.42,0.165001
0.84,2.43,0.167581
0.84,2.44,0.168795
0.84,2.45,0.151818
0.84,2.46,0.161935
0.84,2.47,0.143671
0.84,2.48,0.167466
0.84,2.49,0.16196
0.84,2.5,0.156343
0.84,2.51,0.174623
0.84,2.52,0.169484
0.84,2.53,0.169343
0.84,2.54,0.14407
0.84,2.55,0.163279
0.84,2.56,0.159245
0.84,2.57,0.158384
0.84,2.58,0.178972
0.84,2.59,0.163832
0.84,2.6,0.178301
0.84,2.61,0.169053
0.84,2.62,0.160717
0.84,2.63,0.168965
0.84,2.64,0.159618
0.84,2.65,0.154288
0.84,2.66,0.169282
0.84,2.67,0.16428
0.84,2.68,0.158683
0.84,2.69,0.174167
0.84,2.7,0.172293
0.84,2.71,0.169243
0.84,2.72,0.176815
0.84,2.73,0.161016
0.84,2.74,0.157845
0.84,2.75,0.155422
0.84,2.76,0.163678
0.84,2.77,0.155403
0.84,2.78,0.161008
0.84,2.79,0.167112
0.84,2.8,0.172293
0.84,2.81,0.168353
0.84,2.82,0.160972
0.84,2.83,0.15835
0.84,2.84,0.175679
0.84,2.85,0.156754
0.84,2.86,0.165339
0.84,2.87,0.166561
0.84,2.88,0.151034
0.84,2.89,0.156516
0.84,2.9,0.166508
0.84,2.91,0.168818
0.84,2.92,0.160342
0.84,2.93,0.157214
0.84,2.94,0.168461
0.84,2.95,0.170944
0.84,2.96,0.156051
0.84,2.97,0.169168
0.84,2.98,0.177472
0.84,2.99,0.15707
0.84,3,0.161245
0.84,3.01,0.169511
0.84,3.02,0.16773
0.84,3.03,0.171513
0.84,3.04,0.170502
0.84,3.05,0.160989
0.84,3.06,0.166083
0.84,3.07,0.15955
0.84,3.08,0.160919
0.84,3.09,0.176058
0.84,3.1,0.176721
0.84,3.11,0.159056
0.84,3.12,0.156586
0.84,3.13,0.182571
0.84,3.14,0.142842
0.84,3.15,0.161545
0.84,3.16,0.153219
0.84,3.17,0.176058
0.84,3.18,0.173438
0.84,3.19,0.15604
0.84,3.2,0.159069
0.84,3.21,0.174553
0.84,3.22,0.163048
0.84,3.23,0.166475
0.84,3.24,0.163575
0.84,3.25,0.175227
0.84,3.26,0.168926
0.84,3.27,0.171451
0.84,3.28,0.175453
0.84,3.29,0.161163
0.84,3.3,0.159278
0.84,3.31,0.175225
0.84,3.32,0.157476
0.84,3.33,0.15758
0.84,3.34,0.167047
0.84,3.35,0.165216
0.84,3.36,0.152226
0.84,3.37,0.160585
0.84,3.38,0.158992
0.84,3.39,0.165232
0.84,3.4,0.151995
0.84,3.41,0.165698
0.84,3.42,0.166573
0.84,3.43,0.155446
0.84,3.44,0.162826
0.84,3.45,0.155478
0.84,3.46,0.15644
0.84,3.47,0.161604
0.84,3.48,0.160436
0.84,3.49,0.16069
0.84,3.5,0.144476
0.84,3.51,0.159421
0.84,3.52,0.15892
0.84,3.53,0.165955
0.84,3.54,0.17154
0.84,3.55,0.161391
0.84,3.56,0.150989
0.84,3.57,0.16671
0.84,3.58,0.16345
0.84,3.59,0.165806
0.84,3.6,0.162473
0.84,3.61,0.15183
0.84,3.62,0.169994
0.84,3.63,0.165783
0.84,3.64,0.151255
0.84,3.65,0.165751
0.84,3.66,0.159352
0.84,3.67,0.168863
0.84,3.68,0.155161
0.84,3.69,0.162187
0.84,3.7,0.163684
0.84,3.71,0.153019
0.84,3.72,0.150423
0.84,3.73,0.161219
0.84,3.74,0.158479
0.84,3.75,0.156535
0.84,3.76,0.160924
0.84,3.77,0.166829
0.84,3.78,0.178727
0.84,3.79,0.154265
0.84,3.8,0.166095
0.84,3.81,0.151907
0.84,3.82,0.162745
0.84,3.83,0.156506
0.84,3.84,0.164005
0.84,3.85,0.167372
0.84,3.86,0.158754
0.84,3.87,0.170463
0.84,3.88,0.168806
0.84,3.89,0.177699
0.84,3.9,0.160923
0.84,3.91,0.176937
0.84,3.92,0.166176
0.84,3.93,0.159008
0.84,3.94,0.174732
0.84,3.95,0.155306
0.84,3.96,0.171322
0.84,3.97,0.16964
0.84,3.98,0.162458
0.84,3.99,0.181853
0.84,4,0.160657
0.84,4.01,0.162359
0.84,4.02,0.147774
0.84,4.03,0.161728
0.84,4.04,0.16951
0.84,4.05,0.167701
0.84,4.06,0.16854
0.84,4.07,0.164852
0.84,4.08,0.169178
0.84,4.09,0.177931
0.84,4.1,0.160573
0.84,4.11,0.170716
0.84,4.12,0.161407
0.84,4.13,0.178693
0.84,4.14,0.168136
0.84,4.15,0.158228
0.84,4.16,0.170139
0.84,4.17,0.165495
0.84,4.18,0.157243
0.84,4.19,0.156142
0.84,4.2,0.152323
0.84,4.21,0.171388
0.84,4.22,0.167546
0.84,4.23,0.157684
0.84,4.24,0.169133
0.84,4.25,0.17964
0.84,4.26,0.158829
0.84,4.27,0.158488
0.84,4.28,0.171888
0.84,4.29,0.179087
0.84,4.3,0.158421
0.84,4.31,0.170193
0.84,4.32,0.152762
0.84,4.33,0.152132
0.84,4.34,0.162676
0.84,4.35,0.152927
0.84,4.36,0.160305
0.84,4.37,0.15476
0.84,4.38,0.175667
0.84,4.39,0.172597
0.84,4.4,0.168929
0.84,4.41,0.156509
0.84,4.42,0.173733
0.84,4.43,0.16848
0.84,4.44,0.165198
0.84,4.45,0.163271
0.84,4.46,0.148532
0.84,4.47,0.186696
0.84,4.48,0.172317
0.84,4.49,0.167042
0.84,4.5,0.159981
0.84,4.51,0.168676
0.84,4.52,0.173839
0.84,4.53,0.170984
0.84,4.54,0.18445
0.84,4.55,0.172055
0.84,4.56,0.16567
0.84,4.57,0.173269
0.84,4.58,0.154741
0.84,4.59,0.182064
0.84,4.6,0.174882
0.84,4.61,0.175848
0.84,4.62,0.17338
0.84,4.63,0.162576
0.84,4.64,0.167284
0.84,4.65,0.158419
0.84,4.66,0.158446
0.84,4.67,0.167158
0.84,4.68,0.171875
0.84,4.69,0.173324
0.84,4.7,0.156314
0.84,4.71,0.167691
0.84,4.72,0.154303
0.84,4.73,0.157402
0.84,4.74,0.166918
0.84,4.75,0.15494
0.84,4.76,0.165959
0.84,4.77,0.173458
0.84,4.78,0.172167
0.84,4.79,0.167345
0.84,4.8,0.176824
0.84,4.81,0.180545
0.84,4.82,0.170327
0.84,4.83,0.155421
0.84,4.84,0.159875
0.84,4.85,0.167676
0.84,4.86,0.174473
0.84,4.87,0.178662
0.84,4.88,0.157765
0.84,4.89,0.157607
0.84,4.9,0.164711
0.84,4.91,0.175575
0.84,4.92,0.156436
0.84,4.93,0.158922
0.84,4.94,0.161883
0.84,4.95,0.168088
0.84,4.96,0.172038
0.84,4.97,0.169814
0.84,4.98,0.166435
0.84,4.99,0.166112
0.84,5,0.162171
0.84,5.01,0.16235
0.84,5.02,0.170902
0.84,5.03,0.170737
0.84,5.04,0.162214
0.84,5.05,0.168683
0.84,5.06,0.172042
0.84,5.07,0.179309
0.84,5.08,0.168411
0.84,5.09,0.169655
0.84,5.1,0.171011
0.84,5.11,0.158745
0.84,5.12,0.172166
0.84,5.13,0.17398
0.84,5.14,0.166884
0.84,5.15,0.158256
0.84,5.16,0.169509
0.84,5.17,0.155981
0.84,5.18,0.166281
0.84,5.19,0.163392
0.84,5.2,0.178453
0.84,5.21,0.163938
0.84,5.22,0.158553
0.84,5.23,0.150124
0.84,5.24,0.16304
0.84,5.25,0.158484
0.84,5.26,0.16804
0.84,5.27,0.171899
0.84,5.28,0.155599
0.84,5.29,0.157132
0.84,5.3,0.16263
0.84,5.31,0.15501
0.84,5.32,0.167243
0.84,5.33,0.158868
0.84,5.34,0.165232
0.84,5.35,0.154811
0.84,5.36,0.166293
0.84,5.37,0.16512
0.84,5.38,0.159679
0.84,5.39,0.162462
0.84,5.4,0.16651
0.84,5.41,0.159072
0.84,5.42,0.167664
0.84,5.43,0.158497
0.84,5.44,0.151442
0.84,5.45,0.171095
0.84,5.46,0.169803
0.84,5.47,0.157103
0.84,5.48,0.161639
0.84,5.49,0.17445
0.84,5.5,0.161624
0.84,5.51,0.166347
0.84,5.52,0.153994
0.84,5.53,0.160952
0.84,5.54,0.168165
0.84,5.55,0.167979
0.84,5.56,0.159184
0.84,5.57,0.164097
0.84,5.58,0.16515
0.84,5.59,0.170395
0.84,5.6,0.150067
0.84,5.61,0.172168
0.84,5.62,0.161158
0.84,5.63,0.163564
0.84,5.64,0.169005
0.84,5.65,0.1724
0.84,5.66,0.160185
0.84,5.67,0.159962
0.84,5.68,0.167184
0.84,5.69,0.162526
0.84,5.7,0.158585
0.84,5.71,0.166726
0.84,5.72,0.154622
0.84,5.73,0.162652
0.84,5.74,0.166065
0.84,5.75,0.165261
0.84,5.76,0.163393
0.84,5.77,0.167893
0.84,5.78,0.16373
0.84,5.79,0.167551
0.84,5.8,0.16055
0.84,5.81,0.161124
0.84,5.82,0.161293
0.84,5.83,0.167275
0.84,5.84,0.164754
0.84,5.85,0.165007
0.84,5.86,0.164281
0.84,5.87,0.158711
0.84,5.88,0.158675
0.84,5.89,0.158321
0.84,5.9,0.171184
0.84,5.91,0.163693
0.84,5.92,0.173885
0.84,5.93,0.171433
0.84,5.94,0.163947
0.84,5.95,0.16544
0.84,5.96,0.175176
0.84,5.97,0.162542
0.84,5.98,0.164469
0.84,5.99,0.153763
0.84,6,0.159782
0.84,6.01,0.163187
0.84,6.02,0.165137
0.84,6.03,0.150522
0.84,6.04,0.157229
0.84,6.05,0.169521
0.84,6.06,0.178882
0.84,6.07,0.175116
0.84,6.08,0.167701
0.84,6.09,0.169112
0.84,6.1,0.157201
0.84,6.11,0.167434
0.84,6.12,0.154178
0.84,6.13,0.162719
0.84,6.14,0.161456
0.84,6.15,0.153568
0.84,6.16,0.155624
0.84,6.17,0.161637
0.84,6.18,0.151035
0.84,6.19,0.163373
0.84,6.2,0.166874
0.84,6.21,0.165314
0.84,6.22,0.15871
0.84,6.23,0.160441
0.84,6.24,0.16025
0.84,6.25,0.166196
0.84,6.26,0.16641
0.84,6.27,0.181553
0.84,6.28,0.155907
0.85,0,0.166383
0.85,0.01,0.170099
0.85,0.02,0.163918
0.85,0.03,0.157973
0.85,0.04,0.151216
0.85,0.05,0.179729
0.85,0.06,0.15749
0.85,0.07,0.165253
0.85,0.08,0.159592
0.85,0.09,0.166193
0.85,0.1,0.163126
0.85,0.11,0.16006
0.85,0.12,0.148385
0.85,0.13,0.159311
0.85,0.14,0.163863
0.85,0.15,0.155979
0.85,0.16,0.159468
0.85,0.17,0.164631
0.85,0.18,0.169327
0.85,0.19,0.160421
0.85,0.2,0.169655
0.85,0.21,0.1559
0.85,0.22,0.169179
0.85,0.23,0.16041
0.85,0.24,0.163028
0.85,0.25,0.152518
0.85,0.26,0.162027
0.85,0.27,0.157098
0.85,0.28,0.15556
0.85,0.29,0.159136
0.85,0.3,0.164552
0.85,0.31,0.155254
0.85,0.32,0.172964
0.85,0.33,0.156386
0.85,0.34,0.16328
0.85,0.35,0.168204
0.85,0.36,0.173402
0.85,0.37,0.166486
0.85,0.38,0.159036
0.85,0.39,0.157066
0.85,0.4,0.160284
0.85,0.41,0.162358
0.85,0.42,0.163432
0.85,0.43,0.168983
0.85,0.44,0.16721
0.85,0.45,0.152344
0.85,0.46,0.162211
0.85,0.47,0.16195
0.85,0.48,0.158316
0.85,0.49,0.15973
0.85,0.5,0.147141
0.85,0.51,0.155091
0.85,0.52,0.164509
0.85,0.53,0.166465
0.85,0.54,0.163007
0.85,0.55,0.158116
0.85,0.56,0.152189
0.85,0.57,0.171525
0.85,0.58,0.159328
0.85,0.59,0.158538
0.85,0.6,0.151058
0.85,0.61,0.149773
0.85,0.62,0.151713
0.85,0.63,0.150626
0.85,0.64,0.149935
0.85,0.65,0.153928
0.85,0.66,0.167887
0.85,0.67,0.172999
0.85,0.68,0.168016
0.85,0.69,0.164943
0.85,0.7,0.15175
0.85,0.71,0.159189
0.85,0.72,0.170533
0.85,0.73,0.16155
0.85,0.74,0.172796
0.85,0.75,0.16416
0.85,0.76,0.157094
0.85,0.77,0.143039
0.85,0.78,0.163541
0.85,0.79,0.154361
0.85,0.8,0.167721
0.85,0.81,0.16415
0.85,0.82,0.15713
0.85,0.83,0.160448
0.85,0.84,0.165846
0.85,0.85,0.159702
0.85,0.86,0.169102
0.85,0.87,0.165409
0.85,0.88,0.157273
0.85,0.89,0.157926
0.85,0.9,0.168286
0.85,0.91,0.168061
0.85,0.92,0.152808
0.85,0.93,0.158283
0.85,0.94,0.166325
0.85,0.95,0.149828
0.85,0.96,0.153673
0.85,0.97,0.171201
0.85,0.98,0.150068
0.85,0.99,0.160018
0.85,1,0.174205
0.85,1.01,0.166604
0.85,1.02,0.159265
0.85,1.03,0.152888
0.85,1.04,0.16217
0.85,1.05,0.166907
0.85,1.06,0.16229
0.85,1.07,0.156009
0.85,1.08,0.161735
0.85,1.09,0.164957
0.85,1.1,0.164472
0.85,1.11,0.165328
0.85,1.12,0.152559
0.85,1.13,0.158534
0.85,1.14,0.165789
0.85,1.15,0.17473
0.85,1.16,0.151618
0.85,1.17,0.16666
0.85,1.18,0.159386
0.85,1.19,0.170103
0.85,1.2,0.156953
0.85,1.21,0.174711
0.85,1.22,0.174017
0.85,1.23,0.16247
0.85,1.24,0.157884
0.85,1.25,0.151772
0.85,1.26,0.154601
0.85,1.27,0.16118
0.85,1.28,0.143626
0.85,1.29,0.16441
0.85,1.3,0.174719
0.85,1.31,0.161433
0.85,1.32,0.159433
0.85,1.33,0.169198
0.85,1.34,0.164788
0.85,1.35,0.158811
0.85,1.36,0.160825
0.85,1.37,0.157135
0.85,1.38,0.149049
0.85,1.39,0.158215
0.85,1.4,0.167466
0.85,1.41,0.170592
0.85,1.42,0.151532
0.85,1.43,0.148828
0.85,1.44,0.176765
0.85,1.45,0.157109
0.85,1.46,0.150767
0.85,1.47,0.172209
0.85,1.48,0.173665
0.85,1.49,0.154796
0.85,1.5,0.173276
0.85,1.51,0.154395
0.85,1.52,0.154011
0.85,1.53,0.151299
0.85,1.54,0.147539
0.85,1.55,0.164573
0.85,1.56,0.160309
0.85,1.57,0.16657
0.85,1.58,0.1646
0.85,1.59,0.16313
0.85,1.6,0.158417
0.85,1.61,0.167109
0.85,1.62,0.178311
0.85,1.63,0.157157
0.85,1.64,0.162248
0.85,1.65,0.16451
0.85,1.66,0.167187
0.85,1.67,0.160548
0.85,1.68,0.155593
0.85,1.69,0.166771
0.85,1.7,0.156663
0.85,1.71,0.161554
0.85,1.72,0.159105
0.85,1.73,0.155888
0.85,1.74,0.154106
0.85,1.75,0.157355
0.85,1.76,0.164732
0.85,1.77,0.160909
0.85,1.78,0.148837
0.85,1.79,0.163197
0.85,1.8,0.163966
0.85,1.81,0.149601
0.85,1.82,0.161044
0.85,1.83,0.15219
0.85,1.84,0.175425
0.85,1.85,0.158091
0.85,1.86,0.171081
0.85,1.87,0.175445
0.85,1.88,0.165434
0.85,1.89,0.168297
0.85,1.9,0.171155
0.85,1.91,0.172727
0.85,1.92,0.156407
0.85,1.93,0.159649
0.85,1.94,0.155244
0.85,1.95,0.148528
0.85,1.96,0.156788
0.85,1.97,0.149804
0.85,1.98,0.171126
0.85,1.99,0.156914
0.85,2,0.164901
0.85,2.01,0.176561
0.85,2.02,0.148958
0.85,2.03,0.172299
0.85,2.04,0.163608
0.85,2.05,0.160323
0.85,2.06,0.157362
0.85,2.07,0.159913
0.85,2.08,0.159207
0.85,2.09,0.164392
0.85,2.1,0.158399
0.85,2.11,0.162553
0.85,2.12,0.160234
0.85,2.13,0.162223
0.85,2.14,0.16704
0.85,2.15,0.170026
0.85,2.16,0.160786
0.85,2.17,0.163996
0.85,2.18,0.161822
0.85,2.19,0.18008
0.85,2.2,0.169457
0.85,2.21,0.158991
0.85,2.22,0.16277
0.85,2.23,0.154429
0.85,2.24,0.155694
0.85,2.25,0.162531
0.85,2.26,0.160909
0.85,2.27,0.146264
0.85,2.28,0.167449
0.85,2.29,0.159821
0.85,2.3,0.1546
0.85,2.31,0.156334
0.85,2.32,0.163527
0.85,2.33,0.162518
0.85,2.34,0.150106
0.85,2.35,0.161726
0.85,2.36,0.162389
0.85,2.37,0.16539
0.85,2.38,0.182844
0.85,2.39,0.163319
0.85,2.4,0.162562
0.85,2.41,0.149162
0.85,2.42,0.150967
0.85,2.43,0.171538
0.85,2.44,0.164123
0.85,2.45,0.163751
0.85,2.46,0.155354
0.85,2.47,0.166349
0.85,2.48,0.154494
0.85,2.49,0.158022
0.85,2.5,0.164218
0.85,2.51,0.162612
0.85,2.52,0.156545
0.85,2.53,0.152158
0.85,2.54,0.161538
0.85,2.55,0.156293
0.85,2.56,0.151023
0.85,2.57,0.150631
0.85,2.58,0.179006
0.85,2.59,0.149835
0.85,2.6,0.163732
0.85,2.61,0.154367
0.85,2.62,0.173638
0.85,2.63,0.167528
0.85,2.64,0.15355
0.85,2.65,0.158562
0.85,2.66,0.155341
0.85,2.67,0.17136
0.85,2.68,0.154621
0.85,2.69,0.150038
0.85,2.7,0.149481
0.85,2.71,0.171834
0.85,2.72,0.16064
0.85,2.73,0.175474
0.85,2.74,0.168021
0.85,2.75,0.158817
0.85,2.76,0.173702
0.85,2.77,0.164766
0.85,2.78,0.162699
0.85,2.79,0.161013
0.85,2.8,0.158789
0.85,2.81,0.165865
0.85,2.82,0.154963
0.85,2.83,0.152429
0.85,2.84,0.142073
0.85,2.85,0.161695
0.85,2.86,0.162733
0.85,2.87,0.166659
0.85,2.88,0.167949
0.85,2.89,0.161327
0.85,2.9,0.165755
0.85,2.91,0.163636
0.85,2.92,0.159246
0.85,2.93,0.164989
0.85,2.94,0.158609
0.85,2.95,0.156307
0.85,2.96,0.169743
0.85,2.97,0.168545
0.85,2.98,0.155732
0.85,2.99,0.161096
0.85,3,0.159547
0.85,3.01,0.155076
0.85,3.02,0.162235
0.85,3.03,0.152821
0.85,3.04,0.161004
0.85,3.05,0.158756
0.85,3.06,0.164719
0.85,3.07,0.163675
0.85,3.08,0.168426
0.85,3.09,0.161951
0.85,3.1,0.158277
0.85,3.11,0.161416
0.85,3.12,0.163756
0.85,3.13,0.15966
0.85,3.14,0.180252
0.85,3.15,0.159987
0.85,3.16,0.153985
0.85,3.17,0.160302
0.85,3.18,0.160301
0.85,3.19,0.147902
0.85,3.2,0.171863
0.85,3.21,0.154358
0.85,3.22,0.167084
0.85,3.23,0.152696
0.85,3.24,0.155139
0.85,3.25,0.165832
0.85,3.26,0.160159
0.85,3.27,0.162646
0.85,3.28,0.165926
0.85,3.29,0.165879
0.85,3.3,0.172839
0.85,3.31,0.170743
0.85,3.32,0.162754
0.85,3.33,0.150052
0.85,3.34,0.15538
0.85,3.35,0.163586
0.85,3.36,0.17704
0.85,3.37,0.167594
0.85,3.38,0.166512
0.85,3.39,0.158781
0.85,3.4,0.170425
0.85,3.41,0.151159
0.85,3.42,0.169558
0.85,3.43,0.159953
0.85,3.44,0.160469
0.85,3.45,0.167291
0.85,3.46,0.160847
0.85,3.47,0.15591
0.85,3.48,0.151796
0.85,3.49,0.152759
0.85,3.5,0.171956
0.85,3.51,0.153087
0.85,3.52,0.160762
0.85,3.53,0.159115
0.85,3.54,0.165716
0.85,3.55,0.162519
0.85,3.56,0.170568
0.85,3.57,0.154647
0.85,3.58,0.166951
0.85,3.59,0.159227
0.85,3.6,0.159951
0.85,3.61,0.163131
0.85,3.62,0.15765
0.85,3.63,0.161741
0.85,3.64,0.166005
0.85,3.65,0.149927
0.85,3.66,0.163396
0.85,3.67,0.177139
0.85,3.68,0.155311
0.85,3.69,0.162923
0.85,3.7,0.164448
0.85,3.71,0.156718
0.85,3.72,0.156327
0.85,3.73,0.156151
0.85,3.74,0.155953
0.85,3.75,0.154235
0.85,3.76,0.169656
0.85,3.77,0.152387
0.85,3.78,0.168758
0.85,3.79,0.159067
0.85,3.8,0.149357
0.85,3.81,0.15811
0.85,3.82,0.161922
0.85,3.83,0.162453
0.85,3.84,0.170085
0.85,3.85,0.16769
0.85,3.86,0.164439
0.85,3.87,0.165285
0.85,3.88,0.177073
0.85,3.89,0.15681
0.85,3.9,0.157957
0.85,3.91,0.173309
0.85,3.92,0.178081
0.85,3.93,0.164244
0.85,3.94,0.168874
0.85,3.95,0.163334
0.85,3.96,0.168435
0.85,3.97,0.181344
0.85,3.98,0.162484
0.85,3.99,0.161066
0.85,4,0.155319
0.85,4.01,0.157832
0.85,4.02,0.153727
0.85,4.03,0.157775
0.85,4.04,0.166926
0.85,4.05,0.165674
0.85,4.06,0.164415
0.85,4.07,0.157472
0.85,4.08,0.167387
0.85,4.09,0.166175
0.85,4.1,0.157053
0.85,4.11,0.14838
0.85,4.12,0.16012
0.85,4.13,0.155909
0.85,4.14,0.170997
0.85,4.15,0.155217
0.85,4.16,0.172558
0.85,4.17,0.16578
0.85,4.18,0.164841
0.85,4.19,0.153398
0.85,4.2,0.158192
0.85,4.21,0.167792
0.85,4.22,0.17173
0.85,4.23,0.170193
0.85,4.24,0.166367
0.85,4.25,0.163786
0.85,4.26,0.163081
0.85,4.27,0.159919
0.85,4.28,0.168434
0.85,4.29,0.166168
0.85,4.3,0.159628
0.85,4.31,0.173099
0.85,4.32,0.165109
0.85,4.33,0.165955
0.85,4.34,0.159504
0.85,4.35,0.165744
0.85,4.36,0.167915
0.85,4.37,0.15918
0.85,4.38,0.172227
0.85,4.39,0.163991
0.85,4.4,0.152152
0.85,4.41,0.150889
0.85,4.42,0.160297
0.85,4.43,0.162402
0.85,4.44,0.156835
0.85,4.45,0.170897
0.85,4.46,0.162361
0.85,4.47,0.15236
0.85,4.48,0.169794
0.85,4.49,0.164357
0.85,4.5,0.158747
0.85,4.51,0.149005
0.85,4.52,0.167868
0.85,4.53,0.174168
0.85,4.54,0.165575
0.85,4.55,0.159858
0.85,4.56,0.152843
0.85,4.57,0.163547
0.85,4.58,0.159693
0.85,4.59,0.154849
0.85,4.6,0.174894
0.85,4.61,0.162737
0.85,4.62,0.161468
0.85,4.63,0.157684
0.85,4.64,0.152641
0.85,4.65,0.162923
0.85,4.66,0.163712
0.85,4.67,0.156147
0.85,4.68,0.158563
0.85,4.69,0.150585
0.85,4.7,0.170733
0.85,4.71,0.161249
0.85,4.72,0.163484
0.85,4.73,0.153563
0.85,4.74,0.164713
0.85,4.75,0.174325
0.85,4.76,0.163122
0.85,4.77,0.150411
0.85,4.78,0.163211
0.85,4.79,0.157696
0.85,4.8,0.16268
0.85,4.81,0.152213
0.85,4.82,0.154802
0.85,4.83,0.152314
0.85,4.84,0.149608
0.85,4.85,0.165672
0.85,4.86,0.155038
0.85,4.87,0.163676
0.85,4.88,0.158007
0.85,4.89,0.17313
0.85,4.9,0.176756
0.85,4.91,0.145675
0.85,4.92,0.156094
0.85,4.93,0.167181
0.85,4.94,0.167221
0.85,4.95,0.154687
0.85,4.96,0.156934
0.85,4.97,0.164802
0.85,4.98,0.159482
0.85,4.99,0.165275
0.85,5,0.164113
0.85,5.01,0.152661
0.85,5.02,0.138739
0.85,5.03,0.154047
0.85,5.04,0.156383
0.85,5.05,0.157917
0.85,5.06,0.161884
0.85,5.07,0.175694
0.85,5.08,0.167422
0.85,5.09,0.152102
0.85,5.1,0.162396
0.85,5.11,0.16932
0.85,5.12,0.163865
0.85,5.13,0.17225
0.85,5.14,0.159256
0.85,5.15,0.161747
0.85,5.16,0.169265
0.85,5.17,0.163591
0.85,5.18,0.167319
0.85,5.19,0.153055
0.85,5.2,0.158293
0.85,5.21,0.159755
0.85,5.22,0.166403
0.85,5.23,0.159701
0.85,5.24,0.164549
0.85,5.25,0.166222
0.85,5.26,0.166894
0.85,5.27,0.160275
0.85,5.28,0.160103
0.85,5.29,0.152435
0.85,5.3,0.163157
0.85,5.31,0.16088
0.85,5.32,0.160655
0.85,5.33,0.161458
0.85,5.34,0.14862
0.85,5.35,0.160913
0.85,5.36,0.154483
0.85,5.37,0.152731
0.85,5.38,0.150219
0.85,5.39,0.176788
0.85,5.4,0.174281
0.85,5.41,0.160546
0.85,5.42,0.167843
0.85,5.43,0.160296
0.85,5.44,0.15622
0.85,5.45,0.162094
0.85,5.46,0.159849
0.85,5.47,0.174387
0.85,5.48,0.162491
0.85,5.49,0.166363
0.85,5.5,0.165778
0.85,5.51,0.162401
0.85,5.52,0.169339
0.85,5.53,0.16055
0.85,5.54,0.161921
0.85,5.55,0.152902
0.85,5.56,0.163286
0.85,5.57,0.168753
0.85,5.58,0.167107
0.85,5.59,0.167736
0.85,5.6,0.164012
0.85,5.61,0.15884
0.85,5.62,0.165077
0.85,5.63,0.164352
0.85,5.64,0.158352
0.85,5.65,0.182212
0.85,5.66,0.152755
0.85,5.67,0.162641
0.85,5.68,0.160377
0.85,5.69,0.165291
0.85,5.7,0.158937
0.85,5.71,0.155806
0.85,5.72,0.156011
0.85,5.73,0.151973
0.85,5.74,0.155006
0.85,5.75,0.164905
0.85,5.76,0.16776
0.85,5.77,0.163422
0.85,5.78,0.157382
0.85,5.79,0.174965
0.85,5.8,0.163698
0.85,5.81,0.171872
0.85,5.82,0.160999
0.85,5.83,0.166897
0.85,5.84,0.158831
0.85,5.85,0.140831
0.85,5.86,0.158502
0.85,5.87,0.16001
0.85,5.88,0.149183
0.85,5.89,0.166286
0.85,5.9,0.159061
0.85,5.91,0.161948
0.85,5.92,0.157124
0.85,5.93,0.170073
0.85,5.94,0.163159
0.85,5.95,0.152102
0.85,5.96,0.154555
0.85,5.97,0.16774
0.85,5.98,0.158668
0.85,5.99,0.154814
0.85,6,0.158403
0.85,6.01,0.155785
0.85,6.02,0.164647
0.85,6.03,0.161236
0.85,6.04,0.173233
0.85,6.05,0.165189
0.85,6.06,0.168978
0.85,6.07,0.163972
0.85,6.08,0.16236
0.85,6.09,0.169599
0.85,6.1,0.163864
0.85,6.11,0.143508
0.85,6.12,0.171514
0.85,6.13,0.17074
0.85,6.14,0.16753
0.85,6.15,0.172687
0.85,6.16,0.16585
0.85,6.17,0.167979
0.85,6.18,0.160775
0.85,6.19,0.158431
0.85,6.2,0.162939
0.85,6.21,0.168882
0.85,6.22,0.149267
0.85,6.23,0.169275
0.85,6.24,0.150525
0.85,6.25,0.150011
0.85,6.26,0.169018
0.85,6.27,0.159913
0.85,6.28,0.167261
0.86,0,0.168235
0.86,0.01,0.169337
0.86,0.02,0.159712
0.86,0.03,0.153736
0.86,0.04,0.160509
0.86,0.05,0.152535
0.86,0.06,0.167087
0.86,0.07,0.148641
0.86,0.08,0.164357
0.86,0.09,0.163894
0.86,0.1,0.15404
0.86,0.11,0.157724
0.86,0.12,0.151403
0.86,0.13,0.173249
0.86,0.14,0.149466
0.86,0.15,0.180784
0.86,0.16,0.16148
0.86,0.17,0.164355
0.86,0.18,0.155725
0.86,0.19,0.143384
0.86,0.2,0.157965
0.86,0.21,0.160606
0.86,0.22,0.160072
0.86,0.23,0.147455
0.86,0.24,0.156053
0.86,0.25,0.150523
0.86,0.26,0.172395
0.86,0.27,0.161386
0.86,0.28,0.163459
0.86,0.29,0.158923
0.86,0.3,0.149905
0.86,0.31,0.163759
0.86,0.32,0.145864
0.86,0.33,0.162758
0.86,0.34,0.169679
0.86,0.35,0.16375
0.86,0.36,0.153994
0.86,0.37,0.159879
0.86,0.38,0.16128
0.86,0.39,0.164381
0.86,0.4,0.155042
0.86,0.41,0.145665
0.86,0.42,0.150204
0.86,0.43,0.170237
0.86,0.44,0.157507
0.86,0.45,0.161262
0.86,0.46,0.15633
0.86,0.47,0.147071
0.86,0.48,0.159493
0.86,0.49,0.159741
0.86,0.5,0.169397
0.86,0.51,0.145589
0.86,0.52,0.162565
0.86,0.53,0.156739
0.86,0.54,0.163501
0.86,0.55,0.163545
0.86,0.56,0.165366
0.86,0.57,0.154621
0.86,0.58,0.148616
0.86,0.59,0.161513
0.86,0.6,0.167549
0.86,0.61,0.166656
0.86,0.62,0.148382
0.86,0.63,0.161935
0.86,0.64,0.151723
0.86,0.65,0.171524
0.86,0.66,0.170526
0.86,0.67,0.157071
0.86,0.68,0.153866
0.86,0.69,0.156951
0.86,0.7,0.15971
0.86,0.71,0.161811
0.86,0.72,0.156547
0.86,0.73,0.156561
0.86,0.74,0.154188
0.86,0.75,0.151757
0.86,0.76,0.150766
0.86,0.77,0.158301
0.86,0.78,0.160394
0.86,0.79,0.158894
0.86,0.8,0.153185
0.86,0.81,0.162498
0.86,0.82,0.153118
0.86,0.83,0.166855
0.86,0.84,0.167927
0.86,0.85,0.158902
0.86,0.86,0.152907
0.86,0.87,0.156357
0.86,0.88,0.15571
0.86,0.89,0.159129
0.86,0.9,0.154097
0.86,0.91,0.148451
0.86,0.92,0.148354
0.86,0.93,0.158015
0.86,0.94,0.140534
0.86,0.95,0.169024
0.86,0.96,0.148753
0.86,0.97,0.158565
0.86,0.98,0.153751
0.86,0.99,0.166244
0.86,1,0.168466
0.86,1.01,0.148954
0.86,1.02,0.158531
0.86,1.03,0.164886
0.86,1.04,0.152477
0.86,1.05,0.162759
0.86,1.06,0.162917
0.86,1.07,0.157697
0.86,1.08,0.152465
0.86,1.09,0.154701
0.86,1.1,0.148104
0.86,1.11,0.154991
0.86,1.12,0.151714
0.86,1.13,0.164706
0.86,1.14,0.16364
0.86,1.15,0.169356
0.86,1.16,0.166538
0.86,1.17,0.148302
0.86,1.18,0.162495
0.86,1.19,0.163735
0.86,1.2,0.162347
0.86,1.21,0.166965
0.86,1.22,0.149053
0.86,1.23,0.151684
0.86,1.24,0.171522
0.86,1.25,0.156676
0.86,1.26,0.173394
0.86,1.27,0.155508
0.86,1.28,0.151573
0.86,1.29,0.143157
0.86,1.3,0.154263
0.86,1.31,0.154893
0.86,1.32,0.148493
0.86,1.33,0.154606
0.86,1.34,0.150584
0.86,1.35,0.159159
0.86,1.36,0.16342
0.86,1.37,0.153282
0.86,1.38,0.160092
0.86,1.39,0.160596
0.86,1.4,0.155597
0.86,1.41,0.170198
0.86,1.42,0.151021
0.86,1.43,0.160291
0.86,1.44,0.165232
0.86,1.45,0.159873
0.86,1.46,0.166278
0.86,1.47,0.170126
0.86,1.48,0.15624
0.86,1.49,0.157743
0.86,1.5,0.161339
0.86,1.51,0.169489
0.86,1.52,0.162841
0.86,1.53,0.154348
0.86,1.54,0.158098
0.86,1.55,0.162212
0.86,1.56,0.166356
0.86,1.57,0.152544
0.86,1.58,0.163677
0.86,1.59,0.159458
0.86,1.6,0.154765
0.86,1.61,0.158047
0.86,1.62,0.15593
0.86,1.63,0.147614
0.86,1.64,0.15111
0.86,1.65,0.143026
0.86,1.66,0.16279
0.86,1.67,0.154676
0.86,1.68,0.164813
0.86,1.69,0.156649
0.86,1.7,0.158203
0.86,1.71,0.167505
0.86,1.72,0.161254
0.86,1.73,0.156103
0.86,1.74,0.161961
0.86,1.75,0.162423
0.86,1.76,0.15876
0.86,1.77,0.165435
0.86,1.78,0.153397
0.86,1.79,0.147606
0.86,1.8,0.159352
0.86,1.81,0.164935
0.86,1.82,0.15184
0.86,1.83,0.15909
0.86,1.84,0.15675
0.86,1.85,0.16025
0.86,1.86,0.159625
0.86,1.87,0.152302
0.86,1.88,0.169092
0.86,1.89,0.16386
0.86,1.9,0.149684
0.86,1.91,0.162511
0.86,1.92,0.172591
0.86,1.93,0.151365
0.86,1.94,0.156493
0.86,1.95,0.142418
0.86,1.96,0.159097
0.86,1.97,0.157318
0.86,1.98,0.159761
0.86,1.99,0.159943
0.86,2,0.155278
0.86,2.01,0.173736
0.86,2.02,0.151427
0.86,2.03,0.142797
0.86,2.04,0.157237
0.86,2.05,0.153345
0.86,2.06,0.165732
0.86,2.07,0.166086
0.86,2.08,0.156362
0.86,2.09,0.157186
0.86,2.1,0.158695
0.86,2.11,0.157821
0.86,2.12,0.146958
0.86,2.13,0.173313
0.86,2.14,0.172997
0.86,2.15,0.142916
0.86,2.16,0.16199
0.86,2.17,0.1577
0.86,2.18,0.164792
0.86,2.19,0.151032
0.86,2.2,0.161543
0.86,2.21,0.155831
0.86,2.22,0.149741
0.86,2.23,0.161023
0.86,2.24,0.162194
0.86,2.25,0.154151
0.86,2.26,0.149667
0.86,2.27,0.151801
0.86,2.28,0.158256
0.86,2.29,0.152938
0.86,2.3,0.167653
0.86,2.31,0.151528
0.86,2.32,0.163128
0.86,2.33,0.151196
0.86,2.34,0.17088
0.86,2.35,0.173985
0.86,2.36,0.14524
0.86,2.37,0.161549
0.86,2.38,0.171893
0.86,2.39,0.151964
0.86,2.4,0.146638
0.86,2.41,0.150469
0.86,2.42,0.160269
0.86,2.43,0.169038
0.86,2.44,0.166483
0.86,2.45,0.155856
0.86,2.46,0.16474
0.86,2.47,0.158687
0.86,2.48,0.15846
0.86,2.49,0.167135
0.86,2.5,0.164913
0.86,2.51,0.156889
0.86,2.52,0.162368
0.86,2.53,0.161115
0.86,2.54,0.152958
0.86,2.55,0.15968
0.86,2.56,0.163374
0.86,2.57,0.175633
0.86,2.58,0.172075
0.86,2.59,0.160191
0.86,2.6,0.16573
0.86,2.61,0.161315
0.86,2.62,0.165096
0.86,2.63,0.163409
0.86,2.64,0.164158
0.86,2.65,0.165443
0.86,2.66,0.149228
0.86,2.67,0.15973
0.86,2.68,0.157113
0.86,2.69,0.167118
0.86,2.7,0.152369
0.86,2.71,0.168737
0.86,2.72,0.145612
0.86,2.73,0.174808
0.86,2.74,0.15618
0.86,2.75,0.166762
0.86,2.76,0.155614
0.86,2.77,0.16957
0.86,2.78,0.164615
0.86,2.79,0.156874
0.86,2.8,0.160027
0.86,2.81,0.149636
0.86,2.82,0.162759
0.86,2.83,0.1612
0.86,2.84,0.167567
0.86,2.85,0.153272
0.86,2.86,0.155251
0.86,2.87,0.172215
0.86,2.88,0.153034
0.86,2.89,0.159375
0.86,2.9,0.161774
0.86,2.91,0.144251
0.86,2.92,0.162637
0.86,2.93,0.159434
0.86,2.94,0.165434
0.86,2.95,0.170328
0.86,2.96,0.16025
0.86,2.97,0.155128
0.86,2.98,0.160384
0.86,2.99,0.162139
0.86,3,0.165174
0.86,3.01,0.149207
0.86,3.02,0.153637
0.86,3.03,0.15238
0.86,3.04,0.160959
0.86,3.05,0.158804
0.86,3.06,0.153966
0.86,3.07,0.152245
0.86,3.08,0.159498
0.86,3.09,0.158992
0.86,3.1,0.167628
0.86,3.11,0.160847
0.86,3.12,0.153958
0.86,3.13,0.165145
0.86,3.14,0.159707
0.86,3.15,0.149673
0.86,3.16,0.145522
0.86,3.17,0.160302
0.86,3.18,0.144978
0.86,3.19,0.1577
0.86,3.2,0.167178
0.86,3.21,0.168892
0.86,3.22,0.164419
0.86,3.23,0.153042
0.86,3.24,0.168395
0.86,3.25,0.162644
0.86,3.26,0.162513
0.86,3.27,0.156116
0.86,3.28,0.159899
0.86,3.29,0.16055
0.86,3.3,0.159293
0.86,3.31,0.159931
0.86,3.32,0.167986
0.86,3.33,0.149287
0.86,3.34,0.153842
0.86,3.35,0.148618
0.86,3.36,0.160672
0.86,3.37,0.160884
0.86,3.38,0.144779
0.86,3.39,0.155565
0.86,3.4,0.142144
0.86,3.41,0.165344
0.86,3.42,0.16732
0.86,3.43,0.170452
0.86,3.44,0.163794
0.86,3.45,0.164553
0.86,3.46,0.153704
0.86,3.47,0.168595
0.86,3.48,0.170599
0.86,3.49,0.151042
0.86,3.5,0.15983
0.86,3.51,0.161107
0.86,3.52,0.160823
0.86,3.53,0.165336
0.86,3.54,0.16241
0.86,3.55,0.169372
0.86,3.56,0.166056
0.86,3.57,0.158298
0.86,3.58,0.154366
0.86,3.59,0.169126
0.86,3.6,0.155168
0.86,3.61,0.154456
0.86,3.62,0.15428
0.86,3.63,0.153858
0.86,3.64,0.15105
0.86,3.65,0.162974
0.86,3.66,0.165702
0.86,3.67,0.162792
0.86,3.68,0.164595
0.86,3.69,0.161715
0.86,3.7,0.154635
0.86,3.71,0.168311
0.86,3.72,0.15401
0.86,3.73,0.143116
0.86,3.74,0.161299
0.86,3.75,0.14861
0.86,3.76,0.15087
0.86,3.77,0.153476
0.86,3.78,0.154186
0.86,3.79,0.163262
0.86,3.8,0.175101
0.86,3.81,0.16196
0.86,3.82,0.146301
0.86,3.83,0.139221
0.86,3.84,0.149135
0.86,3.85,0.159119
0.86,3.86,0.149994
0.86,3.87,0.164927
0.86,3.88,0.164757
0.86,3.89,0.144916
0.86,3.9,0.168664
0.86,3.91,0.14114
0.86,3.92,0.148799
0.86,3.93,0.144106
0.86,3.94,0.164352
0.86,3.95,0.161441
0.86,3.96,0.162787
0.86,3.97,0.159865
0.86,3.98,0.147757
0.86,3.99,0.155793
0.86,4,0.1612
0.86,4.01,0.173583
0.86,4.02,0.162462
0.86,4.03,0.150295
0.86,4.04,0.161886
0.86,4.05,0.170806
0.86,4.06,0.16265
0.86,4.07,0.161846
0.86,4.08,0.155255
0.86,4.09,0.169406
0.86,4.1,0.153266
0.86,4.11,0.16524
0.86,4.12,0.14766
0.86,4.13,0.172945
0.86,4.14,0.159233
0.86,4.15,0.167647
0.86,4.16,0.160351
0.86,4.17,0.162663
0.86,4.18,0.151825
0.86,4.19,0.176287
0.86,4.2,0.161323
0.86,4.21,0.157482
0.86,4.22,0.146789
0.86,4.23,0.149305
0.86,4.24,0.16967
0.86,4.25,0.152929
0.86,4.26,0.156806
0.86,4.27,0.165438
0.86,4.28,0.166426
0.86,4.29,0.158723
0.86,4.3,0.170264
0.86,4.31,0.158837
0.86,4.32,0.159163
0.86,4.33,0.164664
0.86,4.34,0.155497
0.86,4.35,0.156709
0.86,4.36,0.172006
0.86,4.37,0.15568
0.86,4.38,0.150908
0.86,4.39,0.151192
0.86,4.4,0.159779
0.86,4.41,0.162117
0.86,4.42,0.157004
0.86,4.43,0.153418
0.86,4.44,0.161876
0.86,4.45,0.166936
0.86,4.46,0.159133
0.86,4.47,0.152636
0.86,4.48,0.153308
0.86,4.49,0.147671
0.86,4.5,0.170805
0.86,4.51,0.155537
0.86,4.52,0.157382
0.86,4.53,0.157021
0.86,4.54,0.159949
0.86,4.55,0.15247
0.86,4.56,0.157968
0.86,4.57,0.159946
0.86,4.58,0.1569
0.86,4.59,0.163252
0.86,4.6,0.161159
0.86,4.61,0.15631
0.86,4.62,0.158154
0.86,4.63,0.159877
0.86,4.64,0.147937
0.86,4.65,0.16365
0.86,4.66,0.158877
0.86,4.67,0.149751
0.86,4.68,0.153667
0.86,4.69,0.161145
0.86,4.7,0.160285
0.86,4.71,0.17952
0.86,4.72,0.167181
0.86,4.73,0.156046
0.86,4.74,0.16346
0.86,4.75,0.170784
0.86,4.76,0.159771
0.86,4.77,0.156443
0.86,4.78,0.16845
0.86,4.79,0.166976
0.86,4.8,0.161899
0.86,4.81,0.159013
0.86,4.82,0.152333
0.86,4.83,0.165435
0.86,4.84,0.156115
0.86,4.85,0.160914
0.86,4.86,0.153788
0.86,4.87,0.155753
0.86,4.88,0.159264
0.86,4.89,0.158128
0.86,4.9,0.157541
0.86,4.91,0.157859
0.86,4.92,0.151935
0.86,4.93,0.15272
0.86,4.94,0.170683
0.86,4.95,0.151728
0.86,4.96,0.166068
0.86,4.97,0.151371
0.86,4.98,0.165021
0.86,4.99,0.148325
0.86,5,0.167918
0.86,5.01,0.168805
0.86,5.02,0.155147
0.86,5.03,0.157097
0.86,5.04,0.167979
0.86,5.05,0.148759
0.86,5.06,0.165173
0.86,5.07,0.166406
0.86,5.08,0.144492
0.86,5.09,0.161256
0.86,5.1,0.152819
0.86,5.11,0.160982
0.86,5.12,0.170087
0.86,5.13,0.152682
0.86,5.14,0.164222
0.86,5.15,0.164966
0.86,5.16,0.165975
0.86,5.17,0.14842
0.86,5.18,0.157447
0.86,5.19,0.164592
0.86,5.2,0.159475
0.86,5.21,0.157362
0.86,5.22,0.177001
0.86,5.23,0.156887
0.86,5.24,0.167993
0.86,5.25,0.157236
0.86,5.26,0.157558
0.86,5.27,0.153847
0.86,5.28,0.154432
0.86,5.29,0.160103
0.86,5.3,0.177535
0.86,5.31,0.163778
0.86,5.32,0.174237
0.86,5.33,0.157303
0.86,5.34,0.162105
0.86,5.35,0.158008
0.86,5.36,0.151176
0.86,5.37,0.161289
0.86,5.38,0.151314
0.86,5.39,0.151517
0.86,5.4,0.163703
0.86,5.41,0.160859
0.86,5.42,0.174282
0.86,5.43,0.161103
0.86,5.44,0.159462
0.86,5.45,0.16506
0.86,5.46,0.155996
0.86,5.47,0.150169
0.86,5.48,0.164815
0.86,5.49,0.158718
0.86,5.5,0.159486
0.86,5.51,0.159321
0.86,5.52,0.156985
0.86,5.53,0.153999
0.86,5.54,0.157135
0.86,5.55,0.155692
0.86,5.56,0.157788
0.86,5.57,0.153537
0.86,5.58,0.164931
0.86,5.59,0.169414
0.86,5.6,0.161278
0.86,5.61,0.15949
0.86,5.62,0.167152
0.86,5.63,0.159515
0.86,5.64,0.158407
0.86,5.65,0.166149
0.86,5.66,0.155928
0.86,5.67,0.164196
0.86,5.68,0.143063
0.86,5.69,0.166613
0.86,5.7,0.16491
0.86,5.71,0.149466
0.86,5.72,0.151099
0.86,5.73,0.167645
0.86,5.74,0.160197
0.86,5.75,0.164667
0.86,5.76,0.153534
0.86,5.77,0.16353
0.86,5.78,0.148911
0.86,5.79,0.167052
0.86,5.8,0.157558
0.86,5.81,0.16815
0.86,5.82,0.151527
0.86,5.83,0.152709
0.86,5.84,0.154565
0.86,5.85,0.157795
0.86,5.86,0.165795
0.86,5.87,0.167821
0.86,5.88,0.156797
0.86,5.89,0.149816
0.86,5.9,0.150971
0.86,5.91,0.150351
0.86,5.92,0.161863
0.86,5.93,0.157315
0.86,5.94,0.1684
0.86,5.95,0.160163
0.86,5.96,0.141407
0.86,5.97,0.155065
0.86,5.98,0.150702
0.86,5.99,0.156855
0.86,6,0.16001
0.86,6.01,0.160002
0.86,6.02,0.164454
0.86,6.03,0.160777
0.86,6.04,0.156481
0.86,6.05,0.160497
0.86,6.06,0.166528
0.86,6.07,0.173069
0.86,6.08,0.155002
0.86,6.09,0.169998
0.86,6.1,0.142703
0.86,6.11,0.164295
0.86,6.12,0.16256
0.86,6.13,0.155018
0.86,6.14,0.150365
0.86,6.15,0.14529
0.86,6.16,0.16941
0.86,6.17,0.168608
0.86,6.18,0.166354
0.86,6.19,0.158823
0.86,6.2,0.170517
0.86,6.21,0.162728
0.86,6.22,0.141359
0.86,6.23,0.148823
0.86,6.24,0.164547
0.86,6.25,0.153936
0.86,6.26,0.164007
0.86,6.27,0.150522
0.86,6.28,0.148658
0.87,0,0.150024
0.87,0.01,0.152438
0.87,0.02,0.152477
0.87,0.03,0.168601
0.87,0.04,0.148948
0.87,0.05,0.161021
0.87,0.06,0.154742
0.87,0.07,0.15801
0.87,0.08,0.160751
0.87,0.09,0.163792
0.87,0.1,0.169622
0.87,0.11,0.155753
0.87,0.12,0.176569
0.87,0.13,0.149231
0.87,0.14,0.158118
0.87,0.15,0.147303
0.87,0.16,0.173665
0.87,0.17,0.146564
0.87,0.18,0.151188
0.87,0.19,0.150526
0.87,0.2,0.169872
0.87,0.21,0.15511
0.87,0.22,0.161351
0.87,0.23,0.147345
0.87,0.24,0.156529
0.87,0.25,0.157149
0.87,0.26,0.170879
0.87,0.27,0.167139
0.87,0.28,0.156111
0.87,0.29,0.154402
0.87,0.3,0.152751
0.87,0.31,0.16046
0.87,0.32,0.167461
0.87,0.33,0.151685
0.87,0.34,0.148454
0.87,0.35,0.15587
0.87,0.36,0.158723
0.87,0.37,0.166073
0.87,0.38,0.155475
0.87,0.39,0.16159
0.87,0.4,0.162325
0.87,0.41,0.161761
0.87,0.42,0.15983
0.87,0.43,0.153105
0.87,0.44,0.15854
0.87,0.45,0.158171
0.87,0.46,0.148921
0.87,0.47,0.152706
0.87,0.48,0.166125
0.87,0.49,0.153935
0.87,0.5,0.15223
0.87,0.51,0.155953
0.87,0.52,0.157068
0.87,0.53,0.147532
0.87,0.54,0.165717
0.87,0.55,0.160634
0.87,0.56,0.148611
0.87,0.57,0.153057
0.87,0.58,0.162486
0.87,0.59,0.149847
0.87,0.6,0.161956
0.87,0.61,0.162303
0.87,0.62,0.156943
0.87,0.63,0.167768
0.87,0.64,0.157991
0.87,0.65,0.160363
0.87,0.66,0.16115
0.87,0.67,0.159165
0.87,0.68,0.149721
0.87,0.69,0.150116
0.87,0.7,0.154288
0.87,0.71,0.170791
0.87,0.72,0.166
0.87,0.73,0.164414
0.87,0.74,0.163046
0.87,0.75,0.153938
0.87,0.76,0.159635
0.87,0.77,0.138953
0.87,0.78,0.155561
0.87,0.79,0.152513
0.87,0.8,0.161667
0.87,0.81,0.159754
0.87,0.82,0.177162
0.87,0.83,0.166358
0.87,0.84,0.17475
0.87,0.85,0.161604
0.87,0.86,0.16428
0.87,0.87,0.160533
0.87,0.88,0.15053
0.87,0.89,0.151001
0.87,0.9,0.148422
0.87,0.91,0.168513
0.87,0.92,0.173331
0.87,0.93,0.151376
0.87,0.94,0.146967
0.87,0.95,0.168841
0.87,0.96,0.155869
0.87,0.97,0.153951
0.87,0.98,0.143947
0.87,0.99,0.153618
0.87,1,0.149607
0.87,1.01,0.155144
0.87,1.02,0.165086
0.87,1.03,0.154074
0.87,1.04,0.161116
0.87,1.05,0.156142
0.87,1.06,0.164954
0.87,1.07,0.156083
0.87,1.08,0.157903
0.87,1.09,0.147991
0.87,1.1,0.166031
0.87,1.11,0.149272
0.87,1.12,0.157683
0.87,1.13,0.168245
0.87,1.14,0.156418
0.87,1.15,0.159956
0.87,1.16,0.151368
0.87,1.17,0.160015
0.87,1.18,0.166841
0.87,1.19,0.159694
0.87,1.2,0.156924
0.87,1.21,0.161208
0.87,1.22,0.162367
0.87,1.23,0.152032
0.87,1.24,0.153088
0.87,1.25,0.15344
0.87,1.26,0.157021
0.87,1.27,0.165381
0.87,1.28,0.166475
0.87,1.29,0.156219
0.87,1.3,0.155705
0.87,1.31,0.159735
0.87,1.32,0.161094
0.87,1.33,0.15072
0.87,1.34,0.162108
0.87,1.35,0.143894
0.87,1.36,0.161795
0.87,1.37,0.157717
0.87,1.38,0.170585
0.87,1.39,0.152378
0.87,1.4,0.158739
0.87,1.41,0.158942
0.87,1.42,0.14802
0.87,1.43,0.172133
0.87,1.44,0.152954
0.87,1.45,0.154039
0.87,1.46,0.165395
0.87,1.47,0.164367
0.87,1.48,0.144099
0.87,1.49,0.151283
0.87,1.5,0.164625
0.87,1.51,0.160141
0.87,1.52,0.133423
0.87,1.53,0.160696
0.87,1.54,0.168024
0.87,1.55,0.158224
0.87,1.56,0.160684
0.87,1.57,0.160662
0.87,1.58,0.150925
0.87,1.59,0.151587
0.87,1.6,0.160436
0.87,1.61,0.168762
0.87,1.62,0.157926
0.87,1.63,0.157821
0.87,1.64,0.157906
0.87,1.65,0.147743
0.87,1.66,0.156512
0.87,1.67,0.146374
0.87,1.68,0.144891
0.87,1.69,0.1524
0.87,1.7,0.163082
0.87,1.71,0.15229
0.87,1.72,0.160172
0.87,1.73,0.162482
0.87,1.74,0.156827
0.87,1.75,0.164171
0.87,1.76,0.153778
0.87,1.77,0.158602
0.87,1.78,0.156366
0.87,1.79,0.152115
0.87,1.8,0.167279
0.87,1.81,0.164442
0.87,1.82,0.165693
0.87,1.83,0.157488
0.87,1.84,0.157568
0.87,1.85,0.159718
0.87,1.86,0.16953
0.87,1.87,0.157534
0.87,1.88,0.149814
0.87,1.89,0.160756
0.87,1.9,0.153686
0.87,1.91,0.170644
0.87,1.92,0.159887
0.87,1.93,0.156849
0.87,1.94,0.153834
0.87,1.95,0.148022
0.87,1.96,0.15781
0.87,1.97,0.156045
0.87,1.98,0.156509
0.87,1.99,0.156489
0.87,2,0.148487
0.87,2.01,0.169196
0.87,2.02,0.151163
0.87,2.03,0.152585
0.87,2.04,0.155048
0.87,2.05,0.161261
0.87,2.06,0.158775
0.87,2.07,0.16057
0.87,2.08,0.154807
0.87,2.09,0.158333
0.87,2.1,0.156848
0.87,2.11,0.150295
0.87,2.12,0.152206
0.87,2.13,0.162541
0.87,2.14,0.149525
0.87,2.15,0.15791
0.87,2.16,0.159726
0.87,2.17,0.165422
0.87,2.18,0.155312
0.87,2.19,0.151488
0.87,2.2,0.150681
0.87,2.21,0.150702
0.87,2.22,0.157833
0.87,2.23,0.161645
0.87,2.24,0.161465
0.87,2.25,0.142196
0.87,2.26,0.164603
0.87,2.27,0.162382
0.87,2.28,0.150648
0.87,2.29,0.164058
0.87,2.3,0.156863
0.87,2.31,0.159139
0.87,2.32,0.158724
0.87,2.33,0.154977
0.87,2.34,0.150486
0.87,2.35,0.149878
0.87,2.36,0.159531
0.87,2.37,0.166064
0.87,2.38,0.148712
0.87,2.39,0.15862
0.87,2.4,0.13094
0.87,2.41,0.157162
0.87,2.42,0.143732
0.87,2.43,0.159194
0.87,2.44,0.144625
0.87,2.45,0.167982
0.87,2.46,0.159582
0.87,2.47,0.159819
0.87,2.48,0.161222
0.87,2.49,0.155396
0.87,2.5,0.160885
0.87,2.51,0.161134
0.87,2.52,0.1419
0.87,2.53,0.166959
0.87,2.54,0.143465
0.87,2.55,0.161722
0.87,2.56,0.152848
0.87,2.57,0.160232
0.87,2.58,0.151278
0.87,2.59,0.147994
0.87,2.6,0.160988
0.87,2.61,0.158803
0.87,2.62,0.15549
0.87,2.63,0.156501
0.87,2.64,0.158246
0.87,2.65,0.153431
0.87,2.66,0.153728
0.87,2.67,0.157808
0.87,2.68,0.166479
0.87,2.69,0.142253
0.87,2.7,0.146216
0.87,2.71,0.168429
0.87,2.72,0.158423
0.87,2.73,0.162282
0.87,2.74,0.156329
0.87,2.75,0.157773
0.87,2.76,0.14063
0.87,2.77,0.149906
0.87,2.78,0.158903
0.87,2.79,0.158011
0.87,2.8,0.159237
0.87,2.81,0.158374
0.87,2.82,0.150406
0.87,2.83,0.159526
0.87,2.84,0.165822
0.87,2.85,0.162049
0.87,2.86,0.1656
0.87,2.87,0.153131
0.87,2.88,0.160743
0.87,2.89,0.147657
0.87,2.9,0.161261
0.87,2.91,0.16365
0.87,2.92,0.162968
0.87,2.93,0.157279
0.87,2.94,0.15911
0.87,2.95,0.15147
0.87,2.96,0.146353
0.87,2.97,0.140072
0.87,2.98,0.158902
0.87,2.99,0.16505
0.87,3,0.157239
0.87,3.01,0.153991
0.87,3.02,0.157539
0.87,3.03,0.153268
0.87,3.04,0.152133
0.87,3.05,0.154711
0.87,3.06,0.169662
0.87,3.07,0.146771
0.87,3.08,0.151781
0.87,3.09,0.151072
0.87,3.1,0.152078
0.87,3.11,0.174903
0.87,3.12,0.159924
0.87,3.13,0.146847
0.87,3.14,0.165512
0.87,3.15,0.149926
0.87,3.16,0.165597
0.87,3.17,0.160189
0.87,3.18,0.15021
0.87,3.19,0.147252
0.87,3.2,0.164852
0.87,3.21,0.146202
0.87,3.22,0.149931
0.87,3.23,0.154018
0.87,3.24,0.158502
0.87,3.25,0.153603
0.87,3.26,0.149423
0.87,3.27,0.162934
0.87,3.28,0.15925
0.87,3.29,0.161095
0.87,3.3,0.154212
0.87,3.31,0.155155
0.87,3.32,0.161974
0.87,3.33,0.163724
0.87,3.34,0.166744
0.87,3.35,0.146242
0.87,3.36,0.156616
0.87,3.37,0.146738
0.87,3.38,0.158074
0.87,3.39,0.164245
0.87,3.4,0.14343
0.87,3.41,0.163661
0.87,3.42,0.157144
0.87,3.43,0.165896
0.87,3.44,0.172648
0.87,3.45,0.167782
0.87,3.46,0.172739
0.87,3.47,0.16011
0.87,3.48,0.16699
0.87,3.49,0.148899
0.87,3.5,0.153444
0.87,3.51,0.157489
0.87,3.52,0.165554
0.87,3.53,0.152295
0.87,3.54,0.164535
0.87,3.55,0.159836
0.87,3.56,0.1654
0.87,3.57,0.16578
0.87,3.58,0.152834
0.87,3.59,0.140176
0.87,3.6,0.161992
0.87,3.61,0.160796
0.87,3.62,0.149801
0.87,3.63,0.155513
0.87,3.64,0.164443
0.87,3.65,0.157092
0.87,3.66,0.161829
0.87,3.67,0.151012
0.87,3.68,0.158658
0.87,3.69,0.157852
0.87,3.7,0.146332
0.87,3.71,0.148892
0.87,3.72,0.160993
0.87,3.73,0.154072
0.87,3.74,0.155486
0.87,3.75,0.149425
0.87,3.76,0.148101
0.87,3.77,0.155611
0.87,3.78,0.156045
0.87,3.79,0.146562
0.87,3.8,0.153106
0.87,3.81,0.158294
0.87,3.82,0.149331
0.87,3.83,0.14329
0.87,3.84,0.166147
0.87,3.85,0.175147
0.87,3.86,0.154976
0.87,3.87,0.158566
0.87,3.88,0.170238
0.87,3.89,0.163523
0.87,3.9,0.159254
0.87,3.91,0.149533
0.87,3.92,0.156538
0.87,3.93,0.166135
0.87,3.94,0.157889
0.87,3.95,0.150909
0.87,3.96,0.161715
0.87,3.97,0.155976
0.87,3.98,0.149324
0.87,3.99,0.146726
0.87,4,0.149716
0.87,4.01,0.159312
0.87,4.02,0.153197
0.87,4.03,0.167437
0.87,4.04,0.143568
0.87,4.05,0.150478
0.87,4.06,0.156673
0.87,4.07,0.162679
0.87,4.08,0.161507
0.87,4.09,0.157615
0.87,4.1,0.157942
0.87,4.11,0.159487
0.87,4.12,0.165375
0.87,4.13,0.161993
0.87,4.14,0.158399
0.87,4.15,0.162972
0.87,4.16,0.163196
0.87,4.17,0.16996
0.87,4.18,0.149862
0.87,4.19,0.15024
0.87,4.2,0.146488
0.87,4.21,0.154839
0.87,4.22,0.156943
0.87,4.23,0.143845
0.87,4.24,0.161371
0.87,4.25,0.167592
0.87,4.26,0.154837
0.87,4.27,0.159408
0.87,4.28,0.168882
0.87,4.29,0.162477
0.87,4.3,0.157989
0.87,4.31,0.14878
0.87,4.32,0.159274
0.87,4.33,0.166471
0.87,4.34,0.153996
0.87,4.35,0.154004
0.87,4.36,0.157309
0.87,4.37,0.154592
0.87,4.38,0.1493
0.87,4.39,0.157571
0.87,4.4,0.139852
0.87,4.41,0.154325
0.87,4.42,0.160073
0.87,4.43,0.147659
0.87,4.44,0.154196
0.87,4.45,0.15
0.87,4.46,0.142102
0.87,4.47,0.161137
0.87,4.48,0.163822
0.87,4.49,0.170393
0.87,4.5,0.16005
0.87,4.51,0.172074
0.87,4.52,0.15785
0.87,4.53,0.150806
0.87,4.54,0.153393
0.87,4.55,0.153181
0.87,4.56,0.155588
0.87,4.57,0.162982
0.87,4.58,0.138763
0.87,4.59,0.150086
0.87,4.6,0.158504
0.87,4.61,0.149378
0.87,4.62,0.166841
0.87,4.63,0.141134
0.87,4.64,0.152263
0.87,4.65,0.14987
0.87,4.66,0.1561
0.87,4.67,0.158608
0.87,4.68,0.148669
0.87,4.69,0.147649
0.87,4.7,0.150891
0.87,4.71,0.171091
0.87,4.72,0.160307
0.87,4.73,0.155966
0.87,4.74,0.159537
0.87,4.75,0.159065
0.87,4.76,0.172418
0.87,4.77,0.160471
0.87,4.78,0.144325
0.87,4.79,0.154874
0.87,4.8,0.160751
0.87,4.81,0.160588
0.87,4.82,0.146923
0.87,4.83,0.160138
0.87,4.84,0.153338
0.87,4.85,0.152606
0.87,4.86,0.154627
0.87,4.87,0.172009
0.87,4.88,0.148027
0.87,4.89,0.14655
0.87,4.9,0.161148
0.87,4.91,0.155144
0.87,4.92,0.150894
0.87,4.93,0.14652
0.87,4.94,0.158824
0.87,4.95,0.153889
0.87,4.96,0.15481
0.87,4.97,0.160543
0.87,4.98,0.151455
0.87,4.99,0.158099
0.87,5,0.170732
0.87,5.01,0.166423
0.87,5.02,0.159661
0.87,5.03,0.157741
0.87,5.04,0.146181
0.87,5.05,0.155622
0.87,5.06,0.151399
0.87,5.07,0.155149
0.87,5.08,0.166571
0.87,5.09,0.166158
0.87,5.1,0.152589
0.87,5.11,0.146969
0.87,5.12,0.155095
0.87,5.13,0.154739
0.87,5.14,0.162195
0.87,5.15,0.160335
0.87,5.16,0.169568
0.87,5.17,0.16559
0.87,5.18,0.14895
0.87,5.19,0.154714
0.87,5.2,0.168253
0.87,5.21,0.143422
0.87,5.22,0.145651
0.87,5.23,0.150774
0.87,5.24,0.15332
0.87,5.25,0.160857
0.87,5.26,0.147128
0.87,5.27,0.156399
0.87,5.28,0.169571
0.87,5.29,0.155304
0.87,5.3,0.171725
0.87,5.31,0.159082
0.87,5.32,0.150872
0.87,5.33,0.160165
0.87,5.34,0.159738
0.87,5.35,0.153665
0.87,5.36,0.165397
0.87,5.37,0.152932
0.87,5.38,0.152765
0.87,5.39,0.153088
0.87,5.4,0.152644
0.87,5.41,0.164239
0.87,5.42,0.151641
0.87,5.43,0.166076
0.87,5.44,0.167455
0.87,5.45,0.160489
0.87,5.46,0.169931
0.87,5.47,0.148413
0.87,5.48,0.153618
0.87,5.49,0.147839
0.87,5.5,0.165871
0.87,5.51,0.165573
0.87,5.52,0.152556
0.87,5.53,0.158045
0.87,5.54,0.155893
0.87,5.55,0.161119
0.87,5.56,0.148908
0.87,5.57,0.148755
0.87,5.58,0.164578
0.87,5.59,0.165077
0.87,5.6,0.150127
0.87,5.61,0.173685
0.87,5.62,0.168168
0.87,5.63,0.167155
0.87,5.64,0.144049
0.87,5.65,0.171044
0.87,5.66,0.14633
0.87,5.67,0.164943
0.87,5.68,0.159569
0.87,5.69,0.158575
0.87,5.7,0.157548
0.87,5.71,0.165485
0.87,5.72,0.168459
0.87,5.73,0.164633
0.87,5.74,0.164588
0.87,5.75,0.152522
0.87,5.76,0.163203
0.87,5.77,0.153048
0.87,5.78,0.145849
0.87,5.79,0.155545
0.87,5.8,0.153243
0.87,5.81,0.158886
0.87,5.82,0.153606
0.87,5.83,0.173307
0.87,5.84,0.157046
0.87,5.85,0.156502
0.87,5.86,0.156133
0.87,5.87,0.166763
0.87,5.88,0.144117
0.87,5.89,0.166613
0.87,5.9,0.150482
0.87,5.91,0.161832
0.87,5.92,0.147061
0.87,5.93,0.141324
0.87,5.94,0.144433
0.87,5.95,0.157244
0.87,5.96,0.148114
0.87,5.97,0.152499
0.87,5.98,0.158606
0.87,5.99,0.166514
0.87,6,0.171794
0.87,6.01,0.151711
0.87,6.02,0.151567
0.87,6.03,0.165329
0.87,6.04,0.163844
0.87,6.05,0.166498
0.87,6.06,0.152469
0.87,6.07,0.147854
0.87,6.08,0.162302
0.87,6.09,0.158971
0.87,6.1,0.159816
0.87,6.11,0.16742
0.87,6.12,0.154724
0.87,6.13,0.166706
0.87,6.14,0.159258
0.87,6.15,0.145607
0.87,6.16,0.146271
0.87,6.17,0.155942
0.87,6.18,0.150841
0.87,6.19,0.146359
0.87,6.2,0.160121
0.87,6.21,0.157118
0.87,6.22,0.158548
0.87,6.23,0.156394
0.87,6.24,0.149981
0.87,6.25,0.163811
0.87,6.26,0.159849
0.87,6.27,0.151961
0.87,6.28,0.149297
0.88,0,0.172667
0.88,0.01,0.150833
0.88,0.02,0.156028
0.88,0.03,0.142806
0.88,0.04,0.155781
0.88,0.05,0.149835
0.88,0.06,0.17449
0.88,0.07,0.155943
0.88,0.08,0.153791
0.88,0.09,0.152942
0.88,0.1,0.162842
0.88,0.11,0.151926
0.88,0.12,0.160514
0.88,0.13,0.149624
0.88,0.14,0.156031
0.88,0.15,0.159281
0.88,0.16,0.156832
0.88,0.17,0.145092
0.88,0.18,0.14929
0.88,0.19,0.159552
0.88,0.2,0.144572
0.88,0.21,0.144023
0.88,0.22,0.148793
0.88,0.23,0.145149
0.88,0.24,0.152516
0.88,0.25,0.160665
0.88,0.26,0.15417
0.88,0.27,0.169702
0.88,0.28,0.161265
0.88,0.29,0.147858
0.88,0.3,0.160729
0.88,0.31,0.152353
0.88,0.32,0.148299
0.88,0.33,0.147126
0.88,0.34,0.14525
0.88,0.35,0.157687
0.88,0.36,0.167764
0.88,0.37,0.155328
0.88,0.38,0.158442
0.88,0.39,0.153182
0.88,0.4,0.148805
0.88,0.41,0.154972
0.88,0.42,0.148679
0.88,0.43,0.142098
0.88,0.44,0.152941
0.88,0.45,0.149114
0.88,0.46,0.141931
0.88,0.47,0.158747
0.88,0.48,0.157548
0.88,0.49,0.154295
0.88,0.5,0.151367
0.88,0.51,0.161686
0.88,0.52,0.157234
0.88,0.53,0.160312
0.88,0.54,0.158339
0.88,0.55,0.159288
0.88,0.56,0.153109
0.88,0.57,0.153319
0.88,0.58,0.145022
0.88,0.59,0.155526
0.88,0.6,0.166306
0.88,0.61,0.150365
0.88,0.62,0.15256
0.88,0.63,0.14614
0.88,0.64,0.171146
0.88,0.65,0.156138
0.88,0.66,0.154267
0.88,0.67,0.13536
0.88,0.68,0.153431
0.88,0.69,0.144906
0.88,0.7,0.145283
0.88,0.71,0.148317
0.88,0.72,0.154224
0.88,0.73,0.152068
0.88,0.74,0.157847
0.88,0.75,0.153885
0.88,0.76,0.142576
0.88,0.77,0.156894
0.88,0.78,0.148741
0.88,0.79,0.165884
0.88,0.8,0.155485
0.88,0.81,0.160604
0.88,0.82,0.147517
0.88,0.83,0.154711
0.88,0.84,0.164355
0.88,0.85,0.152014
0.88,0.86,0.166276
0.88,0.87,0.169495
0.88,0.88,0.153411
0.88,0.89,0.155592
0.88,0.9,0.14635
0.88,0.91,0.164617
0.88,0.92,0.154586
0.88,0.93,0.16024
0.88,0.94,0.16335
0.88,0.95,0.167308
0.88,0.96,0.153826
0.88,0.97,0.150431
0.88,0.98,0.16483
0.88,0.99,0.139805
0.88,1,0.152946
0.88,1.01,0.162617
0.88,1.02,0.153872
0.88,1.03,0.155145
0.88,1.04,0.153523
0.88,1.05,0.167568
0.88,1.06,0.159165
0.88,1.07,0.151268
0.88,1.08,0.160461
0.88,1.09,0.139588
0.88,1.1,0.167854
0.88,1.11,0.144559
0.88,1.12,0.146341
0.88,1.13,0.153603
0.88,1.14,0.145094
0.88,1.15,0.150868
0.88,1.16,0.14903
0.88,1.17,0.141991
0.88,1.18,0.168487
0.88,1.19,0.145501
0.88,1.2,0.164347
0.88,1.21,0.15359
0.88,1.22,0.155611
0.88,1.23,0.155668
0.88,1.24,0.154623
0.88,1.25,0.166699
0.88,1.26,0.154652
0.88,1.27,0.154412
0.88,1.28,0.159964
0.88,1.29,0.134983
0.88,1.3,0.157086
0.88,1.31,0.152116
0.88,1.32,0.157391
0.88,1.33,0.158908
0.88,1.34,0.16501
0.88,1.35,0.158621
0.88,1.36,0.147874
0.88,1.37,0.15829
0.88,1.38,0.153769
0.88,1.39,0.146812
0.88,1.4,0.157625
0.88,1.41,0.163507
0.88,1.42,0.153767
0.88,1.43,0.15783
0.88,1.44,0.165469
0.88,1.45,0.152789
0.88,1.46,0.146686
0.88,1.47,0.140062
0.88,1.48,0.150715
0.88,1.49,0.160887
0.88,1.5,0.146819
0.88,1.51,0.165385
0.88,1.52,0.170654
0.88,1.53,0.149555
0.88,1.54,0.167743
0.88,1.55,0.148705
0.88,1.56,0.164616
0.88,1.57,0.163203
0.88,1.58,0.153665
0.88,1.59,0.148401
0.88,1.6,0.153959
0.88,1.61,0.170985
0.88,1.62,0.156132
0.88,1.63,0.153868
0.88,1.64,0.16032
0.88,1.65,0.143974
0.88,1.66,0.154848
0.88,1.67,0.150074
0.88,1.68,0.158556
0.88,1.69,0.142419
0.88,1.7,0.160775
0.88,1.71,0.165287
0.88,1.72,0.163952
0.88,1.73,0.160375
0.88,1.74,0.160592
0.88,1.75,0.153762
0.88,1.76,0.153442
0.88,1.77,0.146887
0.88,1.78,0.153131
0.88,1.79,0.169742
0.88,1.8,0.16159
0.88,1.81,0.157331
0.88,1.82,0.148691
0.88,1.83,0.156608
0.88,1.84,0.147063
0.88,1.85,0.160929
0.88,1.86,0.161847
0.88,1.87,0.147336
0.88,1.88,0.157042
0.88,1.89,0.169782
0.88,1.9,0.148176
0.88,1.91,0.154674
0.88,1.92,0.149084
0.88,1.93,0.160174
0.88,1.94,0.150401
0.88,1.95,0.153431
0.88,1.96,0.163685
0.88,1.97,0.146503
0.88,1.98,0.165974
0.88,1.99,0.14798
0.88,2,0.15304
0.88,2.01,0.144666
0.88,2.02,0.14178
0.88,2.03,0.159781
0.88,2.04,0.155902
0.88,2.05,0.159187
0.88,2.06,0.14187
0.88,2.07,0.146774
0.88,2.08,0.147601
0.88,2.09,0.141774
0.88,2.1,0.156987
0.88,2.11,0.151085
0.88,2.12,0.155532
0.88,2.13,0.155276
0.88,2.14,0.156024
0.88,2.15,0.14344
0.88,2.16,0.150542
0.88,2.17,0.15161
0.88,2.18,0.156235
0.88,2.19,0.156596
0.88,2.2,0.142208
0.88,2.21,0.157838
0.88,2.22,0.139227
0.88,2.23,0.163004
0.88,2.24,0.163723
0.88,2.25,0.163603
0.88,2.26,0.151252
0.88,2.27,0.16213
0.88,2.28,0.14181
0.88,2.29,0.148762
0.88,2.3,0.142157
0.88,2.31,0.154947
0.88,2.32,0.164632
0.88,2.33,0.14745
0.88,2.34,0.15334
0.88,2.35,0.159205
0.88,2.36,0.151588
0.88,2.37,0.157765
0.88,2.38,0.154815
0.88,2.39,0.15876
0.88,2.4,0.157675
0.88,2.41,0.161328
0.88,2.42,0.157807
0.88,2.43,0.152772
0.88,2.44,0.152343
0.88,2.45,0.151948
0.88,2.46,0.155258
0.88,2.47,0.158793
0.88,2.48,0.157514
0.88,2.49,0.141557
0.88,2.5,0.161194
0.88,2.51,0.163423
0.88,2.52,0.136845
0.88,2.53,0.154333
0.88,2.54,0.150435
0.88,2.55,0.145276
0.88,2.56,0.15346
0.88,2.57,0.150987
0.88,2.58,0.152853
0.88,2.59,0.146443
0.88,2.6,0.165499
0.88,2.61,0.155159
0.88,2.62,0.169252
0.88,2.63,0.160627
0.88,2.64,0.162065
0.88,2.65,0.153073
0.88,2.66,0.153503
0.88,2.67,0.165008
0.88,2.68,0.165156
0.88,2.69,0.143325
0.88,2.7,0.153302
0.88,2.71,0.154677
0.88,2.72,0.16085
0.88,2.73,0.153261
0.88,2.74,0.168769
0.88,2.75,0.15226
0.88,2.76,0.146888
0.88,2.77,0.160915
0.88,2.78,0.143086
0.88,2.79,0.165494
0.88,2.8,0.155962
0.88,2.81,0.145901
0.88,2.82,0.15199
0.88,2.83,0.148791
0.88,2.84,0.156878
0.88,2.85,0.149267
0.88,2.86,0.155809
0.88,2.87,0.160693
0.88,2.88,0.143644
0.88,2.89,0.159642
0.88,2.9,0.158689
0.88,2.91,0.14527
0.88,2.92,0.171162
0.88,2.93,0.145976
0.88,2.94,0.156176
0.88,2.95,0.160772
0.88,2.96,0.150688
0.88,2.97,0.160144
0.88,2.98,0.153891
0.88,2.99,0.153955
0.88,3,0.154689
0.88,3.01,0.160797
0.88,3.02,0.161649
0.88,3.03,0.153187
0.88,3.04,0.157588
0.88,3.05,0.155489
0.88,3.06,0.168964
0.88,3.07,0.152407
0.88,3.08,0.147869
0.88,3.09,0.148287
0.88,3.1,0.152586
0.88,3.11,0.153383
0.88,3.12,0.149626
0.88,3.13,0.160093
0.88,3.14,0.150441
0.88,3.15,0.151897
0.88,3.16,0.14813
0.88,3.17,0.156599
0.88,3.18,0.155122
0.88,3.19,0.161635
0.88,3.2,0.155934
0.88,3.21,0.158261
0.88,3.22,0.158812
0.88,3.23,0.152532
0.88,3.24,0.159632
0.88,3.25,0.163706
0.88,3.26,0.152082
0.88,3.27,0.149665
0.88,3.28,0.147127
0.88,3.29,0.158974
0.88,3.3,0.158004
0.88,3.31,0.15154
0.88,3.32,0.168379
0.88,3.33,0.144578
0.88,3.34,0.165094
0.88,3.35,0.148908
0.88,3.36,0.159985
0.88,3.37,0.154241
0.88,3.38,0.15128
0.88,3.39,0.159698
0.88,3.4,0.156154
0.88,3.41,0.147728
0.88,3.42,0.151878
0.88,3.43,0.159246
0.88,3.44,0.148373
0.88,3.45,0.152263
0.88,3.46,0.168895
0.88,3.47,0.145659
0.88,3.48,0.160854
0.88,3.49,0.167839
0.88,3.5,0.157847
0.88,3.51,0.15683
0.88,3.52,0.148389
0.88,3.53,0.148928
0.88,3.54,0.157456
0.88,3.55,0.171318
0.88,3.56,0.146047
0.88,3.57,0.156919
0.88,3.58,0.142179
0.88,3.59,0.146973
0.88,3.6,0.156134
0.88,3.61,0.154937
0.88,3.62,0.156236
0.88,3.63,0.159743
0.88,3.64,0.13755
0.88,3.65,0.153764
0.88,3.66,0.15521
0.88,3.67,0.155306
0.88,3.68,0.153483
0.88,3.69,0.140126
0.88,3.7,0.155793
0.88,3.71,0.159632
0.88,3.72,0.146899
0.88,3.73,0.164571
0.88,3.74,0.156468
0.88,3.75,0.152376
0.88,3.76,0.148928
0.88,3.77,0.166542
0.88,3.78,0.151742
0.88,3.79,0.147233
0.88,3.8,0.163336
0.88,3.81,0.147558
0.88,3.82,0.164116
0.88,3.83,0.148029
0.88,3.84,0.145024
0.88,3.85,0.156348
0.88,3.86,0.159138
0.88,3.87,0.15756
0.88,3.88,0.151709
0.88,3.89,0.158965
0.88,3.9,0.163048
0.88,3.91,0.150604
0.88,3.92,0.13752
0.88,3.93,0.164899
0.88,3.94,0.157929
0.88,3.95,0.164305
0.88,3.96,0.156707
0.88,3.97,0.152053
0.88,3.98,0.150924
0.88,3.99,0.158215
0.88,4,0.152563
0.88,4.01,0.161872
0.88,4.02,0.155291
0.88,4.03,0.152614
0.88,4.04,0.164304
0.88,4.05,0.163106
0.88,4.06,0.152784
0.88,4.07,0.15633
0.88,4.08,0.153312
0.88,4.09,0.156993
0.88,4.1,0.159149
0.88,4.11,0.149417
0.88,4.12,0.156986
0.88,4.13,0.148012
0.88,4.14,0.158153
0.88,4.15,0.161963
0.88,4.16,0.152942
0.88,4.17,0.146232
0.88,4.18,0.161149
0.88,4.19,0.150311
0.88,4.2,0.158154
0.88,4.21,0.152895
0.88,4.22,0.154288
0.88,4.23,0.146581
0.88,4.24,0.150683
0.88,4.25,0.154698
0.88,4.26,0.167794
0.88,4.27,0.137818
0.88,4.28,0.156053
0.88,4.29,0.145165
0.88,4.3,0.154231
0.88,4.31,0.161469
0.88,4.32,0.162207
0.88,4.33,0.150086
0.88,4.34,0.158744
0.88,4.35,0.162387
0.88,4.36,0.167092
0.88,4.37,0.147606
0.88,4.38,0.154424
0.88,4.39,0.158799
0.88,4.4,0.148977
0.88,4.41,0.156093
0.88,4.42,0.155383
0.88,4.43,0.1602
0.88,4.44,0.148716
0.88,4.45,0.15703
0.88,4.46,0.164059
0.88,4.47,0.15248
0.88,4.48,0.152354
0.88,4.49,0.153109
0.88,4.5,0.16323
0.88,4.51,0.157275
0.88,4.52,0.153811
0.88,4.53,0.152787
0.88,4.54,0.158573
0.88,4.55,0.167891
0.88,4.56,0.158521
0.88,4.57,0.148009
0.88,4.58,0.156513
0.88,4.59,0.143664
0.88,4.6,0.167447
0.88,4.61,0.161313
0.88,4.62,0.162366
0.88,4.63,0.148434
0.88,4.64,0.154517
0.88,4.65,0.155629
0.88,4.66,0.156104
0.88,4.67,0.145643
0.88,4.68,0.151376
0.88,4.69,0.151601
0.88,4.7,0.161211
0.88,4.71,0.150512
0.88,4.72,0.168107
0.88,4.73,0.154072
0.88,4.74,0.152126
0.88,4.75,0.168225
0.88,4.76,0.153854
0.88,4.77,0.161107
0.88,4.78,0.141149
0.88,4.79,0.156548
0.88,4.8,0.151607
0.88,4.81,0.15746
0.88,4.82,0.156884
0.88,4.83,0.158102
0.88,4.84,0.167146
0.88,4.85,0.155539
0.88,4.86,0.148493
0.88,4.87,0.154087
0.88,4.88,0.16486
0.88,4.89,0.172689
0.88,4.9,0.166228
0.88,4.91,0.16029
0.88,4.92,0.145551
0.88,4.93,0.153679
0.88,4.94,0.160335
0.88,4.95,0.154439
0.88,4.96,0.160996
0.88,4.97,0.156084
0.88,4.98,0.156424
0.88,4.99,0.155078
0.88,5,0.158134
0.88,5.01,0.1504
0.88,5.02,0.15137
0.88,5.03,0.157473
0.88,5.04,0.148672
0.88,5.05,0.151557
0.88,5.06,0.16458
0.88,5.07,0.153607
0.88,5.08,0.146286
0.88,5.09,0.135482
0.88,5.1,0.155319
0.88,5.11,0.147972
0.88,5.12,0.145444
0.88,5.13,0.160665
0.88,5.14,0.160248
0.88,5.15,0.15775
0.88,5.16,0.163451
0.88,5.17,0.158555
0.88,5.18,0.151143
0.88,5.19,0.146631
0.88,5.2,0.149586
0.88,5.21,0.155152
0.88,5.22,0.168554
0.88,5.23,0.162548
0.88,5.24,0.151532
0.88,5.25,0.15995
0.88,5.26,0.142572
0.88,5.27,0.157703
0.88,5.28,0.160566
0.88,5.29,0.159864
0.88,5.3,0.152897
0.88,5.31,0.155919
0.88,5.32,0.159021
0.88,5.33,0.15318
0.88,5.34,0.156812
0.88,5.35,0.150184
0.88,5.36,0.149074
0.88,5.37,0.170069
0.88,5.38,0.145238
0.88,5.39,0.175204
0.88,5.4,0.154582
0.88,5.41,0.162457
0.88,5.42,0.147091
0.88,5.43,0.169943
0.88,5.44,0.149099
0.88,5.45,0.159016
0.88,5.46,0.153864
0.88,5.47,0.160698
0.88,5.48,0.157782
0.88,5.49,0.157939
0.88,5.5,0.159258
0.88,5.51,0.156231
0.88,5.52,0.156086
0.88,5.53,0.153973
0.88,5.54,0.15386
0.88,5.55,0.161935
0.88,5.56,0.163804
0.88,5.57,0.150133
0.88,5.58,0.146055
0.88,5.59,0.139
0.88,5.6,0.147356
0.88,5.61,0.167847
0.88,5.62,0.146244
0.88,5.63,0.15551
0.88,5.64,0.150056
0.88,5.65,0.154477
0.88,5.66,0.157402
0.88,5.67,0.140479
0.88,5.68,0.166764
0.88,5.69,0.150657
0.88,5.7,0.158049
0.88,5.71,0.152677
0.88,5.72,0.153618
0.88,5.73,0.153452
0.88,5.74,0.145382
0.88,5.75,0.157717
0.88,5.76,0.145695
0.88,5.77,0.152244
0.88,5.78,0.172819
0.88,5.79,0.156832
0.88,5.8,0.15978
0.88,5.81,0.165012
0.88,5.82,0.15753
0.88,5.83,0.164218
0.88,5.84,0.134659
0.88,5.85,0.172824
0.88,5.86,0.160535
0.88,5.87,0.176132
0.88,5.88,0.157681
0.88,5.89,0.145552
0.88,5.9,0.158589
0.88,5.91,0.17061
0.88,5.92,0.163029
0.88,5.93,0.144992
0.88,5.94,0.146795
0.88,5.95,0.172822
0.88,5.96,0.157509
0.88,5.97,0.146223
0.88,5.98,0.160719
0.88,5.99,0.162852
0.88,6,0.150261
0.88,6.01,0.147671
0.88,6.02,0.147837
0.88,6.03,0.163994
0.88,6.04,0.149216
0.88,6.05,0.164882
0.88,6.06,0.159449
0.88,6.07,0.157495
0.88,6.08,0.160445
0.88,6.09,0.145617
0.88,6.1,0.14687
0.88,6.11,0.164045
0.88,6.12,0.162801
0.88,6.13,0.155306
0.88,6.14,0.169082
0.88,6.15,0.143634
0.88,6.16,0.171658
0.88,6.17,0.156221
0.88,6.18,0.150173
0.88,6.19,0.152291
0.88,6.2,0.157166
0.88,6.21,0.157396
0.88,6.22,0.168452
0.88,6.23,0.151486
0.88,6.24,0.133851
0.88,6.25,0.165694
0.88,6.26,0.158357
0.88,6.27,0.165821
0.88,6.28,0.147668
0.89,0,0.161956
0.89,0.01,0.148165
0.89,0.02,0.15489
0.89,0.03,0.1408
0.89,0.04,0.156923
0.89,0.05,0.154412
0.89,0.06,0.153425
0.89,0.07,0.152223
0.89,0.08,0.152149
0.89,0.09,0.151813
0.89,0.1,0.161979
0.89,0.11,0.156656
0.89,0.12,0.154674
0.89,0.13,0.156335
0.89,0.14,0.14356
0.89,0.15,0.153435
0.89,0.16,0.150902
0.89,0.17,0.154527
0.89,0.18,0.160885
0.89,0.19,0.146125
0.89,0.2,0.165099
0.89,0.21,0.148824
0.89,0.22,0.141622
0.89,0.23,0.15345
0.89,0.24,0.154552
0.89,0.25,0.143418
0.89,0.26,0.148261
0.89,0.27,0.157826
0.89,0.28,0.158635
0.89,0.29,0.136817
0.89,0.3,0.148315
0.89,0.31,0.149376
0.89,0.32,0.149516
0.89,0.33,0.147344
0.89,0.34,0.150065
0.89,0.35,0.14813
0.89,0.36,0.131258
0.89,0.37,0.14534
0.89,0.38,0.152222
0.89,0.39,0.139423
0.89,0.4,0.161374
0.89,0.41,0.150669
0.89,0.42,0.154987
0.89,0.43,0.149797
0.89,0.44,0.155395
0.89,0.45,0.14899
0.89,0.46,0.15845
0.89,0.47,0.153394
0.89,0.48,0.144305
0.89,0.49,0.161723
0.89,0.5,0.153341
0.89,0.51,0.155876
0.89,0.52,0.144038
0.89,0.53,0.154058
0.89,0.54,0.147172
0.89,0.55,0.143017
0.89,0.56,0.155496
0.89,0.57,0.150979
0.89,0.58,0.15146
0.89,0.59,0.152901
0.89,0.6,0.155353
0.89,0.61,0.155121
0.89,0.62,0.160391
0.89,0.63,0.150267
0.89,0.64,0.154595
0.89,0.65,0.153404
0.89,0.66,0.160637
0.89,0.67,0.152142
0.89,0.68,0.158326
0.89,0.69,0.1479
0.89,0.7,0.147721
0.89,0.71,0.155166
0.89,0.72,0.143904
0.89,0.73,0.147393
0.89,0.74,0.155321
0.89,0.75,0.161975
0.89,0.76,0.159719
0.89,0.77,0.148583
0.89,0.78,0.148984
0.89,0.79,0.166168
0.89,0.8,0.146253
0.89,0.81,0.152687
0.89,0.82,0.160677
0.89,0.83,0.152702
0.89,0.84,0.152617
0.89,0.85,0.152444
0.89,0.86,0.15804
0.89,0.87,0.15509
0.89,0.88,0.151384
0.89,0.89,0.153954
0.89,0.9,0.155601
0.89,0.91,0.140782
0.89,0.92,0.148384
0.89,0.93,0.15488
0.89,0.94,0.148429
0.89,0.95,0.179358
0.89,0.96,0.144345
0.89,0.97,0.152046
0.89,0.98,0.166335
0.89,0.99,0.138323
0.89,1,0.168961
0.89,1.01,0.162607
0.89,1.02,0.138069
0.89,1.03,0.15775
0.89,1.04,0.14844
0.89,1.05,0.152024
0.89,1.06,0.147431
0.89,1.07,0.155261
0.89,1.08,0.148076
0.89,1.09,0.155493
0.89,1.1,0.150853
0.89,1.11,0.13615
0.89,1.12,0.151367
0.89,1.13,0.165404
0.89,1.14,0.140315
0.89,1.15,0.146801
0.89,1.16,0.154677
0.89,1.17,0.163709
0.89,1.18,0.148613
0.89,1.19,0.146162
0.89,1.2,0.142588
0.89,1.21,0.168734
0.89,1.22,0.143975
0.89,1.23,0.160263
0.89,1.24,0.162118
0.89,1.25,0.166654
0.89,1.26,0.144107
0.89,1.27,0.141932
0.89,1.28,0.153574
0.89,1.29,0.14697
0.89,1.3,0.156147
0.89,1.31,0.163541
0.89,1.32,0.155941
0.89,1.33,0.15845
0.89,1.34,0.141897
0.89,1.35,0.160512
0.89,1.36,0.156442
0.89,1.37,0.146983
0.89,1.38,0.158704
0.89,1.39,0.16979
0.89,1.4,0.159003
0.89,1.41,0.154734
0.89,1.42,0.153608
0.89,1.43,0.161747
0.89,1.44,0.147406
0.89,1.45,0.147593
0.89,1.46,0.159778
0.89,1.47,0.151113
0.89,1.48,0.160397
0.89,1.49,0.154282
0.89,1.5,0.138224
0.89,1.51,0.154351
0.89,1.52,0.149078
0.89,1.53,0.153473
0.89,1.54,0.14448
0.89,1.55,0.144782
0.89,1.56,0.161511
0.89,1.57,0.15828
0.89,1.58,0.159695
0.89,1.59,0.141035
0.89,1.6,0.156274
0.89,1.61,0.143665
0.89,1.62,0.152879
0.89,1.63,0.155296
0.89,1.64,0.161324
0.89,1.65,0.151853
0.89,1.66,0.143407
0.89,1.67,0.15008
0.89,1.68,0.151832
0.89,1.69,0.160536
0.89,1.7,0.153736
0.89,1.71,0.157323
0.89,1.72,0.15884
0.89,1.73,0.156445
0.89,1.74,0.155609
0.89,1.75,0.158603
0.89,1.76,0.163597
0.89,1.77,0.145913
0.89,1.78,0.161853
0.89,1.79,0.176635
0.89,1.8,0.15219
0.89,1.81,0.147375
0.89,1.82,0.153896
0.89,1.83,0.160098
0.89,1.84,0.147281
0.89,1.85,0.149608
0.89,1.86,0.155953
0.89,1.87,0.146676
0.89,1.88,0.149939
0.89,1.89,0.156798
0.89,1.9,0.16049
0.89,1.91,0.144696
0.89,1.92,0.147759
0.89,1.93,0.144608
0.89,1.94,0.164476
0.89,1.95,0.158998
0.89,1.96,0.154911
0.89,1.97,0.154584
0.89,1.98,0.156477
0.89,1.99,0.160679
0.89,2,0.160631
0.89,2.01,0.148767
0.89,2.02,0.143227
0.89,2.03,0.150109
0.89,2.04,0.153546
0.89,2.05,0.164266
0.89,2.06,0.151372
0.89,2.07,0.160518
0.89,2.08,0.156456
0.89,2.09,0.147893
0.89,2.1,0.148461
0.89,2.11,0.14916
0.89,2.12,0.161567
0.89,2.13,0.154316
0.89,2.14,0.146726
0.89,2.15,0.143828
0.89,2.16,0.148466
0.89,2.17,0.155376
0.89,2.18,0.153555
0.89,2.19,0.145885
0.89,2.2,0.158387
0.89,2.21,0.144771
0.89,2.22,0.159547
0.89,2.23,0.149362
0.89,2.24,0.152159
0.89,2.25,0.157415
0.89,2.26,0.155354
0.89,2.27,0.150453
0.89,2.28,0.163912
0.89,2.29,0.150727
0.89,2.3,0.158812
0.89,2.31,0.164707
0.89,2.32,0.14388
0.89,2.33,0.156377
0.89,2.34,0.170588
0.89,2.35,0.166487
0.89,2.36,0.148563
0.89,2.37,0.16021
0.89,2.38,0.148074
0.89,2.39,0.148212
0.89,2.4,0.152001
0.89,2.41,0.159865
0.89,2.42,0.16474
0.89,2.43,0.165694
0.89,2.44,0.155119
0.89,2.45,0.153399
0.89,2.46,0.142143
0.89,2.47,0.152967
0.89,2.48,0.158183
0.89,2.49,0.135618
0.89,2.5,0.150188
0.89,2.51,0.143359
0.89,2.52,0.152062
0.89,2.53,0.152127
0.89,2.54,0.161912
0.89,2.55,0.150487
0.89,2.56,0.144664
0.89,2.57,0.157392
0.89,2.58,0.158595
0.89,2.59,0.157326
0.89,2.6,0.146794
0.89,2.61,0.157369
0.89,2.62,0.139328
0.89,2.63,0.144659
0.89,2.64,0.15563
0.89,2.65,0.153414
0.89,2.66,0.16004
0.89,2.67,0.146722
0.89,2.68,0.149904
0.89,2.69,0.159241
0.89,2.7,0.166735
0.89,2.71,0.151391
0.89,2.72,0.157818
0.89,2.73,0.160934
0.89,2.74,0.154181
0.89,2.75,0.161361
0.89,2.76,0.154788
0.89,2.77,0.161068
0.89,2.78,0.154414
0.89,2.79,0.145331
0.89,2.8,0.157137
0.89,2.81,0.139741
0.89,2.82,0.162954
0.89,2.83,0.165258
0.89,2.84,0.15884
0.89,2.85,0.161628
0.89,2.86,0.144933
0.89,2.87,0.141798
0.89,2.88,0.155845
0.89,2.89,0.149011
0.89,2.9,0.155793
0.89,2.91,0.165037
0.89,2.92,0.139026
0.89,2.93,0.155808
0.89,2.94,0.160034
0.89,2.95,0.156787
0.89,2.96,0.145648
0.89,2.97,0.139403
0.89,2.98,0.142858
0.89,2.99,0.154041
0.89,3,0.141823
0.89,3.01,0.155123
0.89,3.02,0.162268
0.89,3.03,0.160865
0.89,3.04,0.154022
0.89,3.05,0.149704
0.89,3.06,0.14847
0.89,3.07,0.152216
0.89,3.08,0.151373
0.89,3.09,0.156668
0.89,3.1,0.149004
0.89,3.11,0.149036
0.89,3.12,0.164561
0.89,3.13,0.155306
0.89,3.14,0.145727
0.89,3.15,0.146203
0.89,3.16,0.160533
0.89,3.17,0.153749
0.89,3.18,0.154067
0.89,3.19,0.163469
0.89,3.2,0.148512
0.89,3.21,0.15304
0.89,3.22,0.147547
0.89,3.23,0.15134
0.89,3.24,0.148335
0.89,3.25,0.146649
0.89,3.26,0.15878
0.89,3.27,0.156241
0.89,3.28,0.160081
0.89,3.29,0.152697
0.89,3.3,0.160709
0.89,3.31,0.161562
0.89,3.32,0.148793
0.89,3.33,0.1473
0.89,3.34,0.160871
0.89,3.35,0.149083
0.89,3.36,0.147332
0.89,3.37,0.148545
0.89,3.38,0.141827
0.89,3.39,0.165085
0.89,3.4,0.153971
0.89,3.41,0.148366
0.89,3.42,0.14964
0.89,3.43,0.149722
0.89,3.44,0.147676
0.89,3.45,0.149577
0.89,3.46,0.153794
0.89,3.47,0.146096
0.89,3.48,0.149512
0.89,3.49,0.149602
0.89,3.5,0.151534
0.89,3.51,0.153659
0.89,3.52,0.146747
0.89,3.53,0.153368
0.89,3.54,0.156877
0.89,3.55,0.153506
0.89,3.56,0.173784
0.89,3.57,0.157048
0.89,3.58,0.146342
0.89,3.59,0.145872
0.89,3.6,0.157192
0.89,3.61,0.152389
0.89,3.62,0.159212
0.89,3.63,0.157578
0.89,3.64,0.150331
0.89,3.65,0.142033
0.89,3.66,0.143295
0.89,3.67,0.161747
0.89,3.68,0.163355
0.89,3.69,0.146492
0.89,3.7,0.147683
0.89,3.71,0.170923
0.89,3.72,0.150859
0.89,3.73,0.162219
0.89,3.74,0.149197
0.89,3.75,0.168791
0.89,3.76,0.152705
0.89,3.77,0.157057
0.89,3.78,0.165647
0.89,3.79,0.157726
0.89,3.8,0.15969
0.89,3.81,0.147093
0.89,3.82,0.15642
0.89,3.83,0.167217
0.89,3.84,0.158552
0.89,3.85,0.150982
0.89,3.86,0.155987
0.89,3.87,0.149793
0.89,3.88,0.156549
0.89,3.89,0.147598
0.89,3.9,0.149765
0.89,3.91,0.161308
0.89,3.92,0.157335
0.89,3.93,0.154043
0.89,3.94,0.152789
0.89,3.95,0.151118
0.89,3.96,0.146423
0.89,3.97,0.151188
0.89,3.98,0.141493
0.89,3.99,0.153458
0.89,4,0.162684
0.89,4.01,0.150361
0.89,4.02,0.164082
0.89,4.03,0.153645
0.89,4.04,0.163052
0.89,4.05,0.151087
0.89,4.06,0.150842
0.89,4.07,0.153854
0.89,4.08,0.158063
0.89,4.09,0.157357
0.89,4.1,0.165801
0.89,4.11,0.155801
0.89,4.12,0.153042
0.89,4.13,0.142947
0.89,4.14,0.147318
0.89,4.15,0.161412
0.89,4.16,0.148793
0.89,4.17,0.157052
0.89,4.18,0.158981
0.89,4.19,0.140268
0.89,4.2,0.155955
0.89,4.21,0.149198
0.89,4.22,0.153002
0.89,4.23,0.155473
0.89,4.24,0.137016
0.89,4.25,0.147465
0.89,4.26,0.156697
0.89,4.27,0.155463
0.89,4.28,0.156583
0.89,4.29,0.140213
0.89,4.3,0.148239
0.89,4.31,0.153625
0.89,4.32,0.146185
0.89,4.33,0.163406
0.89,4.34,0.142149
0.89,4.35,0.161631
0.89,4.36,0.159387
0.89,4.37,0.156717
0.89,4.38,0.153383
0.89,4.39,0.148792
0.89,4.4,0.153543
0.89,4.41,0.144135
0.89,4.42,0.152285
0.89,4.43,0.151043
0.89,4.44,0.157605
0.89,4.45,0.155693
0.89,4.46,0.149909
0.89,4.47,0.153193
0.89,4.48,0.147193
0.89,4.49,0.15748
0.89,4.5,0.162284
0.89,4.51,0.156883
0.89,4.52,0.154515
0.89,4.53,0.150835
0.89,4.54,0.156131
0.89,4.55,0.140236
0.89,4.56,0.167761
0.89,4.57,0.158113
0.89,4.58,0.16019
0.89,4.59,0.159257
0.89,4.6,0.156948
0.89,4.61,0.154058
0.89,4.62,0.155837
0.89,4.63,0.147951
0.89,4.64,0.159261
0.89,4.65,0.156081
0.89,4.66,0.149514
0.89,4.67,0.148384
0.89,4.68,0.142794
0.89,4.69,0.15083
0.89,4.7,0.155453
0.89,4.71,0.156966
0.89,4.72,0.147765
0.89,4.73,0.158117
0.89,4.74,0.15683
0.89,4.75,0.165598
0.89,4.76,0.15174
0.89,4.77,0.159975
0.89,4.78,0.157081
0.89,4.79,0.148553
0.89,4.8,0.158146
0.89,4.81,0.155566
0.89,4.82,0.165414
0.89,4.83,0.140825
0.89,4.84,0.168122
0.89,4.85,0.15985
0.89,4.86,0.160766
0.89,4.87,0.151642
0.89,4.88,0.154578
0.89,4.89,0.150418
0.89,4.9,0.149769
0.89,4.91,0.164712
0.89,4.92,0.150605
0.89,4.93,0.146819
0.89,4.94,0.159262
0.89,4.95,0.161548
0.89,4.96,0.164703
0.89,4.97,0.158528
0.89,4.98,0.153871
0.89,4.99,0.153947
0.89,5,0.146931
0.89,5.01,0.144913
0.89,5.02,0.139587
0.89,5.03,0.155885
0.89,5.04,0.143382
0.89,5.05,0.167666
0.89,5.06,0.151575
0.89,5.07,0.15584
0.89,5.08,0.148176
0.89,5.09,0.156737
0.89,5.1,0.152904
0.89,5.11,0.145183
0.89,5.12,0.154483
0.89,5.13,0.154136
0.89,5.14,0.145828
0.89,5.15,0.15963
0.89,5.16,0.14829
0.89,5.17,0.13696
0.89,5.18,0.139535
0.89,5.19,0.165797
0.89,5.2,0.140556
0.89,5.21,0.16517
0.89,5.22,0.158937
0.89,5.23,0.160987
0.89,5.24,0.151775
0.89,5.25,0.152671
0.89,5.26,0.154241
0.89,5.27,0.147994
0.89,5.28,0.161829
0.89,5.29,0.150732
0.89,5.3,0.157063
0.89,5.31,0.152319
0.89,5.32,0.15706
0.89,5.33,0.153594
0.89,5.34,0.162353
0.89,5.35,0.162823
0.89,5.36,0.140637
0.89,5.37,0.148657
0.89,5.38,0.155348
0.89,5.39,0.155766
0.89,5.4,0.152617
0.89,5.41,0.148359
0.89,5.42,0.158478
0.89,5.43,0.152283
0.89,5.44,0.154828
0.89,5.45,0.148099
0.89,5.46,0.154444
0.89,5.47,0.152059
0.89,5.48,0.151379
0.89,5.49,0.138059
0.89,5.5,0.159527
0.89,5.51,0.143986
0.89,5.52,0.14829
0.89,5.53,0.142246
0.89,5.54,0.157611
0.89,5.55,0.157411
0.89,5.56,0.144131
0.89,5.57,0.162835
0.89,5.58,0.159683
0.89,5.59,0.148758
0.89,5.6,0.158977
0.89,5.61,0.157904
0.89,5.62,0.151081
0.89,5.63,0.148282
0.89,5.64,0.151631
0.89,5.65,0.151335
0.89,5.66,0.163741
0.89,5.67,0.160856
0.89,5.68,0.15269
0.89,5.69,0.149974
0.89,5.7,0.156526
0.89,5.71,0.148262
0.89,5.72,0.156083
0.89,5.73,0.147943
0.89,5.74,0.146176
0.89,5.75,0.159057
0.89,5.76,0.137632
0.89,5.77,0.153836
0.89,5.78,0.163088
0.89,5.79,0.145589
0.89,5.8,0.163154
0.89,5.81,0.153531
0.89,5.82,0.154234
0.89,5.83,0.156079
0.89,5.84,0.154403
0.89,5.85,0.157878
0.89,5.86,0.159399
0.89,5.87,0.146307
0.89,5.88,0.145366
0.89,5.89,0.156998
0.89,5.9,0.146163
0.89,5.91,0.156298
0.89,5.92,0.153673
0.89,5.93,0.1522
0.89,5.94,0.156121
0.89,5.95,0.152322
0.89,5.96,0.163924
0.89,5.97,0.144996
0.89,5.98,0.149837
0.89,5.99,0.153187
0.89,6,0.151394
0.89,6.01,0.149222
0.89,6.02,0.150797
0.89,6.03,0.149502
0.89,6.04,0.153774
0.89,6.05,0.155717
0.89,6.06,0.138373
0.89,6.07,0.148553
0.89,6.08,0.160185
0.89,6.09,0.14889
0.89,6.1,0.161163
0.89,6.11,0.150876
0.89,6.12,0.154581
0.89,6.13,0.141714
0.89,6.14,0.15647
0.89,6.15,0.155177
0.89,6.16,0.166612
0.89,6.17,0.155441
0.89,6.18,0.163434
0.89,6.19,0.160819
0.89,6.2,0.160572
0.89,6.21,0.152116
0.89,6.22,0.145644
0.89,6.23,0.156344
0.89,6.24,0.145548
0.89,6.25,0.163373
0.89,6.26,0.152928
0.89,6.27,0.148825
0.89,6.28,0.160776
0.9,0,0.15004
0.9,0.01,0.143182
0.9,0.02,0.154095
0.9,0.03,0.145688
0.9,0.04,0.155305
0.9,0.05,0.13672
0.9,0.06,0.142443
0.9,0.07,0.148521
0.9,0.08,0.157315
0.9,0.09,0.162662
0.9,0.1,0.16065
0.9,0.11,0.148626
0.9,0.12,0.139414
0.9,0.13,0.142395
0.9,0.14,0.155439
0.9,0.15,0.147609
0.9,0.16,0.152533
0.9,0.17,0.158658
0.9,0.18,0.147092
0.9,0.19,0.144552
0.9,0.2,0.145308
0.9,0.21,0.141967
0.9,0.22,0.149339
0.9,0.23,0.155377
0.9,0.24,0.156422
0.9,0.25,0.158291
0.9,0.26,0.145102
0.9,0.27,0.145086
0.9,0.28,0.156315
0.9,0.29,0.146842
0.9,0.3,0.149815
0.9,0.31,0.150394
0.9,0.32,0.135928
0.9,0.33,0.146171
0.9,0.34,0.145012
0.9,0.35,0.163411
0.9,0.36,0.149777
0.9,0.37,0.144098
0.9,0.38,0.147797
0.9,0.39,0.16357
0.9,0.4,0.143489
0.9,0.41,0.159279
0.9,0.42,0.136091
0.9,0.43,0.155544
0.9,0.44,0.154528
0.9,0.45,0.145085
0.9,0.46,0.148557
0.9,0.47,0.154041
0.9,0.48,0.156756
0.9,0.49,0.158107
0.9,0.5,0.162403
0.9,0.51,0.154741
0.9,0.52,0.141813
0.9,0.53,0.143822
0.9,0.54,0.156815
0.9,0.55,0.156773
0.9,0.56,0.154587
0.9,0.57,0.147559
0.9,0.58,0.150785
0.9,0.59,0.143127
0.9,0.6,0.144214
0.9,0.61,0.144362
0.9,0.62,0.159508
0.9,0.63,0.140349
0.9,0.64,0.152531
0.9,0.65,0.160204
0.9,0.66,0.147475
0.9,0.67,0.146806
0.9,0.68,0.144571
0.9,0.69,0.150915
0.9,0.7,0.157396
0.9,0.71,0.137609
0.9,0.72,0.14703
0.9,0.73,0.143255
0.9,0.74,0.158374
0.9,0.75,0.155175
0.9,0.76,0.157596
0.9,0.77,0.148781
0.9,0.78,0.15637
0.9,0.79,0.159358
0.9,0.8,0.16499
0.9,0.81,0.14757
0.9,0.82,0.147708
0.9,0.83,0.140689
0.9,0.84,0.152515
0.9,0.85,0.147307
0.9,0.86,0.15794
0.9,0.87,0.150155
0.9,0.88,0.157929
0.9,0.89,0.152574
0.9,0.9,0.151135
0.9,0.91,0.154014
0.9,0.92,0.164974
0.9,0.93,0.145727
0.9,0.94,0.152272
0.9,0.95,0.153993
0.9,0.96,0.142057
0.9,0.97,0.149453
0.9,0.98,0.141753
0.9,0.99,0.156008
0.9,1,0.150331
0.9,1.01,0.153452
0.9,1.02,0.149239
0.9,1.03,0.151354
0.9,1.04,0.148882
0.9,1.05,0.146917
0.9,1.06,0.142998
0.9,1.07,0.150099
0.9,1.08,0.148094
0.9,1.09,0.14067
0.9,1.1,0.144933
0.9,1.11,0.157717
0.9,1.12,0.158288
0.9,1.13,0.151424
0.9,1.14,0.155323
0.9,1.15,0.151008
0.9,1.16,0.156513
0.9,1.17,0.13756
0.9,1.18,0.156375
0.9,1.19,0.153268
0.9,1.2,0.153899
0.9,1.21,0.133792
0.9,1.22,0.150213
0.9,1.23,0.145112
0.9,1.24,0.147116
0.9,1.25,0.142169
0.9,1.26,0.151062
0.9,1.27,0.154263
0.9,1.28,0.152263
0.9,1.29,0.154633
0.9,1.3,0.155138
0.9,1.31,0.153067
0.9,1.32,0.154411
0.9,1.33,0.159137
0.9,1.34,0.156843
0.9,1.35,0.148812
0.9,1.36,0.152951
0.9,1.37,0.155839
0.9,1.38,0.153569
0.9,1.39,0.159466
0.9,1.4,0.156346
0.9,1.41,0.158668
0.9,1.42,0.155575
0.9,1.43,0.154114
0.9,1.44,0.15564
0.9,1.45,0.147785
0.9,1.46,0.147667
0.9,1.47,0.165053
0.9,1.48,0.147129
0.9,1.49,0.156871
0.9,1.5,0.157305
0.9,1.51,0.146865
0.9,1.52,0.16962
0.9,1.53,0.162709
0.9,1.54,0.142932
0.9,1.55,0.148005
0.9,1.56,0.150194
0.9,1.57,0.145283
0.9,1.58,0.15071
0.9,1.59,0.160797
0.9,1.6,0.14098
0.9,1.61,0.146139
0.9,1.62,0.138363
0.9,1.63,0.138854
0.9,1.64,0.148834
0.9,1.65,0.14929
0.9,1.66,0.150749
0.9,1.67,0.147865
0.9,1.68,0.147928
0.9,1.69,0.152469
0.9,1.7,0.134847
0.9,1.71,0.147852
0.9,1.72,0.147496
0.9,1.73,0.150086
0.9,1.74,0.155562
0.9,1.75,0.146353
0.9,1.76,0.154413
0.9,1.77,0.154148
0.9,1.78,0.15111
0.9,1.79,0.159988
0.9,1.8,0.145242
0.9,1.81,0.146054
0.9,1.82,0.158963
0.9,1.83,0.147261
0.9,1.84,0.160788
0.9,1.85,0.14365
0.9,1.86,0.154591
0.9,1.87,0.151549
0.9,1.88,0.13859
0.9,1.89,0.161222
0.9,1.9,0.147211
0.9,1.91,0.136676
0.9,1.92,0.151104
0.9,1.93,0.14881
0.9,1.94,0.152912
0.9,1.95,0.162236
0.9,1.96,0.160294
0.9,1.97,0.145215
0.9,1.98,0.161336
0.9,1.99,0.142823
0.9,2,0.153045
0.9,2.01,0.150882
0.9,2.02,0.146963
0.9,2.03,0.154172
0.9,2.04,0.169224
0.9,2.05,0.149537
0.9,2.06,0.141695
0.9,2.07,0.15343
0.9,2.08,0.141278
0.9,2.09,0.149834
0.9,2.1,0.145315
0.9,2.11,0.152767
0.9,2.12,0.146965
0.9,2.13,0.150685
0.9,2.14,0.161191
0.9,2.15,0.160672
0.9,2.16,0.161361
0.9,2.17,0.158947
0.9,2.18,0.164044
0.9,2.19,0.158482
0.9,2.2,0.158334
0.9,2.21,0.14542
0.9,2.22,0.150436
0.9,2.23,0.152309
0.9,2.24,0.154446
0.9,2.25,0.141497
0.9,2.26,0.154609
0.9,2.27,0.155473
0.9,2.28,0.15381
0.9,2.29,0.142775
0.9,2.3,0.137792
0.9,2.31,0.152022
0.9,2.32,0.159042
0.9,2.33,0.143584
0.9,2.34,0.146835
0.9,2.35,0.148387
0.9,2.36,0.153235
0.9,2.37,0.146114
0.9,2.38,0.153996
0.9,2.39,0.146131
0.9,2.4,0.142681
0.9,2.41,0.13929
0.9,2.42,0.150746
0.9,2.43,0.149091
0.9,2.44,0.157196
0.9,2.45,0.155368
0.9,2.46,0.163625
0.9,2.47,0.155063
0.9,2.48,0.148911
0.9,2.49,0.156054
0.9,2.5,0.148396
0.9,2.51,0.157442
0.9,2.52,0.150001
0.9,2.53,0.148605
0.9,2.54,0.147018
0.9,2.55,0.163278
0.9,2.56,0.156571
0.9,2.57,0.145865
0.9,2.58,0.149512
0.9,2.59,0.154433
0.9,2.6,0.154503
0.9,2.61,0.154723
0.9,2.62,0.148103
0.9,2.63,0.164576
0.9,2.64,0.162361
0.9,2.65,0.148281
0.9,2.66,0.148574
0.9,2.67,0.14721
0.9,2.68,0.148379
0.9,2.69,0.154142
0.9,2.7,0.154413
0.9,2.71,0.152981
0.9,2.72,0.141473
0.9,2.73,0.161909
0.9,2.74,0.155991
0.9,2.75,0.157075
0.9,2.76,0.13985
0.9,2.77,0.149692
0.9,2.78,0.141723
0.9,2.79,0.149284
0.9,2.8,0.154681
0.9,2.81,0.146146
0.9,2.82,0.140192
0.9,2.83,0.147698
0.9,2.84,0.172121
0.9,2.85,0.146158
0.9,2.86,0.153937
0.9,2.87,0.146171
0.9,2.88,0.15475
0.9,2.89,0.154809
0.9,2.9,0.154966
0.9,2.91,0.143408
0.9,2.92,0.15374
0.9,2.93,0.157333
0.9,2.94,0.155788
0.9,2.95,0.164175
0.9,2.96,0.157661
0.9,2.97,0.152745
0.9,2.98,0.145961
0.9,2.99,0.139949
0.9,3,0.156985
0.9,3.01,0.163783
0.9,3.02,0.152665
0.9,3.03,0.152527
0.9,3.04,0.153757
0.9,3.05,0.152628
0.9,3.06,0.151364
0.9,3.07,0.1632
0.9,3.08,0.142368
0.9,3.09,0.155942
0.9,3.1,0.14618
0.9,3.11,0.145997
0.9,3.12,0.147615
0.9,3.13,0.152612
0.9,3.14,0.153274
0.9,3.15,0.153094
0.9,3.16,0.158194
0.9,3.17,0.158942
0.9,3.18,0.149319
0.9,3.19,0.170104
0.9,3.2,0.166304
0.9,3.21,0.148762
0.9,3.22,0.156304
0.9,3.23,0.151421
0.9,3.24,0.153707
0.9,3.25,0.145259
0.9,3.26,0.151691
0.9,3.27,0.164715
0.9,3.28,0.15185
0.9,3.29,0.151916
0.9,3.3,0.159675
0.9,3.31,0.157419
0.9,3.32,0.145281
0.9,3.33,0.154376
0.9,3.34,0.160079
0.9,3.35,0.143357
0.9,3.36,0.148896
0.9,3.37,0.158532
0.9,3.38,0.157582
0.9,3.39,0.144772
0.9,3.4,0.162577
0.9,3.41,0.152077
0.9,3.42,0.153492
0.9,3.43,0.14588
0.9,3.44,0.144692
0.9,3.45,0.156253
0.9,3.46,0.162251
0.9,3.47,0.154793
0.9,3.48,0.154146
0.9,3.49,0.135862
0.9,3.5,0.155837
0.9,3.51,0.141644
0.9,3.52,0.143927
0.9,3.53,0.153237
0.9,3.54,0.131081
0.9,3.55,0.138508
0.9,3.56,0.15183
0.9,3.57,0.142735
0.9,3.58,0.159359
0.9,3.59,0.163467
0.9,3.6,0.150138
0.9,3.61,0.141087
0.9,3.62,0.153714
0.9,3.63,0.162193
0.9,3.64,0.149253
0.9,3.65,0.142409
0.9,3.66,0.142733
0.9,3.67,0.146749
0.9,3.68,0.169529
0.9,3.69,0.169661
0.9,3.7,0.154524
0.9,3.71,0.152384
0.9,3.72,0.146546
0.9,3.73,0.145427
0.9,3.74,0.163024
0.9,3.75,0.14853
0.9,3.76,0.14348
0.9,3.77,0.136348
0.9,3.78,0.151757
0.9,3.79,0.148578
0.9,3.8,0.147077
0.9,3.81,0.149011
0.9,3.82,0.147134
0.9,3.83,0.155614
0.9,3.84,0.136002
0.9,3.85,0.152764
0.9,3.86,0.147084
0.9,3.87,0.151388
0.9,3.88,0.150564
0.9,3.89,0.159411
0.9,3.9,0.151596
0.9,3.91,0.145207
0.9,3.92,0.152573
0.9,3.93,0.156474
0.9,3.94,0.146057
0.9,3.95,0.152852
0.9,3.96,0.149955
0.9,3.97,0.147585
0.9,3.98,0.163771
0.9,3.99,0.15287
0.9,4,0.166316
0.9,4.01,0.161229
0.9,4.02,0.155118
0.9,4.03,0.154326
0.9,4.04,0.147906
0.9,4.05,0.147949
0.9,4.06,0.149223
0.9,4.07,0.145212
0.9,4.08,0.165833
0.9,4.09,0.142317
0.9,4.1,0.145438
0.9,4.11,0.145367
0.9,4.12,0.15073
0.9,4.13,0.148079
0.9,4.14,0.157384
0.9,4.15,0.145352
0.9,4.16,0.151919
0.9,4.17,0.150522
0.9,4.18,0.145325
0.9,4.19,0.149604
0.9,4.2,0.16278
0.9,4.21,0.154773
0.9,4.22,0.155148
0.9,4.23,0.147958
0.9,4.24,0.139766
0.9,4.25,0.148382
0.9,4.26,0.147614
0.9,4.27,0.161572
0.9,4.28,0.149801
0.9,4.29,0.144832
0.9,4.3,0.151563
0.9,4.31,0.167314
0.9,4.32,0.145809
0.9,4.33,0.13701
0.9,4.34,0.158712
0.9,4.35,0.157586
0.9,4.36,0.155176
0.9,4.37,0.155152
0.9,4.38,0.15461
0.9,4.39,0.140686
0.9,4.4,0.147746
0.9,4.41,0.15677
0.9,4.42,0.136294
0.9,4.43,0.14968
0.9,4.44,0.149491
0.9,4.45,0.152629
0.9,4.46,0.167689
0.9,4.47,0.153226
0.9,4.48,0.159377
0.9,4.49,0.146015
0.9,4.5,0.152347
0.9,4.51,0.152246
0.9,4.52,0.146734
0.9,4.53,0.152735
0.9,4.54,0.155057
0.9,4.55,0.151458
0.9,4.56,0.146917
0.9,4.57,0.151186
0.9,4.58,0.163932
0.9,4.59,0.152562
0.9,4.6,0.158957
0.9,4.61,0.146407
0.9,4.62,0.149326
0.9,4.63,0.152837
0.9,4.64,0.146219
0.9,4.65,0.152547
0.9,4.66,0.151214
0.9,4.67,0.152192
0.9,4.68,0.154766
0.9,4.69,0.140484
0.9,4.7,0.157607
0.9,4.71,0.160251
0.9,4.72,0.154297
0.9,4.73,0.141284
0.9,4.74,0.157735
0.9,4.75,0.148403
0.9,4.76,0.137472
0.9,4.77,0.155957
0.9,4.78,0.145856
0.9,4.79,0.13699
0.9,4.8,0.146923
0.9,4.81,0.148841
0.9,4.82,0.148557
0.9,4.83,0.157315
0.9,4.84,0.161078
0.9,4.85,0.151307
0.9,4.86,0.155372
0.9,4.87,0.143193
0.9,4.88,0.136528
0.9,4.89,0.1386
0.9,4.9,0.147848
0.9,4.91,0.144077
0.9,4.92,0.155199
0.9,4.93,0.147642
0.9,4.94,0.148368
0.9,4.95,0.159318
0.9,4.96,0.150462
0.9,4.97,0.149449
0.9,4.98,0.150847
0.9,4.99,0.147142
0.9,5,0.160549
0.9,5.01,0.142007
0.9,5.02,0.146443
0.9,5.03,0.158159
0.9,5.04,0.146537
0.9,5.05,0.148546
0.9,5.06,0.146176
0.9,5.07,0.140327
0.9,5.08,0.152814
0.9,5.09,0.162763
0.9,5.1,0.149725
0.9,5.11,0.149324
0.9,5.12,0.143077
0.9,5.13,0.14346
0.9,5.14,0.153865
0.9,5.15,0.177105
0.9,5.16,0.149797
0.9,5.17,0.148985
0.9,5.18,0.145797
0.9,5.19,0.147498
0.9,5.2,0.159773
0.9,5.21,0.159826
0.9,5.22,0.145442
0.9,5.23,0.160261
0.9,5.24,0.141341
0.9,5.25,0.144045
0.9,5.26,0.138628
0.9,5.27,0.1424
0.9,5.28,0.154872
0.9,5.29,0.164531
0.9,5.3,0.156473
0.9,5.31,0.147558
0.9,5.32,0.155089
0.9,5.33,0.154456
0.9,5.34,0.164105
0.9,5.35,0.156507
0.9,5.36,0.138984
0.9,5.37,0.150756
0.9,5.38,0.155465
0.9,5.39,0.160517
0.9,5.4,0.152762
0.9,5.41,0.148034
0.9,5.42,0.142663
0.9,5.43,0.159684
0.9,5.44,0.157986
0.9,5.45,0.147911
0.9,5.46,0.152125
0.9,5.47,0.152219
0.9,5.48,0.158457
0.9,5.49,0.152025
0.9,5.5,0.145488
0.9,5.51,0.159335
0.9,5.52,0.145911
0.9,5.53,0.164094
0.9,5.54,0.149922
0.9,5.55,0.133313
0.9,5.56,0.148368
0.9,5.57,0.150459
0.9,5.58,0.154949
0.9,5.59,0.143483
0.9,5.6,0.146386
0.9,5.61,0.158689
0.9,5.62,0.156125
0.9,5.63,0.153362
0.9,5.64,0.157207
0.9,5.65,0.15398
0.9,5.66,0.152869
0.9,5.67,0.143349
0.9,5.68,0.162821
0.9,5.69,0.150414
0.9,5.7,0.144499
0.9,5.71,0.153459
0.9,5.72,0.145963
0.9,5.73,0.154332
0.9,5.74,0.150968
0.9,5.75,0.145757
0.9,5.76,0.156519
0.9,5.77,0.141703
0.9,5.78,0.160372
0.9,5.79,0.152855
0.9,5.8,0.152063
0.9,5.81,0.146046
0.9,5.82,0.160713
0.9,5.83,0.153618
0.9,5.84,0.15254
0.9,5.85,0.152066
0.9,5.86,0.153979
0.9,5.87,0.14319
0.9,5.88,0.146882
0.9,5.89,0.155378
0.9,5.9,0.150407
0.9,5.91,0.14907
0.9,5.92,0.151831
0.9,5.93,0.144776
0.9,5.94,0.152418
0.9,5.95,0.139303
0.9,5.96,0.149146
0.9,5.97,0.157471
0.9,5.98,0.159772
0.9,5.99,0.151943
0.9,6,0.155641
0.9,6.01,0.1539
0.9,6.02,0.165294
0.9,6.03,0.158875
0.9,6.04,0.147258
0.9,6.05,0.143533
0.9,6.06,0.151427
0.9,6.07,0.160114
0.9,6.08,0.150878
0.9,6.09,0.162049
0.9,6.1,0.165071
0.9,6.11,0.156454
0.9,6.12,0.155345
0.9,6.13,0.164333
0.9,6.14,0.140926
0.9,6.15,0.150023
0.9,6.16,0.152125
0.9,6.17,0.14125
0.9,6.18,0.151466
0.9,6.19,0.161245
0.9,6.2,0.148726
0.9,6.21,0.154289
0.9,6.22,0.147402
0.9,6.23,0.155813
0.9,6.24,0.166548
0.9,6.25,0.145028
0.9,6.26,0.172384
0.9,6.27,0.148298
0.9,6.28,0.158033
0.91,0,0.152774
0.91,0.01,0.1576
0.91,0.02,0.147194
0.91,0.03,0.148817
0.91,0.04,0.15116
0.91,0.05,0.157575
0.91,0.06,0.155983
0.91,0.07,0.15616
0.91,0.08,0.148884
0.91,0.09,0.153659
0.91,0.1,0.14831
0.91,0.11,0.146427
0.91,0.12,0.149241
0.91,0.13,0.14202
0.91,0.14,0.144512
0.91,0.15,0.15356
0.91,0.16,0.141689
0.91,0.17,0.15496
0.91,0.18,0.154193
0.91,0.19,0.144355
0.91,0.2,0.153244
0.91,0.21,0.162926
0.91,0.22,0.14681
0.91,0.23,0.158025
0.91,0.24,0.146448
0.91,0.25,0.154763
0.91,0.26,0.15045
0.91,0.27,0.150432
0.91,0.28,0.151833
0.91,0.29,0.152145
0.91,0.3,0.146369
0.91,0.31,0.150953
0.91,0.32,0.142013
0.91,0.33,0.149816
0.91,0.34,0.158829
0.91,0.35,0.138588
0.91,0.36,0.151663
0.91,0.37,0.147405
0.91,0.38,0.145046
0.91,0.39,0.149059
0.91,0.4,0.152657
0.91,0.41,0.140587
0.91,0.42,0.137277
0.91,0.43,0.144055
0.91,0.44,0.142077
0.91,0.45,0.145838
0.91,0.46,0.13914
0.91,0.47,0.162568
0.91,0.48,0.142673
0.91,0.49,0.151654
0.91,0.5,0.150219
0.91,0.51,0.143836
0.91,0.52,0.161953
0.91,0.53,0.138923
0.91,0.54,0.139468
0.91,0.55,0.154909
0.91,0.56,0.165251
0.91,0.57,0.139295
0.91,0.58,0.149371
0.91,0.59,0.163346
0.91,0.6,0.147338
0.91,0.61,0.136421
0.91,0.62,0.150136
0.91,0.63,0.148561
0.91,0.64,0.161194
0.91,0.65,0.161979
0.91,0.66,0.147835
0.91,0.67,0.143602
0.91,0.68,0.147191
0.91,0.69,0.154556
0.91,0.7,0.1456
0.91,0.71,0.155164
0.91,0.72,0.14417
0.91,0.73,0.139377
0.91,0.74,0.159003
0.91,0.75,0.148496
0.91,0.76,0.154272
0.91,0.77,0.14946
0.91,0.78,0.141798
0.91,0.79,0.137091
0.91,0.8,0.158444
0.91,0.81,0.143634
0.91,0.82,0.149063
0.91,0.83,0.147643
0.91,0.84,0.148326
0.91,0.85,0.159282
0.91,0.86,0.147484
0.91,0.87,0.134914
0.91,0.88,0.135301
0.91,0.89,0.148021
0.91,0.9,0.152218
0.91,0.91,0.150828
0.91,0.92,0.141704
0.91,0.93,0.133823
0.91,0.94,0.158725
0.91,0.95,0.145351
0.91,0.96,0.156613
0.91,0.97,0.144681
0.91,0.98,0.153792
0.91,0.99,0.147406
0.91,1,0.148168
0.91,1.01,0.150238
0.91,1.02,0.143834
0.91,1.03,0.141508
0.91,1.04,0.153143
0.91,1.05,0.141183
0.91,1.06,0.14391
0.91,1.07,0.148873
0.91,1.08,0.140544
0.91,1.09,0.136166
0.91,1.1,0.152079
0.91,1.11,0.146471
0.91,1.12,0.136228
0.91,1.13,0.153693
0.91,1.14,0.152926
0.91,1.15,0.147011
0.91,1.16,0.156907
0.91,1.17,0.151546
0.91,1.18,0.144181
0.91,1.19,0.144339
0.91,1.2,0.145449
0.91,1.21,0.157206
0.91,1.22,0.146726
0.91,1.23,0.155224
0.91,1.24,0.154189
0.91,1.25,0.162544
0.91,1.26,0.158694
0.91,1.27,0.148261
0.91,1.28,0.149109
0.91,1.29,0.141336
0.91,1.3,0.146886
0.91,1.31,0.145251
0.91,1.32,0.153099
0.91,1.33,0.156524
0.91,1.34,0.151769
0.91,1.35,0.151394
0.91,1.36,0.153357
0.91,1.37,0.14065
0.91,1.38,0.152687
0.91,1.39,0.156409
0.91,1.4,0.145412
0.91,1.41,0.153099
0.91,1.42,0.151826
0.91,1.43,0.161128
0.91,1.44,0.149543
0.91,1.45,0.16039
0.91,1.46,0.161555
0.91,1.47,0.149696
0.91,1.48,0.162245
0.91,1.49,0.137127
0.91,1.5,0.146018
0.91,1.51,0.154405
0.91,1.52,0.159115
0.91,1.53,0.141264
0.91,1.54,0.148148
0.91,1.55,0.143082
0.91,1.56,0.155187
0.91,1.57,0.149161
0.91,1.58,0.151979
0.91,1.59,0.156035
0.91,1.6,0.144431
0.91,1.61,0.153293
0.91,1.62,0.138265
0.91,1.63,0.150577
0.91,1.64,0.15176
0.91,1.65,0.149187
0.91,1.66,0.154426
0.91,1.67,0.162312
0.91,1.68,0.138752
0.91,1.69,0.15671
0.91,1.7,0.157225
0.91,1.71,0.14052
0.91,1.72,0.146587
0.91,1.73,0.162803
0.91,1.74,0.146978
0.91,1.75,0.14576
0.91,1.76,0.146167
0.91,1.77,0.149902
0.91,1.78,0.144616
0.91,1.79,0.155351
0.91,1.8,0.1569
0.91,1.81,0.1493
0.91,1.82,0.155337
0.91,1.83,0.151992
0.91,1.84,0.156391
0.91,1.85,0.15493
0.91,1.86,0.144372
0.91,1.87,0.165649
0.91,1.88,0.153402
0.91,1.89,0.13311
0.91,1.9,0.149602
0.91,1.91,0.139931
0.91,1.92,0.140997
0.91,1.93,0.140548
0.91,1.94,0.159461
0.91,1.95,0.150308
0.91,1.96,0.136887
0.91,1.97,0.142723
0.91,1.98,0.142285
0.91,1.99,0.151525
0.91,2,0.149227
0.91,2.01,0.156291
0.91,2.02,0.141754
0.91,2.03,0.156721
0.91,2.04,0.166741
0.91,2.05,0.154688
0.91,2.06,0.166775
0.91,2.07,0.145485
0.91,2.08,0.162732
0.91,2.09,0.151864
0.91,2.1,0.13691
0.91,2.11,0.146065
0.91,2.12,0.152814
0.91,2.13,0.153843
0.91,2.14,0.141885
0.91,2.15,0.130003
0.91,2.16,0.158132
0.91,2.17,0.143354
0.91,2.18,0.142404
0.91,2.19,0.151458
0.91,2.2,0.142519
0.91,2.21,0.149531
0.91,2.22,0.150058
0.91,2.23,0.153756
0.91,2.24,0.15835
0.91,2.25,0.146239
0.91,2.26,0.157017
0.91,2.27,0.155077
0.91,2.28,0.14305
0.91,2.29,0.148271
0.91,2.3,0.148624
0.91,2.31,0.15629
0.91,2.32,0.158086
0.91,2.33,0.1529
0.91,2.34,0.145711
0.91,2.35,0.142774
0.91,2.36,0.144076
0.91,2.37,0.153703
0.91,2.38,0.159263
0.91,2.39,0.161758
0.91,2.4,0.154965
0.91,2.41,0.163049
0.91,2.42,0.139371
0.91,2.43,0.150919
0.91,2.44,0.155129
0.91,2.45,0.150561
0.91,2.46,0.151295
0.91,2.47,0.136243
0.91,2.48,0.151774
0.91,2.49,0.148749
0.91,2.5,0.14574
0.91,2.51,0.146969
0.91,2.52,0.156172
0.91,2.53,0.154118
0.91,2.54,0.14545
0.91,2.55,0.152702
0.91,2.56,0.138355
0.91,2.57,0.144214
0.91,2.58,0.139262
0.91,2.59,0.144458
0.91,2.6,0.136109
0.91,2.61,0.149115
0.91,2.62,0.148182
0.91,2.63,0.147079
0.91,2.64,0.144308
0.91,2.65,0.133631
0.91,2.66,0.14313
0.91,2.67,0.152724
0.91,2.68,0.158592
0.91,2.69,0.147942
0.91,2.7,0.154414
0.91,2.71,0.158067
0.91,2.72,0.140769
0.91,2.73,0.164735
0.91,2.74,0.158161
0.91,2.75,0.14377
0.91,2.76,0.137777
0.91,2.77,0.142215
0.91,2.78,0.147289
0.91,2.79,0.147042
0.91,2.8,0.141957
0.91,2.81,0.156439
0.91,2.82,0.151562
0.91,2.83,0.143658
0.91,2.84,0.143288
0.91,2.85,0.135245
0.91,2.86,0.153945
0.91,2.87,0.157993
0.91,2.88,0.159033
0.91,2.89,0.153085
0.91,2.9,0.153518
0.91,2.91,0.146593
0.91,2.92,0.149469
0.91,2.93,0.137246
0.91,2.94,0.154304
0.91,2.95,0.147899
0.91,2.96,0.153265
0.91,2.97,0.14134
0.91,2.98,0.148581
0.91,2.99,0.16189
0.91,3,0.140352
0.91,3.01,0.147878
0.91,3.02,0.129318
0.91,3.03,0.155756
0.91,3.04,0.161728
0.91,3.05,0.163993
0.91,3.06,0.1391
0.91,3.07,0.137624
0.91,3.08,0.149318
0.91,3.09,0.14961
0.91,3.1,0.145075
0.91,3.11,0.158725
0.91,3.12,0.146435
0.91,3.13,0.141592
0.91,3.14,0.152119
0.91,3.15,0.143887
0.91,3.16,0.147281
0.91,3.17,0.135869
0.91,3.18,0.153438
0.91,3.19,0.158022
0.91,3.2,0.148056
0.91,3.21,0.145067
0.91,3.22,0.146195
0.91,3.23,0.143662
0.91,3.24,0.14832
0.91,3.25,0.151921
0.91,3.26,0.149692
0.91,3.27,0.140254
0.91,3.28,0.153739
0.91,3.29,0.154731
0.91,3.3,0.157673
0.91,3.31,0.152796
0.91,3.32,0.143801
0.91,3.33,0.161385
0.91,3.34,0.141015
0.91,3.35,0.156615
0.91,3.36,0.14801
0.91,3.37,0.131811
0.91,3.38,0.143629
0.91,3.39,0.158187
0.91,3.4,0.156753
0.91,3.41,0.14973
0.91,3.42,0.153449
0.91,3.43,0.142719
0.91,3.44,0.148679
0.91,3.45,0.142971
0.91,3.46,0.151706
0.91,3.47,0.149963
0.91,3.48,0.144715
0.91,3.49,0.138171
0.91,3.5,0.141946
0.91,3.51,0.159716
0.91,3.52,0.157864
0.91,3.53,0.168146
0.91,3.54,0.14064
0.91,3.55,0.146352
0.91,3.56,0.143475
0.91,3.57,0.165061
0.91,3.58,0.153794
0.91,3.59,0.153461
0.91,3.6,0.146298
0.91,3.61,0.147048
0.91,3.62,0.138558
0.91,3.63,0.151698
0.91,3.64,0.15147
0.91,3.65,0.154428
0.91,3.66,0.144034
0.91,3.67,0.149217
0.91,3.68,0.154619
0.91,3.69,0.148756
0.91,3.7,0.149648
0.91,3.71,0.143066
0.91,3.72,0.145671
0.91,3.73,0.153302
0.91,3.74,0.142438
0.91,3.75,0.145214
0.91,3.76,0.146351
0.91,3.77,0.150812
0.91,3.78,0.150611
0.91,3.79,0.146084
0.91,3.8,0.159572
0.91,3.81,0.141161
0.91,3.82,0.14217
0.91,3.83,0.144652
0.91,3.84,0.150359
0.91,3.85,0.160069
0.91,3.86,0.155336
0.91,3.87,0.153593
0.91,3.88,0.151034
0.91,3.89,0.14414
0.91,3.9,0.160963
0.91,3.91,0.148548
0.91,3.92,0.159813
0.91,3.93,0.162947
0.91,3.94,0.158683
0.91,3.95,0.154244
0.91,3.96,0.158779
0.91,3.97,0.151996
0.91,3.98,0.148419
0.91,3.99,0.147023
0.91,4,0.144824
0.91,4.01,0.153228
0.91,4.02,0.157121
0.91,4.03,0.160663
0.91,4.04,0.146574
0.91,4.05,0.152596
0.91,4.06,0.161124
0.91,4.07,0.15022
0.91,4.08,0.143458
0.91,4.09,0.156522
0.91,4.1,0.148133
0.91,4.11,0.155182
0.91,4.12,0.150008
0.91,4.13,0.142348
0.91,4.14,0.165189
0.91,4.15,0.154112
0.91,4.16,0.157015
0.91,4.17,0.149158
0.91,4.18,0.137566
0.91,4.19,0.136672
0.91,4.2,0.146946
0.91,4.21,0.158434
0.91,4.22,0.136764
0.91,4.23,0.142361
0.91,4.24,0.159579
0.91,4.25,0.144022
0.91,4.26,0.140409
0.91,4.27,0.154511
0.91,4.28,0.146992
0.91,4.29,0.155748
0.91,4.3,0.162987
0.91,4.31,0.153296
0.91,4.32,0.153447
0.91,4.33,0.148984
0.91,4.34,0.168147
0.91,4.35,0.148215
0.91,4.36,0.159154
0.91,4.37,0.148648
0.91,4.38,0.152164
0.91,4.39,0.162866
0.91,4.4,0.161208
0.91,4.41,0.159133
0.91,4.42,0.147147
0.91,4.43,0.150113
0.91,4.44,0.157629
0.91,4.45,0.144652
0.91,4.46,0.145561
0.91,4.47,0.158817
0.91,4.48,0.152332
0.91,4.49,0.13624
0.91,4.5,0.146962
0.91,4.51,0.15831
0.91,4.52,0.158614
0.91,4.53,0.149595
0.91,4.54,0.159211
0.91,4.55,0.149661
0.91,4.56,0.146968
0.91,4.57,0.150759
0.91,4.58,0.158546
0.91,4.59,0.159589
0.91,4.6,0.152188
0.91,4.61,0.140831
0.91,4.62,0.15262
0.91,4.63,0.152649
0.91,4.64,0.145788
0.91,4.65,0.145807
0.91,4.66,0.157964
0.91,4.67,0.137157
0.91,4.68,0.156559
0.91,4.69,0.154356
0.91,4.7,0.142455
0.91,4.71,0.159849
0.91,4.72,0.141871
0.91,4.73,0.148229
0.91,4.74,0.154301
0.91,4.75,0.149055
0.91,4.76,0.145367
0.91,4.77,0.155241
0.91,4.78,0.159649
0.91,4.79,0.134922
0.91,4.8,0.144816
0.91,4.81,0.162449
0.91,4.82,0.15046
0.91,4.83,0.143796
0.91,4.84,0.147204
0.91,4.85,0.146798
0.91,4.86,0.144035
0.91,4.87,0.162396
0.91,4.88,0.15999
0.91,4.89,0.151205
0.91,4.9,0.148588
0.91,4.91,0.151865
0.91,4.92,0.130667
0.91,4.93,0.151066
0.91,4.94,0.145191
0.91,4.95,0.159187
0.91,4.96,0.146681
0.91,4.97,0.148523
0.91,4.98,0.146731
0.91,4.99,0.165789
0.91,5,0.147767
0.91,5.01,0.142275
0.91,5.02,0.149809
0.91,5.03,0.145379
0.91,5.04,0.146305
0.91,5.05,0.14435
0.91,5.06,0.148911
0.91,5.07,0.151778
0.91,5.08,0.13292
0.91,5.09,0.15631
0.91,5.1,0.140429
0.91,5.11,0.138476
0.91,5.12,0.148632
0.91,5.13,0.149094
0.91,5.14,0.163035
0.91,5.15,0.155586
0.91,5.16,0.129083
0.91,5.17,0.158374
0.91,5.18,0.152032
0.91,5.19,0.148954
0.91,5.2,0.147699
0.91,5.21,0.140061
0.91,5.22,0.160218
0.91,5.23,0.155326
0.91,5.24,0.163318
0.91,5.25,0.14721
0.91,5.26,0.153851
0.91,5.27,0.147339
0.91,5.28,0.155327
0.91,5.29,0.140556
0.91,5.3,0.143052
0.91,5.31,0.1559
0.91,5.32,0.142182
0.91,5.33,0.150223
0.91,5.34,0.148918
0.91,5.35,0.150285
0.91,5.36,0.145878
0.91,5.37,0.131294
0.91,5.38,0.150065
0.91,5.39,0.152941
0.91,5.4,0.152088
0.91,5.41,0.145436
0.91,5.42,0.154831
0.91,5.43,0.153841
0.91,5.44,0.144439
0.91,5.45,0.154659
0.91,5.46,0.156565
0.91,5.47,0.152153
0.91,5.48,0.159651
0.91,5.49,0.151267
0.91,5.5,0.152963
0.91,5.51,0.151946
0.91,5.52,0.142584
0.91,5.53,0.157518
0.91,5.54,0.154578
0.91,5.55,0.145336
0.91,5.56,0.157582
0.91,5.57,0.148446
0.91,5.58,0.163532
0.91,5.59,0.147091
0.91,5.6,0.147116
0.91,5.61,0.145886
0.91,5.62,0.144515
0.91,5.63,0.159973
0.91,5.64,0.150155
0.91,5.65,0.151179
0.91,5.66,0.14826
0.91,5.67,0.151925
0.91,5.68,0.155641
0.91,5.69,0.151578
0.91,5.7,0.149175
0.91,5.71,0.142332
0.91,5.72,0.138744
0.91,5.73,0.151544
0.91,5.74,0.149167
0.91,5.75,0.149304
0.91,5.76,0.15944
0.91,5.77,0.154473
0.91,5.78,0.160121
0.91,5.79,0.141953
0.91,5.8,0.15426
0.91,5.81,0.140911
0.91,5.82,0.151905
0.91,5.83,0.157107
0.91,5.84,0.141017
0.91,5.85,0.155664
0.91,5.86,0.158827
0.91,5.87,0.153949
0.91,5.88,0.152083
0.91,5.89,0.138456
0.91,5.9,0.155304
0.91,5.91,0.147414
0.91,5.92,0.139755
0.91,5.93,0.145114
0.91,5.94,0.155694
0.91,5.95,0.147946
0.91,5.96,0.145615
0.91,5.97,0.156485
0.91,5.98,0.146641
0.91,5.99,0.153267
0.91,6,0.148233
0.91,6.01,0.133482
0.91,6.02,0.150027
0.91,6.03,0.142575
0.91,6.04,0.147633
0.91,6.05,0.148946
0.91,6.06,0.14226
0.91,6.07,0.148773
0.91,6.08,0.137379
0.91,6.09,0.148496
0.91,6.1,0.140277
0.91,6.11,0.15097
0.91,6.12,0.14752
0.91,6.13,0.159457
0.91,6.14,0.152854
0.91,6.15,0.143643
0.91,6.16,0.146676
0.91,6.17,0.152364
0.91,6.18,0.141892
0.91,6.19,0.140188
0.91,6.2,0.15698
0.91,6.21,0.15631
0.91,6.22,0.161094
0.91,6.23,0.142175
0.91,6.24,0.14196
0.91,6.25,0.156237
0.91,6.26,0.137382
0.91,6.27,0.142279
0.91,6.28,0.150377
0.92,0,0.157262
0.92,0.01,0.149354
0.92,0.02,0.155981
0.92,0.03,0.148797
0.92,0.04,0.149844
0.92,0.05,0.150929
0.92,0.06,0.147594
0.92,0.07,0.16088
0.92,0.08,0.149526
0.92,0.09,0.155091
0.92,0.1,0.149226
0.92,0.11,0.139919
0.92,0.12,0.159648
0.92,0.13,0.138094
0.92,0.14,0.142259
0.92,0.15,0.154986
0.92,0.16,0.148833
0.92,0.17,0.152983
0.92,0.18,0.167113
0.92,0.19,0.139446
0.92,0.2,0.157646
0.92,0.21,0.153884
0.92,0.22,0.138403
0.92,0.23,0.142438
0.92,0.24,0.146177
0.92,0.25,0.148136
0.92,0.26,0.145423
0.92,0.27,0.146077
0.92,0.28,0.153607
0.92,0.29,0.14737
0.92,0.3,0.152359
0.92,0.31,0.14228
0.92,0.32,0.138566
0.92,0.33,0.151567
0.92,0.34,0.129151
0.92,0.35,0.145278
0.92,0.36,0.140182
0.92,0.37,0.158803
0.92,0.38,0.144407
0.92,0.39,0.139509
0.92,0.4,0.153925
0.92,0.41,0.156277
0.92,0.42,0.162521
0.92,0.43,0.164054
0.92,0.44,0.142385
0.92,0.45,0.144014
0.92,0.46,0.139518
0.92,0.47,0.147197
0.92,0.48,0.148167
0.92,0.49,0.154978
0.92,0.5,0.143047
0.92,0.51,0.160177
0.92,0.52,0.143637
0.92,0.53,0.141201
0.92,0.54,0.149447
0.92,0.55,0.155122
0.92,0.56,0.164549
0.92,0.57,0.140146
0.92,0.58,0.161644
0.92,0.59,0.149641
0.92,0.6,0.166509
0.92,0.61,0.152625
0.92,0.62,0.154871
0.92,0.63,0.151299
0.92,0.64,0.143814
0.92,0.65,0.153488
0.92,0.66,0.159617
0.92,0.67,0.148492
0.92,0.68,0.147262
0.92,0.69,0.158966
0.92,0.7,0.148258
0.92,0.71,0.149783
0.92,0.72,0.140103
0.92,0.73,0.14029
0.92,0.74,0.141647
0.92,0.75,0.142441
0.92,0.76,0.15191
0.92,0.77,0.153068
0.92,0.78,0.151318
0.92,0.79,0.151563
0.92,0.8,0.147269
0.92,0.81,0.16196
0.92,0.82,0.155882
0.92,0.83,0.149368
0.92,0.84,0.145984
0.92,0.85,0.133727
0.92,0.86,0.15841
0.92,0.87,0.147884
0.92,0.88,0.142743
0.92,0.89,0.140808
0.92,0.9,0.148233
0.92,0.91,0.142869
0.92,0.92,0.142629
0.92,0.93,0.154668
0.92,0.94,0.137825
0.92,0.95,0.156353
0.92,0.96,0.148572
0.92,0.97,0.155125
0.92,0.98,0.146315
0.92,0.99,0.145233
0.92,1,0.144291
0.92,1.01,0.151057
0.92,1.02,0.142793
0.92,1.03,0.13945
0.92,1.04,0.150901
0.92,1.05,0.14973
0.92,1.06,0.15043
0.92,1.07,0.139064
0.92,1.08,0.144642
0.92,1.09,0.145082
0.92,1.1,0.148641
0.92,1.11,0.157225
0.92,1.12,0.149084
0.92,1.13,0.144742
0.92,1.14,0.155109
0.92,1.15,0.154715
0.92,1.16,0.141511
0.92,1.17,0.157032
0.92,1.18,0.14359
0.92,1.19,0.14626
0.92,1.2,0.155694
0.92,1.21,0.148331
0.92,1.22,0.151341
0.92,1.23,0.142548
0.92,1.24,0.139941
0.92,1.25,0.146085
0.92,1.26,0.146681
0.92,1.27,0.140556
0.92,1.28,0.160826
0.92,1.29,0.151823
0.92,1.3,0.14381
0.92,1.31,0.16133
0.92,1.32,0.141732
0.92,1.33,0.14096
0.92,1.34,0.150245
0.92,1.35,0.14457
0.92,1.36,0.154622
0.92,1.37,0.153879
0.92,1.38,0.157663
0.92,1.39,0.145555
0.92,1.4,0.150979
0.92,1.41,0.15027
0.92,1.42,0.147086
0.92,1.43,0.142684
0.92,1.44,0.158085
0.92,1.45,0.145488
0.92,1.46,0.146038
0.92,1.47,0.143651
0.92,1.48,0.142025
0.92,1.49,0.133404
0.92,1.5,0.155198
0.92,1.51,0.153916
0.92,1.52,0.140073
0.92,1.53,0.155175
0.92,1.54,0.145535
0.92,1.55,0.149573
0.92,1.56,0.146331
0.92,1.57,0.145642
0.92,1.58,0.147246
0.92,1.59,0.152812
0.92,1.6,0.148546
0.92,1.61,0.149244
0.92,1.62,0.137518
0.92,1.63,0.156698
0.92,1.64,0.152337
0.92,1.65,0.153538
0.92,1.66,0.153373
0.92,1.67,0.148386
0.92,1.68,0.146555
0.92,1.69,0.148919
0.92,1.7,0.140962
0.92,1.71,0.144144
0.92,1.72,0.149127
0.92,1.73,0.132335
0.92,1.74,0.148262
0.92,1.75,0.143112
0.92,1.76,0.156724
0.92,1.77,0.15258
0.92,1.78,0.153101
0.92,1.79,0.145221
0.92,1.8,0.145172
0.92,1.81,0.142491
0.92,1.82,0.147286
0.92,1.83,0.143522
0.92,1.84,0.15116
0.92,1.85,0.15197
0.92,1.86,0.13944
0.92,1.87,0.155117
0.92,1.88,0.14947
0.92,1.89,0.145082
0.92,1.9,0.147522
0.92,1.91,0.145552
0.92,1.92,0.157967
0.92,1.93,0.144317
0.92,1.94,0.16204
0.92,1.95,0.160953
0.92,1.96,0.152981
0.92,1.97,0.148222
0.92,1.98,0.138925
0.92,1.99,0.144694
0.92,2,0.1531
0.92,2.01,0.141562
0.92,2.02,0.155269
0.92,2.03,0.151275
0.92,2.04,0.134957
0.92,2.05,0.152032
0.92,2.06,0.147274
0.92,2.07,0.143735
0.92,2.08,0.158457
0.92,2.09,0.1432
0.92,2.1,0.149551
0.92,2.11,0.14178
0.92,2.12,0.14632
0.92,2.13,0.158393
0.92,2.14,0.147336
0.92,2.15,0.151867
0.92,2.16,0.156916
0.92,2.17,0.146436
0.92,2.18,0.152393
0.92,2.19,0.145388
0.92,2.2,0.157843
0.92,2.21,0.137515
0.92,2.22,0.172007
0.92,2.23,0.153651
0.92,2.24,0.147881
0.92,2.25,0.15589
0.92,2.26,0.154503
0.92,2.27,0.137953
0.92,2.28,0.146868
0.92,2.29,0.164308
0.92,2.3,0.158736
0.92,2.31,0.148376
0.92,2.32,0.14741
0.92,2.33,0.135741
0.92,2.34,0.153883
0.92,2.35,0.157039
0.92,2.36,0.146526
0.92,2.37,0.145176
0.92,2.38,0.144347
0.92,2.39,0.158855
0.92,2.4,0.152428
0.92,2.41,0.152931
0.92,2.42,0.158959
0.92,2.43,0.157311
0.92,2.44,0.138975
0.92,2.45,0.164028
0.92,2.46,0.129562
0.92,2.47,0.156455
0.92,2.48,0.145463
0.92,2.49,0.157742
0.92,2.5,0.159607
0.92,2.51,0.141915
0.92,2.52,0.135072
0.92,2.53,0.147611
0.92,2.54,0.147761
0.92,2.55,0.13778
0.92,2.56,0.146057
0.92,2.57,0.136843
0.92,2.58,0.150473
0.92,2.59,0.145537
0.92,2.6,0.149364
0.92,2.61,0.153729
0.92,2.62,0.147805
0.92,2.63,0.148701
0.92,2.64,0.155145
0.92,2.65,0.130004
0.92,2.66,0.141886
0.92,2.67,0.145444
0.92,2.68,0.148878
0.92,2.69,0.141959
0.92,2.7,0.153886
0.92,2.71,0.144361
0.92,2.72,0.157947
0.92,2.73,0.140845
0.92,2.74,0.1641
0.92,2.75,0.155191
0.92,2.76,0.14582
0.92,2.77,0.139402
0.92,2.78,0.143758
0.92,2.79,0.14944
0.92,2.8,0.158011
0.92,2.81,0.161269
0.92,2.82,0.150029
0.92,2.83,0.150073
0.92,2.84,0.141044
0.92,2.85,0.15304
0.92,2.86,0.159656
0.92,2.87,0.141578
0.92,2.88,0.141738
0.92,2.89,0.134736
0.92,2.9,0.143527
0.92,2.91,0.141461
0.92,2.92,0.141074
0.92,2.93,0.144295
0.92,2.94,0.150749
0.92,2.95,0.136051
0.92,2.96,0.152217
0.92,2.97,0.153209
0.92,2.98,0.154451
0.92,2.99,0.145418
0.92,3,0.15328
0.92,3.01,0.142296
0.92,3.02,0.151511
0.92,3.03,0.150803
0.92,3.04,0.155646
0.92,3.05,0.149124
0.92,3.06,0.157098
0.92,3.07,0.139605
0.92,3.08,0.171788
0.92,3.09,0.145491
0.92,3.1,0.150567
0.92,3.11,0.144921
0.92,3.12,0.153528
0.92,3.13,0.141454
0.92,3.14,0.140571
0.92,3.15,0.140637
0.92,3.16,0.131173
0.92,3.17,0.16078
0.92,3.18,0.138764
0.92,3.19,0.144479
0.92,3.2,0.148341
0.92,3.21,0.149509
0.92,3.22,0.156084
0.92,3.23,0.155411
0.92,3.24,0.155647
0.92,3.25,0.155904
0.92,3.26,0.153536
0.92,3.27,0.141861
0.92,3.28,0.147922
0.92,3.29,0.148888
0.92,3.3,0.136808
0.92,3.31,0.141968
0.92,3.32,0.137889
0.92,3.33,0.150107
0.92,3.34,0.154154
0.92,3.35,0.151849
0.92,3.36,0.136023
0.92,3.37,0.144537
0.92,3.38,0.144965
0.92,3.39,0.149394
0.92,3.4,0.157415
0.92,3.41,0.145176
0.92,3.42,0.161819
0.92,3.43,0.13739
0.92,3.44,0.14592
0.92,3.45,0.136202
0.92,3.46,0.153493
0.92,3.47,0.145933
0.92,3.48,0.149288
0.92,3.49,0.146141
0.92,3.5,0.161465
0.92,3.51,0.149303
0.92,3.52,0.16854
0.92,3.53,0.143477
0.92,3.54,0.149376
0.92,3.55,0.148788
0.92,3.56,0.150567
0.92,3.57,0.146386
0.92,3.58,0.145849
0.92,3.59,0.157201
0.92,3.6,0.156345
0.92,3.61,0.152025
0.92,3.62,0.13879
0.92,3.63,0.14515
0.92,3.64,0.140874
0.92,3.65,0.150008
0.92,3.66,0.142688
0.92,3.67,0.149604
0.92,3.68,0.150612
0.92,3.69,0.156217
0.92,3.7,0.156
0.92,3.71,0.145381
0.92,3.72,0.171232
0.92,3.73,0.138411
0.92,3.74,0.156857
0.92,3.75,0.149078
0.92,3.76,0.152321
0.92,3.77,0.152276
0.92,3.78,0.15545
0.92,3.79,0.152183
0.92,3.8,0.139728
0.92,3.81,0.146967
0.92,3.82,0.166096
0.92,3.83,0.156968
0.92,3.84,0.146106
0.92,3.85,0.144878
0.92,3.86,0.141625
0.92,3.87,0.145557
0.92,3.88,0.159044
0.92,3.89,0.144818
0.92,3.9,0.141624
0.92,3.91,0.144861
0.92,3.92,0.141313
0.92,3.93,0.156333
0.92,3.94,0.156231
0.92,3.95,0.164797
0.92,3.96,0.153064
0.92,3.97,0.138525
0.92,3.98,0.149428
0.92,3.99,0.143704
0.92,4,0.153803
0.92,4.01,0.161128
0.92,4.02,0.146245
0.92,4.03,0.158356
0.92,4.04,0.13857
0.92,4.05,0.136054
0.92,4.06,0.151304
0.92,4.07,0.14633
0.92,4.08,0.135968
0.92,4.09,0.143956
0.92,4.1,0.150843
0.92,4.11,0.146685
0.92,4.12,0.140634
0.92,4.13,0.155147
0.92,4.14,0.150407
0.92,4.15,0.14512
0.92,4.16,0.153448
0.92,4.17,0.147175
0.92,4.18,0.157237
0.92,4.19,0.154268
0.92,4.2,0.132523
0.92,4.21,0.154554
0.92,4.22,0.133977
0.92,4.23,0.147311
0.92,4.24,0.15684
0.92,4.25,0.144352
0.92,4.26,0.148604
0.92,4.27,0.148676
0.92,4.28,0.159209
0.92,4.29,0.160564
0.92,4.3,0.143897
0.92,4.31,0.149893
0.92,4.32,0.16554
0.92,4.33,0.148334
0.92,4.34,0.157669
0.92,4.35,0.147302
0.92,4.36,0.150887
0.92,4.37,0.150247
0.92,4.38,0.139383
0.92,4.39,0.145602
0.92,4.4,0.143742
0.92,4.41,0.138522
0.92,4.42,0.153035
0.92,4.43,0.144674
0.92,4.44,0.145335
0.92,4.45,0.142904
0.92,4.46,0.147111
0.92,4.47,0.142037
0.92,4.48,0.151222
0.92,4.49,0.157776
0.92,4.5,0.152378
0.92,4.51,0.149038
0.92,4.52,0.149343
0.92,4.53,0.141399
0.92,4.54,0.159439
0.92,4.55,0.152734
0.92,4.56,0.160397
0.92,4.57,0.147009
0.92,4.58,0.128764
0.92,4.59,0.145713
0.92,4.6,0.161985
0.92,4.61,0.158887
0.92,4.62,0.136687
0.92,4.63,0.147305
0.92,4.64,0.14358
0.92,4.65,0.140946
0.92,4.66,0.146068
0.92,4.67,0.140485
0.92,4.68,0.149653
0.92,4.69,0.144445
0.92,4.7,0.151465
0.92,4.71,0.159294
0.92,4.72,0.139178
0.92,4.73,0.150452
0.92,4.74,0.1582
0.92,4.75,0.154323
0.92,4.76,0.148933
0.92,4.77,0.147342
0.92,4.78,0.145402
0.92,4.79,0.168157
0.92,4.8,0.146506
0.92,4.81,0.146393
0.92,4.82,0.139792
0.92,4.83,0.145597
0.92,4.84,0.15702
0.92,4.85,0.154655
0.92,4.86,0.158128
0.92,4.87,0.15357
0.92,4.88,0.146575
0.92,4.89,0.140251
0.92,4.9,0.148636
0.92,4.91,0.14883
0.92,4.92,0.14652
0.92,4.93,0.154156
0.92,4.94,0.154704
0.92,4.95,0.148074
0.92,4.96,0.146693
0.92,4.97,0.151857
0.92,4.98,0.152029
0.92,4.99,0.146049
0.92,5,0.152731
0.92,5.01,0.151672
0.92,5.02,0.148382
0.92,5.03,0.151121
0.92,5.04,0.168014
0.92,5.05,0.140301
0.92,5.06,0.147853
0.92,5.07,0.164653
0.92,5.08,0.173771
0.92,5.09,0.156104
0.92,5.1,0.155709
0.92,5.11,0.141014
0.92,5.12,0.165924
0.92,5.13,0.146524
0.92,5.14,0.149333
0.92,5.15,0.154328
0.92,5.16,0.148577
0.92,5.17,0.147791
0.92,5.18,0.141416
0.92,5.19,0.149959
0.92,5.2,0.147736
0.92,5.21,0.145693
0.92,5.22,0.147552
0.92,5.23,0.146348
0.92,5.24,0.149008
0.92,5.25,0.145961
0.92,5.26,0.145343
0.92,5.27,0.159453
0.92,5.28,0.152064
0.92,5.29,0.148686
0.92,5.3,0.146281
0.92,5.31,0.158326
0.92,5.32,0.152328
0.92,5.33,0.142261
0.92,5.34,0.150499
0.92,5.35,0.13581
0.92,5.36,0.160035
0.92,5.37,0.153997
0.92,5.38,0.148935
0.92,5.39,0.149482
0.92,5.4,0.152486
0.92,5.41,0.132201
0.92,5.42,0.142131
0.92,5.43,0.151578
0.92,5.44,0.152084
0.92,5.45,0.156691
0.92,5.46,0.143797
0.92,5.47,0.143764
0.92,5.48,0.160618
0.92,5.49,0.155724
0.92,5.5,0.148693
0.92,5.51,0.163399
0.92,5.52,0.16542
0.92,5.53,0.157555
0.92,5.54,0.13923
0.92,5.55,0.148494
0.92,5.56,0.154569
0.92,5.57,0.141892
0.92,5.58,0.149397
0.92,5.59,0.153049
0.92,5.6,0.152534
0.92,5.61,0.151102
0.92,5.62,0.151408
0.92,5.63,0.139688
0.92,5.64,0.146358
0.92,5.65,0.137495
0.92,5.66,0.142099
0.92,5.67,0.156086
0.92,5.68,0.153546
0.92,5.69,0.139992
0.92,5.7,0.14767
0.92,5.71,0.135148
0.92,5.72,0.150446
0.92,5.73,0.149963
0.92,5.74,0.148735
0.92,5.75,0.137239
0.92,5.76,0.158323
0.92,5.77,0.147745
0.92,5.78,0.139947
0.92,5.79,0.156362
0.92,5.8,0.151971
0.92,5.81,0.148163
0.92,5.82,0.13627
0.92,5.83,0.146057
0.92,5.84,0.148825
0.92,5.85,0.137367
0.92,5.86,0.149922
0.92,5.87,0.155752
0.92,5.88,0.14737
0.92,5.89,0.150801
0.92,5.9,0.148073
0.92,5.91,0.142933
0.92,5.92,0.139584
0.92,5.93,0.154959
0.92,5.94,0.139038
0.92,5.95,0.146819
0.92,5.96,0.150481
0.92,5.97,0.158791
0.92,5.98,0.155408
0.92,5.99,0.145349
0.92,6,0.145208
0.92,6.01,0.144999
0.92,6.02,0.139379
0.92,6.03,0.155712
0.92,6.04,0.141144
0.92,6.05,0.150032
0.92,6.06,0.136985
0.92,6.07,0.149323
0.92,6.08,0.148756
0.92,6.09,0.140935
0.92,6.1,0.148374
0.92,6.11,0.1532
0.92,6.12,0.152312
0.92,6.13,0.144544
0.92,6.14,0.151406
0.92,6.15,0.143697
0.92,6.16,0.138123
0.92,6.17,0.148484
0.92,6.18,0.153454
0.92,6.19,0.158697
0.92,6.2,0.153829
0.92,6.21,0.150183
0.92,6.22,0.149024
0.92,6.23,0.141509
0.92,6.24,0.140806
0.92,6.25,0.158199
0.92,6.26,0.147122
0.92,6.27,0.157146
0.92,6.28,0.155228
0.93,0,0.145258
0.93,0.01,0.157502
0.93,0.02,0.14721
0.93,0.03,0.134213
0.93,0.04,0.15207
0.93,0.05,0.152096
0.93,0.06,0.140843
0.93,0.07,0.150421
0.93,0.08,0.157123
0.93,0.09,0.145428
0.93,0.1,0.156846
0.93,0.11,0.157106
0.93,0.12,0.136459
0.93,0.13,0.165253
0.93,0.14,0.143791
0.93,0.15,0.145395
0.93,0.16,0.152548
0.93,0.17,0.151918
0.93,0.18,0.14968
0.93,0.19,0.153684
0.93,0.2,0.145362
0.93,0.21,0.152202
0.93,0.22,0.145034
0.93,0.23,0.152518
0.93,0.24,0.155011
0.93,0.25,0.148524
0.93,0.26,0.159466
0.93,0.27,0.148694
0.93,0.28,0.143381
0.93,0.29,0.145931
0.93,0.3,0.139323
0.93,0.31,0.145667
0.93,0.32,0.144699
0.93,0.33,0.150982
0.93,0.34,0.162854
0.93,0.35,0.140425
0.93,0.36,0.147545
0.93,0.37,0.141709
0.93,0.38,0.145567
0.93,0.39,0.151739
0.93,0.4,0.141958
0.93,0.41,0.148454
0.93,0.42,0.145481
0.93,0.43,0.142812
0.93,0.44,0.14315
0.93,0.45,0.145873
0.93,0.46,0.136293
0.93,0.47,0.15543
0.93,0.48,0.150531
0.93,0.49,0.150793
0.93,0.5,0.150931
0.93,0.51,0.159291
0.93,0.52,0.142221
0.93,0.53,0.147566
0.93,0.54,0.157844
0.93,0.55,0.168346
0.93,0.56,0.146408
0.93,0.57,0.139384
0.93,0.58,0.143368
0.93,0.59,0.165384
0.93,0.6,0.141571
0.93,0.61,0.134762
0.93,0.62,0.145849
0.93,0.63,0.148484
0.93,0.64,0.15536
0.93,0.65,0.154578
0.93,0.66,0.143265
0.93,0.67,0.154872
0.93,0.68,0.148067
0.93,0.69,0.145276
0.93,0.7,0.138424
0.93,0.71,0.149311
0.93,0.72,0.143551
0.93,0.73,0.144238
0.93,0.74,0.154313
0.93,0.75,0.142744
0.93,0.76,0.135887
0.93,0.77,0.135999
0.93,0.78,0.143802
0.93,0.79,0.13863
0.93,0.8,0.141695
0.93,0.81,0.143412
0.93,0.82,0.133793
0.93,0.83,0.135214
0.93,0.84,0.151529
0.93,0.85,0.148357
0.93,0.86,0.136365
0.93,0.87,0.144784
0.93,0.88,0.150227
0.93,0.89,0.139429
0.93,0.9,0.149043
0.93,0.91,0.156057
0.93,0.92,0.138855
0.93,0.93,0.149847
0.93,0.94,0.143206
0.93,0.95,0.138682
0.93,0.96,0.157282
0.93,0.97,0.138498
0.93,0.98,0.148379
0.93,0.99,0.138949
0.93,1,0.149379
0.93,1.01,0.153311
0.93,1.02,0.144306
0.93,1.03,0.142514
0.93,1.04,0.148566
0.93,1.05,0.156622
0.93,1.06,0.13906
0.93,1.07,0.153103
0.93,1.08,0.153748
0.93,1.09,0.166588
0.93,1.1,0.147375
0.93,1.11,0.137909
0.93,1.12,0.137822
0.93,1.13,0.137663
0.93,1.14,0.152922
0.93,1.15,0.140863
0.93,1.16,0.140228
0.93,1.17,0.136677
0.93,1.18,0.151077
0.93,1.19,0.14126
0.93,1.2,0.146204
0.93,1.21,0.156835
0.93,1.22,0.152245
0.93,1.23,0.149188
0.93,1.24,0.138478
0.93,1.25,0.146824
0.93,1.26,0.154348
0.93,1.27,0.147981
0.93,1.28,0.135335
0.93,1.29,0.151673
0.93,1.3,0.138568
0.93,1.31,0.139171
0.93,1.32,0.154315
0.93,1.33,0.14916
0.93,1.34,0.142194
0.93,1.35,0.134725
0.93,1.36,0.159101
0.93,1.37,0.152806
0.93,1.38,0.141168
0.93,1.39,0.156628
0.93,1.4,0.145944
0.93,1.41,0.144412
0.93,1.42,0.133749
0.93,1.43,0.15309
0.93,1.44,0.150933
0.93,1.45,0.139762
0.93,1.46,0.138588
0.93,1.47,0.138906
0.93,1.48,0.139981
0.93,1.49,0.151685
0.93,1.5,0.145666
0.93,1.51,0.149311
0.93,1.52,0.150214
0.93,1.53,0.147863
0.93,1.54,0.147632
0.93,1.55,0.151597
0.93,1.56,0.145791
0.93,1.57,0.158693
0.93,1.58,0.151741
0.93,1.59,0.154981
0.93,1.6,0.162831
0.93,1.61,0.146627
0.93,1.62,0.147606
0.93,1.63,0.155522
0.93,1.64,0.155798
0.93,1.65,0.14755
0.93,1.66,0.151915
0.93,1.67,0.151631
0.93,1.68,0.145755
0.93,1.69,0.145569
0.93,1.7,0.148845
0.93,1.71,0.152614
0.93,1.72,0.145371
0.93,1.73,0.147585
0.93,1.74,0.15437
0.93,1.75,0.150145
0.93,1.76,0.140551
0.93,1.77,0.148259
0.93,1.78,0.14269
0.93,1.79,0.142518
0.93,1.8,0.149292
0.93,1.81,0.144288
0.93,1.82,0.153345
0.93,1.83,0.152311
0.93,1.84,0.156228
0.93,1.85,0.149617
0.93,1.86,0.149244
0.93,1.87,0.153046
0.93,1.88,0.140893
0.93,1.89,0.141873
0.93,1.9,0.151169
0.93,1.91,0.148964
0.93,1.92,0.14757
0.93,1.93,0.143369
0.93,1.94,0.159618
0.93,1.95,0.15043
0.93,1.96,0.156057
0.93,1.97,0.141199
0.93,1.98,0.156821
0.93,1.99,0.149444
0.93,2,0.173835
0.93,2.01,0.150158
0.93,2.02,0.15986
0.93,2.03,0.155776
0.93,2.04,0.147789
0.93,2.05,0.143396
0.93,2.06,0.144172
0.93,2.07,0.158256
0.93,2.08,0.149662
0.93,2.09,0.159877
0.93,2.1,0.148747
0.93,2.11,0.150516
0.93,2.12,0.13873
0.93,2.13,0.150954
0.93,2.14,0.13822
0.93,2.15,0.141843
0.93,2.16,0.150255
0.93,2.17,0.137461
0.93,2.18,0.155602
0.93,2.19,0.145368
0.93,2.2,0.155127
0.93,2.21,0.140592
0.93,2.22,0.147558
0.93,2.23,0.148032
0.93,2.24,0.163654
0.93,2.25,0.157066
0.93,2.26,0.146872
0.93,2.27,0.132771
0.93,2.28,0.148441
0.93,2.29,0.149851
0.93,2.3,0.152528
0.93,2.31,0.153491
0.93,2.32,0.148413
0.93,2.33,0.140326
0.93,2.34,0.146525
0.93,2.35,0.152313
0.93,2.36,0.152521
0.93,2.37,0.139338
0.93,2.38,0.137133
0.93,2.39,0.147682
0.93,2.4,0.149859
0.93,2.41,0.15266
0.93,2.42,0.145421
0.93,2.43,0.149451
0.93,2.44,0.149658
0.93,2.45,0.15483
0.93,2.46,0.157134
0.93,2.47,0.144147
0.93,2.48,0.158284
0.93,2.49,0.139561
0.93,2.5,0.14416
0.93,2.51,0.144074
0.93,2.52,0.146027
0.93,2.53,0.151232
0.93,2.54,0.147403
0.93,2.55,0.155114
0.93,2.56,0.13051
0.93,2.57,0.146213
0.93,2.58,0.148518
0.93,2.59,0.140038
0.93,2.6,0.157517
0.93,2.61,0.145281
0.93,2.62,0.145555
0.93,2.63,0.138536
0.93,2.64,0.149155
0.93,2.65,0.150765
0.93,2.66,0.142297
0.93,2.67,0.152521
0.93,2.68,0.147488
0.93,2.69,0.152589
0.93,2.7,0.152479
0.93,2.71,0.144353
0.93,2.72,0.145992
0.93,2.73,0.142743
0.93,2.74,0.140368
0.93,2.75,0.1468
0.93,2.76,0.140637
0.93,2.77,0.150192
0.93,2.78,0.149349
0.93,2.79,0.162871
0.93,2.8,0.138295
0.93,2.81,0.153938
0.93,2.82,0.151619
0.93,2.83,0.129047
0.93,2.84,0.139742
0.93,2.85,0.144873
0.93,2.86,0.148695
0.93,2.87,0.131705
0.93,2.88,0.147704
0.93,2.89,0.140305
0.93,2.9,0.14893
0.93,2.91,0.153852
0.93,2.92,0.148175
0.93,2.93,0.14927
0.93,2.94,0.154794
0.93,2.95,0.161011
0.93,2.96,0.147674
0.93,2.97,0.15093
0.93,2.98,0.147869
0.93,2.99,0.14646
0.93,3,0.148107
0.93,3.01,0.14654
0.93,3.02,0.14766
0.93,3.03,0.14542
0.93,3.04,0.14027
0.93,3.05,0.161906
0.93,3.06,0.151462
0.93,3.07,0.158737
0.93,3.08,0.151722
0.93,3.09,0.142106
0.93,3.1,0.148473
0.93,3.11,0.146826
0.93,3.12,0.163465
0.93,3.13,0.156816
0.93,3.14,0.160699
0.93,3.15,0.140313
0.93,3.16,0.144929
0.93,3.17,0.150614
0.93,3.18,0.131753
0.93,3.19,0.137426
0.93,3.2,0.140363
0.93,3.21,0.138598
0.93,3.22,0.137644
0.93,3.23,0.147753
0.93,3.24,0.14893
0.93,3.25,0.138842
0.93,3.26,0.142052
0.93,3.27,0.153913
0.93,3.28,0.155969
0.93,3.29,0.139734
0.93,3.3,0.146326
0.93,3.31,0.151956
0.93,3.32,0.158179
0.93,3.33,0.152694
0.93,3.34,0.158786
0.93,3.35,0.144465
0.93,3.36,0.151828
0.93,3.37,0.156365
0.93,3.38,0.14386
0.93,3.39,0.145938
0.93,3.4,0.155506
0.93,3.41,0.160024
0.93,3.42,0.144544
0.93,3.43,0.151359
0.93,3.44,0.1433
0.93,3.45,0.147512
0.93,3.46,0.135892
0.93,3.47,0.146086
0.93,3.48,0.144386
0.93,3.49,0.147896
0.93,3.5,0.13911
0.93,3.51,0.15565
0.93,3.52,0.13877
0.93,3.53,0.155112
0.93,3.54,0.135195
0.93,3.55,0.148261
0.93,3.56,0.144119
0.93,3.57,0.138914
0.93,3.58,0.143715
0.93,3.59,0.144271
0.93,3.6,0.138222
0.93,3.61,0.146741
0.93,3.62,0.142129
0.93,3.63,0.149483
0.93,3.64,0.142703
0.93,3.65,0.154475
0.93,3.66,0.1371
0.93,3.67,0.138787
0.93,3.68,0.140875
0.93,3.69,0.15321
0.93,3.7,0.131683
0.93,3.71,0.149239
0.93,3.72,0.135191
0.93,3.73,0.154208
0.93,3.74,0.145457
0.93,3.75,0.137754
0.93,3.76,0.152756
0.93,3.77,0.144433
0.93,3.78,0.146422
0.93,3.79,0.133055
0.93,3.8,0.150336
0.93,3.81,0.139506
0.93,3.82,0.150186
0.93,3.83,0.148721
0.93,3.84,0.168783
0.93,3.85,0.136011
0.93,3.86,0.146864
0.93,3.87,0.148118
0.93,3.88,0.139519
0.93,3.89,0.154494
0.93,3.9,0.15113
0.93,3.91,0.147979
0.93,3.92,0.14312
0.93,3.93,0.136883
0.93,3.94,0.14637
0.93,3.95,0.136798
0.93,3.96,0.151169
0.93,3.97,0.156891
0.93,3.98,0.142201
0.93,3.99,0.151112
0.93,4,0.144271
0.93,4.01,0.162447
0.93,4.02,0.137947
0.93,4.03,0.154156
0.93,4.04,0.138811
0.93,4.05,0.141319
0.93,4.06,0.144076
0.93,4.07,0.135892
0.93,4.08,0.139217
0.93,4.09,0.156406
0.93,4.1,0.147325
0.93,4.11,0.141997
0.93,4.12,0.147689
0.93,4.13,0.135986
0.93,4.14,0.144247
0.93,4.15,0.157899
0.93,4.16,0.155736
0.93,4.17,0.147803
0.93,4.18,0.135938
0.93,4.19,0.154184
0.93,4.2,0.155557
0.93,4.21,0.151711
0.93,4.22,0.150826
0.93,4.23,0.145838
0.93,4.24,0.148539
0.93,4.25,0.161114
0.93,4.26,0.141959
0.93,4.27,0.150386
0.93,4.28,0.148748
0.93,4.29,0.141767
0.93,4.3,0.150304
0.93,4.31,0.141481
0.93,4.32,0.15456
0.93,4.33,0.151767
0.93,4.34,0.154256
0.93,4.35,0.156321
0.93,4.36,0.144815
0.93,4.37,0.154032
0.93,4.38,0.153426
0.93,4.39,0.146037
0.93,4.4,0.149623
0.93,4.41,0.139681
0.93,4.42,0.142012
0.93,4.43,0.145708
0.93,4.44,0.153318
0.93,4.45,0.145813
0.93,4.46,0.139658
0.93,4.47,0.142118
0.93,4.48,0.153623
0.93,4.49,0.14723
0.93,4.5,0.163271
0.93,4.51,0.147281
0.93,4.52,0.147758
0.93,4.53,0.159845
0.93,4.54,0.134736
0.93,4.55,0.143414
0.93,4.56,0.15537
0.93,4.57,0.149474
0.93,4.58,0.150452
0.93,4.59,0.151844
0.93,4.6,0.144054
0.93,4.61,0.148923
0.93,4.62,0.13433
0.93,4.63,0.142167
0.93,4.64,0.159394
0.93,4.65,0.153474
0.93,4.66,0.142754
0.93,4.67,0.148227
0.93,4.68,0.141972
0.93,4.69,0.152877
0.93,4.7,0.155323
0.93,4.71,0.153878
0.93,4.72,0.143912
0.93,4.73,0.14447
0.93,4.74,0.159666
0.93,4.75,0.155636
0.93,4.76,0.141526
0.93,4.77,0.133211
0.93,4.78,0.147774
0.93,4.79,0.143718
0.93,4.8,0.12512
0.93,4.81,0.148776
0.93,4.82,0.137731
0.93,4.83,0.144641
0.93,4.84,0.139651
0.93,4.85,0.153085
0.93,4.86,0.148384
0.93,4.87,0.139167
0.93,4.88,0.161113
0.93,4.89,0.146086
0.93,4.9,0.139616
0.93,4.91,0.143688
0.93,4.92,0.149474
0.93,4.93,0.13924
0.93,4.94,0.135351
0.93,4.95,0.141867
0.93,4.96,0.145824
0.93,4.97,0.13491
0.93,4.98,0.14843
0.93,4.99,0.137506
0.93,5,0.147756
0.93,5.01,0.15664
0.93,5.02,0.152696
0.93,5.03,0.146657
0.93,5.04,0.159726
0.93,5.05,0.144836
0.93,5.06,0.135252
0.93,5.07,0.14249
0.93,5.08,0.127398
0.93,5.09,0.141441
0.93,5.1,0.154508
0.93,5.11,0.146763
0.93,5.12,0.149679
0.93,5.13,0.155654
0.93,5.14,0.141364
0.93,5.15,0.149231
0.93,5.16,0.142302
0.93,5.17,0.151293
0.93,5.18,0.147878
0.93,5.19,0.140907
0.93,5.2,0.147681
0.93,5.21,0.139355
0.93,5.22,0.158485
0.93,5.23,0.13171
0.93,5.24,0.15036
0.93,5.25,0.135472
0.93,5.26,0.158783
0.93,5.27,0.149259
0.93,5.28,0.15581
0.93,5.29,0.143683
0.93,5.3,0.135256
0.93,5.31,0.147985
0.93,5.32,0.137504
0.93,5.33,0.146242
0.93,5.34,0.14425
0.93,5.35,0.153738
0.93,5.36,0.136588
0.93,5.37,0.145952
0.93,5.38,0.152021
0.93,5.39,0.14167
0.93,5.4,0.150351
0.93,5.41,0.146323
0.93,5.42,0.134374
0.93,5.43,0.140177
0.93,5.44,0.145566
0.93,5.45,0.161499
0.93,5.46,0.142823
0.93,5.47,0.1569
0.93,5.48,0.149522
0.93,5.49,0.155493
0.93,5.5,0.145274
0.93,5.51,0.151244
0.93,5.52,0.14237
0.93,5.53,0.161329
0.93,5.54,0.136416
0.93,5.55,0.147452
0.93,5.56,0.152251
0.93,5.57,0.135157
0.93,5.58,0.149583
0.93,5.59,0.15028
0.93,5.6,0.150551
0.93,5.61,0.152504
0.93,5.62,0.151843
0.93,5.63,0.146203
0.93,5.64,0.143587
0.93,5.65,0.143836
0.93,5.66,0.135867
0.93,5.67,0.141233
0.93,5.68,0.150634
0.93,5.69,0.153544
0.93,5.7,0.139931
0.93,5.71,0.133534
0.93,5.72,0.154294
0.93,5.73,0.159317
0.93,5.74,0.145946
0.93,5.75,0.142367
0.93,5.76,0.140693
0.93,5.77,0.153886
0.93,5.78,0.15923
0.93,5.79,0.156546
0.93,5.8,0.142173
0.93,5.81,0.138086
0.93,5.82,0.154612
0.93,5.83,0.146667
0.93,5.84,0.156573
0.93,5.85,0.132237
0.93,5.86,0.158313
0.93,5.87,0.150504
0.93,5.88,0.134133
0.93,5.89,0.148268
0.93,5.9,0.149249
0.93,5.91,0.148605
0.93,5.92,0.159329
0.93,5.93,0.149725
0.93,5.94,0.155564
0.93,5.95,0.14092
0.93,5.96,0.146465
0.93,5.97,0.150269
0.93,5.98,0.13932
0.93,5.99,0.145145
0.93,6,0.150261
0.93,6.01,0.148236
0.93,6.02,0.155913
0.93,6.03,0.138189
0.93,6.04,0.137254
0.93,6.05,0.14196
0.93,6.06,0.143248
0.93,6.07,0.130164
0.93,6.08,0.150614
0.93,6.09,0.140623
0.93,6.1,0.159249
0.93,6.11,0.147183
0.93,6.12,0.147249
0.93,6.13,0.151605
0.93,6.14,0.143755
0.93,6.15,0.143512
0.93,6.16,0.146906
0.93,6.17,0.145359
0.93,6.18,0.145032
0.93,6.19,0.148832
0.93,6.2,0.134257
0.93,6.21,0.139935
0.93,6.22,0.145362
0.93,6.23,0.139285
0.93,6.24,0.133509
0.93,6.25,0.154297
0.93,6.26,0.140297
0.93,6.27,0.138318
0.93,6.28,0.140675
0.94,0,0.130719
0.94,0.01,0.147621
0.94,0.02,0.148329
0.94,0.03,0.143993
0.94,0.04,0.143086
0.94,0.05,0.143173
0.94,0.06,0.155116
0.94,0.07,0.144591
0.94,0.08,0.156432
0.94,0.09,0.132286
0.94,0.1,0.156444
0.94,0.11,0.140926
0.94,0.12,0.163736
0.94,0.13,0.155133
0.94,0.14,0.151462
0.94,0.15,0.146773
0.94,0.16,0.148686
0.94,0.17,0.141629
0.94,0.18,0.131162
0.94,0.19,0.150242
0.94,0.2,0.140155
0.94,0.21,0.146419
0.94,0.22,0.150662
0.94,0.23,0.156871
0.94,0.24,0.147318
0.94,0.25,0.13425
0.94,0.26,0.161302
0.94,0.27,0.143953
0.94,0.28,0.143712
0.94,0.29,0.166253
0.94,0.3,0.146002
0.94,0.31,0.146033
0.94,0.32,0.136645
0.94,0.33,0.139735
0.94,0.34,0.161657
0.94,0.35,0.13728
0.94,0.36,0.127278
0.94,0.37,0.144997
0.94,0.38,0.133688
0.94,0.39,0.147868
0.94,0.4,0.148684
0.94,0.41,0.159719
0.94,0.42,0.147569
0.94,0.43,0.137539
0.94,0.44,0.136409
0.94,0.45,0.141648
0.94,0.46,0.147991
0.94,0.47,0.134184
0.94,0.48,0.145669
0.94,0.49,0.14856
0.94,0.5,0.148794
0.94,0.51,0.145047
0.94,0.52,0.132318
0.94,0.53,0.159049
0.94,0.54,0.14369
0.94,0.55,0.152352
0.94,0.56,0.137988
0.94,0.57,0.146174
0.94,0.58,0.150859
0.94,0.59,0.141903
0.94,0.6,0.149412
0.94,0.61,0.14136
0.94,0.62,0.155676
0.94,0.63,0.16341
0.94,0.64,0.146805
0.94,0.65,0.13945
0.94,0.66,0.146768
0.94,0.67,0.14474
0.94,0.68,0.142391
0.94,0.69,0.138858
0.94,0.7,0.158917
0.94,0.71,0.137323
0.94,0.72,0.13752
0.94,0.73,0.151884
0.94,0.74,0.15894
0.94,0.75,0.162067
0.94,0.76,0.14354
0.94,0.77,0.15054
0.94,0.78,0.149077
0.94,0.79,0.14724
0.94,0.8,0.153968
0.94,0.81,0.153865
0.94,0.82,0.143062
0.94,0.83,0.165131
0.94,0.84,0.157107
0.94,0.85,0.143391
0.94,0.86,0.143523
0.94,0.87,0.143079
0.94,0.88,0.145892
0.94,0.89,0.142741
0.94,0.9,0.13928
0.94,0.91,0.155929
0.94,0.92,0.138242
0.94,0.93,0.143192
0.94,0.94,0.158029
0.94,0.95,0.13898
0.94,0.96,0.143369
0.94,0.97,0.154153
0.94,0.98,0.14313
0.94,0.99,0.160053
0.94,1,0.141517
0.94,1.01,0.154558
0.94,1.02,0.160592
0.94,1.03,0.162483
0.94,1.04,0.134695
0.94,1.05,0.153929
0.94,1.06,0.148776
0.94,1.07,0.148915
0.94,1.08,0.150485
0.94,1.09,0.142984
0.94,1.1,0.14589
0.94,1.11,0.143143
0.94,1.12,0.133508
0.94,1.13,0.155266
0.94,1.14,0.143642
0.94,1.15,0.151927
0.94,1.16,0.150962
0.94,1.17,0.145519
0.94,1.18,0.14869
0.94,1.19,0.145715
0.94,1.2,0.140857
0.94,1.21,0.148508
0.94,1.22,0.154424
0.94,1.23,0.149785
0.94,1.24,0.146113
0.94,1.25,0.151174
0.94,1.26,0.164638
0.94,1.27,0.156921
0.94,1.28,0.146969
0.94,1.29,0.147525
0.94,1.3,0.140072
0.94,1.31,0.140882
0.94,1.32,0.149356
0.94,1.33,0.135145
0.94,1.34,0.151027
0.94,1.35,0.138031
0.94,1.36,0.144068
0.94,1.37,0.144219
0.94,1.38,0.157345
0.94,1.39,0.135718
0.94,1.4,0.159285
0.94,1.41,0.139784
0.94,1.42,0.143891
0.94,1.43,0.142809
0.94,1.44,0.149624
0.94,1.45,0.142668
0.94,1.46,0.153604
0.94,1.47,0.147114
0.94,1.48,0.148119
0.94,1.49,0.131745
0.94,1.5,0.153703
0.94,1.51,0.152435
0.94,1.52,0.155011
0.94,1.53,0.136068
0.94,1.54,0.143003
0.94,1.55,0.132761
0.94,1.56,0.157781
0.94,1.57,0.16126
0.94,1.58,0.14812
0.94,1.59,0.139919
0.94,1.6,0.151893
0.94,1.61,0.145362
0.94,1.62,0.149068
0.94,1.63,0.143521
0.94,1.64,0.143948
0.94,1.65,0.142937
0.94,1.66,0.145833
0.94,1.67,0.134827
0.94,1.68,0.148248
0.94,1.69,0.136878
0.94,1.7,0.147617
0.94,1.71,0.145431
0.94,1.72,0.144694
0.94,1.73,0.145942
0.94,1.74,0.163248
0.94,1.75,0.151876
0.94,1.76,0.143996
0.94,1.77,0.15486
0.94,1.78,0.151069
0.94,1.79,0.150524
0.94,1.8,0.157351
0.94,1.81,0.155164
0.94,1.82,0.158554
0.94,1.83,0.139742
0.94,1.84,0.157652
0.94,1.85,0.148398
0.94,1.86,0.146653
0.94,1.87,0.151336
0.94,1.88,0.144095
0.94,1.89,0.158947
0.94,1.9,0.149231
0.94,1.91,0.138906
0.94,1.92,0.14077
0.94,1.93,0.1583
0.94,1.94,0.154164
0.94,1.95,0.148286
0.94,1.96,0.14222
0.94,1.97,0.138035
0.94,1.98,0.145977
0.94,1.99,0.151614
0.94,2,0.151443
0.94,2.01,0.150056
0.94,2.02,0.14461
0.94,2.03,0.139103
0.94,2.04,0.151785
0.94,2.05,0.146835
0.94,2.06,0.134725
0.94,2.07,0.159582
0.94,2.08,0.136356
0.94,2.09,0.134669
0.94,2.1,0.152401
0.94,2.11,0.142983
0.94,2.12,0.157415
0.94,2.13,0.147812
0.94,2.14,0.141545
0.94,2.15,0.146255
0.94,2.16,0.138725
0.94,2.17,0.137651
0.94,2.18,0.147509
0.94,2.19,0.153011
0.94,2.2,0.142544
0.94,2.21,0.137268
0.94,2.22,0.143784
0.94,2.23,0.148825
0.94,2.24,0.149952
0.94,2.25,0.144529
0.94,2.26,0.147437
0.94,2.27,0.155037
0.94,2.28,0.147623
0.94,2.29,0.132205
0.94,2.3,0.144794
0.94,2.31,0.139076
0.94,2.32,0.148184
0.94,2.33,0.157603
0.94,2.34,0.150038
0.94,2.35,0.145305
0.94,2.36,0.133859
0.94,2.37,0.153555
0.94,2.38,0.134018
0.94,2.39,0.14222
0.94,2.4,0.140066
0.94,2.41,0.126936
0.94,2.42,0.137043
0.94,2.43,0.146008
0.94,2.44,0.142623
0.94,2.45,0.149842
0.94,2.46,0.145449
0.94,2.47,0.133832
0.94,2.48,0.158336
0.94,2.49,0.150349
0.94,2.5,0.145191
0.94,2.51,0.147545
0.94,2.52,0.143465
0.94,2.53,0.159419
0.94,2.54,0.153803
0.94,2.55,0.159665
0.94,2.56,0.151672
0.94,2.57,0.142235
0.94,2.58,0.138792
0.94,2.59,0.157997
0.94,2.6,0.144825
0.94,2.61,0.151586
0.94,2.62,0.146863
0.94,2.63,0.151253
0.94,2.64,0.148391
0.94,2.65,0.144459
0.94,2.66,0.149033
0.94,2.67,0.137916
0.94,2.68,0.147851
0.94,2.69,0.143625
0.94,2.7,0.136348
0.94,2.71,0.149154
0.94,2.72,0.147017
0.94,2.73,0.142539
0.94,2.74,0.139276
0.94,2.75,0.135217
0.94,2.76,0.132667
0.94,2.77,0.148492
0.94,2.78,0.143607
0.94,2.79,0.13041
0.94,2.8,0.142349
0.94,2.81,0.150146
0.94,2.82,0.163262
0.94,2.83,0.138094
0.94,2.84,0.141681
0.94,2.85,0.148608
0.94,2.86,0.141563
0.94,2.87,0.147054
0.94,2.88,0.145216
0.94,2.89,0.147981
0.94,2.9,0.152989
0.94,2.91,0.151841
0.94,2.92,0.146747
0.94,2.93,0.151818
0.94,2.94,0.149174
0.94,2.95,0.143013
0.94,2.96,0.144259
0.94,2.97,0.144064
0.94,2.98,0.1339
0.94,2.99,0.150458
0.94,3,0.146989
0.94,3.01,0.156225
0.94,3.02,0.141688
0.94,3.03,0.145877
0.94,3.04,0.150539
0.94,3.05,0.159465
0.94,3.06,0.145972
0.94,3.07,0.143868
0.94,3.08,0.15395
0.94,3.09,0.157964
0.94,3.1,0.137643
0.94,3.11,0.153599
0.94,3.12,0.143636
0.94,3.13,0.149845
0.94,3.14,0.145179
0.94,3.15,0.145023
0.94,3.16,0.136311
0.94,3.17,0.142473
0.94,3.18,0.145887
0.94,3.19,0.153096
0.94,3.2,0.133372
0.94,3.21,0.144135
0.94,3.22,0.146169
0.94,3.23,0.149343
0.94,3.24,0.133743
0.94,3.25,0.148626
0.94,3.26,0.13853
0.94,3.27,0.161618
0.94,3.28,0.154387
0.94,3.29,0.154188
0.94,3.3,0.161375
0.94,3.31,0.145597
0.94,3.32,0.147137
0.94,3.33,0.1452
0.94,3.34,0.147743
0.94,3.35,0.146493
0.94,3.36,0.146377
0.94,3.37,0.155241
0.94,3.38,0.167452
0.94,3.39,0.149314
0.94,3.4,0.141327
0.94,3.41,0.142399
0.94,3.42,0.141888
0.94,3.43,0.156014
0.94,3.44,0.146594
0.94,3.45,0.148963
0.94,3.46,0.133131
0.94,3.47,0.135329
0.94,3.48,0.153824
0.94,3.49,0.141949
0.94,3.5,0.143882
0.94,3.51,0.152631
0.94,3.52,0.160382
0.94,3.53,0.160652
0.94,3.54,0.156569
0.94,3.55,0.149944
0.94,3.56,0.137936
0.94,3.57,0.145601
0.94,3.58,0.14625
0.94,3.59,0.147984
0.94,3.6,0.142342
0.94,3.61,0.150533
0.94,3.62,0.163276
0.94,3.63,0.143331
0.94,3.64,0.148704
0.94,3.65,0.138599
0.94,3.66,0.151801
0.94,3.67,0.146996
0.94,3.68,0.132905
0.94,3.69,0.135917
0.94,3.7,0.146239
0.94,3.71,0.140648
0.94,3.72,0.141707
0.94,3.73,0.143609
0.94,3.74,0.147037
0.94,3.75,0.142364
0.94,3.76,0.146518
0.94,3.77,0.150791
0.94,3.78,0.145441
0.94,3.79,0.144775
0.94,3.8,0.143753
0.94,3.81,0.147364
0.94,3.82,0.139003
0.94,3.83,0.137438
0.94,3.84,0.14382
0.94,3.85,0.143202
0.94,3.86,0.134947
0.94,3.87,0.146946
0.94,3.88,0.147722
0.94,3.89,0.144787
0.94,3.9,0.144561
0.94,3.91,0.148569
0.94,3.92,0.151017
0.94,3.93,0.161037
0.94,3.94,0.143511
0.94,3.95,0.142685
0.94,3.96,0.149506
0.94,3.97,0.157073
0.94,3.98,0.142291
0.94,3.99,0.149172
0.94,4,0.156122
0.94,4.01,0.149403
0.94,4.02,0.136061
0.94,4.03,0.154775
0.94,4.04,0.139964
0.94,4.05,0.133524
0.94,4.06,0.153675
0.94,4.07,0.148693
0.94,4.08,0.153314
0.94,4.09,0.141956
0.94,4.1,0.149649
0.94,4.11,0.148735
0.94,4.12,0.13234
0.94,4.13,0.162172
0.94,4.14,0.144493
0.94,4.15,0.154209
0.94,4.16,0.141507
0.94,4.17,0.135494
0.94,4.18,0.157851
0.94,4.19,0.144326
0.94,4.2,0.145449
0.94,4.21,0.14128
0.94,4.22,0.155379
0.94,4.23,0.146542
0.94,4.24,0.14947
0.94,4.25,0.135778
0.94,4.26,0.141134
0.94,4.27,0.145101
0.94,4.28,0.143796
0.94,4.29,0.150586
0.94,4.3,0.142907
0.94,4.31,0.142468
0.94,4.32,0.149079
0.94,4.33,0.150522
0.94,4.34,0.144408
0.94,4.35,0.138913
0.94,4.36,0.151942
0.94,4.37,0.140647
0.94,4.38,0.142938
0.94,4.39,0.141664
0.94,4.4,0.153749
0.94,4.41,0.145288
0.94,4.42,0.158743
0.94,4.43,0.14758
0.94,4.44,0.154662
0.94,4.45,0.136746
0.94,4.46,0.135666
0.94,4.47,0.155766
0.94,4.48,0.147183
0.94,4.49,0.131468
0.94,4.5,0.151799
0.94,4.51,0.154293
0.94,4.52,0.157756
0.94,4.53,0.156249
0.94,4.54,0.146736
0.94,4.55,0.144246
0.94,4.56,0.15107
0.94,4.57,0.155944
0.94,4.58,0.142852
0.94,4.59,0.149776
0.94,4.6,0.147131
0.94,4.61,0.150057
0.94,4.62,0.157229
0.94,4.63,0.13628
0.94,4.64,0.138793
0.94,4.65,0.15052
0.94,4.66,0.149341
0.94,4.67,0.154326
0.94,4.68,0.141208
0.94,4.69,0.140623
0.94,4.7,0.160373
0.94,4.71,0.153454
0.94,4.72,0.135222
0.94,4.73,0.144585
0.94,4.74,0.140647
0.94,4.75,0.157377
0.94,4.76,0.149446
0.94,4.77,0.141917
0.94,4.78,0.133316
0.94,4.79,0.154106
0.94,4.8,0.133182
0.94,4.81,0.141983
0.94,4.82,0.145656
0.94,4.83,0.156589
0.94,4.84,0.150137
0.94,4.85,0.151419
0.94,4.86,0.134678
0.94,4.87,0.175255
0.94,4.88,0.137602
0.94,4.89,0.13812
0.94,4.9,0.152858
0.94,4.91,0.160372
0.94,4.92,0.149743
0.94,4.93,0.142216
0.94,4.94,0.148441
0.94,4.95,0.143171
0.94,4.96,0.152069
0.94,4.97,0.154652
0.94,4.98,0.145289
0.94,4.99,0.160312
0.94,5,0.139949
0.94,5.01,0.138237
0.94,5.02,0.167181
0.94,5.03,0.149253
0.94,5.04,0.155908
0.94,5.05,0.134975
0.94,5.06,0.142213
0.94,5.07,0.137268
0.94,5.08,0.144791
0.94,5.09,0.157026
0.94,5.1,0.156787
0.94,5.11,0.141401
0.94,5.12,0.16012
0.94,5.13,0.160254
0.94,5.14,0.132397
0.94,5.15,0.152523
0.94,5.16,0.147634
0.94,5.17,0.140839
0.94,5.18,0.151156
0.94,5.19,0.150536
0.94,5.2,0.147688
0.94,5.21,0.138704
0.94,5.22,0.141922
0.94,5.23,0.14664
0.94,5.24,0.143848
0.94,5.25,0.148923
0.94,5.26,0.144927
0.94,5.27,0.149772
0.94,5.28,0.139824
0.94,5.29,0.139566
0.94,5.3,0.160831
0.94,5.31,0.154823
0.94,5.32,0.160105
0.94,5.33,0.153961
0.94,5.34,0.14689
0.94,5.35,0.142739
0.94,5.36,0.148108
0.94,5.37,0.128967
0.94,5.38,0.1468
0.94,5.39,0.146646
0.94,5.4,0.14585
0.94,5.41,0.139329
0.94,5.42,0.148324
0.94,5.43,0.151845
0.94,5.44,0.147453
0.94,5.45,0.148524
0.94,5.46,0.148178
0.94,5.47,0.144959
0.94,5.48,0.152875
0.94,5.49,0.145672
0.94,5.5,0.143625
0.94,5.51,0.141459
0.94,5.52,0.143386
0.94,5.53,0.156814
0.94,5.54,0.142959
0.94,5.55,0.145729
0.94,5.56,0.154283
0.94,5.57,0.13799
0.94,5.58,0.153638
0.94,5.59,0.144412
0.94,5.6,0.140953
0.94,5.61,0.145756
0.94,5.62,0.141632
0.94,5.63,0.149571
0.94,5.64,0.137785
0.94,5.65,0.146325
0.94,5.66,0.143305
0.94,5.67,0.151892
0.94,5.68,0.138436
0.94,5.69,0.150605
0.94,5.7,0.150277
0.94,5.71,0.142555
0.94,5.72,0.152151
0.94,5.73,0.136517
0.94,5.74,0.150684
0.94,5.75,0.133768
0.94,5.76,0.139378
0.94,5.77,0.145972
0.94,5.78,0.144118
0.94,5.79,0.13808
0.94,5.8,0.155662
0.94,5.81,0.144547
0.94,5.82,0.147841
0.94,5.83,0.142922
0.94,5.84,0.155218
0.94,5.85,0.144916
0.94,5.86,0.131667
0.94,5.87,0.142983
0.94,5.88,0.134167
0.94,5.89,0.14896
0.94,5.9,0.140128
0.94,5.91,0.14003
0.94,5.92,0.15197
0.94,5.93,0.140824
0.94,5.94,0.146448
0.94,5.95,0.14766
0.94,5.96,0.140236
0.94,5.97,0.14882
0.94,5.98,0.162984
0.94,5.99,0.1397
0.94,6,0.148268
0.94,6.01,0.133677
0.94,6.02,0.151639
0.94,6.03,0.145623
0.94,6.04,0.147447
0.94,6.05,0.134724
0.94,6.06,0.147416
0.94,6.07,0.142492
0.94,6.08,0.148661
0.94,6.09,0.14761
0.94,6.1,0.154166
0.94,6.11,0.157509
0.94,6.12,0.151158
0.94,6.13,0.143997
0.94,6.14,0.15977
0.94,6.15,0.134149
0.94,6.16,0.164401
0.94,6.17,0.144889
0.94,6.18,0.153426
0.94,6.19,0.14142
0.94,6.2,0.158605
0.94,6.21,0.156414
0.94,6.22,0.140601
0.94,6.23,0.152946
0.94,6.24,0.152193
0.94,6.25,0.162966
0.94,6.26,0.148156
0.94,6.27,0.150853
0.94,6.28,0.150667
0.95,0,0.141641
0.95,0.01,0.148019
0.95,0.02,0.136748
0.95,0.03,0.140461
0.95,0.04,0.145576
0.95,0.05,0.148921
0.95,0.06,0.154003
0.95,0.07,0.15243
0.95,0.08,0.155574
0.95,0.09,0.140999
0.95,0.1,0.136889
0.95,0.11,0.135131
0.95,0.12,0.138789
0.95,0.13,0.16376
0.95,0.14,0.143726
0.95,0.15,0.155327
0.95,0.16,0.139247
0.95,0.17,0.169153
0.95,0.18,0.15237
0.95,0.19,0.144345
0.95,0.2,0.146685
0.95,0.21,0.137458
0.95,0.22,0.144341
0.95,0.23,0.156678
0.95,0.24,0.140355
0.95,0.25,0.139855
0.95,0.26,0.144657
0.95,0.27,0.145618
0.95,0.28,0.150359
0.95,0.29,0.143491
0.95,0.3,0.136483
0.95,0.31,0.130429
0.95,0.32,0.142075
0.95,0.33,0.141375
0.95,0.34,0.146919
0.95,0.35,0.128945
0.95,0.36,0.146604
0.95,0.37,0.14406
0.95,0.38,0.137139
0.95,0.39,0.149817
0.95,0.4,0.149102
0.95,0.41,0.146847
0.95,0.42,0.142747
0.95,0.43,0.152969
0.95,0.44,0.146163
0.95,0.45,0.133499
0.95,0.46,0.14012
0.95,0.47,0.154007
0.95,0.48,0.141256
0.95,0.49,0.151976
0.95,0.5,0.132851
0.95,0.51,0.128797
0.95,0.52,0.136268
0.95,0.53,0.149347
0.95,0.54,0.136553
0.95,0.55,0.153438
0.95,0.56,0.141376
0.95,0.57,0.147825
0.95,0.58,0.139237
0.95,0.59,0.145418
0.95,0.6,0.151474
0.95,0.61,0.152585
0.95,0.62,0.130046
0.95,0.63,0.153334
0.95,0.64,0.141394
0.95,0.65,0.131651
0.95,0.66,0.144306
0.95,0.67,0.145981
0.95,0.68,0.14774
0.95,0.69,0.149392
0.95,0.7,0.155932
0.95,0.71,0.154896
0.95,0.72,0.152496
0.95,0.73,0.139653
0.95,0.74,0.159706
0.95,0.75,0.142097
0.95,0.76,0.150303
0.95,0.77,0.143823
0.95,0.78,0.13957
0.95,0.79,0.130061
0.95,0.8,0.149712
0.95,0.81,0.140775
0.95,0.82,0.148543
0.95,0.83,0.14482
0.95,0.84,0.156101
0.95,0.85,0.143697
0.95,0.86,0.139791
0.95,0.87,0.130917
0.95,0.88,0.138441
0.95,0.89,0.152744
0.95,0.9,0.140715
0.95,0.91,0.141456
0.95,0.92,0.141293
0.95,0.93,0.146642
0.95,0.94,0.138044
0.95,0.95,0.141772
0.95,0.96,0.130617
0.95,0.97,0.158047
0.95,0.98,0.153334
0.95,0.99,0.142381
0.95,1,0.154881
0.95,1.01,0.132303
0.95,1.02,0.147963
0.95,1.03,0.144371
0.95,1.04,0.140838
0.95,1.05,0.149867
0.95,1.06,0.149166
0.95,1.07,0.141379
0.95,1.08,0.150825
0.95,1.09,0.147435
0.95,1.1,0.156293
0.95,1.11,0.142295
0.95,1.12,0.143726
0.95,1.13,0.148738
0.95,1.14,0.14942
0.95,1.15,0.148341
0.95,1.16,0.148357
0.95,1.17,0.149176
0.95,1.18,0.146526
0.95,1.19,0.151673
0.95,1.2,0.131829
0.95,1.21,0.147545
0.95,1.22,0.135621
0.95,1.23,0.160405
0.95,1.24,0.155714
0.95,1.25,0.137196
0.95,1.26,0.15059
0.95,1.27,0.137049
0.95,1.28,0.14155
0.95,1.29,0.142229
0.95,1.3,0.153868
0.95,1.31,0.152342
0.95,1.32,0.136133
0.95,1.33,0.145588
0.95,1.34,0.143077
0.95,1.35,0.157019
0.95,1.36,0.131921
0.95,1.37,0.151784
0.95,1.38,0.146623
0.95,1.39,0.148776
0.95,1.4,0.140305
0.95,1.41,0.141778
0.95,1.42,0.144448
0.95,1.43,0.13858
0.95,1.44,0.147132
0.95,1.45,0.14783
0.95,1.46,0.144761
0.95,1.47,0.143921
0.95,1.48,0.143679
0.95,1.49,0.138364
0.95,1.5,0.149719
0.95,1.51,0.145577
0.95,1.52,0.150244
0.95,1.53,0.148006
0.95,1.54,0.156622
0.95,1.55,0.15175
0.95,1.56,0.146559
0.95,1.57,0.146143
0.95,1.58,0.148529
0.95,1.59,0.1407
0.95,1.6,0.149802
0.95,1.61,0.137599
0.95,1.62,0.140238
0.95,1.63,0.140176
0.95,1.64,0.145984
0.95,1.65,0.135125
0.95,1.66,0.149074
0.95,1.67,0.143688
0.95,1.68,0.147553
0.95,1.69,0.143816
0.95,1.7,0.142624
0.95,1.71,0.149845
0.95,1.72,0.151766
0.95,1.73,0.140195
0.95,1.74,0.154238
0.95,1.75,0.153429
0.95,1.76,0.149095
0.95,1.77,0.145542
0.95,1.78,0.155203
0.95,1.79,0.137347
0.95,1.8,0.130433
0.95,1.81,0.141189
0.95,1.82,0.144873
0.95,1.83,0.146401
0.95,1.84,0.14459
0.95,1.85,0.156794
0.95,1.86,0.143797
0.95,1.87,0.14159
0.95,1.88,0.151098
0.95,1.89,0.141103
0.95,1.9,0.138683
0.95,1.91,0.14062
0.95,1.92,0.135836
0.95,1.93,0.154702
0.95,1.94,0.140368
0.95,1.95,0.134954
0.95,1.96,0.154561
0.95,1.97,0.148667
0.95,1.98,0.15267
0.95,1.99,0.154333
0.95,2,0.144631
0.95,2.01,0.141698
0.95,2.02,0.143177
0.95,2.03,0.147609
0.95,2.04,0.13711
0.95,2.05,0.151882
0.95,2.06,0.14449
0.95,2.07,0.139431
0.95,2.08,0.150969
0.95,2.09,0.128594
0.95,2.1,0.150994
0.95,2.11,0.143508
0.95,2.12,0.149975
0.95,2.13,0.153595
0.95,2.14,0.15012
0.95,2.15,0.144956
0.95,2.16,0.144677
0.95,2.17,0.143952
0.95,2.18,0.157415
0.95,2.19,0.139924
0.95,2.2,0.144532
0.95,2.21,0.135088
0.95,2.22,0.146853
0.95,2.23,0.145681
0.95,2.24,0.146393
0.95,2.25,0.151351
0.95,2.26,0.127184
0.95,2.27,0.135942
0.95,2.28,0.144168
0.95,2.29,0.150032
0.95,2.3,0.142673
0.95,2.31,0.144241
0.95,2.32,0.139292
0.95,2.33,0.148775
0.95,2.34,0.13594
0.95,2.35,0.138597
0.95,2.36,0.148631
0.95,2.37,0.150434
0.95,2.38,0.136621
0.95,2.39,0.144651
0.95,2.4,0.147631
0.95,2.41,0.145196
0.95,2.42,0.139976
0.95,2.43,0.140865
0.95,2.44,0.144963
0.95,2.45,0.160823
0.95,2.46,0.140344
0.95,2.47,0.156238
0.95,2.48,0.15122
0.95,2.49,0.144771
0.95,2.5,0.133309
0.95,2.51,0.145321
0.95,2.52,0.146737
0.95,2.53,0.148446
0.95,2.54,0.145999
0.95,2.55,0.139657
0.95,2.56,0.157943
0.95,2.57,0.142913
0.95,2.58,0.148917
0.95,2.59,0.152898
0.95,2.6,0.147115
0.95,2.61,0.142465
0.95,2.62,0.153264
0.95,2.63,0.14192
0.95,2.64,0.143528
0.95,2.65,0.165605
0.95,2.66,0.143
0.95,2.67,0.149812
0.95,2.68,0.13998
0.95,2.69,0.13597
0.95,2.7,0.149956
0.95,2.71,0.14653
0.95,2.72,0.140651
0.95,2.73,0.151269
0.95,2.74,0.142867
0.95,2.75,0.144597
0.95,2.76,0.15104
0.95,2.77,0.15522
0.95,2.78,0.144681
0.95,2.79,0.141711
0.95,2.8,0.134887
0.95,2.81,0.135458
0.95,2.82,0.14642
0.95,2.83,0.140625
0.95,2.84,0.134735
0.95,2.85,0.161213
0.95,2.86,0.137774
0.95,2.87,0.148897
0.95,2.88,0.14268
0.95,2.89,0.137862
0.95,2.9,0.156048
0.95,2.91,0.147082
0.95,2.92,0.138796
0.95,2.93,0.147422
0.95,2.94,0.14394
0.95,2.95,0.14207
0.95,2.96,0.162143
0.95,2.97,0.150268
0.95,2.98,0.144875
0.95,2.99,0.149904
0.95,3,0.147325
0.95,3.01,0.139906
0.95,3.02,0.142521
0.95,3.03,0.138551
0.95,3.04,0.14904
0.95,3.05,0.146196
0.95,3.06,0.149886
0.95,3.07,0.145862
0.95,3.08,0.145215
0.95,3.09,0.145907
0.95,3.1,0.142755
0.95,3.11,0.146724
0.95,3.12,0.142887
0.95,3.13,0.144801
0.95,3.14,0.149098
0.95,3.15,0.145874
0.95,3.16,0.145491
0.95,3.17,0.135222
0.95,3.18,0.156141
0.95,3.19,0.142481
0.95,3.2,0.157451
0.95,3.21,0.150732
0.95,3.22,0.147435
0.95,3.23,0.161783
0.95,3.24,0.132271
0.95,3.25,0.143973
0.95,3.26,0.162873
0.95,3.27,0.147341
0.95,3.28,0.139086
0.95,3.29,0.153902
0.95,3.3,0.151424
0.95,3.31,0.141616
0.95,3.32,0.150396
0.95,3.33,0.140796
0.95,3.34,0.150577
0.95,3.35,0.125169
0.95,3.36,0.141675
0.95,3.37,0.13917
0.95,3.38,0.151209
0.95,3.39,0.149085
0.95,3.4,0.146252
0.95,3.41,0.145185
0.95,3.42,0.153522
0.95,3.43,0.140927
0.95,3.44,0.140014
0.95,3.45,0.142325
0.95,3.46,0.136654
0.95,3.47,0.140135
0.95,3.48,0.147067
0.95,3.49,0.14128
0.95,3.5,0.152672
0.95,3.51,0.148081
0.95,3.52,0.133722
0.95,3.53,0.146498
0.95,3.54,0.150655
0.95,3.55,0.138764
0.95,3.56,0.143739
0.95,3.57,0.138394
0.95,3.58,0.145127
0.95,3.59,0.154355
0.95,3.6,0.145035
0.95,3.61,0.14151
0.95,3.62,0.15561
0.95,3.63,0.139293
0.95,3.64,0.143795
0.95,3.65,0.144571
0.95,3.66,0.146905
0.95,3.67,0.152881
0.95,3.68,0.147768
0.95,3.69,0.145815
0.95,3.7,0.145043
0.95,3.71,0.160906
0.95,3.72,0.144182
0.95,3.73,0.144333
0.95,3.74,0.15185
0.95,3.75,0.149445
0.95,3.76,0.151873
0.95,3.77,0.153755
0.95,3.78,0.152158
0.95,3.79,0.146036
0.95,3.8,0.136083
0.95,3.81,0.143976
0.95,3.82,0.15203
0.95,3.83,0.155842
0.95,3.84,0.153585
0.95,3.85,0.157431
0.95,3.86,0.139314
0.95,3.87,0.144444
0.95,3.88,0.150153
0.95,3.89,0.144991
0.95,3.9,0.153145
0.95,3.91,0.151036
0.95,3.92,0.157277
0.95,3.93,0.158947
0.95,3.94,0.15248
0.95,3.95,0.153019
0.95,3.96,0.143802
0.95,3.97,0.142532
0.95,3.98,0.134915
0.95,3.99,0.143993
0.95,4,0.146005
0.95,4.01,0.143548
0.95,4.02,0.134632
0.95,4.03,0.150455
0.95,4.04,0.14109
0.95,4.05,0.147651
0.95,4.06,0.143312
0.95,4.07,0.154269
0.95,4.08,0.148742
0.95,4.09,0.141215
0.95,4.1,0.158135
0.95,4.11,0.141739
0.95,4.12,0.158508
0.95,4.13,0.135441
0.95,4.14,0.144562
0.95,4.15,0.135716
0.95,4.16,0.158275
0.95,4.17,0.137689
0.95,4.18,0.155935
0.95,4.19,0.140816
0.95,4.2,0.16215
0.95,4.21,0.140907
0.95,4.22,0.154726
0.95,4.23,0.143137
0.95,4.24,0.143168
0.95,4.25,0.144435
0.95,4.26,0.157191
0.95,4.27,0.155208
0.95,4.28,0.151042
0.95,4.29,0.143521
0.95,4.3,0.13775
0.95,4.31,0.150055
0.95,4.32,0.149796
0.95,4.33,0.152024
0.95,4.34,0.148604
0.95,4.35,0.160657
0.95,4.36,0.149921
0.95,4.37,0.149127
0.95,4.38,0.136696
0.95,4.39,0.136089
0.95,4.4,0.136991
0.95,4.41,0.158998
0.95,4.42,0.142329
0.95,4.43,0.145815
0.95,4.44,0.139835
0.95,4.45,0.140544
0.95,4.46,0.135882
0.95,4.47,0.144101
0.95,4.48,0.142719
0.95,4.49,0.140567
0.95,4.5,0.152447
0.95,4.51,0.139071
0.95,4.52,0.140128
0.95,4.53,0.148857
0.95,4.54,0.151594
0.95,4.55,0.150538
0.95,4.56,0.14203
0.95,4.57,0.156171
0.95,4.58,0.139087
0.95,4.59,0.144197
0.95,4.6,0.145391
0.95,4.61,0.134707
0.95,4.62,0.144497
0.95,4.63,0.144424
0.95,4.64,0.144016
0.95,4.65,0.142784
0.95,4.66,0.137973
0.95,4.67,0.153462
0.95,4.68,0.149551
0.95,4.69,0.141788
0.95,4.7,0.139906
0.95,4.71,0.155202
0.95,4.72,0.145518
0.95,4.73,0.157056
0.95,4.74,0.139435
0.95,4.75,0.138702
0.95,4.76,0.148628
0.95,4.77,0.155126
0.95,4.78,0.133231
0.95,4.79,0.139306
0.95,4.8,0.146105
0.95,4.81,0.15207
0.95,4.82,0.142605
0.95,4.83,0.158666
0.95,4.84,0.149435
0.95,4.85,0.145728
0.95,4.86,0.141389
0.95,4.87,0.144225
0.95,4.88,0.145875
0.95,4.89,0.153388
0.95,4.9,0.138617
0.95,4.91,0.151364
0.95,4.92,0.135368
0.95,4.93,0.146952
0.95,4.94,0.153008
0.95,4.95,0.138748
0.95,4.96,0.142877
0.95,4.97,0.145641
0.95,4.98,0.16288
0.95,4.99,0.138997
0.95,5,0.152757
0.95,5.01,0.144317
0.95,5.02,0.146319
0.95,5.03,0.140869
0.95,5.04,0.153857
0.95,5.05,0.15019
0.95,5.06,0.148961
0.95,5.07,0.150881
0.95,5.08,0.139113
0.95,5.09,0.147999
0.95,5.1,0.132239
0.95,5.11,0.141775
0.95,5.12,0.141374
0.95,5.13,0.144401
0.95,5.14,0.142149
0.95,5.15,0.152538
0.95,5.16,0.154125
0.95,5.17,0.156238
0.95,5.18,0.137592
0.95,5.19,0.155192
0.95,5.2,0.123814
0.95,5.21,0.153984
0.95,5.22,0.144709
0.95,5.23,0.141733
0.95,5.24,0.150061
0.95,5.25,0.14969
0.95,5.26,0.146113
0.95,5.27,0.15456
0.95,5.28,0.145985
0.95,5.29,0.142661
0.95,5.3,0.134828
0.95,5.31,0.147308
0.95,5.32,0.14773
0.95,5.33,0.14684
0.95,5.34,0.14795
0.95,5.35,0.133811
0.95,5.36,0.145281
0.95,5.37,0.15265
0.95,5.38,0.150623
0.95,5.39,0.154051
0.95,5.4,0.144561
0.95,5.41,0.148633
0.95,5.42,0.13328
0.95,5.43,0.147264
0.95,5.44,0.136948
0.95,5.45,0.145287
0.95,5.46,0.141837
0.95,5.47,0.142063
0.95,5.48,0.156926
0.95,5.49,0.14271
0.95,5.5,0.14658
0.95,5.51,0.148594
0.95,5.52,0.146895
0.95,5.53,0.159788
0.95,5.54,0.148883
0.95,5.55,0.161043
0.95,5.56,0.150083
0.95,5.57,0.138443
0.95,5.58,0.141532
0.95,5.59,0.146773
0.95,5.6,0.145356
0.95,5.61,0.1472
0.95,5.62,0.13286
0.95,5.63,0.142897
0.95,5.64,0.145413
0.95,5.65,0.139153
0.95,5.66,0.146451
0.95,5.67,0.152682
0.95,5.68,0.143703
0.95,5.69,0.148764
0.95,5.7,0.146323
0.95,5.71,0.147393
0.95,5.72,0.145189
0.95,5.73,0.137688
0.95,5.74,0.144461
0.95,5.75,0.131799
0.95,5.76,0.149803
0.95,5.77,0.148389
0.95,5.78,0.151101
0.95,5.79,0.152972
0.95,5.8,0.147014
0.95,5.81,0.133505
0.95,5.82,0.153997
0.95,5.83,0.141142
0.95,5.84,0.137828
0.95,5.85,0.143635
0.95,5.86,0.137165
0.95,5.87,0.134756
0.95,5.88,0.152766
0.95,5.89,0.152125
0.95,5.9,0.144315
0.95,5.91,0.14288
0.95,5.92,0.135032
0.95,5.93,0.144868
0.95,5.94,0.147265
0.95,5.95,0.154842
0.95,5.96,0.139552
0.95,5.97,0.158423
0.95,5.98,0.14983
0.95,5.99,0.147154
0.95,6,0.14292
0.95,6.01,0.155537
0.95,6.02,0.164042
0.95,6.03,0.146978
0.95,6.04,0.138827
0.95,6.05,0.141244
0.95,6.06,0.148765
0.95,6.07,0.133412
0.95,6.08,0.124307
0.95,6.09,0.139487
0.95,6.1,0.140224
0.95,6.11,0.159176
0.95,6.12,0.136843
0.95,6.13,0.144473
0.95,6.14,0.14482
0.95,6.15,0.150952
0.95,6.16,0.139728
0.95,6.17,0.146841
0.95,6.18,0.146905
0.95,6.19,0.153127
0.95,6.2,0.145606
0.95,6.21,0.141926
0.95,6.22,0.135737
0.95,6.23,0.14693
0.95,6.24,0.159658
0.95,6.25,0.165818
0.95,6.26,0.148264
0.95,6.27,0.134432
0.95,6.28,0.139409
0.96,0,0.154356
0.96,0.01,0.163982
0.96,0.02,0.151836
0.96,0.03,0.144911
0.96,0.04,0.152195
0.96,0.05,0.137276
0.96,0.06,0.144744
0.96,0.07,0.139339
0.96,0.08,0.141775
0.96,0.09,0.141333
0.96,0.1,0.134261
0.96,0.11,0.140853
0.96,0.12,0.152154
0.96,0.13,0.138901
0.96,0.14,0.151805
0.96,0.15,0.145491
0.96,0.16,0.145801
0.96,0.17,0.150953
0.96,0.18,0.147902
0.96,0.19,0.133963
0.96,0.2,0.144143
0.96,0.21,0.135358
0.96,0.22,0.148308
0.96,0.23,0.151134
0.96,0.24,0.143218
0.96,0.25,0.151866
0.96,0.26,0.145295
0.96,0.27,0.140693
0.96,0.28,0.142599
0.96,0.29,0.1378
0.96,0.3,0.141223
0.96,0.31,0.160089
0.96,0.32,0.149541
0.96,0.33,0.1418
0.96,0.34,0.150007
0.96,0.35,0.145339
0.96,0.36,0.162604
0.96,0.37,0.130603
0.96,0.38,0.160229
0.96,0.39,0.135953
0.96,0.4,0.148613
0.96,0.41,0.142359
0.96,0.42,0.144178
0.96,0.43,0.136995
0.96,0.44,0.148581
0.96,0.45,0.148713
0.96,0.46,0.139767
0.96,0.47,0.147531
0.96,0.48,0.145706
0.96,0.49,0.13702
0.96,0.5,0.140832
0.96,0.51,0.14484
0.96,0.52,0.157228
0.96,0.53,0.135963
0.96,0.54,0.154876
0.96,0.55,0.150504
0.96,0.56,0.133925
0.96,0.57,0.141761
0.96,0.58,0.149491
0.96,0.59,0.136402
0.96,0.6,0.152423
0.96,0.61,0.129292
0.96,0.62,0.149794
0.96,0.63,0.147116
0.96,0.64,0.136689
0.96,0.65,0.139425
0.96,0.66,0.131465
0.96,0.67,0.141263
0.96,0.68,0.146326
0.96,0.69,0.133304
0.96,0.7,0.1523
0.96,0.71,0.139207
0.96,0.72,0.137754
0.96,0.73,0.142517
0.96,0.74,0.154306
0.96,0.75,0.142224
0.96,0.76,0.138742
0.96,0.77,0.144245
0.96,0.78,0.144676
0.96,0.79,0.139549
0.96,0.8,0.131538
0.96,0.81,0.140706
0.96,0.82,0.138103
0.96,0.83,0.139645
0.96,0.84,0.160987
0.96,0.85,0.129216
0.96,0.86,0.149544
0.96,0.87,0.148848
0.96,0.88,0.144816
0.96,0.89,0.144689
0.96,0.9,0.13953
0.96,0.91,0.147689
0.96,0.92,0.135213
0.96,0.93,0.141333
0.96,0.94,0.145484
0.96,0.95,0.143178
0.96,0.96,0.156165
0.96,0.97,0.137632
0.96,0.98,0.138521
0.96,0.99,0.154715
0.96,1,0.147767
0.96,1.01,0.157486
0.96,1.02,0.148458
0.96,1.03,0.152692
0.96,1.04,0.147582
0.96,1.05,0.15769
0.96,1.06,0.138955
0.96,1.07,0.151261
0.96,1.08,0.148452
0.96,1.09,0.145636
0.96,1.1,0.142028
0.96,1.11,0.138955
0.96,1.12,0.153547
0.96,1.13,0.149123
0.96,1.14,0.152178
0.96,1.15,0.143231
0.96,1.16,0.145297
0.96,1.17,0.141831
0.96,1.18,0.145666
0.96,1.19,0.152568
0.96,1.2,0.146072
0.96,1.21,0.127437
0.96,1.22,0.139829
0.96,1.23,0.136667
0.96,1.24,0.143227
0.96,1.25,0.14053
0.96,1.26,0.149209
0.96,1.27,0.14019
0.96,1.28,0.146553
0.96,1.29,0.134784
0.96,1.3,0.140303
0.96,1.31,0.131765
0.96,1.32,0.150931
0.96,1.33,0.147845
0.96,1.34,0.139569
0.96,1.35,0.144763
0.96,1.36,0.133237
0.96,1.37,0.148909
0.96,1.38,0.148269
0.96,1.39,0.147753
0.96,1.4,0.146223
0.96,1.41,0.146705
0.96,1.42,0.139091
0.96,1.43,0.142156
0.96,1.44,0.14169
0.96,1.45,0.147465
0.96,1.46,0.149551
0.96,1.47,0.13532
0.96,1.48,0.159088
0.96,1.49,0.151431
0.96,1.5,0.140098
0.96,1.51,0.150345
0.96,1.52,0.142158
0.96,1.53,0.14774
0.96,1.54,0.144087
0.96,1.55,0.147176
0.96,1.56,0.140758
0.96,1.57,0.15356
0.96,1.58,0.13434
0.96,1.59,0.128817
0.96,1.6,0.15068
0.96,1.61,0.148194
0.96,1.62,0.141629
0.96,1.63,0.146059
0.96,1.64,0.129013
0.96,1.65,0.140253
0.96,1.66,0.151958
0.96,1.67,0.151982
0.96,1.68,0.149653
0.96,1.69,0.140281
0.96,1.7,0.134261
0.96,1.71,0.1397
0.96,1.72,0.13667
0.96,1.73,0.132353
0.96,1.74,0.140729
0.96,1.75,0.144431
0.96,1.76,0.138064
0.96,1.77,0.145127
0.96,1.78,0.153684
0.96,1.79,0.14391
0.96,1.8,0.150436
0.96,1.81,0.147901
0.96,1.82,0.144019
0.96,1.83,0.149431
0.96,1.84,0.141728
0.96,1.85,0.150319
0.96,1.86,0.1497
0.96,1.87,0.141337
0.96,1.88,0.142415
0.96,1.89,0.152893
0.96,1.9,0.147704
0.96,1.91,0.146029
0.96,1.92,0.131266
0.96,1.93,0.146612
0.96,1.94,0.146457
0.96,1.95,0.144261
0.96,1.96,0.144049
0.96,1.97,0.138287
0.96,1.98,0.152566
0.96,1.99,0.154152
0.96,2,0.140672
0.96,2.01,0.149554
0.96,2.02,0.136059
0.96,2.03,0.146693
0.96,2.04,0.137857
0.96,2.05,0.146883
0.96,2.06,0.145909
0.96,2.07,0.147331
0.96,2.08,0.137422
0.96,2.09,0.14491
0.96,2.1,0.144876
0.96,2.11,0.16853
0.96,2.12,0.145765
0.96,2.13,0.140104
0.96,2.14,0.147515
0.96,2.15,0.140547
0.96,2.16,0.144356
0.96,2.17,0.151359
0.96,2.18,0.157525
0.96,2.19,0.142235
0.96,2.2,0.130545
0.96,2.21,0.149727
0.96,2.22,0.148021
0.96,2.23,0.143471
0.96,2.24,0.146832
0.96,2.25,0.14364
0.96,2.26,0.15846
0.96,2.27,0.14648
0.96,2.28,0.14304
0.96,2.29,0.139812
0.96,2.3,0.127597
0.96,2.31,0.146031
0.96,2.32,0.139802
0.96,2.33,0.147537
0.96,2.34,0.160735
0.96,2.35,0.147212
0.96,2.36,0.141797
0.96,2.37,0.14489
0.96,2.38,0.134628
0.96,2.39,0.146939
0.96,2.4,0.136374
0.96,2.41,0.12929
0.96,2.42,0.149714
0.96,2.43,0.142081
0.96,2.44,0.145742
0.96,2.45,0.146001
0.96,2.46,0.133718
0.96,2.47,0.146849
0.96,2.48,0.150293
0.96,2.49,0.148707
0.96,2.5,0.141029
0.96,2.51,0.136298
0.96,2.52,0.1419
0.96,2.53,0.153966
0.96,2.54,0.16543
0.96,2.55,0.141322
0.96,2.56,0.14354
0.96,2.57,0.149261
0.96,2.58,0.13266
0.96,2.59,0.15146
0.96,2.6,0.145574
0.96,2.61,0.142532
0.96,2.62,0.164209
0.96,2.63,0.142988
0.96,2.64,0.137424
0.96,2.65,0.137309
0.96,2.66,0.13944
0.96,2.67,0.139265
0.96,2.68,0.139265
0.96,2.69,0.14339
0.96,2.7,0.136897
0.96,2.71,0.151176
0.96,2.72,0.143601
0.96,2.73,0.153544
0.96,2.74,0.144472
0.96,2.75,0.143295
0.96,2.76,0.138253
0.96,2.77,0.146725
0.96,2.78,0.139049
0.96,2.79,0.14295
0.96,2.8,0.146183
0.96,2.81,0.134078
0.96,2.82,0.151098
0.96,2.83,0.15132
0.96,2.84,0.14293
0.96,2.85,0.156724
0.96,2.86,0.152053
0.96,2.87,0.140413
0.96,2.88,0.141406
0.96,2.89,0.136545
0.96,2.9,0.152327
0.96,2.91,0.137612
0.96,2.92,0.140582
0.96,2.93,0.1473
0.96,2.94,0.133535
0.96,2.95,0.139613
0.96,2.96,0.145701
0.96,2.97,0.152552
0.96,2.98,0.131409
0.96,2.99,0.145318
0.96,3,0.150507
0.96,3.01,0.149234
0.96,3.02,0.141499
0.96,3.03,0.137682
0.96,3.04,0.138316
0.96,3.05,0.146468
0.96,3.06,0.139939
0.96,3.07,0.129941
0.96,3.08,0.124667
0.96,3.09,0.139989
0.96,3.1,0.135185
0.96,3.11,0.151923
0.96,3.12,0.142431
0.96,3.13,0.146992
0.96,3.14,0.139656
0.96,3.15,0.137793
0.96,3.16,0.145572
0.96,3.17,0.154345
0.96,3.18,0.156928
0.96,3.19,0.14034
0.96,3.2,0.138351
0.96,3.21,0.138151
0.96,3.22,0.149693
0.96,3.23,0.145483
0.96,3.24,0.135365
0.96,3.25,0.144562
0.96,3.26,0.14157
0.96,3.27,0.150855
0.96,3.28,0.138854
0.96,3.29,0.149633
0.96,3.3,0.155355
0.96,3.31,0.153199
0.96,3.32,0.15628
0.96,3.33,0.13934
0.96,3.34,0.147185
0.96,3.35,0.137946
0.96,3.36,0.150469
0.96,3.37,0.151445
0.96,3.38,0.159003
0.96,3.39,0.151559
0.96,3.4,0.15096
0.96,3.41,0.121528
0.96,3.42,0.143241
0.96,3.43,0.160338
0.96,3.44,0.140599
0.96,3.45,0.149409
0.96,3.46,0.139431
0.96,3.47,0.1474
0.96,3.48,0.146
0.96,3.49,0.15626
0.96,3.5,0.135267
0.96,3.51,0.154445
0.96,3.52,0.15678
0.96,3.53,0.140227
0.96,3.54,0.15154
0.96,3.55,0.134687
0.96,3.56,0.164708
0.96,3.57,0.144042
0.96,3.58,0.151584
0.96,3.59,0.133555
0.96,3.6,0.145011
0.96,3.61,0.148443
0.96,3.62,0.146633
0.96,3.63,0.147686
0.96,3.64,0.150829
0.96,3.65,0.147187
0.96,3.66,0.143209
0.96,3.67,0.13955
0.96,3.68,0.151452
0.96,3.69,0.138601
0.96,3.7,0.13427
0.96,3.71,0.152671
0.96,3.72,0.13416
0.96,3.73,0.147023
0.96,3.74,0.163695
0.96,3.75,0.149259
0.96,3.76,0.133933
0.96,3.77,0.161043
0.96,3.78,0.157502
0.96,3.79,0.151455
0.96,3.8,0.147263
0.96,3.81,0.14158
0.96,3.82,0.151771
0.96,3.83,0.155976
0.96,3.84,0.149989
0.96,3.85,0.140847
0.96,3.86,0.144678
0.96,3.87,0.153419
0.96,3.88,0.150762
0.96,3.89,0.139225
0.96,3.9,0.154814
0.96,3.91,0.145846
0.96,3.92,0.160431
0.96,3.93,0.140483
0.96,3.94,0.133718
0.96,3.95,0.157645
0.96,3.96,0.144959
0.96,3.97,0.140206
0.96,3.98,0.144379
0.96,3.99,0.141781
0.96,4,0.156006
0.96,4.01,0.140082
0.96,4.02,0.158838
0.96,4.03,0.136589
0.96,4.04,0.141229
0.96,4.05,0.141537
0.96,4.06,0.14282
0.96,4.07,0.14436
0.96,4.08,0.143689
0.96,4.09,0.151589
0.96,4.1,0.146653
0.96,4.11,0.158166
0.96,4.12,0.139233
0.96,4.13,0.14143
0.96,4.14,0.143582
0.96,4.15,0.139497
0.96,4.16,0.149685
0.96,4.17,0.141617
0.96,4.18,0.141459
0.96,4.19,0.149837
0.96,4.2,0.145137
0.96,4.21,0.142965
0.96,4.22,0.151496
0.96,4.23,0.141823
0.96,4.24,0.138246
0.96,4.25,0.145327
0.96,4.26,0.152354
0.96,4.27,0.133419
0.96,4.28,0.13013
0.96,4.29,0.131328
0.96,4.3,0.151077
0.96,4.31,0.150022
0.96,4.32,0.147092
0.96,4.33,0.132978
0.96,4.34,0.145351
0.96,4.35,0.160806
0.96,4.36,0.155144
0.96,4.37,0.148267
0.96,4.38,0.152411
0.96,4.39,0.138514
0.96,4.4,0.13788
0.96,4.41,0.143537
0.96,4.42,0.132678
0.96,4.43,0.156053
0.96,4.44,0.136312
0.96,4.45,0.140296
0.96,4.46,0.146765
0.96,4.47,0.148629
0.96,4.48,0.139394
0.96,4.49,0.145112
0.96,4.5,0.145093
0.96,4.51,0.140138
0.96,4.52,0.131245
0.96,4.53,0.148345
0.96,4.54,0.148974
0.96,4.55,0.139585
0.96,4.56,0.134393
0.96,4.57,0.146496
0.96,4.58,0.150463
0.96,4.59,0.139728
0.96,4.6,0.143949
0.96,4.61,0.143832
0.96,4.62,0.160275
0.96,4.63,0.14041
0.96,4.64,0.14935
0.96,4.65,0.141435
0.96,4.66,0.150585
0.96,4.67,0.133531
0.96,4.68,0.14649
0.96,4.69,0.141195
0.96,4.7,0.142038
0.96,4.71,0.146434
0.96,4.72,0.153763
0.96,4.73,0.147424
0.96,4.74,0.14692
0.96,4.75,0.157544
0.96,4.76,0.143062
0.96,4.77,0.155082
0.96,4.78,0.150029
0.96,4.79,0.138334
0.96,4.8,0.146768
0.96,4.81,0.154792
0.96,4.82,0.140096
0.96,4.83,0.137582
0.96,4.84,0.153879
0.96,4.85,0.150467
0.96,4.86,0.144185
0.96,4.87,0.15085
0.96,4.88,0.148657
0.96,4.89,0.143988
0.96,4.9,0.142631
0.96,4.91,0.145637
0.96,4.92,0.138808
0.96,4.93,0.133869
0.96,4.94,0.144894
0.96,4.95,0.145405
0.96,4.96,0.142697
0.96,4.97,0.14146
0.96,4.98,0.146934
0.96,4.99,0.138756
0.96,5,0.151095
0.96,5.01,0.150776
0.96,5.02,0.155083
0.96,5.03,0.14549
0.96,5.04,0.135257
0.96,5.05,0.134264
0.96,5.06,0.13725
0.96,5.07,0.154552
0.96,5.08,0.133511
0.96,5.09,0.15067
0.96,5.1,0.144901
0.96,5.11,0.15276
0.96,5.12,0.145051
0.96,5.13,0.143662
0.96,5.14,0.160827
0.96,5.15,0.155564
0.96,5.16,0.13344
0.96,5.17,0.142977
0.96,5.18,0.137473
0.96,5.19,0.14645
0.96,5.2,0.145071
0.96,5.21,0.143838
0.96,5.22,0.140746
0.96,5.23,0.14703
0.96,5.24,0.130966
0.96,5.25,0.13782
0.96,5.26,0.142339
0.96,5.27,0.150645
0.96,5.28,0.138178
0.96,5.29,0.143496
0.96,5.3,0.146229
0.96,5.31,0.142868
0.96,5.32,0.14654
0.96,5.33,0.143387
0.96,5.34,0.142163
0.96,5.35,0.13833
0.96,5.36,0.13737
0.96,5.37,0.14717
0.96,5.38,0.144058
0.96,5.39,0.12887
0.96,5.4,0.145197
0.96,5.41,0.15493
0.96,5.42,0.150112
0.96,5.43,0.14704
0.96,5.44,0.142537
0.96,5.45,0.14309
0.96,5.46,0.139627
0.96,5.47,0.136971
0.96,5.48,0.147653
0.96,5.49,0.15149
0.96,5.5,0.155855
0.96,5.51,0.138315
0.96,5.52,0.141363
0.96,5.53,0.136016
0.96,5.54,0.143107
0.96,5.55,0.136531
0.96,5.56,0.147662
0.96,5.57,0.146744
0.96,5.58,0.133369
0.96,5.59,0.153173
0.96,5.6,0.141613
0.96,5.61,0.14622
0.96,5.62,0.147101
0.96,5.63,0.142917
0.96,5.64,0.136968
0.96,5.65,0.139643
0.96,5.66,0.148131
0.96,5.67,0.160217
0.96,5.68,0.139536
0.96,5.69,0.14144
0.96,5.7,0.144053
0.96,5.71,0.154899
0.96,5.72,0.150221
0.96,5.73,0.141682
0.96,5.74,0.15214
0.96,5.75,0.143053
0.96,5.76,0.15094
0.96,5.77,0.145694
0.96,5.78,0.144326
0.96,5.79,0.149507
0.96,5.8,0.144362
0.96,5.81,0.150601
0.96,5.82,0.147575
0.96,5.83,0.154218
0.96,5.84,0.146755
0.96,5.85,0.133068
0.96,5.86,0.137616
0.96,5.87,0.145943
0.96,5.88,0.153432
0.96,5.89,0.136904
0.96,5.9,0.140634
0.96,5.91,0.136327
0.96,5.92,0.140629
0.96,5.93,0.140881
0.96,5.94,0.143499
0.96,5.95,0.131812
0.96,5.96,0.142722
0.96,5.97,0.149659
0.96,5.98,0.159981
0.96,5.99,0.133661
0.96,6,0.139289
0.96,6.01,0.145272
0.96,6.02,0.140224
0.96,6.03,0.144518
0.96,6.04,0.144579
0.96,6.05,0.145829
0.96,6.06,0.138354
0.96,6.07,0.164094
0.96,6.08,0.152148
0.96,6.09,0.146863
0.96,6.1,0.152413
0.96,6.11,0.136836
0.96,6.12,0.145906
0.96,6.13,0.13995
0.96,6.14,0.149228
0.96,6.15,0.136396
0.96,6.16,0.141911
0.96,6.17,0.140372
0.96,6.18,0.147961
0.96,6.19,0.139728
0.96,6.2,0.137676
0.96,6.21,0.146341
0.96,6.22,0.146913
0.96,6.23,0.142307
0.96,6.24,0.153416
0.96,6.25,0.139405
0.96,6.26,0.144677
0.96,6.27,0.141972
0.96,6.28,0.158919
0.97,0,0.133639
0.97,0.01,0.132433
0.97,0.02,0.140633
0.97,0.03,0.150546
0.97,0.04,0.162036
0.97,0.05,0.139703
0.97,0.06,0.129965
0.97,0.07,0.12962
0.97,0.08,0.140908
0.97,0.09,0.147238
0.97,0.1,0.136222
0.97,0.11,0.13893
0.97,0.12,0.139497
0.97,0.13,0.131907
0.97,0.14,0.143304
0.97,0.15,0.148416
0.97,0.16,0.141619
0.97,0.17,0.139136
0.97,0.18,0.135133
0.97,0.19,0.147876
0.97,0.2,0.140385
0.97,0.21,0.144143
0.97,0.22,0.142734
0.97,0.23,0.143095
0.97,0.24,0.134865
0.97,0.25,0.140658
0.97,0.26,0.137455
0.97,0.27,0.134039
0.97,0.28,0.148075
0.97,0.29,0.153758
0.97,0.3,0.152015
0.97,0.31,0.135851
0.97,0.32,0.133531
0.97,0.33,0.150101
0.97,0.34,0.144267
0.97,0.35,0.152809
0.97,0.36,0.149387
0.97,0.37,0.12647
0.97,0.38,0.150601
0.97,0.39,0.150227
0.97,0.4,0.142345
0.97,0.41,0.141588
0.97,0.42,0.141584
0.97,0.43,0.13431
0.97,0.44,0.138393
0.97,0.45,0.136779
0.97,0.46,0.144819
0.97,0.47,0.152037
0.97,0.48,0.14166
0.97,0.49,0.149329
0.97,0.5,0.147185
0.97,0.51,0.152935
0.97,0.52,0.145206
0.97,0.53,0.153395
0.97,0.54,0.152938
0.97,0.55,0.151357
0.97,0.56,0.140217
0.97,0.57,0.142685
0.97,0.58,0.140503
0.97,0.59,0.135776
0.97,0.6,0.136765
0.97,0.61,0.140891
0.97,0.62,0.148055
0.97,0.63,0.128317
0.97,0.64,0.141203
0.97,0.65,0.137971
0.97,0.66,0.15272
0.97,0.67,0.148762
0.97,0.68,0.148455
0.97,0.69,0.134042
0.97,0.7,0.132442
0.97,0.71,0.149
0.97,0.72,0.138171
0.97,0.73,0.140352
0.97,0.74,0.141593
0.97,0.75,0.157917
0.97,0.76,0.14142
0.97,0.77,0.145774
0.97,0.78,0.14731
0.97,0.79,0.150013
0.97,0.8,0.137469
0.97,0.81,0.135836
0.97,0.82,0.156038
0.97,0.83,0.157877
0.97,0.84,0.156352
0.97,0.85,0.142288
0.97,0.86,0.14514
0.97,0.87,0.151116
0.97,0.88,0.13694
0.97,0.89,0.14729
0.97,0.9,0.143464
0.97,0.91,0.146067
0.97,0.92,0.139298
0.97,0.93,0.143719
0.97,0.94,0.130558
0.97,0.95,0.148685
0.97,0.96,0.150873
0.97,0.97,0.152114
0.97,0.98,0.127447
0.97,0.99,0.144083
0.97,1,0.151447
0.97,1.01,0.156706
0.97,1.02,0.135205
0.97,1.03,0.155215
0.97,1.04,0.144438
0.97,1.05,0.133172
0.97,1.06,0.139229
0.97,1.07,0.135175
0.97,1.08,0.1465
0.97,1.09,0.13685
0.97,1.1,0.136578
0.97,1.11,0.142032
0.97,1.12,0.151542
0.97,1.13,0.158603
0.97,1.14,0.138984
0.97,1.15,0.144197
0.97,1.16,0.134455
0.97,1.17,0.134768
0.97,1.18,0.137009
0.97,1.19,0.150674
0.97,1.2,0.138573
0.97,1.21,0.136413
0.97,1.22,0.144883
0.97,1.23,0.14015
0.97,1.24,0.145246
0.97,1.25,0.147215
0.97,1.26,0.145559
0.97,1.27,0.134991
0.97,1.28,0.154015
0.97,1.29,0.155305
0.97,1.3,0.141346
0.97,1.31,0.156237
0.97,1.32,0.123023
0.97,1.33,0.145994
0.97,1.34,0.133742
0.97,1.35,0.158669
0.97,1.36,0.136676
0.97,1.37,0.143638
0.97,1.38,0.145411
0.97,1.39,0.14124
0.97,1.4,0.162535
0.97,1.41,0.138963
0.97,1.42,0.150466
0.97,1.43,0.157658
0.97,1.44,0.138294
0.97,1.45,0.127804
0.97,1.46,0.154136
0.97,1.47,0.133594
0.97,1.48,0.142173
0.97,1.49,0.145014
0.97,1.5,0.150005
0.97,1.51,0.124987
0.97,1.52,0.148153
0.97,1.53,0.151712
0.97,1.54,0.132544
0.97,1.55,0.148527
0.97,1.56,0.138923
0.97,1.57,0.140088
0.97,1.58,0.142709
0.97,1.59,0.142903
0.97,1.6,0.159989
0.97,1.61,0.142886
0.97,1.62,0.144068
0.97,1.63,0.137425
0.97,1.64,0.14101
0.97,1.65,0.141496
0.97,1.66,0.14865
0.97,1.67,0.138981
0.97,1.68,0.148038
0.97,1.69,0.149619
0.97,1.7,0.148387
0.97,1.71,0.149802
0.97,1.72,0.148665
0.97,1.73,0.158513
0.97,1.74,0.148652
0.97,1.75,0.136654
0.97,1.76,0.142138
0.97,1.77,0.156024
0.97,1.78,0.136499
0.97,1.79,0.14794
0.97,1.8,0.146973
0.97,1.81,0.139642
0.97,1.82,0.131796
0.97,1.83,0.135227
0.97,1.84,0.129359
0.97,1.85,0.139102
0.97,1.86,0.150515
0.97,1.87,0.157567
0.97,1.88,0.14741
0.97,1.89,0.140868
0.97,1.9,0.154962
0.97,1.91,0.148759
0.97,1.92,0.13293
0.97,1.93,0.156023
0.97,1.94,0.147169
0.97,1.95,0.145419
0.97,1.96,0.153452
0.97,1.97,0.146287
0.97,1.98,0.141331
0.97,1.99,0.143111
0.97,2,0.139693
0.97,2.01,0.1468
0.97,2.02,0.150233
0.97,2.03,0.126749
0.97,2.04,0.149813
0.97,2.05,0.157066
0.97,2.06,0.139141
0.97,2.07,0.146159
0.97,2.08,0.143805
0.97,2.09,0.144131
0.97,2.1,0.141317
0.97,2.11,0.150845
0.97,2.12,0.141526
0.97,2.13,0.142923
0.97,2.14,0.141999
0.97,2.15,0.133902
0.97,2.16,0.135665
0.97,2.17,0.143378
0.97,2.18,0.142643
0.97,2.19,0.142356
0.97,2.2,0.144482
0.97,2.21,0.144773
0.97,2.22,0.147831
0.97,2.23,0.142649
0.97,2.24,0.14542
0.97,2.25,0.145966
0.97,2.26,0.135908
0.97,2.27,0.134556
0.97,2.28,0.133451
0.97,2.29,0.137625
0.97,2.3,0.15588
0.97,2.31,0.144292
0.97,2.32,0.156791
0.97,2.33,0.163209
0.97,2.34,0.151478
0.97,2.35,0.140032
0.97,2.36,0.134363
0.97,2.37,0.136395
0.97,2.38,0.156814
0.97,2.39,0.149736
0.97,2.4,0.1297
0.97,2.41,0.145404
0.97,2.42,0.150911
0.97,2.43,0.146528
0.97,2.44,0.135655
0.97,2.45,0.151636
0.97,2.46,0.155896
0.97,2.47,0.141291
0.97,2.48,0.143437
0.97,2.49,0.14849
0.97,2.5,0.134285
0.97,2.51,0.148714
0.97,2.52,0.142864
0.97,2.53,0.145967
0.97,2.54,0.130253
0.97,2.55,0.14569
0.97,2.56,0.133769
0.97,2.57,0.139875
0.97,2.58,0.129718
0.97,2.59,0.149652
0.97,2.6,0.140069
0.97,2.61,0.139697
0.97,2.62,0.147546
0.97,2.63,0.144669
0.97,2.64,0.141079
0.97,2.65,0.138593
0.97,2.66,0.143399
0.97,2.67,0.142405
0.97,2.68,0.15348
0.97,2.69,0.147965
0.97,2.7,0.144239
0.97,2.71,0.137372
0.97,2.72,0.145092
0.97,2.73,0.144135
0.97,2.74,0.140604
0.97,2.75,0.143726
0.97,2.76,0.139189
0.97,2.77,0.151454
0.97,2.78,0.153079
0.97,2.79,0.137528
0.97,2.8,0.138027
0.97,2.81,0.151347
0.97,2.82,0.13744
0.97,2.83,0.137143
0.97,2.84,0.154827
0.97,2.85,0.146121
0.97,2.86,0.151846
0.97,2.87,0.139975
0.97,2.88,0.127593
0.97,2.89,0.139577
0.97,2.9,0.143021
0.97,2.91,0.150657
0.97,2.92,0.144678
0.97,2.93,0.151551
0.97,2.94,0.141888
0.97,2.95,0.147996
0.97,2.96,0.142504
0.97,2.97,0.154741
0.97,2.98,0.151709
0.97,2.99,0.135103
0.97,3,0.14315
0.97,3.01,0.154491
0.97,3.02,0.15249
0.97,3.03,0.142084
0.97,3.04,0.144542
0.97,3.05,0.132033
0.97,3.06,0.138644
0.97,3.07,0.154408
0.97,3.08,0.122838
0.97,3.09,0.144268
0.97,3.1,0.149426
0.97,3.11,0.146395
0.97,3.12,0.157173
0.97,3.13,0.136521
0.97,3.14,0.13466
0.97,3.15,0.156288
0.97,3.16,0.150681
0.97,3.17,0.147038
0.97,3.18,0.140369
0.97,3.19,0.148256
0.97,3.2,0.147998
0.97,3.21,0.13345
0.97,3.22,0.152956
0.97,3.23,0.150392
0.97,3.24,0.138562
0.97,3.25,0.148103
0.97,3.26,0.143848
0.97,3.27,0.145082
0.97,3.28,0.144539
0.97,3.29,0.146177
0.97,3.3,0.152433
0.97,3.31,0.152723
0.97,3.32,0.136026
0.97,3.33,0.144341
0.97,3.34,0.151444
0.97,3.35,0.144012
0.97,3.36,0.141171
0.97,3.37,0.150081
0.97,3.38,0.143243
0.97,3.39,0.155314
0.97,3.4,0.142969
0.97,3.41,0.144065
0.97,3.42,0.151125
0.97,3.43,0.166181
0.97,3.44,0.139408
0.97,3.45,0.138237
0.97,3.46,0.135703
0.97,3.47,0.143737
0.97,3.48,0.133541
0.97,3.49,0.134532
0.97,3.5,0.124465
0.97,3.51,0.139631
0.97,3.52,0.143282
0.97,3.53,0.147538
0.97,3.54,0.144468
0.97,3.55,0.149777
0.97,3.56,0.136328
0.97,3.57,0.147258
0.97,3.58,0.144621
0.97,3.59,0.137624
0.97,3.6,0.132926
0.97,3.61,0.145106
0.97,3.62,0.146132
0.97,3.63,0.144453
0.97,3.64,0.145166
0.97,3.65,0.137002
0.97,3.66,0.14041
0.97,3.67,0.138824
0.97,3.68,0.15047
0.97,3.69,0.133067
0.97,3.7,0.141377
0.97,3.71,0.140298
0.97,3.72,0.149582
0.97,3.73,0.143282
0.97,3.74,0.143028
0.97,3.75,0.148295
0.97,3.76,0.143606
0.97,3.77,0.141481
0.97,3.78,0.147958
0.97,3.79,0.143062
0.97,3.8,0.146606
0.97,3.81,0.137503
0.97,3.82,0.148746
0.97,3.83,0.13218
0.97,3.84,0.159967
0.97,3.85,0.142309
0.97,3.86,0.147509
0.97,3.87,0.146977
0.97,3.88,0.141694
0.97,3.89,0.13576
0.97,3.9,0.148319
0.97,3.91,0.144144
0.97,3.92,0.146951
0.97,3.93,0.148665
0.97,3.94,0.139894
0.97,3.95,0.129556
0.97,3.96,0.149162
0.97,3.97,0.139891
0.97,3.98,0.153023
0.97,3.99,0.135217
0.97,4,0.150125
0.97,4.01,0.156587
0.97,4.02,0.140958
0.97,4.03,0.144131
0.97,4.04,0.153675
0.97,4.05,0.156783
0.97,4.06,0.133277
0.97,4.07,0.146375
0.97,4.08,0.145021
0.97,4.09,0.162947
0.97,4.1,0.1577
0.97,4.11,0.138756
0.97,4.12,0.148895
0.97,4.13,0.159887
0.97,4.14,0.145209
0.97,4.15,0.127992
0.97,4.16,0.145117
0.97,4.17,0.146554
0.97,4.18,0.143899
0.97,4.19,0.140544
0.97,4.2,0.146184
0.97,4.21,0.142423
0.97,4.22,0.152061
0.97,4.23,0.140578
0.97,4.24,0.134177
0.97,4.25,0.143286
0.97,4.26,0.148061
0.97,4.27,0.148013
0.97,4.28,0.144092
0.97,4.29,0.132982
0.97,4.3,0.153324
0.97,4.31,0.130225
0.97,4.32,0.146733
0.97,4.33,0.142217
0.97,4.34,0.124837
0.97,4.35,0.148991
0.97,4.36,0.145648
0.97,4.37,0.14761
0.97,4.38,0.145394
0.97,4.39,0.14391
0.97,4.4,0.151175
0.97,4.41,0.141244
0.97,4.42,0.150476
0.97,4.43,0.140007
0.97,4.44,0.15458
0.97,4.45,0.142599
0.97,4.46,0.143615
0.97,4.47,0.13727
0.97,4.48,0.149062
0.97,4.49,0.145074
0.97,4.5,0.142468
0.97,4.51,0.145881
0.97,4.52,0.146491
0.97,4.53,0.136193
0.97,4.54,0.142325
0.97,4.55,0.137678
0.97,4.56,0.150784
0.97,4.57,0.144131
0.97,4.58,0.156539
0.97,4.59,0.151633
0.97,4.6,0.141262
0.97,4.61,0.1455
0.97,4.62,0.150461
0.97,4.63,0.130091
0.97,4.64,0.138792
0.97,4.65,0.153188
0.97,4.66,0.141847
0.97,4.67,0.146435
0.97,4.68,0.137205
0.97,4.69,0.144616
0.97,4.7,0.145417
0.97,4.71,0.157034
0.97,4.72,0.134671
0.97,4.73,0.140424
0.97,4.74,0.142204
0.97,4.75,0.137528
0.97,4.76,0.146082
0.97,4.77,0.148575
0.97,4.78,0.135882
0.97,4.79,0.151589
0.97,4.8,0.15829
0.97,4.81,0.165098
0.97,4.82,0.144686
0.97,4.83,0.150213
0.97,4.84,0.153649
0.97,4.85,0.13889
0.97,4.86,0.149647
0.97,4.87,0.14374
0.97,4.88,0.141328
0.97,4.89,0.150082
0.97,4.9,0.144265
0.97,4.91,0.132586
0.97,4.92,0.146191
0.97,4.93,0.149553
0.97,4.94,0.146069
0.97,4.95,0.146348
0.97,4.96,0.146529
0.97,4.97,0.157513
0.97,4.98,0.153524
0.97,4.99,0.153412
0.97,5,0.145776
0.97,5.01,0.148618
0.97,5.02,0.149813
0.97,5.03,0.145404
0.97,5.04,0.143449
0.97,5.05,0.132794
0.97,5.06,0.147926
0.97,5.07,0.152186
0.97,5.08,0.14242
0.97,5.09,0.153667
0.97,5.1,0.138504
0.97,5.11,0.145055
0.97,5.12,0.140994
0.97,5.13,0.150448
0.97,5.14,0.15383
0.97,5.15,0.131647
0.97,5.16,0.15199
0.97,5.17,0.133261
0.97,5.18,0.138079
0.97,5.19,0.150114
0.97,5.2,0.139835
0.97,5.21,0.146964
0.97,5.22,0.127286
0.97,5.23,0.147427
0.97,5.24,0.141248
0.97,5.25,0.130348
0.97,5.26,0.159367
0.97,5.27,0.146898
0.97,5.28,0.144813
0.97,5.29,0.144269
0.97,5.3,0.141384
0.97,5.31,0.142546
0.97,5.32,0.153828
0.97,5.33,0.139081
0.97,5.34,0.148489
0.97,5.35,0.148128
0.97,5.36,0.144363
0.97,5.37,0.15602
0.97,5.38,0.162038
0.97,5.39,0.15907
0.97,5.4,0.146526
0.97,5.41,0.132913
0.97,5.42,0.144129
0.97,5.43,0.143958
0.97,5.44,0.139512
0.97,5.45,0.159077
0.97,5.46,0.147162
0.97,5.47,0.148596
0.97,5.48,0.139523
0.97,5.49,0.148626
0.97,5.5,0.139582
0.97,5.51,0.139645
0.97,5.52,0.145532
0.97,5.53,0.127186
0.97,5.54,0.137429
0.97,5.55,0.14946
0.97,5.56,0.135532
0.97,5.57,0.141497
0.97,5.58,0.143943
0.97,5.59,0.150742
0.97,5.6,0.14936
0.97,5.61,0.149454
0.97,5.62,0.154867
0.97,5.63,0.148458
0.97,5.64,0.153918
0.97,5.65,0.141478
0.97,5.66,0.145688
0.97,5.67,0.150599
0.97,5.68,0.145359
0.97,5.69,0.138145
0.97,5.7,0.139326
0.97,5.71,0.137188
0.97,5.72,0.137512
0.97,5.73,0.134308
0.97,5.74,0.145553
0.97,5.75,0.13466
0.97,5.76,0.141823
0.97,5.77,0.139962
0.97,5.78,0.140374
0.97,5.79,0.152901
0.97,5.8,0.148412
0.97,5.81,0.146192
0.97,5.82,0.123122
0.97,5.83,0.151545
0.97,5.84,0.152547
0.97,5.85,0.14092
0.97,5.86,0.148223
0.97,5.87,0.14778
0.97,5.88,0.143877
0.97,5.89,0.150759
0.97,5.9,0.149096
0.97,5.91,0.146972
0.97,5.92,0.135042
0.97,5.93,0.15369
0.97,5.94,0.146062
0.97,5.95,0.135307
0.97,5.96,0.136343
0.97,5.97,0.156736
0.97,5.98,0.15336
0.97,5.99,0.14114
0.97,6,0.148783
0.97,6.01,0.147756
0.97,6.02,0.136315
0.97,6.03,0.146555
0.97,6.04,0.142276
0.97,6.05,0.133928
0.97,6.06,0.144653
0.97,6.07,0.140885
0.97,6.08,0.144925
0.97,6.09,0.149744
0.97,6.1,0.15012
0.97,6.11,0.144009
0.97,6.12,0.150291
0.97,6.13,0.14524
0.97,6.14,0.140014
0.97,6.15,0.141812
0.97,6.16,0.142765
0.97,6.17,0.136564
0.97,6.18,0.135372
0.97,6.19,0.139071
0.97,6.2,0.139377
0.97,6.21,0.138747
0.97,6.22,0.138521
0.97,6.23,0.150386
0.97,6.24,0.136276
0.97,6.25,0.134915
0.97,6.26,0.14348
0.97,6.27,0.144752
0.97,6.28,0.140383
0.98,0,0.139476
0.98,0.01,0.127133
0.98,0.02,0.138936
0.98,0.03,0.138863
0.98,0.04,0.13062
0.98,0.05,0.139601
0.98,0.06,0.145156
0.98,0.07,0.1431
0.98,0.08,0.13913
0.98,0.09,0.146087
0.98,0.1,0.145657
0.98,0.11,0.130731
0.98,0.12,0.141616
0.98,0.13,0.147747
0.98,0.14,0.141729
0.98,0.15,0.14146
0.98,0.16,0.145187
0.98,0.17,0.138503
0.98,0.18,0.138314
0.98,0.19,0.12824
0.98,0.2,0.13298
0.98,0.21,0.143707
0.98,0.22,0.143957
0.98,0.23,0.155796
0.98,0.24,0.137371
0.98,0.25,0.148968
0.98,0.26,0.141648
0.98,0.27,0.156014
0.98,0.28,0.146134
0.98,0.29,0.126745
0.98,0.3,0.143481
0.98,0.31,0.156561
0.98,0.32,0.142496
0.98,0.33,0.143679
0.98,0.34,0.141349
0.98,0.35,0.151573
0.98,0.36,0.14977
0.98,0.37,0.140641
0.98,0.38,0.13143
0.98,0.39,0.134272
0.98,0.4,0.135603
0.98,0.41,0.140716
0.98,0.42,0.143951
0.98,0.43,0.150724
0.98,0.44,0.138996
0.98,0.45,0.149715
0.98,0.46,0.136289
0.98,0.47,0.133553
0.98,0.48,0.13009
0.98,0.49,0.143958
0.98,0.5,0.149278
0.98,0.51,0.139339
0.98,0.52,0.144583
0.98,0.53,0.147081
0.98,0.54,0.148018
0.98,0.55,0.150164
0.98,0.56,0.143447
0.98,0.57,0.161076
0.98,0.58,0.147803
0.98,0.59,0.155758
0.98,0.6,0.126659
0.98,0.61,0.136968
0.98,0.62,0.136511
0.98,0.63,0.144063
0.98,0.64,0.1394
0.98,0.65,0.156935
0.98,0.66,0.153005
0.98,0.67,0.145903
0.98,0.68,0.141284
0.98,0.69,0.144059
0.98,0.7,0.150036
0.98,0.71,0.133916
0.98,0.72,0.136948
0.98,0.73,0.1355
0.98,0.74,0.135444
0.98,0.75,0.129709
0.98,0.76,0.138861
0.98,0.77,0.126225
0.98,0.78,0.140691
0.98,0.79,0.127822
0.98,0.8,0.154694
0.98,0.81,0.146841
0.98,0.82,0.149238
0.98,0.83,0.150757
0.98,0.84,0.149434
0.98,0.85,0.132058
0.98,0.86,0.135376
0.98,0.87,0.145651
0.98,0.88,0.13504
0.98,0.89,0.135463
0.98,0.9,0.145178
0.98,0.91,0.156365
0.98,0.92,0.138844
0.98,0.93,0.15279
0.98,0.94,0.139965
0.98,0.95,0.140923
0.98,0.96,0.149809
0.98,0.97,0.125233
0.98,0.98,0.147947
0.98,0.99,0.130555
0.98,1,0.142764
0.98,1.01,0.13407
0.98,1.02,0.131925
0.98,1.03,0.155387
0.98,1.04,0.141745
0.98,1.05,0.132512
0.98,1.06,0.156058
0.98,1.07,0.146367
0.98,1.08,0.142354
0.98,1.09,0.142535
0.98,1.1,0.135617
0.98,1.11,0.144813
0.98,1.12,0.128361
0.98,1.13,0.140082
0.98,1.14,0.137963
0.98,1.15,0.140817
0.98,1.16,0.157676
0.98,1.17,0.146378
0.98,1.18,0.143485
0.98,1.19,0.139759
0.98,1.2,0.131197
0.98,1.21,0.137379
0.98,1.22,0.160653
0.98,1.23,0.139588
0.98,1.24,0.133062
0.98,1.25,0.142117
0.98,1.26,0.140776
0.98,1.27,0.137554
0.98,1.28,0.139126
0.98,1.29,0.139139
0.98,1.3,0.141193
0.98,1.31,0.145187
0.98,1.32,0.151945
0.98,1.33,0.133914
0.98,1.34,0.140445
0.98,1.35,0.137498
0.98,1.36,0.146134
0.98,1.37,0.142413
0.98,1.38,0.142263
0.98,1.39,0.165715
0.98,1.4,0.132182
0.98,1.41,0.154839
0.98,1.42,0.139867
0.98,1.43,0.143846
0.98,1.44,0.154503
0.98,1.45,0.159002
0.98,1.46,0.138518
0.98,1.47,0.130932
0.98,1.48,0.143293
0.98,1.49,0.154862
0.98,1.5,0.138549
0.98,1.51,0.14784
0.98,1.52,0.152739
0.98,1.53,0.155105
0.98,1.54,0.141341
0.98,1.55,0.151274
0.98,1.56,0.146454
0.98,1.57,0.151556
0.98,1.58,0.143576
0.98,1.59,0.147597
0.98,1.6,0.153514
0.98,1.61,0.137008
0.98,1.62,0.155123
0.98,1.63,0.155843
0.98,1.64,0.146149
0.98,1.65,0.152962
0.98,1.66,0.144866
0.98,1.67,0.134811
0.98,1.68,0.146823
0.98,1.69,0.146369
0.98,1.7,0.134135
0.98,1.71,0.142944
0.98,1.72,0.141092
0.98,1.73,0.147722
0.98,1.74,0.138609
0.98,1.75,0.146216
0.98,1.76,0.148417
0.98,1.77,0.139253
0.98,1.78,0.145532
0.98,1.79,0.138307
0.98,1.8,0.14302
0.98,1.81,0.138963
0.98,1.82,0.15399
0.98,1.83,0.136427
0.98,1.84,0.132253
0.98,1.85,0.141166
0.98,1.86,0.144901
0.98,1.87,0.143797
0.98,1.88,0.13934
0.98,1.89,0.138475
0.98,1.9,0.144213
0.98,1.91,0.139706
0.98,1.92,0.137718
0.98,1.93,0.155127
0.98,1.94,0.136132
0.98,1.95,0.152188
0.98,1.96,0.139041
0.98,1.97,0.137559
0.98,1.98,0.141317
0.98,1.99,0.147482
0.98,2,0.141712
0.98,2.01,0.135901
0.98,2.02,0.154177
0.98,2.03,0.150682
0.98,2.04,0.155065
0.98,2.05,0.141567
0.98,2.06,0.14559
0.98,2.07,0.144867
0.98,2.08,0.148581
0.98,2.09,0.129188
0.98,2.1,0.145793
0.98,2.11,0.144716
0.98,2.12,0.133443
0.98,2.13,0.149493
0.98,2.14,0.139592
0.98,2.15,0.131668
0.98,2.16,0.1473
0.98,2.17,0.142377
0.98,2.18,0.147529
0.98,2.19,0.134726
0.98,2.2,0.139326
0.98,2.21,0.147515
0.98,2.22,0.148972
0.98,2.23,0.156545
0.98,2.24,0.133805
0.98,2.25,0.140123
0.98,2.26,0.148857
0.98,2.27,0.15233
0.98,2.28,0.139867
0.98,2.29,0.141818
0.98,2.3,0.14814
0.98,2.31,0.150152
0.98,2.32,0.147069
0.98,2.33,0.125758
0.98,2.34,0.148114
0.98,2.35,0.143862
0.98,2.36,0.13616
0.98,2.37,0.152699
0.98,2.38,0.13802
0.98,2.39,0.134892
0.98,2.4,0.143574
0.98,2.41,0.145844
0.98,2.42,0.140867
0.98,2.43,0.134746
0.98,2.44,0.142375
0.98,2.45,0.154265
0.98,2.46,0.142958
0.98,2.47,0.144096
0.98,2.48,0.128397
0.98,2.49,0.1478
0.98,2.5,0.154534
0.98,2.51,0.147565
0.98,2.52,0.142077
0.98,2.53,0.153199
0.98,2.54,0.141714
0.98,2.55,0.14689
0.98,2.56,0.139571
0.98,2.57,0.144465
0.98,2.58,0.158199
0.98,2.59,0.148873
0.98,2.6,0.141096
0.98,2.61,0.142395
0.98,2.62,0.152085
0.98,2.63,0.158905
0.98,2.64,0.150307
0.98,2.65,0.127214
0.98,2.66,0.160304
0.98,2.67,0.153776
0.98,2.68,0.152743
0.98,2.69,0.135942
0.98,2.7,0.140949
0.98,2.71,0.129055
0.98,2.72,0.14061
0.98,2.73,0.132141
0.98,2.74,0.15012
0.98,2.75,0.136532
0.98,2.76,0.15849
0.98,2.77,0.139942
0.98,2.78,0.145268
0.98,2.79,0.136009
0.98,2.8,0.147169
0.98,2.81,0.142172
0.98,2.82,0.140822
0.98,2.83,0.152391
0.98,2.84,0.146156
0.98,2.85,0.143914
0.98,2.86,0.142547
0.98,2.87,0.1404
0.98,2.88,0.147364
0.98,2.89,0.141072
0.98,2.9,0.148073
0.98,2.91,0.151293
0.98,2.92,0.145665
0.98,2.93,0.135406
0.98,2.94,0.144605
0.98,2.95,0.138948
0.98,2.96,0.136048
0.98,2.97,0.14505
0.98,2.98,0.158719
0.98,2.99,0.137835
0.98,3,0.14403
0.98,3.01,0.148688
0.98,3.02,0.136496
0.98,3.03,0.156748
0.98,3.04,0.144128
0.98,3.05,0.132089
0.98,3.06,0.145434
0.98,3.07,0.15479
0.98,3.08,0.137267
0.98,3.09,0.146764
0.98,3.1,0.13064
0.98,3.11,0.155867
0.98,3.12,0.139189
0.98,3.13,0.147973
0.98,3.14,0.146171
0.98,3.15,0.145645
0.98,3.16,0.135116
0.98,3.17,0.160695
0.98,3.18,0.151471
0.98,3.19,0.14706
0.98,3.2,0.128053
0.98,3.21,0.142246
0.98,3.22,0.152821
0.98,3.23,0.142572
0.98,3.24,0.141381
0.98,3.25,0.144517
0.98,3.26,0.14322
0.98,3.27,0.151891
0.98,3.28,0.143202
0.98,3.29,0.136174
0.98,3.3,0.145575
0.98,3.31,0.153159
0.98,3.32,0.153206
0.98,3.33,0.138957
0.98,3.34,0.148349
0.98,3.35,0.140946
0.98,3.36,0.143915
0.98,3.37,0.147582
0.98,3.38,0.147147
0.98,3.39,0.146747
0.98,3.4,0.157366
0.98,3.41,0.141812
0.98,3.42,0.133361
0.98,3.43,0.142356
0.98,3.44,0.124116
0.98,3.45,0.134174
0.98,3.46,0.14525
0.98,3.47,0.153158
0.98,3.48,0.140219
0.98,3.49,0.146608
0.98,3.5,0.135973
0.98,3.51,0.138206
0.98,3.52,0.144819
0.98,3.53,0.144093
0.98,3.54,0.160277
0.98,3.55,0.148895
0.98,3.56,0.133583
0.98,3.57,0.153255
0.98,3.58,0.149215
0.98,3.59,0.153727
0.98,3.6,0.133872
0.98,3.61,0.14033
0.98,3.62,0.136159
0.98,3.63,0.155621
0.98,3.64,0.15161
0.98,3.65,0.159343
0.98,3.66,0.146355
0.98,3.67,0.15062
0.98,3.68,0.141534
0.98,3.69,0.136004
0.98,3.7,0.133886
0.98,3.71,0.146339
0.98,3.72,0.150031
0.98,3.73,0.149738
0.98,3.74,0.144452
0.98,3.75,0.135054
0.98,3.76,0.145795
0.98,3.77,0.143073
0.98,3.78,0.146635
0.98,3.79,0.140717
0.98,3.8,0.15005
0.98,3.81,0.149767
0.98,3.82,0.158041
0.98,3.83,0.139678
0.98,3.84,0.130564
0.98,3.85,0.150307
0.98,3.86,0.151766
0.98,3.87,0.145398
0.98,3.88,0.150922
0.98,3.89,0.138569
0.98,3.9,0.148989
0.98,3.91,0.149332
0.98,3.92,0.148174
0.98,3.93,0.14266
0.98,3.94,0.141017
0.98,3.95,0.145944
0.98,3.96,0.148615
0.98,3.97,0.147961
0.98,3.98,0.149886
0.98,3.99,0.127879
0.98,4,0.151015
0.98,4.01,0.137922
0.98,4.02,0.135986
0.98,4.03,0.149434
0.98,4.04,0.149023
0.98,4.05,0.147745
0.98,4.06,0.158419
0.98,4.07,0.142828
0.98,4.08,0.140689
0.98,4.09,0.134286
0.98,4.1,0.12499
0.98,4.11,0.141345
0.98,4.12,0.146231
0.98,4.13,0.133856
0.98,4.14,0.123947
0.98,4.15,0.131513
0.98,4.16,0.140339
0.98,4.17,0.136141
0.98,4.18,0.138908
0.98,4.19,0.143789
0.98,4.2,0.143845
0.98,4.21,0.14737
0.98,4.22,0.150339
0.98,4.23,0.138137
0.98,4.24,0.140773
0.98,4.25,0.137184
0.98,4.26,0.144939
0.98,4.27,0.155623
0.98,4.28,0.151345
0.98,4.29,0.145091
0.98,4.3,0.144176
0.98,4.31,0.140828
0.98,4.32,0.151546
0.98,4.33,0.146487
0.98,4.34,0.141005
0.98,4.35,0.141889
0.98,4.36,0.145906
0.98,4.37,0.142634
0.98,4.38,0.141558
0.98,4.39,0.141749
0.98,4.4,0.143087
0.98,4.41,0.143051
0.98,4.42,0.140437
0.98,4.43,0.149476
0.98,4.44,0.140682
0.98,4.45,0.138707
0.98,4.46,0.133339
0.98,4.47,0.137372
0.98,4.48,0.151099
0.98,4.49,0.140869
0.98,4.5,0.133984
0.98,4.51,0.123916
0.98,4.52,0.139749
0.98,4.53,0.132377
0.98,4.54,0.158198
0.98,4.55,0.133226
0.98,4.56,0.138311
0.98,4.57,0.154278
0.98,4.58,0.150802
0.98,4.59,0.161438
0.98,4.6,0.142425
0.98,4.61,0.146311
0.98,4.62,0.156387
0.98,4.63,0.139146
0.98,4.64,0.148474
0.98,4.65,0.167088
0.98,4.66,0.134574
0.98,4.67,0.143994
0.98,4.68,0.14245
0.98,4.69,0.134267
0.98,4.7,0.14807
0.98,4.71,0.134132
0.98,4.72,0.129729
0.98,4.73,0.154674
0.98,4.74,0.146572
0.98,4.75,0.135635
0.98,4.76,0.146225
0.98,4.77,0.153446
0.98,4.78,0.146151
0.98,4.79,0.137391
0.98,4.8,0.140653
0.98,4.81,0.13004
0.98,4.82,0.133269
0.98,4.83,0.135452
0.98,4.84,0.139885
0.98,4.85,0.148253
0.98,4.86,0.142078
0.98,4.87,0.149783
0.98,4.88,0.142554
0.98,4.89,0.141829
0.98,4.9,0.148687
0.98,4.91,0.137489
0.98,4.92,0.149121
0.98,4.93,0.146722
0.98,4.94,0.141912
0.98,4.95,0.133745
0.98,4.96,0.152649
0.98,4.97,0.15076
0.98,4.98,0.149198
0.98,4.99,0.138505
0.98,5,0.152079
0.98,5.01,0.141051
0.98,5.02,0.134709
0.98,5.03,0.132482
0.98,5.04,0.143434
0.98,5.05,0.147701
0.98,5.06,0.148175
0.98,5.07,0.150424
0.98,5.08,0.153599
0.98,5.09,0.151262
0.98,5.1,0.146387
0.98,5.11,0.136962
0.98,5.12,0.136917
0.98,5.13,0.138113
0.98,5.14,0.129741
0.98,5.15,0.145477
0.98,5.16,0.142166
0.98,5.17,0.133523
0.98,5.18,0.137317
0.98,5.19,0.14718
0.98,5.2,0.137881
0.98,5.21,0.14182
0.98,5.22,0.142413
0.98,5.23,0.151102
0.98,5.24,0.143879
0.98,5.25,0.137806
0.98,5.26,0.141337
0.98,5.27,0.144543
0.98,5.28,0.149324
0.98,5.29,0.138685
0.98,5.3,0.144194
0.98,5.31,0.145536
0.98,5.32,0.138741
0.98,5.33,0.154436
0.98,5.34,0.144774
0.98,5.35,0.14204
0.98,5.36,0.14714
0.98,5.37,0.146222
0.98,5.38,0.146933
0.98,5.39,0.150678
0.98,5.4,0.13808
0.98,5.41,0.143668
0.98,5.42,0.145276
0.98,5.43,0.131372
0.98,5.44,0.146961
0.98,5.45,0.142883
0.98,5.46,0.145514
0.98,5.47,0.139441
0.98,5.48,0.15219
0.98,5.49,0.131944
0.98,5.5,0.134201
0.98,5.51,0.148113
0.98,5.52,0.145863
0.98,5.53,0.132617
0.98,5.54,0.14915
0.98,5.55,0.14236
0.98,5.56,0.146906
0.98,5.57,0.151272
0.98,5.58,0.136001
0.98,5.59,0.137117
0.98,5.6,0.134831
0.98,5.61,0.123237
0.98,5.62,0.145545
0.98,5.63,0.151593
0.98,5.64,0.141373
0.98,5.65,0.145367
0.98,5.66,0.138796
0.98,5.67,0.13952
0.98,5.68,0.142143
0.98,5.69,0.135078
0.98,5.7,0.153279
0.98,5.71,0.148162
0.98,5.72,0.137406
0.98,5.73,0.147053
0.98,5.74,0.141341
0.98,5.75,0.147188
0.98,5.76,0.152792
0.98,5.77,0.136423
0.98,5.78,0.141595
0.98,5.79,0.1562
0.98,5.8,0.139087
0.98,5.81,0.139251
0.98,5.82,0.144542
0.98,5.83,0.143458
0.98,5.84,0.135683
0.98,5.85,0.142156
0.98,5.86,0.136204
0.98,5.87,0.143875
0.98,5.88,0.137625
0.98,5.89,0.140387
0.98,5.9,0.14121
0.98,5.91,0.146284
0.98,5.92,0.144702
0.98,5.93,0.146815
0.98,5.94,0.138158
0.98,5.95,0.151892
0.98,5.96,0.144034
0.98,5.97,0.148885
0.98,5.98,0.134143
0.98,5.99,0.142569
0.98,6,0.140115
0.98,6.01,0.153485
0.98,6.02,0.13607
0.98,6.03,0.155299
0.98,6.04,0.141547
0.98,6.05,0.149898
0.98,6.06,0.148354
0.98,6.07,0.152782
0.98,6.08,0.15484
0.98,6.09,0.142671
0.98,6.1,0.142866
0.98,6.11,0.138213
0.98,6.12,0.144521
0.98,6.13,0.151672
0.98,6.14,0.149352
0.98,6.15,0.147082
0.98,6.16,0.14604
0.98,6.17,0.140018
0.98,6.18,0.144228
0.98,6.19,0.149328
0.98,6.2,0.13982
0.98,6.21,0.149127
0.98,6.22,0.132671
0.98,6.23,0.148454
0.98,6.24,0.142685
0.98,6.25,0.145864
0.98,6.26,0.149244
0.98,6.27,0.14893
0.98,6.28,0.138018
0.99,0,0.15253
0.99,0.01,0.147967
0.99,0.02,0.138186
0.99,0.03,0.149366
0.99,0.04,0.149434
0.99,0.05,0.13617
0.99,0.06,0.139533
0.99,0.07,0.142836
0.99,0.08,0.137573
0.99,0.09,0.144883
0.99,0.1,0.13958
0.99,0.11,0.134322
0.99,0.12,0.143866
0.99,0.13,0.148272
0.99,0.14,0.14732
0.99,0.15,0.128347
0.99,0.16,0.142785
0.99,0.17,0.143908
0.99,0.18,0.132097
0.99,0.19,0.140109
0.99,0.2,0.136296
0.99,0.21,0.141289
0.99,0.22,0.146807
0.99,0.23,0.13524
0.99,0.24,0.138172
0.99,0.25,0.161444
0.99,0.26,0.153335
0.99,0.27,0.137895
0.99,0.28,0.13904
0.99,0.29,0.148664
0.99,0.3,0.136003
0.99,0.31,0.142867
0.99,0.32,0.141897
0.99,0.33,0.152984
0.99,0.34,0.140182
0.99,0.35,0.125734
0.99,0.36,0.146285
0.99,0.37,0.149377
0.99,0.38,0.138069
0.99,0.39,0.143205
0.99,0.4,0.146355
0.99,0.41,0.138241
0.99,0.42,0.143456
0.99,0.43,0.139931
0.99,0.44,0.136327
0.99,0.45,0.147509
0.99,0.46,0.147612
0.99,0.47,0.146005
0.99,0.48,0.149342
0.99,0.49,0.146124
0.99,0.5,0.134068
0.99,0.51,0.145982
0.99,0.52,0.124651
0.99,0.53,0.150077
0.99,0.54,0.147319
0.99,0.55,0.133188
0.99,0.56,0.137641
0.99,0.57,0.140083
0.99,0.58,0.133867
0.99,0.59,0.149055
0.99,0.6,0.155192
0.99,0.61,0.143975
0.99,0.62,0.147632
0.99,0.63,0.152833
0.99,0.64,0.13792
0.99,0.65,0.142602
0.99,0.66,0.145279
0.99,0.67,0.139877
0.99,0.68,0.141684
0.99,0.69,0.130492
0.99,0.7,0.146186
0.99,0.71,0.143097
0.99,0.72,0.141469
0.99,0.73,0.142401
0.99,0.74,0.14176
0.99,0.75,0.138419
0.99,0.76,0.145509
0.99,0.77,0.140112
0.99,0.78,0.133493
0.99,0.79,0.148226
0.99,0.8,0.144157
0.99,0.81,0.144112
0.99,0.82,0.141255
0.99,0.83,0.13715
0.99,0.84,0.135378
0.99,0.85,0.133322
0.99,0.86,0.151682
0.99,0.87,0.143712
0.99,0.88,0.136291
0.99,0.89,0.142273
0.99,0.9,0.134467
0.99,0.91,0.144154
0.99,0.92,0.144406
0.99,0.93,0.147426
0.99,0.94,0.132177
0.99,0.95,0.14035
0.99,0.96,0.135846
0.99,0.97,0.144629
0.99,0.98,0.140969
0.99,0.99,0.144174
0.99,1,0.149699
0.99,1.01,0.13593
0.99,1.02,0.148172
0.99,1.03,0.145181
0.99,1.04,0.142595
0.99,1.05,0.13887
0.99,1.06,0.136574
0.99,1.07,0.149833
0.99,1.08,0.139892
0.99,1.09,0.146539
0.99,1.1,0.137795
0.99,1.11,0.149161
0.99,1.12,0.145957
0.99,1.13,0.13636
0.99,1.14,0.13381
0.99,1.15,0.143029
0.99,1.16,0.145772
0.99,1.17,0.135481
0.99,1.18,0.146257
0.99,1.19,0.140102
0.99,1.2,0.149022
0.99,1.21,0.12668
0.99,1.22,0.13137
0.99,1.23,0.148524
0.99,1.24,0.15546
0.99,1.25,0.15388
0.99,1.26,0.14312
0.99,1.27,0.140661
0.99,1.28,0.139969
0.99,1.29,0.151562
0.99,1.3,0.148798
0.99,1.31,0.144265
0.99,1.32,0.131349
0.99,1.33,0.143321
0.99,1.34,0.144931
0.99,1.35,0.14549
0.99,1.36,0.133591
0.99,1.37,0.14414
0.99,1.38,0.15404
0.99,1.39,0.14968
0.99,1.4,0.138604
0.99,1.41,0.139668
0.99,1.42,0.145604
0.99,1.43,0.146601
0.99,1.44,0.154135
0.99,1.45,0.156399
0.99,1.46,0.141472
0.99,1.47,0.143276
0.99,1.48,0.124882
0.99,1.49,0.132741
0.99,1.5,0.147165
0.99,1.51,0.141374
0.99,1.52,0.133631
0.99,1.53,0.133808
0.99,1.54,0.147773
0.99,1.55,0.143004
0.99,1.56,0.136509
0.99,1.57,0.147355
0.99,1.58,0.134506
0.99,1.59,0.147369
0.99,1.6,0.152194
0.99,1.61,0.137136
0.99,1.62,0.146847
0.99,1.63,0.152278
0.99,1.64,0.151225
0.99,1.65,0.152622
0.99,1.66,0.148388
0.99,1.67,0.151953
0.99,1.68,0.153441
0.99,1.69,0.138996
0.99,1.7,0.141476
0.99,1.71,0.157681
0.99,1.72,0.138525
0.99,1.73,0.138281
0.99,1.74,0.137646
0.99,1.75,0.143375
0.99,1.76,0.14745
0.99,1.77,0.142919
0.99,1.78,0.142509
0.99,1.79,0.142623
0.99,1.8,0.146294
0.99,1.81,0.133899
0.99,1.82,0.152944
0.99,1.83,0.141588
0.99,1.84,0.133143
0.99,1.85,0.136136
0.99,1.86,0.142419
0.99,1.87,0.145563
0.99,1.88,0.148728
0.99,1.89,0.146937
0.99,1.9,0.145613
0.99,1.91,0.157358
0.99,1.92,0.145317
0.99,1.93,0.149491
0.99,1.94,0.137221
0.99,1.95,0.131186
0.99,1.96,0.147455
0.99,1.97,0.144518
0.99,1.98,0.145048
0.99,1.99,0.145331
0.99,2,0.156529
0.99,2.01,0.140136
0.99,2.02,0.149782
0.99,2.03,0.143172
0.99,2.04,0.144938
0.99,2.05,0.14771
0.99,2.06,0.142305
0.99,2.07,0.137104
0.99,2.08,0.153038
0.99,2.09,0.13506
0.99,2.1,0.141325
0.99,2.11,0.157024
0.99,2.12,0.142595
0.99,2.13,0.145752
0.99,2.14,0.128983
0.99,2.15,0.144031
0.99,2.16,0.141872
0.99,2.17,0.154601
0.99,2.18,0.144853
0.99,2.19,0.135092
0.99,2.2,0.140009
0.99,2.21,0.149956
0.99,2.22,0.148358
0.99,2.23,0.14045
0.99,2.24,0.147587
0.99,2.25,0.138656
0.99,2.26,0.148706
0.99,2.27,0.140272
0.99,2.28,0.142017
0.99,2.29,0.134503
0.99,2.3,0.151925
0.99,2.31,0.13281
0.99,2.32,0.147259
0.99,2.33,0.147057
0.99,2.34,0.154958
0.99,2.35,0.149068
0.99,2.36,0.137327
0.99,2.37,0.12987
0.99,2.38,0.134878
0.99,2.39,0.145168
0.99,2.4,0.132475
0.99,2.41,0.147518
0.99,2.42,0.147634
0.99,2.43,0.143065
0.99,2.44,0.140307
0.99,2.45,0.143184
0.99,2.46,0.144234
0.99,2.47,0.143075
0.99,2.48,0.151162
0.99,2.49,0.144069
0.99,2.5,0.149334
0.99,2.51,0.136323
0.99,2.52,0.142276
0.99,2.53,0.134145
0.99,2.54,0.147911
0.99,2.55,0.155721
0.99,2.56,0.145766
0.99,2.57,0.140921
0.99,2.58,0.143862
0.99,2.59,0.143641
0.99,2.6,0.136706
0.99,2.61,0.126851
0.99,2.62,0.141491
0.99,2.63,0.13961
0.99,2.64,0.152305
0.99,2.65,0.15798
0.99,2.66,0.145482
0.99,2.67,0.143128
0.99,2.68,0.146082
0.99,2.69,0.14545
0.99,2.7,0.154098
0.99,2.71,0.141487
0.99,2.72,0.135666
0.99,2.73,0.147395
0.99,2.74,0.141925
0.99,2.75,0.144126
0.99,2.76,0.131958
0.99,2.77,0.132515
0.99,2.78,0.153021
0.99,2.79,0.144735
0.99,2.8,0.142728
0.99,2.81,0.148307
0.99,2.82,0.145788
0.99,2.83,0.138475
0.99,2.84,0.14656
0.99,2.85,0.138849
0.99,2.86,0.140518
0.99,2.87,0.13712
0.99,2.88,0.147915
0.99,2.89,0.148308
0.99,2.9,0.147369
0.99,2.91,0.150288
0.99,2.92,0.14361
0.99,2.93,0.142582
0.99,2.94,0.145572
0.99,2.95,0.148764
0.99,2.96,0.149651
0.99,2.97,0.153971
0.99,2.98,0.143195
0.99,2.99,0.138927
0.99,3,0.141482
0.99,3.01,0.153058
0.99,3.02,0.137582
0.99,3.03,0.149641
0.99,3.04,0.147908
0.99,3.05,0.145872
0.99,3.06,0.153162
0.99,3.07,0.141735
0.99,3.08,0.137113
0.99,3.09,0.142888
0.99,3.1,0.154034
0.99,3.11,0.152983
0.99,3.12,0.136636
0.99,3.13,0.138392
0.99,3.14,0.139431
0.99,3.15,0.143704
0.99,3.16,0.139701
0.99,3.17,0.143394
0.99,3.18,0.132431
0.99,3.19,0.145515
0.99,3.2,0.140564
0.99,3.21,0.139841
0.99,3.22,0.140431
0.99,3.23,0.146408
0.99,3.24,0.157042
0.99,3.25,0.147259
0.99,3.26,0.135196
0.99,3.27,0.151364
0.99,3.28,0.144466
0.99,3.29,0.136431
0.99,3.3,0.158031
0.99,3.31,0.144566
0.99,3.32,0.132467
0.99,3.33,0.139724
0.99,3.34,0.148013
0.99,3.35,0.136098
0.99,3.36,0.152185
0.99,3.37,0.142639
0.99,3.38,0.134143
0.99,3.39,0.127284
0.99,3.4,0.136882
0.99,3.41,0.155494
0.99,3.42,0.143594
0.99,3.43,0.151999
0.99,3.44,0.13358
0.99,3.45,0.145643
0.99,3.46,0.147129
0.99,3.47,0.162525
0.99,3.48,0.149937
0.99,3.49,0.140406
0.99,3.5,0.143469
0.99,3.51,0.138395
0.99,3.52,0.135028
0.99,3.53,0.144694
0.99,3.54,0.145651
0.99,3.55,0.14286
0.99,3.56,0.134485
0.99,3.57,0.144848
0.99,3.58,0.140567
0.99,3.59,0.130927
0.99,3.6,0.134229
0.99,3.61,0.151632
0.99,3.62,0.146662
0.99,3.63,0.134155
0.99,3.64,0.130865
0.99,3.65,0.156935
0.99,3.66,0.148218
0.99,3.67,0.147497
0.99,3.68,0.141909
0.99,3.69,0.1376
0.99,3.7,0.146891
0.99,3.71,0.140148
0.99,3.72,0.13567
0.99,3.73,0.149562
0.99,3.74,0.154376
0.99,3.75,0.136244
0.99,3.76,0.156025
0.99,3.77,0.148419
0.99,3.78,0.161055
0.99,3.79,0.140678
0.99,3.8,0.133798
0.99,3.81,0.145267
0.99,3.82,0.14651
0.99,3.83,0.135275
0.99,3.84,0.135027
0.99,3.85,0.143197
0.99,3.86,0.141003
0.99,3.87,0.150121
0.99,3.88,0.148118
0.99,3.89,0.14896
0.99,3.9,0.144756
0.99,3.91,0.144907
0.99,3.92,0.13469
0.99,3.93,0.142053
0.99,3.94,0.147348
0.99,3.95,0.144376
0.99,3.96,0.157906
0.99,3.97,0.131443
0.99,3.98,0.147135
0.99,3.99,0.138703
0.99,4,0.142072
0.99,4.01,0.139906
0.99,4.02,0.1488
0.99,4.03,0.13045
0.99,4.04,0.145694
0.99,4.05,0.14867
0.99,4.06,0.157202
0.99,4.07,0.137801
0.99,4.08,0.134587
0.99,4.09,0.139273
0.99,4.1,0.146987
0.99,4.11,0.146875
0.99,4.12,0.14686
0.99,4.13,0.13912
0.99,4.14,0.144381
0.99,4.15,0.142124
0.99,4.16,0.146442
0.99,4.17,0.141203
0.99,4.18,0.142603
0.99,4.19,0.139006
0.99,4.2,0.140777
0.99,4.21,0.144545
0.99,4.22,0.142858
0.99,4.23,0.141025
0.99,4.24,0.13774
0.99,4.25,0.147478
0.99,4.26,0.13475
0.99,4.27,0.152368
0.99,4.28,0.137044
0.99,4.29,0.149202
0.99,4.3,0.14432
0.99,4.31,0.14593
0.99,4.32,0.139699
0.99,4.33,0.132857
0.99,4.34,0.145339
0.99,4.35,0.134369
0.99,4.36,0.148939
0.99,4.37,0.151573
0.99,4.38,0.139625
0.99,4.39,0.141335
0.99,4.4,0.144394
0.99,4.41,0.141545
0.99,4.42,0.139543
0.99,4.43,0.154778
0.99,4.44,0.144878
0.99,4.45,0.131852
0.99,4.46,0.135455
0.99,4.47,0.135611
0.99,4.48,0.142175
0.99,4.49,0.150825
0.99,4.5,0.150553
0.99,4.51,0.140423
0.99,4.52,0.148103
0.99,4.53,0.150111
0.99,4.54,0.13727
0.99,4.55,0.144937
0.99,4.56,0.133714
0.99,4.57,0.145566
0.99,4.58,0.152584
0.99,4.59,0.160626
0.99,4.6,0.131255
0.99,4.61,0.138693
0.99,4.62,0.148687
0.99,4.63,0.137515
0.99,4.64,0.142577
0.99,4.65,0.140296
0.99,4.66,0.141091
0.99,4.67,0.140454
0.99,4.68,0.141425
0.99,4.69,0.149642
0.99,4.7,0.130387
0.99,4.71,0.145262
0.99,4.72,0.149953
0.99,4.73,0.148778
0.99,4.74,0.143891
0.99,4.75,0.145345
0.99,4.76,0.135635
0.99,4.77,0.124768
0.99,4.78,0.150687
0.99,4.79,0.154374
0.99,4.8,0.150205
0.99,4.81,0.145835
0.99,4.82,0.144869
0.99,4.83,0.145757
0.99,4.84,0.152264
0.99,4.85,0.147736
0.99,4.86,0.1486
0.99,4.87,0.147964
0.99,4.88,0.141407
0.99,4.89,0.142072
0.99,4.9,0.141899
0.99,4.91,0.147947
0.99,4.92,0.141819
0.99,4.93,0.138977
0.99,4.94,0.134927
0.99,4.95,0.140859
0.99,4.96,0.134769
0.99,4.97,0.160545
0.99,4.98,0.143581
0.99,4.99,0.134236
0.99,5,0.136622
0.99,5.01,0.155044
0.99,5.02,0.142794
0.99,5.03,0.133276
0.99,5.04,0.142543
0.99,5.05,0.146706
0.99,5.06,0.138736
0.99,5.07,0.139765
0.99,5.08,0.152855
0.99,5.09,0.153213
0.99,5.1,0.125885
0.99,5.11,0.146018
0.99,5.12,0.144311
0.99,5.13,0.147243
0.99,5.14,0.14274
0.99,5.15,0.139068
0.99,5.16,0.151461
0.99,5.17,0.146974
0.99,5.18,0.15766
0.99,5.19,0.138627
0.99,5.2,0.156622
0.99,5.21,0.163005
0.99,5.22,0.151488
0.99,5.23,0.133157
0.99,5.24,0.14423
0.99,5.25,0.154141
0.99,5.26,0.141445
0.99,5.27,0.15296
0.99,5.28,0.144837
0.99,5.29,0.141496
0.99,5.3,0.146313
0.99,5.31,0.152272
0.99,5.32,0.145089
0.99,5.33,0.138249
0.99,5.34,0.153219
0.99,5.35,0.137898
0.99,5.36,0.146598
0.99,5.37,0.149711
0.99,5.38,0.146342
0.99,5.39,0.154217
0.99,5.4,0.147345
0.99,5.41,0.135334
0.99,5.42,0.145501
0.99,5.43,0.137603
0.99,5.44,0.149524
0.99,5.45,0.150354
0.99,5.46,0.1406
0.99,5.47,0.15366
0.99,5.48,0.151815
0.99,5.49,0.146065
0.99,5.5,0.156223
0.99,5.51,0.13403
0.99,5.52,0.143341
0.99,5.53,0.139468
0.99,5.54,0.148478
0.99,5.55,0.14523
0.99,5.56,0.143787
0.99,5.57,0.138519
0.99,5.58,0.142842
0.99,5.59,0.146311
0.99,5.6,0.153491
0.99,5.61,0.16013
0.99,5.62,0.147553
0.99,5.63,0.151819
0.99,5.64,0.132267
0.99,5.65,0.14458
0.99,5.66,0.150846
0.99,5.67,0.142587
0.99,5.68,0.14427
0.99,5.69,0.141769
0.99,5.7,0.144957
0.99,5.71,0.154598
0.99,5.72,0.139658
0.99,5.73,0.136082
0.99,5.74,0.142215
0.99,5.75,0.142584
0.99,5.76,0.140172
0.99,5.77,0.142708
0.99,5.78,0.142616
0.99,5.79,0.13337
0.99,5.8,0.143424
0.99,5.81,0.148461
0.99,5.82,0.135131
0.99,5.83,0.135883
0.99,5.84,0.134728
0.99,5.85,0.141043
0.99,5.86,0.142955
0.99,5.87,0.133959
0.99,5.88,0.146588
0.99,5.89,0.145514
0.99,5.9,0.147724
0.99,5.91,0.149975
0.99,5.92,0.14105
0.99,5.93,0.136183
0.99,5.94,0.138397
0.99,5.95,0.139449
0.99,5.96,0.149106
0.99,5.97,0.150111
0.99,5.98,0.139671
0.99,5.99,0.150448
0.99,6,0.136848
0.99,6.01,0.137984
0.99,6.02,0.13902
0.99,6.03,0.146968
0.99,6.04,0.15604
0.99,6.05,0.14141
0.99,6.06,0.135918
0.99,6.07,0.159969
0.99,6.08,0.138659
0.99,6.09,0.139541
0.99,6.1,0.141539
0.99,6.11,0.120988
0.99,6.12,0.141273
0.99,6.13,0.14803
0.99,6.14,0.139213
0.99,6.15,0.137307
0.99,6.16,0.138012
0.99,6.17,0.143108
0.99,6.18,0.131003
0.99,6.19,0.140331
0.99,6.2,0.148597
0.99,6.21,0.153667
0.99,6.22,0.159581
0.99,6.23,0.139494
0.99,6.24,0.154477
0.99,6.25,0.139755
0.99,6.26,0.150844
0.99,6.27,0.12788
0.99,6.28,0.150405
