x,y,mass
0,0,0.499998
0,0.01,0.501639
0,0.02,0.504168
0,0.03,0.506079
0,0.04,0.507185
0,0.05,0.508938
0,0.06,0.511372
0,0.07,0.511406
0,0.08,0.513082
0,0.09,0.515417
0,0.1,0.51664
0,0.11,0.517145
0,0.12,0.518283
0,0.13,0.519639
0,0.14,0.52134
0,0.15,0.522801
0,0.16,0.52325
0,0.17,0.52506
0,0.18,0.526368
0,0.19,0.526556
0,0.2,0.527438
0,0.21,0.52916
0,0.22,0.529944
0,0.23,0.531027
0,0.24,0.531191
0,0.25,0.532785
0,0.26,0.533599
0,0.27,0.533517
0,0.28,0.534205
0,0.29,0.536052
0,0.3,0.536716
0,0.31,0.536365
0,0.32,0.537221
0,0.33,0.53875
0,0.34,0.538181
0,0.35,0.538715
0,0.36,0.53969
0,0.37,0.540743
0,0.38,0.540869
0,0.39,0.540965
0,0.4,0.540316
0,0.41,0.541287
0,0.42,0.542009
0,0.43,0.542246
0,0.44,0.542363
0,0.45,0.543013
0,0.46,0.542592
0,0.47,0.543466
0,0.48,0.542467
0,0.49,0.542582
0,0.5,0.542496
0,0.51,0.542848
0,0.52,0.543255
0,0.53,0.543124
0,0.54,0.542621
0,0.55,0.542103
0,0.56,0.542591
0,0.57,0.54229
0,0.58,0.541433
0,0.59,0.541116
0,0.6,0.541941
0,0.61,0.541705
0,0.62,0.539973
0,0.63,0.539683
0,0.64,0.539727
0,0.65,0.538228
0,0.66,0.537736
0,0.67,0.538505
0,0.68,0.537446
0,0.69,0.53636
0,0.7,0.535615
0,0.71,0.535401
0,0.72,0.53494
0,0.73,0.533626
0,0.74,0.533471
0,0.75,0.53306
0,0.76,0.531575
0,0.77,0.531725
0,0.78,0.52913
0,0.79,0.529205
0,0.8,0.527753
0,0.81,0.527406
0,0.82,0.526033
0,0.83,0.525145
0,0.84,0.523873
0,0.85,0.522359
0,0.86,0.521371
0,0.87,0.52038
0,0.88,0.518546
0,0.89,0.517387
0,0.9,0.51665
0,0.91,0.514184
0,0.92,0.513294
0,0.93,0.511554
0,0.94,0.510078
0,0.95,0.509095
0,0.96,0.507429
0,0.97,0.505663
0,0.98,0.503536
0,0.99,0.502357
0.01,0,0.501472
0.01,0.01,0.503385
0.01,0.02,0.505072
0.01,0.03,0.506682
0.01,0.04,0.508366
0.01,0.05,0.509953
0.01,0.06,0.511255
0.01,0.07,0.512838
0.01,0.08,0.514806
0.01,0.09,0.516542
0.01,0.1,0.516507
0.01,0.11,0.518436
0.01,0.12,0.520005
0.01,0.13,0.520761
0.01,0.14,0.521167
0.01,0.15,0.523341
0.01,0.16,0.524725
0.01,0.17,0.524898
0.01,0.18,0.526088
0.01,0.19,0.52684
0.01,0.2,0.528509
0.01,0.21,0.52815
0.01,0.22,0.530945
0.01,0.23,0.530596
0.01,0.24,0.532554
0.01,0.25,0.533504
0.01,0.26,0.533467
0.01,0.27,0.533951
0.01,0.28,0.53557
0.01,0.29,0.536256
0.01,0.3,0.53623
0.01,0.31,0.536223
0.01,0.32,0.537249
0.01,0.33,0.538053
0.01,0.34,0.537487
0.01,0.35,0.539245
0.01,0.36,0.540007
0.01,0.37,0.54044
0.01,0.38,0.540876
0.01,0.39,0.540664
0.01,0.4,0.54178
0.01,0.41,0.542049
0.01,0.42,0.540805
0.01,0.43,0.542378
0.01,0.44,0.541234
0.01,0.45,0.541669
0.01,0.46,0.542618
0.01,0.47,0.542272
0.01,0.48,0.543361
0.01,0.49,0.542008
0.01,0.5,0.543316
0.01,0.51,0.542732
0.01,0.52,0.542868
0.01,0.53,0.542159
0.01,0.54,0.541813
0.01,0.55,0.542278
0.01,0.56,0.542666
0.01,0.57,0.541731
0.01,0.58,0.541584
0.01,0.59,0.542482
0.01,0.6,0.541269
0.01,0.61,0.541024
0.01,0.62,0.540609
0.01,0.63,0.540342
0.01,0.64,0.538751
0.01,0.65,0.538517
0.01,0.66,0.538259
0.01,0.67,0.538219
0.01,0.68,0.537556
0.01,0.69,0.536056
0.01,0.7,0.536665
0.01,0.71,0.5351
0.01,0.72,0.534929
0.01,0.73,0.533903
0.01,0.74,0.533606
0.01,0.75,0.532439
0.01,0.76,0.532084
0.01,0.77,0.530583
0.01,0.78,0.530791
0.01,0.79,0.52993
0.01,0.8,0.528648
0.01,0.81,0.528455
0.01,0.82,0.527337
0.01,0.83,0.525115
0.01,0.84,0.524058
0.01,0.85,0.523441
0.01,0.86,0.522427
0.01,0.87,0.521799
0.01,0.88,0.518943
0.01,0.89,0.519112
0.01,0.9,0.515762
0.01,0.91,0.516026
0.01,0.92,0.515443
0.01,0.93,0.512621
0.01,0.94,0.511936
0.01,0.95,0.510809
0.01,0.96,0.509821
0.01,0.97,0.506696
0.01,0.98,0.505701
0.01,0.99,0.503514
0.02,0,0.502584
0.02,0.01,0.505155
0.02,0.02,0.507695
0.02,0.03,0.508871
0.02,0.04,0.510381
0.02,0.05,0.512229
0.02,0.06,0.513281
0.02,0.07,0.515158
0.02,0.08,0.51603
0.02,0.09,0.517087
0.02,0.1,0.518824
0.02,0.11,0.519875
0.02,0.12,0.521459
0.02,0.13,0.521511
0.02,0.14,0.523339
0.02,0.15,0.524519
0.02,0.16,0.52574
0.02,0.17,0.52642
0.02,0.18,0.526829
0.02,0.19,0.528149
0.02,0.2,0.528406
0.02,0.21,0.529749
0.02,0.22,0.530053
0.02,0.23,0.531659
0.02,0.24,0.532467
0.02,0.25,0.53198
0.02,0.26,0.533923
0.02,0.27,0.534104
0.02,0.28,0.535176
0.02,0.29,0.535212
0.02,0.3,0.536804
0.02,0.31,0.536318
0.02,0.32,0.537246
0.02,0.33,0.537949
0.02,0.34,0.538209
0.02,0.35,0.538705
0.02,0.36,0.53941
0.02,0.37,0.540221
0.02,0.38,0.539609
0.02,0.39,0.540482
0.02,0.4,0.540604
0.02,0.41,0.541861
0.02,0.42,0.541894
0.02,0.43,0.542218
0.02,0.44,0.541424
0.02,0.45,0.542552
0.02,0.46,0.542517
0.02,0.47,0.542245
0.02,0.48,0.542065
0.02,0.49,0.542641
0.02,0.5,0.542462
0.02,0.51,0.54244
0.02,0.52,0.542344
0.02,0.53,0.542424
0.02,0.54,0.54217
0.02,0.55,0.54271
0.02,0.56,0.541765
0.02,0.57,0.541923
0.02,0.58,0.540923
0.02,0.59,0.541321
0.02,0.6,0.540585
0.02,0.61,0.5405
0.02,0.62,0.540442
0.02,0.63,0.539007
0.02,0.64,0.539424
0.02,0.65,0.53856
0.02,0.66,0.539525
0.02,0.67,0.538192
0.02,0.68,0.536036
0.02,0.69,0.536985
0.02,0.7,0.535762
0.02,0.71,0.53652
0.02,0.72,0.534686
0.02,0.73,0.53391
0.02,0.74,0.533022
0.02,0.75,0.533549
0.02,0.76,0.531973
0.02,0.77,0.532451
0.02,0.78,0.531397
0.02,0.79,0.531029
0.02,0.8,0.529681
0.02,0.81,0.528134
0.02,0.82,0.527626
0.02,0.83,0.526316
0.02,0.84,0.524673
0.02,0.85,0.524562
0.02,0.86,0.522247
0.02,0.87,0.521652
0.02,0.88,0.521005
0.02,0.89,0.519916
0.02,0.9,0.518798
0.02,0.91,0.516576
0.02,0.92,0.515964
0.02,0.93,0.514465
0.02,0.94,0.513271
0.02,0.95,0.511045
0.02,0.96,0.510809
0.02,0.97,0.508395
0.02,0.98,0.507515
0.02,0.99,0.506166
0.03,0,0.505065
0.03,0.01,0.50678
0.03,0.02,0.508131
0.03,0.03,0.509968
0.03,0.04,0.51181
0.03,0.05,0.514018
0.03,0.06,0.514979
0.03,0.07,0.515671
0.03,0.08,0.516135
0.03,0.09,0.518191
0.03,0.1,0.51931
0.03,0.11,0.520926
0.03,0.12,0.522455
0.03,0.13,0.52353
0.03,0.14,0.524635
0.03,0.15,0.525141
0.03,0.16,0.525525
0.03,0.17,0.527416
0.03,0.18,0.526702
0.03,0.19,0.529178
0.03,0.2,0.529586
0.03,0.21,0.530069
0.03,0.22,0.530957
0.03,0.23,0.531677
0.03,0.24,0.532746
0.03,0.25,0.532936
0.03,0.26,0.533972
0.03,0.27,0.535288
0.03,0.28,0.534711
0.03,0.29,0.536237
0.03,0.3,0.536025
0.03,0.31,0.537582
0.03,0.32,0.537419
0.03,0.33,0.538197
0.03,0.34,0.538142
0.03,0.35,0.53809
0.03,0.36,0.539146
0.03,0.37,0.539601
0.03,0.38,0.540334
0.03,0.39,0.540249
0.03,0.4,0.540478
0.03,0.41,0.540156
0.03,0.42,0.54011
0.03,0.43,0.541156
0.03,0.44,0.541709
0.03,0.45,0.541938
0.03,0.46,0.541294
0.03,0.47,0.541669
0.03,0.48,0.54175
0.03,0.49,0.5416
0.03,0.5,0.541737
0.03,0.51,0.542201
0.03,0.52,0.541839
0.03,0.53,0.541904
0.03,0.54,0.540986
0.03,0.55,0.541615
0.03,0.56,0.541319
0.03,0.57,0.541158
0.03,0.58,0.541316
0.03,0.59,0.541136
0.03,0.6,0.541247
0.03,0.61,0.540244
0.03,0.62,0.540199
0.03,0.63,0.539313
0.03,0.64,0.538997
0.03,0.65,0.538774
0.03,0.66,0.538233
0.03,0.67,0.537989
0.03,0.68,0.536759
0.03,0.69,0.536224
0.03,0.7,0.536544
0.03,0.71,0.536043
0.03,0.72,0.535013
0.03,0.73,0.534789
0.03,0.74,0.534311
0.03,0.75,0.532747
0.03,0.76,0.532078
0.03,0.77,0.531208
0.03,0.78,0.53044
0.03,0.79,0.529955
0.03,0.8,0.52911
0.03,0.81,0.527443
0.03,0.82,0.528257
0.03,0.83,0.527119
0.03,0.84,0.526395
0.03,0.85,0.524739
0.03,0.86,0.52275
0.03,0.87,0.522911
0.03,0.88,0.521469
0.03,0.89,0.520875
0.03,0.9,0.519749
0.03,0.91,0.517183
0.03,0.92,0.516971
0.03,0.93,0.516001
0.03,0.94,0.514211
0.03,0.95,0.512621
0.03,0.96,0.512218
0.03,0.97,0.51017
0.03,0.98,0.509129
0.03,0.99,0.507334
0.04,0,0.507262
0.04,0.01,0.508196
0.04,0.02,0.510207
0.04,0.03,0.511453
0.04,0.04,0.513489
0.04,0.05,0.514611
0.04,0.06,0.515409
0.04,0.07,0.51704
0.04,0.08,0.518058
0.04,0.09,0.519547
0.04,0.1,0.520839
0.04,0.11,0.521365
0.04,0.12,0.522386
0.04,0.13,0.523612
0.04,0.14,0.523838
0.04,0.15,0.524747
0.04,0.16,0.527407
0.04,0.17,0.526772
0.04,0.18,0.529038
0.04,0.19,0.528816
0.04,0.2,0.528664
0.04,0.21,0.530826
0.04,0.22,0.530899
0.04,0.23,0.532024
0.04,0.24,0.532399
0.04,0.25,0.533553
0.04,0.26,0.534066
0.04,0.27,0.53485
0.04,0.28,0.534459
0.04,0.29,0.536221
0.04,0.3,0.535812
0.04,0.31,0.536049
0.04,0.32,0.536659
0.04,0.33,0.537479
0.04,0.34,0.537832
0.04,0.35,0.538662
0.04,0.36,0.538416
0.04,0.37,0.538537
0.04,0.38,0.540385
0.04,0.39,0.540111
0.04,0.4,0.539969
0.04,0.41,0.539878
0.04,0.42,0.540522
0.04,0.43,0.539987
0.04,0.44,0.540932
0.04,0.45,0.541593
0.04,0.46,0.541372
0.04,0.47,0.540253
0.04,0.48,0.541363
0.04,0.49,0.541245
0.04,0.5,0.541394
0.04,0.51,0.541303
0.04,0.52,0.540187
0.04,0.53,0.540874
0.04,0.54,0.540866
0.04,0.55,0.541384
0.04,0.56,0.54118
0.04,0.57,0.541583
0.04,0.58,0.541803
0.04,0.59,0.539942
0.04,0.6,0.540751
0.04,0.61,0.539989
0.04,0.62,0.540732
0.04,0.63,0.53892
0.04,0.64,0.53865
0.04,0.65,0.538638
0.04,0.66,0.537743
0.04,0.67,0.537457
0.04,0.68,0.537332
0.04,0.69,0.537002
0.04,0.7,0.535782
0.04,0.71,0.536617
0.04,0.72,0.535251
0.04,0.73,0.535387
0.04,0.74,0.533915
0.04,0.75,0.532879
0.04,0.76,0.532527
0.04,0.77,0.532418
0.04,0.78,0.530456
0.04,0.79,0.530659
0.04,0.8,0.528857
0.04,0.81,0.528988
0.04,0.82,0.527044
0.04,0.83,0.52749
0.04,0.84,0.525673
0.04,0.85,0.526002
0.04,0.86,0.525242
0.04,0.87,0.523227
0.04,0.88,0.523119
0.04,0.89,0.521233
0.04,0.9,0.520223
0.04,0.91,0.519773
0.04,0.92,0.517436
0.04,0.93,0.516738
0.04,0.94,0.515298
0.04,0.95,0.514765
0.04,0.96,0.513354
0.04,0.97,0.512079
0.04,0.98,0.510607
0.04,0.99,0.508569
0.05,0,0.509332
0.05,0.01,0.510503
0.05,0.02,0.51226
0.05,0.03,0.512892
0.05,0.04,0.514799
0.05,0.05,0.515325
0.05,0.06,0.517362
0.05,0.07,0.517569
0.05,0.08,0.518819
0.05,0.09,0.519719
0.05,0.1,0.521911
0.05,0.11,0.522809
0.05,0.12,0.523797
0.05,0.13,0.524171
0.05,0.14,0.525397
0.05,0.15,0.526009
0.05,0.16,0.526951
0.05,0.17,0.527474
0.05,0.18,0.52854
0.05,0.19,0.529128
0.05,0.2,0.529561
0.05,0.21,0.530733
0.05,0.22,0.530745
0.05,0.23,0.531311
0.05,0.24,0.532443
0.05,0.25,0.533382
0.05,0.26,0.533867
0.05,0.27,0.534328
0.05,0.28,0.534892
0.05,0.29,0.535487
0.05,0.3,0.534727
0.05,0.31,0.536232
0.05,0.32,0.53684
0.05,0.33,0.537132
0.05,0.34,0.53823
0.05,0.35,0.537932
0.05,0.36,0.538257
0.05,0.37,0.53822
0.05,0.38,0.539423
0.05,0.39,0.539074
0.05,0.4,0.539321
0.05,0.41,0.539616
0.05,0.42,0.540378
0.05,0.43,0.540555
0.05,0.44,0.540428
0.05,0.45,0.541076
0.05,0.46,0.540501
0.05,0.47,0.541034
0.05,0.48,0.54021
0.05,0.49,0.540504
0.05,0.5,0.53998
0.05,0.51,0.540424
0.05,0.52,0.540311
0.05,0.53,0.54146
0.05,0.54,0.541007
0.05,0.55,0.539998
0.05,0.56,0.540352
0.05,0.57,0.540628
0.05,0.58,0.539051
0.05,0.59,0.53908
0.05,0.6,0.540335
0.05,0.61,0.540068
0.05,0.62,0.540142
0.05,0.63,0.538868
0.05,0.64,0.538471
0.05,0.65,0.537778
0.05,0.66,0.538104
0.05,0.67,0.537496
0.05,0.68,0.53714
0.05,0.69,0.536967
0.05,0.7,0.5348
0.05,0.71,0.535684
0.05,0.72,0.534448
0.05,0.73,0.53378
0.05,0.74,0.53415
0.05,0.75,0.533206
0.05,0.76,0.532322
0.05,0.77,0.531743
0.05,0.78,0.531323
0.05,0.79,0.531111
0.05,0.8,0.529796
0.05,0.81,0.529582
0.05,0.82,0.528228
0.05,0.83,0.527134
0.05,0.84,0.52687
0.05,0.85,0.526071
0.05,0.86,0.52514
0.05,0.87,0.524744
0.05,0.88,0.523823
0.05,0.89,0.522471
0.05,0.9,0.521932
0.05,0.91,0.519784
0.05,0.92,0.519493
0.05,0.93,0.51713
0.05,0.94,0.517261
0.05,0.95,0.515638
0.05,0.96,0.514389
0.05,0.97,0.513376
0.05,0.98,0.511731
0.05,0.99,0.509861
0.06,0,0.511309
0.06,0.01,0.511494
0.06,0.02,0.51339
0.06,0.03,0.51448
0.06,0.04,0.515836
0.06,0.05,0.516834
0.06,0.06,0.51794
0.06,0.07,0.519994
0.06,0.08,0.520061
0.06,0.09,0.521466
0.06,0.1,0.521561
0.06,0.11,0.523106
0.06,0.12,0.524267
0.06,0.13,0.525371
0.06,0.14,0.525956
0.06,0.15,0.52625
0.06,0.16,0.527446
0.06,0.17,0.528445
0.06,0.18,0.528049
0.06,0.19,0.529967
0.06,0.2,0.530337
0.06,0.21,0.53084
0.06,0.22,0.531192
0.06,0.23,0.532069
0.06,0.24,0.533366
0.06,0.25,0.53355
0.06,0.26,0.533648
0.06,0.27,0.534137
0.06,0.28,0.534793
0.06,0.29,0.535484
0.06,0.3,0.535561
0.06,0.31,0.536316
0.06,0.32,0.536807
0.06,0.33,0.536595
0.06,0.34,0.537145
0.06,0.35,0.536752
0.06,0.36,0.537364
0.06,0.37,0.537264
0.06,0.38,0.538445
0.06,0.39,0.538575
0.06,0.4,0.539187
0.06,0.41,0.538798
0.06,0.42,0.539327
0.06,0.43,0.540947
0.06,0.44,0.538657
0.06,0.45,0.540407
0.06,0.46,0.541248
0.06,0.47,0.539766
0.06,0.48,0.54039
0.06,0.49,0.541283
0.06,0.5,0.539997
0.06,0.51,0.540538
0.06,0.52,0.539942
0.06,0.53,0.540818
0.06,0.54,0.539703
0.06,0.55,0.540692
0.06,0.56,0.539613
0.06,0.57,0.540042
0.06,0.58,0.539983
0.06,0.59,0.539768
0.06,0.6,0.539346
0.06,0.61,0.538798
0.06,0.62,0.538356
0.06,0.63,0.538977
0.06,0.64,0.537927
0.06,0.65,0.537801
0.06,0.66,0.53708
0.06,0.67,0.537231
0.06,0.68,0.536717
0.06,0.69,0.535888
0.06,0.7,0.535907
0.06,0.71,0.535887
0.06,0.72,0.535106
0.06,0.73,0.533946
0.06,0.74,0.533517
0.06,0.75,0.532515
0.06,0.76,0.5329
0.06,0.77,0.532715
0.06,0.78,0.531351
0.06,0.79,0.531748
0.06,0.8,0.530021
0.06,0.81,0.529648
0.06,0.82,0.529896
0.06,0.83,0.527557
0.06,0.84,0.526968
0.06,0.85,0.526579
0.06,0.86,0.525398
0.06,0.87,0.525203
0.06,0.88,0.524111
0.06,0.89,0.523179
0.06,0.9,0.522555
0.06,0.91,0.521265
0.06,0.92,0.521006
0.06,0.93,0.520599
0.06,0.94,0.517432
0.06,0.95,0.517229
0.06,0.96,0.515417
0.06,0.97,0.514893
0.06,0.98,0.512722
0.06,0.99,0.511901
0.07,0,0.511911
0.07,0.01,0.513231
0.07,0.02,0.514372
0.07,0.03,0.515563
0.07,0.04,0.516487
0.07,0.05,0.518572
0.07,0.06,0.51956
0.07,0.07,0.520946
0.07,0.08,0.521563
0.07,0.09,0.521797
0.07,0.1,0.522152
0.07,0.11,0.524597
0.07,0.12,0.524863
0.07,0.13,0.526554
0.07,0.14,0.527189
0.07,0.15,0.526347
0.07,0.16,0.527071
0.07,0.17,0.527607
0.07,0.18,0.529679
0.07,0.19,0.530134
0.07,0.2,0.531355
0.07,0.21,0.53057
0.07,0.22,0.532535
0.07,0.23,0.531878
0.07,0.24,0.533368
0.07,0.25,0.533626
0.07,0.26,0.534802
0.07,0.27,0.534563
0.07,0.28,0.534937
0.07,0.29,0.534005
0.07,0.3,0.535488
0.07,0.31,0.535252
0.07,0.32,0.536806
0.07,0.33,0.536979
0.07,0.34,0.536928
0.07,0.35,0.537795
0.07,0.36,0.537518
0.07,0.37,0.537704
0.07,0.38,0.537331
0.07,0.39,0.537456
0.07,0.4,0.538794
0.07,0.41,0.53832
0.07,0.42,0.538798
0.07,0.43,0.539511
0.07,0.44,0.539411
0.07,0.45,0.539631
0.07,0.46,0.538886
0.07,0.47,0.539824
0.07,0.48,0.538764
0.07,0.49,0.539427
0.07,0.5,0.540031
0.07,0.51,0.53942
0.07,0.52,0.539997
0.07,0.53,0.539549
0.07,0.54,0.539812
0.07,0.55,0.539576
0.07,0.56,0.539031
0.07,0.57,0.539523
0.07,0.58,0.539076
0.07,0.59,0.539134
0.07,0.6,0.539464
0.07,0.61,0.538748
0.07,0.62,0.53871
0.07,0.63,0.537997
0.07,0.64,0.537578
0.07,0.65,0.537845
0.07,0.66,0.536661
0.07,0.67,0.537002
0.07,0.68,0.536554
0.07,0.69,0.535307
0.07,0.7,0.534554
0.07,0.71,0.534928
0.07,0.72,0.535158
0.07,0.73,0.533939
0.07,0.74,0.533459
0.07,0.75,0.533277
0.07,0.76,0.531805
0.07,0.77,0.532398
0.07,0.78,0.530969
0.07,0.79,0.531475
0.07,0.8,0.530672
0.07,0.81,0.530302
0.07,0.82,0.529574
0.07,0.83,0.529367
0.07,0.84,0.528054
0.07,0.85,0.527836
0.07,0.86,0.526819
0.07,0.87,0.526406
0.07,0.88,0.5256
0.07,0.89,0.52329
0.07,0.9,0.523388
0.07,0.91,0.522037
0.07,0.92,0.520729
0.07,0.93,0.520717
0.07,0.94,0.519136
0.07,0.95,0.517685
0.07,0.96,0.517304
0.07,0.97,0.516288
0.07,0.98,0.515138
0.07,0.99,0.513547
0.08,0,0.513421
0.08,0.01,0.51471
0.08,0.02,0.515733
0.08,0.03,0.516428
0.08,0.04,0.517439
0.08,0.05,0.519398
0.08,0.06,0.520382
0.08,0.07,0.521498
0.08,0.08,0.522348
0.08,0.09,0.523796
0.08,0.1,0.52367
0.08,0.11,0.524409
0.08,0.12,0.525136
0.08,0.13,0.526775
0.08,0.14,0.527714
0.08,0.15,0.528306
0.08,0.16,0.527923
0.08,0.17,0.529368
0.08,0.18,0.529047
0.08,0.19,0.530008
0.08,0.2,0.531183
0.08,0.21,0.531682
0.08,0.22,0.53194
0.08,0.23,0.532256
0.08,0.24,0.532578
0.08,0.25,0.532715
0.08,0.26,0.532766
0.08,0.27,0.534001
0.08,0.28,0.534321
0.08,0.29,0.534101
0.08,0.3,0.535327
0.08,0.31,0.535233
0.08,0.32,0.536132
0.08,0.33,0.536581
0.08,0.34,0.53687
0.08,0.35,0.536035
0.08,0.36,0.538153
0.08,0.37,0.53711
0.08,0.38,0.536432
0.08,0.39,0.538471
0.08,0.4,0.538838
0.08,0.41,0.537857
0.08,0.42,0.538161
0.08,0.43,0.539061
0.08,0.44,0.538661
0.08,0.45,0.53832
0.08,0.46,0.538339
0.08,0.47,0.538589
0.08,0.48,0.539587
0.08,0.49,0.53886
0.08,0.5,0.538875
0.08,0.51,0.539424
0.08,0.52,0.538631
0.08,0.53,0.539498
0.08,0.54,0.538803
0.08,0.55,0.538551
0.08,0.56,0.538497
0.08,0.57,0.538828
0.08,0.58,0.537414
0.08,0.59,0.538107
0.08,0.6,0.538105
0.08,0.61,0.538077
0.08,0.62,0.537815
0.08,0.63,0.536823
0.08,0.64,0.538052
0.08,0.65,0.537146
0.08,0.66,0.536397
0.08,0.67,0.535805
0.08,0.68,0.536106
0.08,0.69,0.536644
0.08,0.7,0.5345
0.08,0.71,0.534522
0.08,0.72,0.534452
0.08,0.73,0.53411
0.08,0.74,0.534659
0.08,0.75,0.533676
0.08,0.76,0.533127
0.08,0.77,0.531425
0.08,0.78,0.532611
0.08,0.79,0.530729
0.08,0.8,0.531088
0.08,0.81,0.530596
0.08,0.82,0.529752
0.08,0.83,0.528142
0.08,0.84,0.527767
0.08,0.85,0.526921
0.08,0.86,0.527145
0.08,0.87,0.526872
0.08,0.88,0.525753
0.08,0.89,0.524558
0.08,0.9,0.523418
0.08,0.91,0.523902
0.08,0.92,0.522897
0.08,0.93,0.521159
0.08,0.94,0.521386
0.08,0.95,0.519923
0.08,0.96,0.518233
0.08,0.97,0.516306
0.08,0.98,0.516904
0.08,0.99,0.515128
0.09,0,0.515556
0.09,0.01,0.515395
0.09,0.02,0.517332
0.09,0.03,0.517927
0.09,0.04,0.519374
0.09,0.05,0.520768
0.09,0.06,0.521592
0.09,0.07,0.522196
0.09,0.08,0.522188
0.09,0.09,0.524623
0.09,0.1,0.524092
0.09,0.11,0.524952
0.09,0.12,0.525678
0.09,0.13,0.526909
0.09,0.14,0.526709
0.09,0.15,0.528285
0.09,0.16,0.528248
0.09,0.17,0.528468
0.09,0.18,0.52987
0.09,0.19,0.530938
0.09,0.2,0.53082
0.09,0.21,0.531639
0.09,0.22,0.530811
0.09,0.23,0.532875
0.09,0.24,0.53272
0.09,0.25,0.532705
0.09,0.26,0.533771
0.09,0.27,0.533937
0.09,0.28,0.534769
0.09,0.29,0.535059
0.09,0.3,0.534593
0.09,0.31,0.53513
0.09,0.32,0.535532
0.09,0.33,0.535515
0.09,0.34,0.535803
0.09,0.35,0.536605
0.09,0.36,0.537859
0.09,0.37,0.538076
0.09,0.38,0.537033
0.09,0.39,0.53783
0.09,0.4,0.537954
0.09,0.41,0.537667
0.09,0.42,0.538293
0.09,0.43,0.537299
0.09,0.44,0.537662
0.09,0.45,0.537983
0.09,0.46,0.538567
0.09,0.47,0.537944
0.09,0.48,0.537911
0.09,0.49,0.538033
0.09,0.5,0.537743
0.09,0.51,0.53775
0.09,0.52,0.537963
0.09,0.53,0.538698
0.09,0.54,0.538062
0.09,0.55,0.537711
0.09,0.56,0.537762
0.09,0.57,0.538239
0.09,0.58,0.537775
0.09,0.59,0.537664
0.09,0.6,0.535826
0.09,0.61,0.537657
0.09,0.62,0.537491
0.09,0.63,0.536775
0.09,0.64,0.536212
0.09,0.65,0.535367
0.09,0.66,0.535639
0.09,0.67,0.535221
0.09,0.68,0.534936
0.09,0.69,0.535952
0.09,0.7,0.53486
0.09,0.71,0.534207
0.09,0.72,0.533617
0.09,0.73,0.533336
0.09,0.74,0.534692
0.09,0.75,0.534103
0.09,0.76,0.532837
0.09,0.77,0.53176
0.09,0.78,0.532234
0.09,0.79,0.531245
0.09,0.8,0.530622
0.09,0.81,0.530725
0.09,0.82,0.530903
0.09,0.83,0.529208
0.09,0.84,0.528696
0.09,0.85,0.528002
0.09,0.86,0.528305
0.09,0.87,0.526794
0.09,0.88,0.526381
0.09,0.89,0.525897
0.09,0.9,0.524735
0.09,0.91,0.524443
0.09,0.92,0.523708
0.09,0.93,0.521486
0.09,0.94,0.521067
0.09,0.95,0.520851
0.09,0.96,0.519625
0.09,0.97,0.518024
0.09,0.98,0.518102
0.09,0.99,0.516432
0.1,0,0.516416
0.1,0.01,0.51791
0.1,0.02,0.520038
0.1,0.03,0.519191
0.1,0.04,0.521186
0.1,0.05,0.521072
0.1,0.06,0.522579
0.1,0.07,0.522544
0.1,0.08,0.524548
0.1,0.09,0.525831
0.1,0.1,0.526
0.1,0.11,0.526695
0.1,0.12,0.525688
0.1,0.13,0.527456
0.1,0.14,0.528049
0.1,0.15,0.527933
0.1,0.16,0.529541
0.1,0.17,0.528739
0.1,0.18,0.530159
0.1,0.19,0.531016
0.1,0.2,0.5311
0.1,0.21,0.531857
0.1,0.22,0.531894
0.1,0.23,0.532916
0.1,0.24,0.532154
0.1,0.25,0.532647
0.1,0.26,0.533069
0.1,0.27,0.533279
0.1,0.28,0.53378
0.1,0.29,0.534325
0.1,0.3,0.534661
0.1,0.31,0.535166
0.1,0.32,0.535653
0.1,0.33,0.534881
0.1,0.34,0.535167
0.1,0.35,0.535345
0.1,0.36,0.535506
0.1,0.37,0.536601
0.1,0.38,0.536224
0.1,0.39,0.537255
0.1,0.4,0.537204
0.1,0.41,0.536773
0.1,0.42,0.537174
0.1,0.43,0.53692
0.1,0.44,0.536941
0.1,0.45,0.537502
0.1,0.46,0.537733
0.1,0.47,0.537198
0.1,0.48,0.538097
0.1,0.49,0.537517
0.1,0.5,0.538055
0.1,0.51,0.537252
0.1,0.52,0.536748
0.1,0.53,0.537294
0.1,0.54,0.537719
0.1,0.55,0.537489
0.1,0.56,0.536858
0.1,0.57,0.536302
0.1,0.58,0.536987
0.1,0.59,0.537113
0.1,0.6,0.537163
0.1,0.61,0.536205
0.1,0.62,0.536887
0.1,0.63,0.535081
0.1,0.64,0.53709
0.1,0.65,0.535674
0.1,0.66,0.535857
0.1,0.67,0.534991
0.1,0.68,0.534878
0.1,0.69,0.534795
0.1,0.7,0.534386
0.1,0.71,0.533954
0.1,0.72,0.533855
0.1,0.73,0.533867
0.1,0.74,0.532744
0.1,0.75,0.53298
0.1,0.76,0.531768
0.1,0.77,0.533002
0.1,0.78,0.530805
0.1,0.79,0.53168
0.1,0.8,0.531338
0.1,0.81,0.530424
0.1,0.82,0.530575
0.1,0.83,0.529904
0.1,0.84,0.528777
0.1,0.85,0.528132
0.1,0.86,0.528457
0.1,0.87,0.527161
0.1,0.88,0.526812
0.1,0.89,0.526046
0.1,0.9,0.526023
0.1,0.91,0.52361
0.1,0.92,0.523844
0.1,0.93,0.522666
0.1,0.94,0.522316
0.1,0.95,0.521441
0.1,0.96,0.51979
0.1,0.97,0.519219
0.1,0.98,0.518489
0.1,0.99,0.517677
0.11,0,0.518003
0.11,0.01,0.51742
0.11,0.02,0.519822
0.11,0.03,0.520553
0.11,0.04,0.521478
0.11,0.05,0.523519
0.11,0.06,0.522624
0.11,0.07,0.524533
0.11,0.08,0.524705
0.11,0.09,0.525203
0.11,0.1,0.526615
0.11,0.11,0.52673
0.11,0.12,0.526634
0.11,0.13,0.528266
0.11,0.14,0.530099
0.11,0.15,0.529547
0.11,0.16,0.529511
0.11,0.17,0.530044
0.11,0.18,0.530568
0.11,0.19,0.530291
0.11,0.2,0.53028
0.11,0.21,0.531129
0.11,0.22,0.531809
0.11,0.23,0.531052
0.11,0.24,0.532481
0.11,0.25,0.531772
0.11,0.26,0.533566
0.11,0.27,0.532921
0.11,0.28,0.533132
0.11,0.29,0.533379
0.11,0.3,0.534044
0.11,0.31,0.533254
0.11,0.32,0.534778
0.11,0.33,0.534698
0.11,0.34,0.535192
0.11,0.35,0.535684
0.11,0.36,0.536048
0.11,0.37,0.536087
0.11,0.38,0.53576
0.11,0.39,0.536044
0.11,0.4,0.53537
0.11,0.41,0.53595
0.11,0.42,0.535871
0.11,0.43,0.536473
0.11,0.44,0.537373
0.11,0.45,0.537021
0.11,0.46,0.536752
0.11,0.47,0.5369
0.11,0.48,0.536193
0.11,0.49,0.536625
0.11,0.5,0.536815
0.11,0.51,0.536743
0.11,0.52,0.536858
0.11,0.53,0.5361
0.11,0.54,0.535845
0.11,0.55,0.53604
0.11,0.56,0.536193
0.11,0.57,0.536743
0.11,0.58,0.536554
0.11,0.59,0.536082
0.11,0.6,0.536484
0.11,0.61,0.536365
0.11,0.62,0.536355
0.11,0.63,0.535604
0.11,0.64,0.536613
0.11,0.65,0.534843
0.11,0.66,0.53476
0.11,0.67,0.534653
0.11,0.68,0.533738
0.11,0.69,0.535187
0.11,0.7,0.534805
0.11,0.71,0.53361
0.11,0.72,0.533635
0.11,0.73,0.533346
0.11,0.74,0.532513
0.11,0.75,0.533051
0.11,0.76,0.532886
0.11,0.77,0.532049
0.11,0.78,0.531468
0.11,0.79,0.531055
0.11,0.8,0.53158
0.11,0.81,0.531818
0.11,0.82,0.530131
0.11,0.83,0.530109
0.11,0.84,0.53001
0.11,0.85,0.529747
0.11,0.86,0.527471
0.11,0.87,0.528311
0.11,0.88,0.527487
0.11,0.89,0.526242
0.11,0.9,0.526058
0.11,0.91,0.525466
0.11,0.92,0.524548
0.11,0.93,0.523866
0.11,0.94,0.523458
0.11,0.95,0.522301
0.11,0.96,0.521473
0.11,0.97,0.520781
0.11,0.98,0.519823
0.11,0.99,0.518261
0.12,0,0.518091
0.12,0.01,0.519636
0.12,0.02,0.520314
0.12,0.03,0.522401
0.12,0.04,0.522697
0.12,0.05,0.523173
0.12,0.06,0.524001
0.12,0.07,0.525578
0.12,0.08,0.526514
0.12,0.09,0.525326
0.12,0.1,0.528027
0.12,0.11,0.527151
0.12,0.12,0.527618
0.12,0.13,0.528041
0.12,0.14,0.52924
0.12,0.15,0.527975
0.12,0.16,0.529107
0.12,0.17,0.529821
0.12,0.18,0.530148
0.12,0.19,0.529699
0.12,0.2,0.53141
0.12,0.21,0.532394
0.12,0.22,0.532144
0.12,0.23,0.5318
0.12,0.24,0.531546
0.12,0.25,0.532711
0.12,0.26,0.532168
0.12,0.27,0.533998
0.12,0.28,0.53328
0.12,0.29,0.53361
0.12,0.3,0.532919
0.12,0.31,0.533422
0.12,0.32,0.535259
0.12,0.33,0.53309
0.12,0.34,0.534456
0.12,0.35,0.534635
0.12,0.36,0.534748
0.12,0.37,0.534636
0.12,0.38,0.534474
0.12,0.39,0.534262
0.12,0.4,0.534156
0.12,0.41,0.535422
0.12,0.42,0.536595
0.12,0.43,0.534781
0.12,0.44,0.535575
0.12,0.45,0.535348
0.12,0.46,0.535384
0.12,0.47,0.536339
0.12,0.48,0.535775
0.12,0.49,0.535642
0.12,0.5,0.536285
0.12,0.51,0.536476
0.12,0.52,0.535689
0.12,0.53,0.535624
0.12,0.54,0.535084
0.12,0.55,0.535038
0.12,0.56,0.535927
0.12,0.57,0.535918
0.12,0.58,0.535614
0.12,0.59,0.535919
0.12,0.6,0.535153
0.12,0.61,0.534496
0.12,0.62,0.534714
0.12,0.63,0.534123
0.12,0.64,0.535165
0.12,0.65,0.535282
0.12,0.66,0.535061
0.12,0.67,0.533886
0.12,0.68,0.533575
0.12,0.69,0.535373
0.12,0.7,0.533979
0.12,0.71,0.533394
0.12,0.72,0.532966
0.12,0.73,0.533002
0.12,0.74,0.534102
0.12,0.75,0.53241
0.12,0.76,0.532356
0.12,0.77,0.531392
0.12,0.78,0.53179
0.12,0.79,0.531041
0.12,0.8,0.530517
0.12,0.81,0.530701
0.12,0.82,0.53077
0.12,0.83,0.52993
0.12,0.84,0.529274
0.12,0.85,0.528692
0.12,0.86,0.528277
0.12,0.87,0.52765
0.12,0.88,0.527355
0.12,0.89,0.527228
0.12,0.9,0.52749
0.12,0.91,0.525764
0.12,0.92,0.526013
0.12,0.93,0.524299
0.12,0.94,0.523921
0.12,0.95,0.523593
0.12,0.96,0.522836
0.12,0.97,0.521592
0.12,0.98,0.52082
0.12,0.99,0.519277
0.13,0,0.519329
0.13,0.01,0.520886
0.13,0.02,0.521977
0.13,0.03,0.522564
0.13,0.04,0.522975
0.13,0.05,0.524158
0.13,0.06,0.524077
0.13,0.07,0.525133
0.13,0.08,0.527249
0.13,0.09,0.526579
0.13,0.1,0.527763
0.13,0.11,0.527972
0.13,0.12,0.528637
0.13,0.13,0.529359
0.13,0.14,0.53055
0.13,0.15,0.529567
0.13,0.16,0.529675
0.13,0.17,0.530266
0.13,0.18,0.531057
0.13,0.19,0.531829
0.13,0.2,0.531219
0.13,0.21,0.531436
0.13,0.22,0.531272
0.13,0.23,0.532646
0.13,0.24,0.532539
0.13,0.25,0.532835
0.13,0.26,0.531607
0.13,0.27,0.532479
0.13,0.28,0.532361
0.13,0.29,0.532606
0.13,0.3,0.533469
0.13,0.31,0.533188
0.13,0.32,0.534098
0.13,0.33,0.534197
0.13,0.34,0.533225
0.13,0.35,0.534265
0.13,0.36,0.534341
0.13,0.37,0.533381
0.13,0.38,0.534797
0.13,0.39,0.534481
0.13,0.4,0.534874
0.13,0.41,0.534063
0.13,0.42,0.535388
0.13,0.43,0.535732
0.13,0.44,0.535175
0.13,0.45,0.535822
0.13,0.46,0.535394
0.13,0.47,0.534517
0.13,0.48,0.535607
0.13,0.49,0.535559
0.13,0.5,0.535235
0.13,0.51,0.535602
0.13,0.52,0.534115
0.13,0.53,0.535502
0.13,0.54,0.534926
0.13,0.55,0.534824
0.13,0.56,0.535681
0.13,0.57,0.534531
0.13,0.58,0.533785
0.13,0.59,0.53362
0.13,0.6,0.53433
0.13,0.61,0.534601
0.13,0.62,0.535125
0.13,0.63,0.534471
0.13,0.64,0.534192
0.13,0.65,0.532998
0.13,0.66,0.533856
0.13,0.67,0.534793
0.13,0.68,0.531982
0.13,0.69,0.533644
0.13,0.7,0.533259
0.13,0.71,0.533584
0.13,0.72,0.533265
0.13,0.73,0.533096
0.13,0.74,0.532383
0.13,0.75,0.532108
0.13,0.76,0.53227
0.13,0.77,0.531598
0.13,0.78,0.531247
0.13,0.79,0.5314
0.13,0.8,0.5303
0.13,0.81,0.531164
0.13,0.82,0.531333
0.13,0.83,0.530611
0.13,0.84,0.52916
0.13,0.85,0.52957
0.13,0.86,0.529763
0.13,0.87,0.529111
0.13,0.88,0.528516
0.13,0.89,0.527719
0.13,0.9,0.527443
0.13,0.91,0.526628
0.13,0.92,0.526412
0.13,0.93,0.526205
0.13,0.94,0.525719
0.13,0.95,0.524646
0.13,0.96,0.523296
0.13,0.97,0.523314
0.13,0.98,0.521295
0.13,0.99,0.520421
0.14,0,0.521681
0.14,0.01,0.5213
0.14,0.02,0.523224
0.14,0.03,0.524557
0.14,0.04,0.525102
0.14,0.05,0.524793
0.14,0.06,0.526688
0.14,0.07,0.527434
0.14,0.08,0.525978
0.14,0.09,0.527662
0.14,0.1,0.526939
0.14,0.11,0.52821
0.14,0.12,0.527557
0.14,0.13,0.528922
0.14,0.14,0.529975
0.14,0.15,0.529925
0.14,0.16,0.529891
0.14,0.17,0.529942
0.14,0.18,0.530601
0.14,0.19,0.530934
0.14,0.2,0.531612
0.14,0.21,0.53122
0.14,0.22,0.531425
0.14,0.23,0.532532
0.14,0.24,0.531017
0.14,0.25,0.531908
0.14,0.26,0.53198
0.14,0.27,0.533617
0.14,0.28,0.532319
0.14,0.29,0.532455
0.14,0.3,0.532474
0.14,0.31,0.533936
0.14,0.32,0.533342
0.14,0.33,0.533819
0.14,0.34,0.533743
0.14,0.35,0.532755
0.14,0.36,0.533418
0.14,0.37,0.534102
0.14,0.38,0.534248
0.14,0.39,0.534056
0.14,0.4,0.533507
0.14,0.41,0.534021
0.14,0.42,0.534403
0.14,0.43,0.534167
0.14,0.44,0.533644
0.14,0.45,0.533574
0.14,0.46,0.533305
0.14,0.47,0.533987
0.14,0.48,0.535353
0.14,0.49,0.535265
0.14,0.5,0.534494
0.14,0.51,0.53338
0.14,0.52,0.534533
0.14,0.53,0.534127
0.14,0.54,0.535182
0.14,0.55,0.535004
0.14,0.56,0.534558
0.14,0.57,0.533483
0.14,0.58,0.534673
0.14,0.59,0.534079
0.14,0.6,0.535765
0.14,0.61,0.532973
0.14,0.62,0.534421
0.14,0.63,0.532632
0.14,0.64,0.533163
0.14,0.65,0.533986
0.14,0.66,0.53261
0.14,0.67,0.533319
0.14,0.68,0.532585
0.14,0.69,0.53425
0.14,0.7,0.532473
0.14,0.71,0.531142
0.14,0.72,0.532417
0.14,0.73,0.531292
0.14,0.74,0.532489
0.14,0.75,0.531354
0.14,0.76,0.531998
0.14,0.77,0.53115
0.14,0.78,0.532335
0.14,0.79,0.531059
0.14,0.8,0.531083
0.14,0.81,0.531067
0.14,0.82,0.530675
0.14,0.83,0.5304
0.14,0.84,0.52985
0.14,0.85,0.529172
0.14,0.86,0.529622
0.14,0.87,0.529233
0.14,0.88,0.528913
0.14,0.89,0.528232
0.14,0.9,0.527931
0.14,0.91,0.526848
0.14,0.92,0.527672
0.14,0.93,0.526044
0.14,0.94,0.52599
0.14,0.95,0.525408
0.14,0.96,0.524863
0.14,0.97,0.523953
0.14,0.98,0.523008
0.14,0.99,0.52186
0.15,0,0.522553
0.15,0.01,0.523764
0.15,0.02,0.524592
0.15,0.03,0.524657
0.15,0.04,0.525686
0.15,0.05,0.525915
0.15,0.06,0.527676
0.15,0.07,0.527292
0.15,0.08,0.527718
0.15,0.09,0.528159
0.15,0.1,0.527088
0.15,0.11,0.52799
0.15,0.12,0.528669
0.15,0.13,0.529723
0.15,0.14,0.53044
0.15,0.15,0.530219
0.15,0.16,0.530565
0.15,0.17,0.52902
0.15,0.18,0.530241
0.15,0.19,0.53032
0.15,0.2,0.531797
0.15,0.21,0.530874
0.15,0.22,0.531051
0.15,0.23,0.530749
0.15,0.24,0.530863
0.15,0.25,0.532652
0.15,0.26,0.531206
0.15,0.27,0.531212
0.15,0.28,0.532524
0.15,0.29,0.531678
0.15,0.3,0.532179
0.15,0.31,0.5329
0.15,0.32,0.532918
0.15,0.33,0.53258
0.15,0.34,0.533502
0.15,0.35,0.533715
0.15,0.36,0.532233
0.15,0.37,0.533846
0.15,0.38,0.533062
0.15,0.39,0.533402
0.15,0.4,0.533284
0.15,0.41,0.532867
0.15,0.42,0.533343
0.15,0.43,0.53333
0.15,0.44,0.534295
0.15,0.45,0.533703
0.15,0.46,0.533151
0.15,0.47,0.533634
0.15,0.48,0.533476
0.15,0.49,0.532787
0.15,0.5,0.533007
0.15,0.51,0.533255
0.15,0.52,0.533804
0.15,0.53,0.533909
0.15,0.54,0.532953
0.15,0.55,0.533393
0.15,0.56,0.533307
0.15,0.57,0.532595
0.15,0.58,0.534024
0.15,0.59,0.533409
0.15,0.6,0.532712
0.15,0.61,0.533057
0.15,0.62,0.53324
0.15,0.63,0.532507
0.15,0.64,0.532584
0.15,0.65,0.533095
0.15,0.66,0.532686
0.15,0.67,0.532547
0.15,0.68,0.531174
0.15,0.69,0.532365
0.15,0.7,0.532666
0.15,0.71,0.532346
0.15,0.72,0.532127
0.15,0.73,0.531611
0.15,0.74,0.531341
0.15,0.75,0.530896
0.15,0.76,0.530621
0.15,0.77,0.532272
0.15,0.78,0.531211
0.15,0.79,0.531445
0.15,0.8,0.531904
0.15,0.81,0.530945
0.15,0.82,0.530426
0.15,0.83,0.530963
0.15,0.84,0.529504
0.15,0.85,0.529926
0.15,0.86,0.529467
0.15,0.87,0.528176
0.15,0.88,0.52998
0.15,0.89,0.528765
0.15,0.9,0.52819
0.15,0.91,0.528157
0.15,0.92,0.527289
0.15,0.93,0.527337
0.15,0.94,0.526694
0.15,0.95,0.52616
0.15,0.96,0.526337
0.15,0.97,0.524734
0.15,0.98,0.524284
0.15,0.99,0.523239
0.16,0,0.522738
0.16,0.01,0.524534
0.16,0.02,0.524982
0.16,0.03,0.525165
0.16,0.04,0.526349
0.16,0.05,0.527513
0.16,0.06,0.528073
0.16,0.07,0.528829
0.16,0.08,0.529154
0.16,0.09,0.529039
0.16,0.1,0.529107
0.16,0.11,0.529902
0.16,0.12,0.529617
0.16,0.13,0.530691
0.16,0.14,0.53108
0.16,0.15,0.530114
0.16,0.16,0.530825
0.16,0.17,0.530419
0.16,0.18,0.53081
0.16,0.19,0.530562
0.16,0.2,0.531711
0.16,0.21,0.531345
0.16,0.22,0.531178
0.16,0.23,0.530363
0.16,0.24,0.53141
0.16,0.25,0.531509
0.16,0.26,0.530537
0.16,0.27,0.532318
0.16,0.28,0.531635
0.16,0.29,0.531699
0.16,0.3,0.531718
0.16,0.31,0.532231
0.16,0.32,0.531834
0.16,0.33,0.53273
0.16,0.34,0.532498
0.16,0.35,0.531795
0.16,0.36,0.531571
0.16,0.37,0.532203
0.16,0.38,0.532281
0.16,0.39,0.532331
0.16,0.4,0.532157
0.16,0.41,0.533307
0.16,0.42,0.53184
0.16,0.43,0.532271
0.16,0.44,0.532186
0.16,0.45,0.531741
0.16,0.46,0.531984
0.16,0.47,0.53234
0.16,0.48,0.53253
0.16,0.49,0.533085
0.16,0.5,0.531934
0.16,0.51,0.533465
0.16,0.52,0.53273
0.16,0.53,0.533046
0.16,0.54,0.532594
0.16,0.55,0.53256
0.16,0.56,0.532183
0.16,0.57,0.532362
0.16,0.58,0.532056
0.16,0.59,0.532964
0.16,0.6,0.534166
0.16,0.61,0.532082
0.16,0.62,0.532672
0.16,0.63,0.532371
0.16,0.64,0.531814
0.16,0.65,0.531957
0.16,0.66,0.532574
0.16,0.67,0.531271
0.16,0.68,0.532015
0.16,0.69,0.531444
0.16,0.7,0.531109
0.16,0.71,0.531933
0.16,0.72,0.532615
0.16,0.73,0.531938
0.16,0.74,0.531636
0.16,0.75,0.530906
0.16,0.76,0.531501
0.16,0.77,0.53153
0.16,0.78,0.530818
0.16,0.79,0.530762
0.16,0.8,0.530154
0.16,0.81,0.530726
0.16,0.82,0.530658
0.16,0.83,0.531138
0.16,0.84,0.53053
0.16,0.85,0.530133
0.16,0.86,0.529745
0.16,0.87,0.528945
0.16,0.88,0.530252
0.16,0.89,0.529126
0.16,0.9,0.529303
0.16,0.91,0.528173
0.16,0.92,0.528206
0.16,0.93,0.528014
0.16,0.94,0.526689
0.16,0.95,0.527481
0.16,0.96,0.526896
0.16,0.97,0.525301
0.16,0.98,0.52515
0.16,0.99,0.523511
0.17,0,0.525395
0.17,0.01,0.525316
0.17,0.02,0.527042
0.17,0.03,0.52717
0.17,0.04,0.527649
0.17,0.05,0.527939
0.17,0.06,0.528023
0.17,0.07,0.52865
0.17,0.08,0.528165
0.17,0.09,0.528868
0.17,0.1,0.529956
0.17,0.11,0.53009
0.17,0.12,0.529216
0.17,0.13,0.53046
0.17,0.14,0.530863
0.17,0.15,0.529615
0.17,0.16,0.529929
0.17,0.17,0.53024
0.17,0.18,0.530241
0.17,0.19,0.529951
0.17,0.2,0.530372
0.17,0.21,0.531234
0.17,0.22,0.531268
0.17,0.23,0.531482
0.17,0.24,0.53132
0.17,0.25,0.530556
0.17,0.26,0.530819
0.17,0.27,0.530864
0.17,0.28,0.530166
0.17,0.29,0.530759
0.17,0.3,0.531756
0.17,0.31,0.531234
0.17,0.32,0.530833
0.17,0.33,0.531745
0.17,0.34,0.53135
0.17,0.35,0.531684
0.17,0.36,0.532619
0.17,0.37,0.530848
0.17,0.38,0.531792
0.17,0.39,0.531961
0.17,0.4,0.532235
0.17,0.41,0.532151
0.17,0.42,0.532295
0.17,0.43,0.531786
0.17,0.44,0.532302
0.17,0.45,0.530984
0.17,0.46,0.531276
0.17,0.47,0.531259
0.17,0.48,0.532802
0.17,0.49,0.532187
0.17,0.5,0.531602
0.17,0.51,0.531951
0.17,0.52,0.531216
0.17,0.53,0.532033
0.17,0.54,0.532111
0.17,0.55,0.532194
0.17,0.56,0.53123
0.17,0.57,0.531691
0.17,0.58,0.53238
0.17,0.59,0.531289
0.17,0.6,0.530689
0.17,0.61,0.531993
0.17,0.62,0.532265
0.17,0.63,0.531186
0.17,0.64,0.531759
0.17,0.65,0.531286
0.17,0.66,0.531812
0.17,0.67,0.530423
0.17,0.68,0.531843
0.17,0.69,0.530715
0.17,0.7,0.530039
0.17,0.71,0.532779
0.17,0.72,0.530824
0.17,0.73,0.532011
0.17,0.74,0.531279
0.17,0.75,0.531708
0.17,0.76,0.530997
0.17,0.77,0.530437
0.17,0.78,0.531155
0.17,0.79,0.531568
0.17,0.8,0.530516
0.17,0.81,0.531769
0.17,0.82,0.53103
0.17,0.83,0.53154
0.17,0.84,0.530237
0.17,0.85,0.530975
0.17,0.86,0.530506
0.17,0.87,0.530138
0.17,0.88,0.530064
0.17,0.89,0.529698
0.17,0.9,0.529854
0.17,0.91,0.530152
0.17,0.92,0.528437
0.17,0.93,0.528373
0.17,0.94,0.528288
0.17,0.95,0.527145
0.17,0.96,0.527892
0.17,0.97,0.526866
0.17,0.98,0.526769
0.17,0.99,0.525658
0.18,0,0.526221
0.18,0.01,0.526071
0.18,0.02,0.527113
0.18,0.03,0.527263
0.18,0.04,0.527771
0.18,0.05,0.529828
0.18,0.06,0.529389
0.18,0.07,0.529182
0.18,0.08,0.529192
0.18,0.09,0.52968
0.18,0.1,0.530118
0.18,0.11,0.530199
0.18,0.12,0.530443
0.18,0.13,0.53087
0.18,0.14,0.530996
0.18,0.15,0.531446
0.18,0.16,0.529743
0.18,0.17,0.531068
0.18,0.18,0.53126
0.18,0.19,0.530748
0.18,0.2,0.531707
0.18,0.21,0.530829
0.18,0.22,0.531533
0.18,0.23,0.531295
0.18,0.24,0.530225
0.18,0.25,0.530463
0.18,0.26,0.531005
0.18,0.27,0.530132
0.18,0.28,0.531228
0.18,0.29,0.530608
0.18,0.3,0.531015
0.18,0.31,0.530551
0.18,0.32,0.530248
0.18,0.33,0.529965
0.18,0.34,0.531165
0.18,0.35,0.530329
0.18,0.36,0.530825
0.18,0.37,0.531044
0.18,0.38,0.530627
0.18,0.39,0.530975
0.18,0.4,0.530749
0.18,0.41,0.531157
0.18,0.42,0.531291
0.18,0.43,0.530749
0.18,0.44,0.530332
0.18,0.45,0.530841
0.18,0.46,0.530569
0.18,0.47,0.530595
0.18,0.48,0.530322
0.18,0.49,0.530857
0.18,0.5,0.531102
0.18,0.51,0.531976
0.18,0.52,0.53138
0.18,0.53,0.530653
0.18,0.54,0.530838
0.18,0.55,0.530523
0.18,0.56,0.530515
0.18,0.57,0.530923
0.18,0.58,0.530971
0.18,0.59,0.5319
0.18,0.6,0.531334
0.18,0.61,0.531636
0.18,0.62,0.530772
0.18,0.63,0.531208
0.18,0.64,0.531553
0.18,0.65,0.530764
0.18,0.66,0.530286
0.18,0.67,0.53146
0.18,0.68,0.531029
0.18,0.69,0.531078
0.18,0.7,0.531084
0.18,0.71,0.529946
0.18,0.72,0.529868
0.18,0.73,0.52979
0.18,0.74,0.531043
0.18,0.75,0.532402
0.18,0.76,0.53043
0.18,0.77,0.531596
0.18,0.78,0.53231
0.18,0.79,0.530823
0.18,0.8,0.530747
0.18,0.81,0.53162
0.18,0.82,0.530941
0.18,0.83,0.530514
0.18,0.84,0.531481
0.18,0.85,0.53041
0.18,0.86,0.531354
0.18,0.87,0.529567
0.18,0.88,0.529694
0.18,0.89,0.529616
0.18,0.9,0.529831
0.18,0.91,0.530038
0.18,0.92,0.529093
0.18,0.93,0.530326
0.18,0.94,0.528546
0.18,0.95,0.528666
0.18,0.96,0.527714
0.18,0.97,0.527448
0.18,0.98,0.527215
0.18,0.99,0.526532
0.19,0,0.526278
0.19,0.01,0.527579
0.19,0.02,0.528378
0.19,0.03,0.528573
0.19,0.04,0.528748
0.19,0.05,0.529339
0.19,0.06,0.530358
0.19,0.07,0.530613
0.19,0.08,0.529411
0.19,0.09,0.529335
0.19,0.1,0.531052
0.19,0.11,0.530444
0.19,0.12,0.530636
0.19,0.13,0.530112
0.19,0.14,0.53086
0.19,0.15,0.529796
0.19,0.16,0.532142
0.19,0.17,0.530932
0.19,0.18,0.530569
0.19,0.19,0.530946
0.19,0.2,0.530856
0.19,0.21,0.530756
0.19,0.22,0.53091
0.19,0.23,0.530678
0.19,0.24,0.530844
0.19,0.25,0.530824
0.19,0.26,0.53065
0.19,0.27,0.531616
0.19,0.28,0.530061
0.19,0.29,0.530506
0.19,0.3,0.529664
0.19,0.31,0.52984
0.19,0.32,0.530259
0.19,0.33,0.529788
0.19,0.34,0.529942
0.19,0.35,0.530564
0.19,0.36,0.5297
0.19,0.37,0.529227
0.19,0.38,0.531265
0.19,0.39,0.530627
0.19,0.4,0.531203
0.19,0.41,0.530239
0.19,0.42,0.530457
0.19,0.43,0.53001
0.19,0.44,0.529615
0.19,0.45,0.53048
0.19,0.46,0.529251
0.19,0.47,0.52984
0.19,0.48,0.53165
0.19,0.49,0.530362
0.19,0.5,0.531004
0.19,0.51,0.5298
0.19,0.52,0.529611
0.19,0.53,0.53
0.19,0.54,0.530137
0.19,0.55,0.529138
0.19,0.56,0.529951
0.19,0.57,0.529861
0.19,0.58,0.530142
0.19,0.59,0.530056
0.19,0.6,0.529695
0.19,0.61,0.530215
0.19,0.62,0.529493
0.19,0.63,0.529992
0.19,0.64,0.531605
0.19,0.65,0.529721
0.19,0.66,0.530951
0.19,0.67,0.530378
0.19,0.68,0.530172
0.19,0.69,0.530415
0.19,0.7,0.529468
0.19,0.71,0.529956
0.19,0.72,0.530587
0.19,0.73,0.531095
0.19,0.74,0.529952
0.19,0.75,0.531521
0.19,0.76,0.530306
0.19,0.77,0.530892
0.19,0.78,0.529741
0.19,0.79,0.530645
0.19,0.8,0.53074
0.19,0.81,0.531557
0.19,0.82,0.53007
0.19,0.83,0.532021
0.19,0.84,0.530076
0.19,0.85,0.53066
0.19,0.86,0.530671
0.19,0.87,0.531715
0.19,0.88,0.530883
0.19,0.89,0.529868
0.19,0.9,0.530589
0.19,0.91,0.530697
0.19,0.92,0.529615
0.19,0.93,0.52965
0.19,0.94,0.530915
0.19,0.95,0.530167
0.19,0.96,0.529393
0.19,0.97,0.528576
0.19,0.98,0.52747
0.19,0.99,0.527652
0.2,0,0.528659
0.2,0.01,0.527917
0.2,0.02,0.528979
0.2,0.03,0.53037
0.2,0.04,0.530207
0.2,0.05,0.529968
0.2,0.06,0.530489
0.2,0.07,0.530831
0.2,0.08,0.530081
0.2,0.09,0.530782
0.2,0.1,0.530762
0.2,0.11,0.530862
0.2,0.12,0.532444
0.2,0.13,0.531955
0.2,0.14,0.531109
0.2,0.15,0.530797
0.2,0.16,0.531137
0.2,0.17,0.529934
0.2,0.18,0.531095
0.2,0.19,0.530945
0.2,0.2,0.531795
0.2,0.21,0.530105
0.2,0.22,0.530152
0.2,0.23,0.531188
0.2,0.24,0.531177
0.2,0.25,0.530904
0.2,0.26,0.530207
0.2,0.27,0.530925
0.2,0.28,0.530401
0.2,0.29,0.530058
0.2,0.3,0.529526
0.2,0.31,0.529316
0.2,0.32,0.529429
0.2,0.33,0.530446
0.2,0.34,0.52949
0.2,0.35,0.529492
0.2,0.36,0.529414
0.2,0.37,0.529343
0.2,0.38,0.529714
0.2,0.39,0.529354
0.2,0.4,0.529899
0.2,0.41,0.529878
0.2,0.42,0.529792
0.2,0.43,0.530243
0.2,0.44,0.529372
0.2,0.45,0.528847
0.2,0.46,0.529172
0.2,0.47,0.529004
0.2,0.48,0.529309
0.2,0.49,0.529849
0.2,0.5,0.528552
0.2,0.51,0.529225
0.2,0.52,0.529464
0.2,0.53,0.529557
0.2,0.54,0.52912
0.2,0.55,0.529222
0.2,0.56,0.528931
0.2,0.57,0.530137
0.2,0.58,0.529464
0.2,0.59,0.529696
0.2,0.6,0.529828
0.2,0.61,0.529452
0.2,0.62,0.530474
0.2,0.63,0.529213
0.2,0.64,0.530386
0.2,0.65,0.530572
0.2,0.66,0.52993
0.2,0.67,0.529655
0.2,0.68,0.528838
0.2,0.69,0.529367
0.2,0.7,0.529741
0.2,0.71,0.529758
0.2,0.72,0.529904
0.2,0.73,0.530714
0.2,0.74,0.530676
0.2,0.75,0.530093
0.2,0.76,0.530417
0.2,0.77,0.530552
0.2,0.78,0.530986
0.2,0.79,0.530747
0.2,0.8,0.530953
0.2,0.81,0.530311
0.2,0.82,0.530709
0.2,0.83,0.531276
0.2,0.84,0.531105
0.2,0.85,0.530548
0.2,0.86,0.531806
0.2,0.87,0.531626
0.2,0.88,0.531079
0.2,0.89,0.531198
0.2,0.9,0.531467
0.2,0.91,0.530801
0.2,0.92,0.53121
0.2,0.93,0.530687
0.2,0.94,0.53011
0.2,0.95,0.530406
0.2,0.96,0.529749
0.2,0.97,0.529341
0.2,0.98,0.52982
0.2,0.99,0.528984
0.21,0,0.529414
0.21,0.01,0.52973
0.21,0.02,0.529899
0.21,0.03,0.53073
0.21,0.04,0.530189
0.21,0.05,0.530562
0.21,0.06,0.530943
0.21,0.07,0.530533
0.21,0.08,0.53059
0.21,0.09,0.530799
0.21,0.1,0.531592
0.21,0.11,0.531107
0.21,0.12,0.531253
0.21,0.13,0.531999
0.21,0.14,0.530713
0.21,0.15,0.531295
0.21,0.16,0.531269
0.21,0.17,0.530819
0.21,0.18,0.531254
0.21,0.19,0.530354
0.21,0.2,0.530227
0.21,0.21,0.529444
0.21,0.22,0.530027
0.21,0.23,0.529673
0.21,0.24,0.529642
0.21,0.25,0.529713
0.21,0.26,0.529077
0.21,0.27,0.529337
0.21,0.28,0.529291
0.21,0.29,0.529019
0.21,0.3,0.529807
0.21,0.31,0.529189
0.21,0.32,0.529515
0.21,0.33,0.529437
0.21,0.34,0.530021
0.21,0.35,0.528971
0.21,0.36,0.528764
0.21,0.37,0.52983
0.21,0.38,0.528997
0.21,0.39,0.529001
0.21,0.4,0.528447
0.21,0.41,0.528827
0.21,0.42,0.528305
0.21,0.43,0.52883
0.21,0.44,0.527786
0.21,0.45,0.528725
0.21,0.46,0.528652
0.21,0.47,0.528651
0.21,0.48,0.529088
0.21,0.49,0.528856
0.21,0.5,0.528604
0.21,0.51,0.528642
0.21,0.52,0.530107
0.21,0.53,0.529079
0.21,0.54,0.529729
0.21,0.55,0.528953
0.21,0.56,0.528062
0.21,0.57,0.529161
0.21,0.58,0.528883
0.21,0.59,0.529482
0.21,0.6,0.52834
0.21,0.61,0.528064
0.21,0.62,0.528955
0.21,0.63,0.529413
0.21,0.64,0.528361
0.21,0.65,0.528902
0.21,0.66,0.529441
0.21,0.67,0.529346
0.21,0.68,0.528928
0.21,0.69,0.529331
0.21,0.7,0.528432
0.21,0.71,0.529662
0.21,0.72,0.53115
0.21,0.73,0.52906
0.21,0.74,0.529074
0.21,0.75,0.529178
0.21,0.76,0.530464
0.21,0.77,0.530023
0.21,0.78,0.529541
0.21,0.79,0.531116
0.21,0.8,0.530788
0.21,0.81,0.530201
0.21,0.82,0.531244
0.21,0.83,0.531261
0.21,0.84,0.530732
0.21,0.85,0.531913
0.21,0.86,0.530072
0.21,0.87,0.530942
0.21,0.88,0.530739
0.21,0.89,0.531735
0.21,0.9,0.531486
0.21,0.91,0.530861
0.21,0.92,0.531331
0.21,0.93,0.53094
0.21,0.94,0.530838
0.21,0.95,0.531152
0.21,0.96,0.530712
0.21,0.97,0.530307
0.21,0.98,0.53004
0.21,0.99,0.528722
0.22,0,0.529584
0.22,0.01,0.531207
0.22,0.02,0.530664
0.22,0.03,0.531671
0.22,0.04,0.530911
0.22,0.05,0.531677
0.22,0.06,0.531447
0.22,0.07,0.531894
0.22,0.08,0.531154
0.22,0.09,0.53119
0.22,0.1,0.53122
0.22,0.11,0.531195
0.22,0.12,0.53251
0.22,0.13,0.531888
0.22,0.14,0.531237
0.22,0.15,0.531313
0.22,0.16,0.531713
0.22,0.17,0.530846
0.22,0.18,0.530361
0.22,0.19,0.530309
0.22,0.2,0.531868
0.22,0.21,0.530871
0.22,0.22,0.530053
0.22,0.23,0.529077
0.22,0.24,0.530044
0.22,0.25,0.530018
0.22,0.26,0.529332
0.22,0.27,0.530459
0.22,0.28,0.529591
0.22,0.29,0.52985
0.22,0.3,0.529929
0.22,0.31,0.530085
0.22,0.32,0.52989
0.22,0.33,0.52883
0.22,0.34,0.528142
0.22,0.35,0.528686
0.22,0.36,0.529033
0.22,0.37,0.527815
0.22,0.38,0.527648
0.22,0.39,0.528163
0.22,0.4,0.527993
0.22,0.41,0.528683
0.22,0.42,0.528248
0.22,0.43,0.527791
0.22,0.44,0.527735
0.22,0.45,0.528242
0.22,0.46,0.528395
0.22,0.47,0.527211
0.22,0.48,0.527653
0.22,0.49,0.52729
0.22,0.5,0.528326
0.22,0.51,0.526406
0.22,0.52,0.528217
0.22,0.53,0.527567
0.22,0.54,0.528371
0.22,0.55,0.528573
0.22,0.56,0.527623
0.22,0.57,0.528123
0.22,0.58,0.528296
0.22,0.59,0.528451
0.22,0.6,0.528816
0.22,0.61,0.528008
0.22,0.62,0.528939
0.22,0.63,0.528488
0.22,0.64,0.527487
0.22,0.65,0.530017
0.22,0.66,0.529012
0.22,0.67,0.52838
0.22,0.68,0.528031
0.22,0.69,0.528917
0.22,0.7,0.529014
0.22,0.71,0.528212
0.22,0.72,0.528971
0.22,0.73,0.530443
0.22,0.74,0.529868
0.22,0.75,0.528652
0.22,0.76,0.530029
0.22,0.77,0.52994
0.22,0.78,0.531008
0.22,0.79,0.529645
0.22,0.8,0.529609
0.22,0.81,0.529698
0.22,0.82,0.530375
0.22,0.83,0.531236
0.22,0.84,0.531188
0.22,0.85,0.531198
0.22,0.86,0.531284
0.22,0.87,0.531423
0.22,0.88,0.53256
0.22,0.89,0.530897
0.22,0.9,0.531412
0.22,0.91,0.531339
0.22,0.92,0.530668
0.22,0.93,0.531511
0.22,0.94,0.5315
0.22,0.95,0.530882
0.22,0.96,0.530171
0.22,0.97,0.531826
0.22,0.98,0.531316
0.22,0.99,0.53026
0.23,0,0.530771
0.23,0.01,0.530762
0.23,0.02,0.531569
0.23,0.03,0.532198
0.23,0.04,0.53169
0.23,0.05,0.532271
0.23,0.06,0.532074
0.23,0.07,0.531579
0.23,0.08,0.532276
0.23,0.09,0.5317
0.23,0.1,0.5326
0.23,0.11,0.531508
0.23,0.12,0.531247
0.23,0.13,0.531939
0.23,0.14,0.531114
0.23,0.15,0.532197
0.23,0.16,0.530704
0.23,0.17,0.532013
0.23,0.18,0.531058
0.23,0.19,0.53076
0.23,0.2,0.530457
0.23,0.21,0.530713
0.23,0.22,0.530841
0.23,0.23,0.530199
0.23,0.24,0.528586
0.23,0.25,0.529197
0.23,0.26,0.530454
0.23,0.27,0.530307
0.23,0.28,0.528733
0.23,0.29,0.528721
0.23,0.3,0.528889
0.23,0.31,0.528077
0.23,0.32,0.527855
0.23,0.33,0.528391
0.23,0.34,0.527843
0.23,0.35,0.527468
0.23,0.36,0.528118
0.23,0.37,0.527878
0.23,0.38,0.527223
0.23,0.39,0.527315
0.23,0.4,0.527462
0.23,0.41,0.527769
0.23,0.42,0.527323
0.23,0.43,0.526588
0.23,0.44,0.528595
0.23,0.45,0.526228
0.23,0.46,0.527179
0.23,0.47,0.526918
0.23,0.48,0.526785
0.23,0.49,0.52701
0.23,0.5,0.527456
0.23,0.51,0.526656
0.23,0.52,0.526673
0.23,0.53,0.527649
0.23,0.54,0.527366
0.23,0.55,0.527754
0.23,0.56,0.526865
0.23,0.57,0.527802
0.23,0.58,0.527981
0.23,0.59,0.528005
0.23,0.6,0.527828
0.23,0.61,0.528501
0.23,0.62,0.527047
0.23,0.63,0.527936
0.23,0.64,0.526474
0.23,0.65,0.528816
0.23,0.66,0.528572
0.23,0.67,0.527902
0.23,0.68,0.527487
0.23,0.69,0.529923
0.23,0.7,0.528817
0.23,0.71,0.529324
0.23,0.72,0.528153
0.23,0.73,0.528644
0.23,0.74,0.529964
0.23,0.75,0.530344
0.23,0.76,0.529675
0.23,0.77,0.529034
0.23,0.78,0.530275
0.23,0.79,0.530184
0.23,0.8,0.53014
0.23,0.81,0.531241
0.23,0.82,0.531008
0.23,0.83,0.531547
0.23,0.84,0.531858
0.23,0.85,0.531556
0.23,0.86,0.530487
0.23,0.87,0.533074
0.23,0.88,0.531869
0.23,0.89,0.532923
0.23,0.9,0.532814
0.23,0.91,0.532187
0.23,0.92,0.531779
0.23,0.93,0.532877
0.23,0.94,0.532055
0.23,0.95,0.53136
0.23,0.96,0.532547
0.23,0.97,0.533662
0.23,0.98,0.532033
0.23,0.99,0.531947
0.24,0,0.531917
0.24,0.01,0.532382
0.24,0.02,0.531603
0.24,0.03,0.532599
0.24,0.04,0.531795
0.24,0.05,0.532789
0.24,0.06,0.532867
0.24,0.07,0.532948
0.24,0.08,0.532786
0.24,0.09,0.532308
0.24,0.1,0.531936
0.24,0.11,0.531523
0.24,0.12,0.531393
0.24,0.13,0.531884
0.24,0.14,0.532351
0.24,0.15,0.531469
0.24,0.16,0.531411
0.24,0.17,0.53083
0.24,0.18,0.531125
0.24,0.19,0.5306
0.24,0.2,0.528822
0.24,0.21,0.529508
0.24,0.22,0.530663
0.24,0.23,0.530214
0.24,0.24,0.530386
0.24,0.25,0.529995
0.24,0.26,0.529632
0.24,0.27,0.528166
0.24,0.28,0.528852
0.24,0.29,0.528435
0.24,0.3,0.527674
0.24,0.31,0.528189
0.24,0.32,0.527595
0.24,0.33,0.527322
0.24,0.34,0.526847
0.24,0.35,0.526822
0.24,0.36,0.527764
0.24,0.37,0.526156
0.24,0.38,0.525985
0.24,0.39,0.52703
0.24,0.4,0.526373
0.24,0.41,0.526716
0.24,0.42,0.526672
0.24,0.43,0.526656
0.24,0.44,0.526509
0.24,0.45,0.526332
0.24,0.46,0.525839
0.24,0.47,0.526009
0.24,0.48,0.526634
0.24,0.49,0.526639
0.24,0.5,0.52608
0.24,0.51,0.525659
0.24,0.52,0.526285
0.24,0.53,0.526699
0.24,0.54,0.526534
0.24,0.55,0.526562
0.24,0.56,0.526467
0.24,0.57,0.527033
0.24,0.58,0.527
0.24,0.59,0.52579
0.24,0.6,0.527311
0.24,0.61,0.527307
0.24,0.62,0.526238
0.24,0.63,0.527349
0.24,0.64,0.525945
0.24,0.65,0.527482
0.24,0.66,0.526612
0.24,0.67,0.527926
0.24,0.68,0.527907
0.24,0.69,0.527199
0.24,0.7,0.5292
0.24,0.71,0.528285
0.24,0.72,0.527582
0.24,0.73,0.529201
0.24,0.74,0.530068
0.24,0.75,0.528929
0.24,0.76,0.529139
0.24,0.77,0.529244
0.24,0.78,0.529893
0.24,0.79,0.53157
0.24,0.8,0.53073
0.24,0.81,0.530837
0.24,0.82,0.531488
0.24,0.83,0.531347
0.24,0.84,0.531669
0.24,0.85,0.531459
0.24,0.86,0.531695
0.24,0.87,0.532302
0.24,0.88,0.532494
0.24,0.89,0.53156
0.24,0.9,0.53227
0.24,0.91,0.532905
0.24,0.92,0.532852
0.24,0.93,0.531569
0.24,0.94,0.532881
0.24,0.95,0.53232
0.24,0.96,0.532768
0.24,0.97,0.533093
0.24,0.98,0.532977
0.24,0.99,0.531365
0.25,0,0.531962
0.25,0.01,0.532733
0.25,0.02,0.533129
0.25,0.03,0.532992
0.25,0.04,0.533293
0.25,0.05,0.532991
0.25,0.06,0.533743
0.25,0.07,0.534485
0.25,0.08,0.533213
0.25,0.09,0.533414
0.25,0.1,0.533469
0.25,0.11,0.532507
0.25,0.12,0.531922
0.25,0.13,0.530976
0.25,0.14,0.531637
0.25,0.15,0.532237
0.25,0.16,0.531031
0.25,0.17,0.531473
0.25,0.18,0.532215
0.25,0.19,0.530039
0.25,0.2,0.529896
0.25,0.21,0.530136
0.25,0.22,0.529855
0.25,0.23,0.529174
0.25,0.24,0.529373
0.25,0.25,0.529035
0.25,0.26,0.529152
0.25,0.27,0.527869
0.25,0.28,0.52834
0.25,0.29,0.528246
0.25,0.3,0.527582
0.25,0.31,0.526977
0.25,0.32,0.527167
0.25,0.33,0.527895
0.25,0.34,0.52672
0.25,0.35,0.526697
0.25,0.36,0.527269
0.25,0.37,0.526023
0.25,0.38,0.526453
0.25,0.39,0.526283
0.25,0.4,0.526123
0.25,0.41,0.52563
0.25,0.42,0.526033
0.25,0.43,0.524827
0.25,0.44,0.525444
0.25,0.45,0.525244
0.25,0.46,0.525239
0.25,0.47,0.525633
0.25,0.48,0.525541
0.25,0.49,0.527092
0.25,0.5,0.525517
0.25,0.51,0.526346
0.25,0.52,0.525893
0.25,0.53,0.526199
0.25,0.54,0.526291
0.25,0.55,0.526179
0.25,0.56,0.525635
0.25,0.57,0.525844
0.25,0.58,0.525819
0.25,0.59,0.525968
0.25,0.6,0.526167
0.25,0.61,0.525925
0.25,0.62,0.525873
0.25,0.63,0.525445
0.25,0.64,0.525946
0.25,0.65,0.527252
0.25,0.66,0.525944
0.25,0.67,0.526711
0.25,0.68,0.528109
0.25,0.69,0.528326
0.25,0.7,0.526736
0.25,0.71,0.528952
0.25,0.72,0.527258
0.25,0.73,0.527792
0.25,0.74,0.528136
0.25,0.75,0.528651
0.25,0.76,0.528817
0.25,0.77,0.529098
0.25,0.78,0.530496
0.25,0.79,0.529712
0.25,0.8,0.531862
0.25,0.81,0.529568
0.25,0.82,0.530452
0.25,0.83,0.530807
0.25,0.84,0.531314
0.25,0.85,0.532471
0.25,0.86,0.532891
0.25,0.87,0.532856
0.25,0.88,0.531901
0.25,0.89,0.533005
0.25,0.9,0.532419
0.25,0.91,0.532806
0.25,0.92,0.534185
0.25,0.93,0.533899
0.25,0.94,0.533405
0.25,0.95,0.534301
0.25,0.96,0.533343
0.25,0.97,0.532989
0.25,0.98,0.53173
0.25,0.99,0.533078
0.26,0,0.532518
0.26,0.01,0.533402
0.26,0.02,0.533469
0.26,0.03,0.534617
0.26,0.04,0.534074
0.26,0.05,0.532981
0.26,0.06,0.534063
0.26,0.07,0.533671
0.26,0.08,0.533377
0.26,0.09,0.533047
0.26,0.1,0.533405
0.26,0.11,0.532979
0.26,0.12,0.532894
0.26,0.13,0.531711
0.26,0.14,0.532351
0.26,0.15,0.533127
0.26,0.16,0.531383
0.26,0.17,0.531746
0.26,0.18,0.530737
0.26,0.19,0.530851
0.26,0.2,0.52917
0.26,0.21,0.530494
0.26,0.22,0.529568
0.26,0.23,0.530011
0.26,0.24,0.529643
0.26,0.25,0.528974
0.26,0.26,0.529144
0.26,0.27,0.528651
0.26,0.28,0.528424
0.26,0.29,0.527484
0.26,0.3,0.527732
0.26,0.31,0.526234
0.26,0.32,0.527502
0.26,0.33,0.526962
0.26,0.34,0.526574
0.26,0.35,0.525116
0.26,0.36,0.525454
0.26,0.37,0.525713
0.26,0.38,0.52533
0.26,0.39,0.525276
0.26,0.4,0.525015
0.26,0.41,0.524823
0.26,0.42,0.525103
0.26,0.43,0.524923
0.26,0.44,0.525737
0.26,0.45,0.524764
0.26,0.46,0.524984
0.26,0.47,0.52497
0.26,0.48,0.525925
0.26,0.49,0.524951
0.26,0.5,0.525599
0.26,0.51,0.524034
0.26,0.52,0.524999
0.26,0.53,0.525644
0.26,0.54,0.524224
0.26,0.55,0.523499
0.26,0.56,0.524509
0.26,0.57,0.52576
0.26,0.58,0.526089
0.26,0.59,0.524874
0.26,0.6,0.526044
0.26,0.61,0.526738
0.26,0.62,0.52474
0.26,0.63,0.526894
0.26,0.64,0.526711
0.26,0.65,0.525817
0.26,0.66,0.526485
0.26,0.67,0.526309
0.26,0.68,0.527771
0.26,0.69,0.52694
0.26,0.7,0.527403
0.26,0.71,0.527583
0.26,0.72,0.52714
0.26,0.73,0.528165
0.26,0.74,0.52822
0.26,0.75,0.528323
0.26,0.76,0.528908
0.26,0.77,0.5298
0.26,0.78,0.530418
0.26,0.79,0.529296
0.26,0.8,0.530158
0.26,0.81,0.53001
0.26,0.82,0.52982
0.26,0.83,0.531184
0.26,0.84,0.532277
0.26,0.85,0.531703
0.26,0.86,0.532068
0.26,0.87,0.53318
0.26,0.88,0.532596
0.26,0.89,0.533052
0.26,0.9,0.533367
0.26,0.91,0.533864
0.26,0.92,0.532595
0.26,0.93,0.534452
0.26,0.94,0.533894
0.26,0.95,0.534282
0.26,0.96,0.533681
0.26,0.97,0.533045
0.26,0.98,0.533203
0.26,0.99,0.533512
0.27,0,0.534228
0.27,0.01,0.534412
0.27,0.02,0.534529
0.27,0.03,0.533762
0.27,0.04,0.534379
0.27,0.05,0.534604
0.27,0.06,0.534175
0.27,0.07,0.534006
0.27,0.08,0.533362
0.27,0.09,0.534482
0.27,0.1,0.533355
0.27,0.11,0.533565
0.27,0.12,0.532855
0.27,0.13,0.531867
0.27,0.14,0.532184
0.27,0.15,0.530929
0.27,0.16,0.531602
0.27,0.17,0.529988
0.27,0.18,0.530431
0.27,0.19,0.530803
0.27,0.2,0.529965
0.27,0.21,0.52899
0.27,0.22,0.529471
0.27,0.23,0.529683
0.27,0.24,0.528346
0.27,0.25,0.528497
0.27,0.26,0.526624
0.27,0.27,0.527975
0.27,0.28,0.528204
0.27,0.29,0.527649
0.27,0.3,0.527473
0.27,0.31,0.526793
0.27,0.32,0.525346
0.27,0.33,0.526776
0.27,0.34,0.525802
0.27,0.35,0.526419
0.27,0.36,0.525737
0.27,0.37,0.526165
0.27,0.38,0.525492
0.27,0.39,0.526075
0.27,0.4,0.524628
0.27,0.41,0.525382
0.27,0.42,0.524884
0.27,0.43,0.52435
0.27,0.44,0.524693
0.27,0.45,0.524629
0.27,0.46,0.52532
0.27,0.47,0.525437
0.27,0.48,0.525162
0.27,0.49,0.523355
0.27,0.5,0.52506
0.27,0.51,0.52358
0.27,0.52,0.523697
0.27,0.53,0.524983
0.27,0.54,0.522911
0.27,0.55,0.524002
0.27,0.56,0.523582
0.27,0.57,0.524273
0.27,0.58,0.524916
0.27,0.59,0.524893
0.27,0.6,0.523308
0.27,0.61,0.525599
0.27,0.62,0.52496
0.27,0.63,0.52563
0.27,0.64,0.526237
0.27,0.65,0.526798
0.27,0.66,0.525795
0.27,0.67,0.526089
0.27,0.68,0.525977
0.27,0.69,0.526022
0.27,0.7,0.526667
0.27,0.71,0.52662
0.27,0.72,0.527723
0.27,0.73,0.528086
0.27,0.74,0.528661
0.27,0.75,0.527697
0.27,0.76,0.528155
0.27,0.77,0.529152
0.27,0.78,0.530081
0.27,0.79,0.529791
0.27,0.8,0.530425
0.27,0.81,0.529738
0.27,0.82,0.531262
0.27,0.83,0.531842
0.27,0.84,0.532514
0.27,0.85,0.53263
0.27,0.86,0.532363
0.27,0.87,0.533367
0.27,0.88,0.533119
0.27,0.89,0.532654
0.27,0.9,0.533597
0.27,0.91,0.534096
0.27,0.92,0.533474
0.27,0.93,0.534119
0.27,0.94,0.534775
0.27,0.95,0.535018
0.27,0.96,0.535223
0.27,0.97,0.534997
0.27,0.98,0.53461
0.27,0.99,0.533464
0.28,0,0.534524
0.28,0.01,0.534724
0.28,0.02,0.535866
0.28,0.03,0.535172
0.28,0.04,0.535482
0.28,0.05,0.534971
0.28,0.06,0.535724
0.28,0.07,0.534467
0.28,0.08,0.535566
0.28,0.09,0.533832
0.28,0.1,0.533735
0.28,0.11,0.534125
0.28,0.12,0.533167
0.28,0.13,0.532139
0.28,0.14,0.532597
0.28,0.15,0.532437
0.28,0.16,0.531705
0.28,0.17,0.530497
0.28,0.18,0.531062
0.28,0.19,0.530381
0.28,0.2,0.529197
0.28,0.21,0.530337
0.28,0.22,0.528911
0.28,0.23,0.529154
0.28,0.24,0.528512
0.28,0.25,0.528731
0.28,0.26,0.527438
0.28,0.27,0.526607
0.28,0.28,0.527835
0.28,0.29,0.527224
0.28,0.3,0.527163
0.28,0.31,0.526313
0.28,0.32,0.52657
0.28,0.33,0.525799
0.28,0.34,0.525557
0.28,0.35,0.525942
0.28,0.36,0.524451
0.28,0.37,0.524336
0.28,0.38,0.525164
0.28,0.39,0.523803
0.28,0.4,0.525021
0.28,0.41,0.524278
0.28,0.42,0.523942
0.28,0.43,0.523335
0.28,0.44,0.524376
0.28,0.45,0.524222
0.28,0.46,0.52347
0.28,0.47,0.524624
0.28,0.48,0.523275
0.28,0.49,0.522723
0.28,0.5,0.523566
0.28,0.51,0.523443
0.28,0.52,0.523803
0.28,0.53,0.522752
0.28,0.54,0.52367
0.28,0.55,0.523649
0.28,0.56,0.524227
0.28,0.57,0.52379
0.28,0.58,0.525455
0.28,0.59,0.524459
0.28,0.6,0.525183
0.28,0.61,0.524361
0.28,0.62,0.525174
0.28,0.63,0.525226
0.28,0.64,0.524748
0.28,0.65,0.525437
0.28,0.66,0.526211
0.28,0.67,0.52552
0.28,0.68,0.52637
0.28,0.69,0.526299
0.28,0.7,0.526778
0.28,0.71,0.526655
0.28,0.72,0.526149
0.28,0.73,0.528149
0.28,0.74,0.5281
0.28,0.75,0.529166
0.28,0.76,0.529012
0.28,0.77,0.52854
0.28,0.78,0.529575
0.28,0.79,0.529805
0.28,0.8,0.529622
0.28,0.81,0.530265
0.28,0.82,0.531654
0.28,0.83,0.53174
0.28,0.84,0.531778
0.28,0.85,0.531869
0.28,0.86,0.531828
0.28,0.87,0.534232
0.28,0.88,0.53386
0.28,0.89,0.533291
0.28,0.9,0.533456
0.28,0.91,0.534428
0.28,0.92,0.534506
0.28,0.93,0.535257
0.28,0.94,0.533332
0.28,0.95,0.534968
0.28,0.96,0.535231
0.28,0.97,0.535917
0.28,0.98,0.535132
0.28,0.99,0.534754
0.29,0,0.535544
0.29,0.01,0.535164
0.29,0.02,0.535599
0.29,0.03,0.535111
0.29,0.04,0.53543
0.29,0.05,0.535618
0.29,0.06,0.535589
0.29,0.07,0.534678
0.29,0.08,0.534554
0.29,0.09,0.534007
0.29,0.1,0.534314
0.29,0.11,0.533346
0.29,0.12,0.533511
0.29,0.13,0.533043
0.29,0.14,0.532195
0.29,0.15,0.532349
0.29,0.16,0.530569
0.29,0.17,0.531221
0.29,0.18,0.531054
0.29,0.19,0.530372
0.29,0.2,0.530509
0.29,0.21,0.530265
0.29,0.22,0.528981
0.29,0.23,0.528435
0.29,0.24,0.528435
0.29,0.25,0.528415
0.29,0.26,0.526393
0.29,0.27,0.52691
0.29,0.28,0.526177
0.29,0.29,0.525501
0.29,0.3,0.526594
0.29,0.31,0.525523
0.29,0.32,0.525963
0.29,0.33,0.525154
0.29,0.34,0.525356
0.29,0.35,0.524549
0.29,0.36,0.524853
0.29,0.37,0.5242
0.29,0.38,0.524066
0.29,0.39,0.523856
0.29,0.4,0.523851
0.29,0.41,0.523698
0.29,0.42,0.523859
0.29,0.43,0.523475
0.29,0.44,0.521926
0.29,0.45,0.522167
0.29,0.46,0.522945
0.29,0.47,0.522604
0.29,0.48,0.5237
0.29,0.49,0.523765
0.29,0.5,0.524162
0.29,0.51,0.522717
0.29,0.52,0.522737
0.29,0.53,0.523335
0.29,0.54,0.523443
0.29,0.55,0.522378
0.29,0.56,0.523499
0.29,0.57,0.522738
0.29,0.58,0.523331
0.29,0.59,0.523323
0.29,0.6,0.523494
0.29,0.61,0.523066
0.29,0.62,0.524392
0.29,0.63,0.52373
0.29,0.64,0.52386
0.29,0.65,0.525364
0.29,0.66,0.525344
0.29,0.67,0.524465
0.29,0.68,0.524703
0.29,0.69,0.525796
0.29,0.7,0.526773
0.29,0.71,0.527233
0.29,0.72,0.527537
0.29,0.73,0.527703
0.29,0.74,0.52806
0.29,0.75,0.529182
0.29,0.76,0.528663
0.29,0.77,0.529555
0.29,0.78,0.528857
0.29,0.79,0.529515
0.29,0.8,0.530193
0.29,0.81,0.530222
0.29,0.82,0.53053
0.29,0.83,0.531131
0.29,0.84,0.531764
0.29,0.85,0.533575
0.29,0.86,0.53273
0.29,0.87,0.532651
0.29,0.88,0.533662
0.29,0.89,0.535066
0.29,0.9,0.532978
0.29,0.91,0.534626
0.29,0.92,0.534564
0.29,0.93,0.534059
0.29,0.94,0.535404
0.29,0.95,0.535569
0.29,0.96,0.535959
0.29,0.97,0.535288
0.29,0.98,0.536244
0.29,0.99,0.535751
0.3,0,0.535711
0.3,0.01,0.53514
0.3,0.02,0.535955
0.3,0.03,0.536011
0.3,0.04,0.536589
0.3,0.05,0.535219
0.3,0.06,0.535438
0.3,0.07,0.536385
0.3,0.08,0.534786
0.3,0.09,0.533412
0.3,0.1,0.534526
0.3,0.11,0.534163
0.3,0.12,0.533833
0.3,0.13,0.532655
0.3,0.14,0.531522
0.3,0.15,0.533287
0.3,0.16,0.532753
0.3,0.17,0.531936
0.3,0.18,0.53014
0.3,0.19,0.530957
0.3,0.2,0.530475
0.3,0.21,0.529433
0.3,0.22,0.528
0.3,0.23,0.527928
0.3,0.24,0.52792
0.3,0.25,0.528177
0.3,0.26,0.526986
0.3,0.27,0.526259
0.3,0.28,0.527387
0.3,0.29,0.525691
0.3,0.3,0.524808
0.3,0.31,0.526253
0.3,0.32,0.524654
0.3,0.33,0.525347
0.3,0.34,0.524074
0.3,0.35,0.526004
0.3,0.36,0.523664
0.3,0.37,0.522882
0.3,0.38,0.523614
0.3,0.39,0.523727
0.3,0.4,0.523969
0.3,0.41,0.522229
0.3,0.42,0.522534
0.3,0.43,0.522488
0.3,0.44,0.522802
0.3,0.45,0.521765
0.3,0.46,0.522372
0.3,0.47,0.5222
0.3,0.48,0.523129
0.3,0.49,0.524236
0.3,0.5,0.521719
0.3,0.51,0.521782
0.3,0.52,0.522701
0.3,0.53,0.522506
0.3,0.54,0.52295
0.3,0.55,0.523387
0.3,0.56,0.523475
0.3,0.57,0.523504
0.3,0.58,0.523352
0.3,0.59,0.523428
0.3,0.6,0.522277
0.3,0.61,0.523753
0.3,0.62,0.523466
0.3,0.63,0.522621
0.3,0.64,0.523436
0.3,0.65,0.523792
0.3,0.66,0.525251
0.3,0.67,0.526095
0.3,0.68,0.523882
0.3,0.69,0.52509
0.3,0.7,0.526041
0.3,0.71,0.526205
0.3,0.72,0.52566
0.3,0.73,0.527132
0.3,0.74,0.527657
0.3,0.75,0.527306
0.3,0.76,0.527019
0.3,0.77,0.528915
0.3,0.78,0.529491
0.3,0.79,0.529867
0.3,0.8,0.529084
0.3,0.81,0.530979
0.3,0.82,0.530477
0.3,0.83,0.531253
0.3,0.84,0.531527
0.3,0.85,0.531752
0.3,0.86,0.532326
0.3,0.87,0.533192
0.3,0.88,0.534327
0.3,0.89,0.533539
0.3,0.9,0.534254
0.3,0.91,0.535546
0.3,0.92,0.535318
0.3,0.93,0.535439
0.3,0.94,0.534471
0.3,0.95,0.535838
0.3,0.96,0.53621
0.3,0.97,0.53648
0.3,0.98,0.535962
0.3,0.99,0.536944
0.31,0,0.536311
0.31,0.01,0.537264
0.31,0.02,0.536854
0.31,0.03,0.536643
0.31,0.04,0.537546
0.31,0.05,0.53578
0.31,0.06,0.536235
0.31,0.07,0.53623
0.31,0.08,0.534971
0.31,0.09,0.535358
0.31,0.1,0.534116
0.31,0.11,0.53433
0.31,0.12,0.533479
0.31,0.13,0.53297
0.31,0.14,0.532827
0.31,0.15,0.531911
0.31,0.16,0.531645
0.31,0.17,0.532104
0.31,0.18,0.53102
0.31,0.19,0.53183
0.31,0.2,0.530256
0.31,0.21,0.529055
0.31,0.22,0.528955
0.31,0.23,0.528483
0.31,0.24,0.528218
0.31,0.25,0.527586
0.31,0.26,0.527788
0.31,0.27,0.525976
0.31,0.28,0.526895
0.31,0.29,0.526156
0.31,0.3,0.525948
0.31,0.31,0.525094
0.31,0.32,0.524608
0.31,0.33,0.524786
0.31,0.34,0.523847
0.31,0.35,0.52493
0.31,0.36,0.523821
0.31,0.37,0.522616
0.31,0.38,0.524217
0.31,0.39,0.522996
0.31,0.4,0.522706
0.31,0.41,0.523756
0.31,0.42,0.521458
0.31,0.43,0.521861
0.31,0.44,0.521291
0.31,0.45,0.522339
0.31,0.46,0.522436
0.31,0.47,0.522417
0.31,0.48,0.520568
0.31,0.49,0.521281
0.31,0.5,0.52207
0.31,0.51,0.520935
0.31,0.52,0.521047
0.31,0.53,0.521025
0.31,0.54,0.522366
0.31,0.55,0.522045
0.31,0.56,0.522627
0.31,0.57,0.522201
0.31,0.58,0.522622
0.31,0.59,0.522749
0.31,0.6,0.522669
0.31,0.61,0.523672
0.31,0.62,0.523125
0.31,0.63,0.523536
0.31,0.64,0.523362
0.31,0.65,0.52407
0.31,0.66,0.523477
0.31,0.67,0.524779
0.31,0.68,0.523989
0.31,0.69,0.525686
0.31,0.7,0.525938
0.31,0.71,0.525827
0.31,0.72,0.526265
0.31,0.73,0.526235
0.31,0.74,0.526686
0.31,0.75,0.527355
0.31,0.76,0.528279
0.31,0.77,0.52741
0.31,0.78,0.528743
0.31,0.79,0.530784
0.31,0.8,0.528934
0.31,0.81,0.530103
0.31,0.82,0.53092
0.31,0.83,0.530818
0.31,0.84,0.532436
0.31,0.85,0.532358
0.31,0.86,0.533507
0.31,0.87,0.533088
0.31,0.88,0.534448
0.31,0.89,0.534762
0.31,0.9,0.534469
0.31,0.91,0.535309
0.31,0.92,0.535845
0.31,0.93,0.535337
0.31,0.94,0.536552
0.31,0.95,0.53634
0.31,0.96,0.537273
0.31,0.97,0.536067
0.31,0.98,0.537059
0.31,0.99,0.537274
0.32,0,0.53783
0.32,0.01,0.538106
0.32,0.02,0.537569
0.32,0.03,0.537305
0.32,0.04,0.536816
0.32,0.05,0.537013
0.32,0.06,0.536043
0.32,0.07,0.536132
0.32,0.08,0.535486
0.32,0.09,0.535758
0.32,0.1,0.535769
0.32,0.11,0.53486
0.32,0.12,0.533685
0.32,0.13,0.53405
0.32,0.14,0.533119
0.32,0.15,0.53248
0.32,0.16,0.531577
0.32,0.17,0.531091
0.32,0.18,0.53157
0.32,0.19,0.530357
0.32,0.2,0.530116
0.32,0.21,0.529376
0.32,0.22,0.528071
0.32,0.23,0.529179
0.32,0.24,0.527938
0.32,0.25,0.527889
0.32,0.26,0.527138
0.32,0.27,0.528112
0.32,0.28,0.527035
0.32,0.29,0.526498
0.32,0.3,0.525017
0.32,0.31,0.524682
0.32,0.32,0.523998
0.32,0.33,0.523331
0.32,0.34,0.525357
0.32,0.35,0.523657
0.32,0.36,0.523379
0.32,0.37,0.522679
0.32,0.38,0.52297
0.32,0.39,0.523271
0.32,0.4,0.523059
0.32,0.41,0.521932
0.32,0.42,0.52186
0.32,0.43,0.521692
0.32,0.44,0.521606
0.32,0.45,0.521824
0.32,0.46,0.521414
0.32,0.47,0.521562
0.32,0.48,0.522333
0.32,0.49,0.520929
0.32,0.5,0.521415
0.32,0.51,0.521534
0.32,0.52,0.521053
0.32,0.53,0.522118
0.32,0.54,0.521895
0.32,0.55,0.522228
0.32,0.56,0.522039
0.32,0.57,0.522153
0.32,0.58,0.520927
0.32,0.59,0.522045
0.32,0.6,0.522078
0.32,0.61,0.524087
0.32,0.62,0.523242
0.32,0.63,0.522741
0.32,0.64,0.522747
0.32,0.65,0.523591
0.32,0.66,0.524215
0.32,0.67,0.525267
0.32,0.68,0.525466
0.32,0.69,0.525073
0.32,0.7,0.525234
0.32,0.71,0.525593
0.32,0.72,0.526331
0.32,0.73,0.526185
0.32,0.74,0.528442
0.32,0.75,0.528006
0.32,0.76,0.527646
0.32,0.77,0.528167
0.32,0.78,0.528845
0.32,0.79,0.529279
0.32,0.8,0.529875
0.32,0.81,0.5295
0.32,0.82,0.530641
0.32,0.83,0.532546
0.32,0.84,0.532025
0.32,0.85,0.532206
0.32,0.86,0.533066
0.32,0.87,0.533462
0.32,0.88,0.534446
0.32,0.89,0.53498
0.32,0.9,0.535647
0.32,0.91,0.534753
0.32,0.92,0.535545
0.32,0.93,0.535433
0.32,0.94,0.536484
0.32,0.95,0.5365
0.32,0.96,0.53706
0.32,0.97,0.536967
0.32,0.98,0.537564
0.32,0.99,0.538212
0.33,0,0.537465
0.33,0.01,0.538083
0.33,0.02,0.537485
0.33,0.03,0.53794
0.33,0.04,0.537747
0.33,0.05,0.536698
0.33,0.06,0.537132
0.33,0.07,0.536089
0.33,0.08,0.536445
0.33,0.09,0.535599
0.33,0.1,0.535115
0.33,0.11,0.533922
0.33,0.12,0.533908
0.33,0.13,0.533715
0.33,0.14,0.533904
0.33,0.15,0.532708
0.33,0.16,0.532197
0.33,0.17,0.531319
0.33,0.18,0.530543
0.33,0.19,0.530521
0.33,0.2,0.529997
0.33,0.21,0.529606
0.33,0.22,0.527849
0.33,0.23,0.528477
0.33,0.24,0.526017
0.33,0.25,0.52704
0.33,0.26,0.5263
0.33,0.27,0.527029
0.33,0.28,0.525039
0.33,0.29,0.524608
0.33,0.3,0.525721
0.33,0.31,0.524329
0.33,0.32,0.524963
0.33,0.33,0.523356
0.33,0.34,0.523055
0.33,0.35,0.523492
0.33,0.36,0.522629
0.33,0.37,0.521103
0.33,0.38,0.522579
0.33,0.39,0.52215
0.33,0.4,0.521997
0.33,0.41,0.521576
0.33,0.42,0.521124
0.33,0.43,0.523122
0.33,0.44,0.522027
0.33,0.45,0.521721
0.33,0.46,0.52086
0.33,0.47,0.521849
0.33,0.48,0.521428
0.33,0.49,0.521114
0.33,0.5,0.521899
0.33,0.51,0.520716
0.33,0.52,0.520305
0.33,0.53,0.520026
0.33,0.54,0.520568
0.33,0.55,0.520768
0.33,0.56,0.521066
0.33,0.57,0.521586
0.33,0.58,0.521622
0.33,0.59,0.52226
0.33,0.6,0.522499
0.33,0.61,0.521429
0.33,0.62,0.522852
0.33,0.63,0.523295
0.33,0.64,0.521707
0.33,0.65,0.523227
0.33,0.66,0.52266
0.33,0.67,0.523246
0.33,0.68,0.524742
0.33,0.69,0.523712
0.33,0.7,0.524083
0.33,0.71,0.525521
0.33,0.72,0.526905
0.33,0.73,0.526269
0.33,0.74,0.526733
0.33,0.75,0.527563
0.33,0.76,0.5275
0.33,0.77,0.528237
0.33,0.78,0.528275
0.33,0.79,0.529412
0.33,0.8,0.529615
0.33,0.81,0.530345
0.33,0.82,0.530337
0.33,0.83,0.531962
0.33,0.84,0.531543
0.33,0.85,0.532999
0.33,0.86,0.533052
0.33,0.87,0.534374
0.33,0.88,0.533859
0.33,0.89,0.535073
0.33,0.9,0.535643
0.33,0.91,0.535383
0.33,0.92,0.536081
0.33,0.93,0.53545
0.33,0.94,0.536646
0.33,0.95,0.537087
0.33,0.96,0.537208
0.33,0.97,0.537374
0.33,0.98,0.53759
0.33,0.99,0.537401
0.34,0,0.538224
0.34,0.01,0.538171
0.34,0.02,0.538969
0.34,0.03,0.53803
0.34,0.04,0.537824
0.34,0.05,0.537397
0.34,0.06,0.537781
0.34,0.07,0.53677
0.34,0.08,0.536082
0.34,0.09,0.535762
0.34,0.1,0.535786
0.34,0.11,0.535197
0.34,0.12,0.534859
0.34,0.13,0.534652
0.34,0.14,0.532722
0.34,0.15,0.532379
0.34,0.16,0.532542
0.34,0.17,0.530444
0.34,0.18,0.530289
0.34,0.19,0.531569
0.34,0.2,0.529325
0.34,0.21,0.529079
0.34,0.22,0.529719
0.34,0.23,0.527666
0.34,0.24,0.528345
0.34,0.25,0.526963
0.34,0.26,0.526297
0.34,0.27,0.526066
0.34,0.28,0.525304
0.34,0.29,0.525369
0.34,0.3,0.524357
0.34,0.31,0.524142
0.34,0.32,0.524265
0.34,0.33,0.523198
0.34,0.34,0.522798
0.34,0.35,0.523007
0.34,0.36,0.522047
0.34,0.37,0.52184
0.34,0.38,0.52084
0.34,0.39,0.521824
0.34,0.4,0.521428
0.34,0.41,0.520117
0.34,0.42,0.521467
0.34,0.43,0.520275
0.34,0.44,0.52081
0.34,0.45,0.521154
0.34,0.46,0.520242
0.34,0.47,0.520613
0.34,0.48,0.520035
0.34,0.49,0.519985
0.34,0.5,0.51978
0.34,0.51,0.520686
0.34,0.52,0.520708
0.34,0.53,0.520286
0.34,0.54,0.520897
0.34,0.55,0.519879
0.34,0.56,0.521183
0.34,0.57,0.521088
0.34,0.58,0.522722
0.34,0.59,0.521731
0.34,0.6,0.522775
0.34,0.61,0.522294
0.34,0.62,0.522269
0.34,0.63,0.522289
0.34,0.64,0.521494
0.34,0.65,0.523588
0.34,0.66,0.523051
0.34,0.67,0.523427
0.34,0.68,0.524927
0.34,0.69,0.523972
0.34,0.7,0.524935
0.34,0.71,0.524989
0.34,0.72,0.526278
0.34,0.73,0.526876
0.34,0.74,0.527019
0.34,0.75,0.526832
0.34,0.76,0.526969
0.34,0.77,0.527876
0.34,0.78,0.528122
0.34,0.79,0.529421
0.34,0.8,0.52941
0.34,0.81,0.530134
0.34,0.82,0.531596
0.34,0.83,0.532474
0.34,0.84,0.530829
0.34,0.85,0.532801
0.34,0.86,0.533206
0.34,0.87,0.533829
0.34,0.88,0.533836
0.34,0.89,0.533968
0.34,0.9,0.535821
0.34,0.91,0.536369
0.34,0.92,0.536819
0.34,0.93,0.537398
0.34,0.94,0.537089
0.34,0.95,0.536983
0.34,0.96,0.538624
0.34,0.97,0.537229
0.34,0.98,0.537313
0.34,0.99,0.538498
0.35,0,0.53844
0.35,0.01,0.539787
0.35,0.02,0.538944
0.35,0.03,0.538603
0.35,0.04,0.538434
0.35,0.05,0.538307
0.35,0.06,0.537358
0.35,0.07,0.53704
0.35,0.08,0.537333
0.35,0.09,0.535896
0.35,0.1,0.535803
0.35,0.11,0.535486
0.35,0.12,0.535399
0.35,0.13,0.534518
0.35,0.14,0.53339
0.35,0.15,0.532302
0.35,0.16,0.532015
0.35,0.17,0.530911
0.35,0.18,0.532386
0.35,0.19,0.530256
0.35,0.2,0.529892
0.35,0.21,0.529496
0.35,0.22,0.52857
0.35,0.23,0.528609
0.35,0.24,0.527544
0.35,0.25,0.526593
0.35,0.26,0.526274
0.35,0.27,0.52657
0.35,0.28,0.524561
0.35,0.29,0.524972
0.35,0.3,0.523661
0.35,0.31,0.523959
0.35,0.32,0.523985
0.35,0.33,0.522418
0.35,0.34,0.52318
0.35,0.35,0.522723
0.35,0.36,0.523191
0.35,0.37,0.522156
0.35,0.38,0.521969
0.35,0.39,0.520823
0.35,0.4,0.522128
0.35,0.41,0.520805
0.35,0.42,0.520094
0.35,0.43,0.519776
0.35,0.44,0.519873
0.35,0.45,0.520578
0.35,0.46,0.519209
0.35,0.47,0.519343
0.35,0.48,0.519844
0.35,0.49,0.519545
0.35,0.5,0.519491
0.35,0.51,0.519772
0.35,0.52,0.519632
0.35,0.53,0.519998
0.35,0.54,0.520901
0.35,0.55,0.520713
0.35,0.56,0.520284
0.35,0.57,0.520826
0.35,0.58,0.520401
0.35,0.59,0.521241
0.35,0.6,0.520481
0.35,0.61,0.52102
0.35,0.62,0.521108
0.35,0.63,0.522506
0.35,0.64,0.521896
0.35,0.65,0.522381
0.35,0.66,0.522463
0.35,0.67,0.52254
0.35,0.68,0.523001
0.35,0.69,0.52414
0.35,0.7,0.524398
0.35,0.71,0.524559
0.35,0.72,0.526155
0.35,0.73,0.524751
0.35,0.74,0.527416
0.35,0.75,0.526858
0.35,0.76,0.528047
0.35,0.77,0.527292
0.35,0.78,0.528792
0.35,0.79,0.527995
0.35,0.8,0.530078
0.35,0.81,0.531401
0.35,0.82,0.530549
0.35,0.83,0.531575
0.35,0.84,0.532361
0.35,0.85,0.532931
0.35,0.86,0.533561
0.35,0.87,0.535133
0.35,0.88,0.534756
0.35,0.89,0.534447
0.35,0.9,0.536422
0.35,0.91,0.53594
0.35,0.92,0.53807
0.35,0.93,0.537483
0.35,0.94,0.537486
0.35,0.95,0.537949
0.35,0.96,0.537768
0.35,0.97,0.539151
0.35,0.98,0.539555
0.35,0.99,0.538098
0.36,0,0.538573
0.36,0.01,0.538984
0.36,0.02,0.538963
0.36,0.03,0.5382
0.36,0.04,0.538427
0.36,0.05,0.539024
0.36,0.06,0.538101
0.36,0.07,0.537466
0.36,0.08,0.536954
0.36,0.09,0.537027
0.36,0.1,0.536484
0.36,0.11,0.53461
0.36,0.12,0.535167
0.36,0.13,0.533409
0.36,0.14,0.533568
0.36,0.15,0.532775
0.36,0.16,0.531396
0.36,0.17,0.531779
0.36,0.18,0.530514
0.36,0.19,0.531086
0.36,0.2,0.529993
0.36,0.21,0.527832
0.36,0.22,0.527719
0.36,0.23,0.528313
0.36,0.24,0.527727
0.36,0.25,0.526619
0.36,0.26,0.527476
0.36,0.27,0.525781
0.36,0.28,0.524715
0.36,0.29,0.524815
0.36,0.3,0.524026
0.36,0.31,0.52422
0.36,0.32,0.522873
0.36,0.33,0.522371
0.36,0.34,0.523361
0.36,0.35,0.522415
0.36,0.36,0.521236
0.36,0.37,0.521515
0.36,0.38,0.521089
0.36,0.39,0.520361
0.36,0.4,0.520566
0.36,0.41,0.521266
0.36,0.42,0.520261
0.36,0.43,0.519863
0.36,0.44,0.519487
0.36,0.45,0.520036
0.36,0.46,0.519272
0.36,0.47,0.519198
0.36,0.48,0.519341
0.36,0.49,0.519589
0.36,0.5,0.51974
0.36,0.51,0.519924
0.36,0.52,0.519144
0.36,0.53,0.519989
0.36,0.54,0.518551
0.36,0.55,0.519689
0.36,0.56,0.519623
0.36,0.57,0.520652
0.36,0.58,0.520419
0.36,0.59,0.520851
0.36,0.6,0.521342
0.36,0.61,0.522186
0.36,0.62,0.521713
0.36,0.63,0.521989
0.36,0.64,0.521783
0.36,0.65,0.521541
0.36,0.66,0.522629
0.36,0.67,0.522767
0.36,0.68,0.522001
0.36,0.69,0.523989
0.36,0.7,0.523532
0.36,0.71,0.523821
0.36,0.72,0.524118
0.36,0.73,0.526387
0.36,0.74,0.525241
0.36,0.75,0.526053
0.36,0.76,0.527699
0.36,0.77,0.527877
0.36,0.78,0.528527
0.36,0.79,0.529293
0.36,0.8,0.530494
0.36,0.81,0.530593
0.36,0.82,0.531009
0.36,0.83,0.531132
0.36,0.84,0.531971
0.36,0.85,0.532608
0.36,0.86,0.53374
0.36,0.87,0.534399
0.36,0.88,0.534807
0.36,0.89,0.53565
0.36,0.9,0.535796
0.36,0.91,0.536154
0.36,0.92,0.537507
0.36,0.93,0.53808
0.36,0.94,0.53864
0.36,0.95,0.537846
0.36,0.96,0.537834
0.36,0.97,0.538962
0.36,0.98,0.538442
0.36,0.99,0.539269
0.37,0,0.540365
0.37,0.01,0.538787
0.37,0.02,0.539722
0.37,0.03,0.540463
0.37,0.04,0.53902
0.37,0.05,0.538628
0.37,0.06,0.539672
0.37,0.07,0.538005
0.37,0.08,0.536457
0.37,0.09,0.53619
0.37,0.1,0.536333
0.37,0.11,0.534857
0.37,0.12,0.536127
0.37,0.13,0.535649
0.37,0.14,0.533305
0.37,0.15,0.532717
0.37,0.16,0.532491
0.37,0.17,0.531272
0.37,0.18,0.531807
0.37,0.19,0.530183
0.37,0.2,0.529412
0.37,0.21,0.5294
0.37,0.22,0.528973
0.37,0.23,0.528109
0.37,0.24,0.526194
0.37,0.25,0.52826
0.37,0.26,0.526259
0.37,0.27,0.526211
0.37,0.28,0.524178
0.37,0.29,0.524838
0.37,0.3,0.523547
0.37,0.31,0.52297
0.37,0.32,0.523132
0.37,0.33,0.52281
0.37,0.34,0.5231
0.37,0.35,0.522064
0.37,0.36,0.52125
0.37,0.37,0.521637
0.37,0.38,0.521807
0.37,0.39,0.521258
0.37,0.4,0.519732
0.37,0.41,0.519744
0.37,0.42,0.51848
0.37,0.43,0.519248
0.37,0.44,0.519451
0.37,0.45,0.518097
0.37,0.46,0.519174
0.37,0.47,0.518886
0.37,0.48,0.518749
0.37,0.49,0.519593
0.37,0.5,0.519839
0.37,0.51,0.519857
0.37,0.52,0.51894
0.37,0.53,0.518159
0.37,0.54,0.51868
0.37,0.55,0.519447
0.37,0.56,0.519658
0.37,0.57,0.519363
0.37,0.58,0.51918
0.37,0.59,0.519941
0.37,0.6,0.520041
0.37,0.61,0.520953
0.37,0.62,0.521168
0.37,0.63,0.521624
0.37,0.64,0.522709
0.37,0.65,0.521174
0.37,0.66,0.522597
0.37,0.67,0.522723
0.37,0.68,0.521382
0.37,0.69,0.523085
0.37,0.7,0.524038
0.37,0.71,0.524256
0.37,0.72,0.523619
0.37,0.73,0.525998
0.37,0.74,0.526227
0.37,0.75,0.526241
0.37,0.76,0.526641
0.37,0.77,0.527599
0.37,0.78,0.527802
0.37,0.79,0.529507
0.37,0.8,0.52975
0.37,0.81,0.528927
0.37,0.82,0.530464
0.37,0.83,0.531353
0.37,0.84,0.531893
0.37,0.85,0.532808
0.37,0.86,0.534481
0.37,0.87,0.534672
0.37,0.88,0.534677
0.37,0.89,0.53542
0.37,0.9,0.536159
0.37,0.91,0.537232
0.37,0.92,0.537077
0.37,0.93,0.538266
0.37,0.94,0.538051
0.37,0.95,0.538797
0.37,0.96,0.538607
0.37,0.97,0.538943
0.37,0.98,0.540042
0.37,0.99,0.540044
0.38,0,0.540646
0.38,0.01,0.540218
0.38,0.02,0.540264
0.38,0.03,0.539777
0.38,0.04,0.539231
0.38,0.05,0.538486
0.38,0.06,0.537994
0.38,0.07,0.538397
0.38,0.08,0.538894
0.38,0.09,0.536282
0.38,0.1,0.536309
0.38,0.11,0.536524
0.38,0.12,0.53621
0.38,0.13,0.53408
0.38,0.14,0.533781
0.38,0.15,0.534275
0.38,0.16,0.53199
0.38,0.17,0.531027
0.38,0.18,0.531628
0.38,0.19,0.529941
0.38,0.2,0.529967
0.38,0.21,0.530056
0.38,0.22,0.528413
0.38,0.23,0.527467
0.38,0.24,0.526603
0.38,0.25,0.525398
0.38,0.26,0.52619
0.38,0.27,0.525584
0.38,0.28,0.52545
0.38,0.29,0.524373
0.38,0.3,0.524631
0.38,0.31,0.523581
0.38,0.32,0.522101
0.38,0.33,0.521019
0.38,0.34,0.52213
0.38,0.35,0.521077
0.38,0.36,0.52009
0.38,0.37,0.522128
0.38,0.38,0.518989
0.38,0.39,0.519733
0.38,0.4,0.51918
0.38,0.41,0.519892
0.38,0.42,0.519088
0.38,0.43,0.520217
0.38,0.44,0.519442
0.38,0.45,0.520194
0.38,0.46,0.51945
0.38,0.47,0.518344
0.38,0.48,0.5179
0.38,0.49,0.518616
0.38,0.5,0.518083
0.38,0.51,0.519423
0.38,0.52,0.518795
0.38,0.53,0.519505
0.38,0.54,0.519487
0.38,0.55,0.519906
0.38,0.56,0.519716
0.38,0.57,0.520092
0.38,0.58,0.520437
0.38,0.59,0.51948
0.38,0.6,0.520184
0.38,0.61,0.520291
0.38,0.62,0.519818
0.38,0.63,0.520816
0.38,0.64,0.521507
0.38,0.65,0.521916
0.38,0.66,0.522316
0.38,0.67,0.521195
0.38,0.68,0.52301
0.38,0.69,0.524264
0.38,0.7,0.523127
0.38,0.71,0.52419
0.38,0.72,0.52479
0.38,0.73,0.525736
0.38,0.74,0.526538
0.38,0.75,0.525696
0.38,0.76,0.52676
0.38,0.77,0.527965
0.38,0.78,0.528913
0.38,0.79,0.528324
0.38,0.8,0.530104
0.38,0.81,0.530239
0.38,0.82,0.531261
0.38,0.83,0.532345
0.38,0.84,0.532096
0.38,0.85,0.533361
0.38,0.86,0.532647
0.38,0.87,0.53525
0.38,0.88,0.53441
0.38,0.89,0.535638
0.38,0.9,0.53551
0.38,0.91,0.536323
0.38,0.92,0.53744
0.38,0.93,0.537946
0.38,0.94,0.538594
0.38,0.95,0.539782
0.38,0.96,0.53916
0.38,0.97,0.539488
0.38,0.98,0.539396
0.38,0.99,0.540238
0.39,0,0.541594
0.39,0.01,0.540989
0.39,0.02,0.539902
0.39,0.03,0.539852
0.39,0.04,0.539754
0.39,0.05,0.53901
0.39,0.06,0.537976
0.39,0.07,0.538423
0.39,0.08,0.538247
0.39,0.09,0.536095
0.39,0.1,0.536523
0.39,0.11,0.535682
0.39,0.12,0.534828
0.39,0.13,0.535542
0.39,0.14,0.534247
0.39,0.15,0.532618
0.39,0.16,0.532939
0.39,0.17,0.532258
0.39,0.18,0.531253
0.39,0.19,0.530181
0.39,0.2,0.529688
0.39,0.21,0.528195
0.39,0.22,0.528271
0.39,0.23,0.5278
0.39,0.24,0.527225
0.39,0.25,0.525985
0.39,0.26,0.526173
0.39,0.27,0.524317
0.39,0.28,0.524919
0.39,0.29,0.524877
0.39,0.3,0.523229
0.39,0.31,0.52426
0.39,0.32,0.521996
0.39,0.33,0.52089
0.39,0.34,0.52128
0.39,0.35,0.521417
0.39,0.36,0.52193
0.39,0.37,0.519923
0.39,0.38,0.520532
0.39,0.39,0.519632
0.39,0.4,0.520142
0.39,0.41,0.519038
0.39,0.42,0.519071
0.39,0.43,0.519155
0.39,0.44,0.518557
0.39,0.45,0.519242
0.39,0.46,0.518643
0.39,0.47,0.519317
0.39,0.48,0.517918
0.39,0.49,0.518486
0.39,0.5,0.518347
0.39,0.51,0.518242
0.39,0.52,0.518272
0.39,0.53,0.5177
0.39,0.54,0.518159
0.39,0.55,0.519334
0.39,0.56,0.519098
0.39,0.57,0.519148
0.39,0.58,0.519784
0.39,0.59,0.519886
0.39,0.6,0.520047
0.39,0.61,0.520926
0.39,0.62,0.519942
0.39,0.63,0.52038
0.39,0.64,0.521194
0.39,0.65,0.521711
0.39,0.66,0.521742
0.39,0.67,0.522124
0.39,0.68,0.522226
0.39,0.69,0.522943
0.39,0.7,0.524445
0.39,0.71,0.524413
0.39,0.72,0.524301
0.39,0.73,0.524635
0.39,0.74,0.525286
0.39,0.75,0.52706
0.39,0.76,0.526665
0.39,0.77,0.526497
0.39,0.78,0.527529
0.39,0.79,0.528402
0.39,0.8,0.529633
0.39,0.81,0.530224
0.39,0.82,0.530693
0.39,0.83,0.531423
0.39,0.84,0.533274
0.39,0.85,0.532836
0.39,0.86,0.534147
0.39,0.87,0.535531
0.39,0.88,0.53548
0.39,0.89,0.536239
0.39,0.9,0.536668
0.39,0.91,0.537239
0.39,0.92,0.538432
0.39,0.93,0.538727
0.39,0.94,0.53939
0.39,0.95,0.538642
0.39,0.96,0.539572
0.39,0.97,0.539825
0.39,0.98,0.540798
0.39,0.99,0.54009
0.4,0,0.541553
0.4,0.01,0.540765
0.4,0.02,0.541432
0.4,0.03,0.540678
0.4,0.04,0.54044
0.4,0.05,0.539716
0.4,0.06,0.539075
0.4,0.07,0.538637
0.4,0.08,0.538041
0.4,0.09,0.537731
0.4,0.1,0.537243
0.4,0.11,0.536217
0.4,0.12,0.534804
0.4,0.13,0.534606
0.4,0.14,0.534519
0.4,0.15,0.533288
0.4,0.16,0.532168
0.4,0.17,0.531314
0.4,0.18,0.531113
0.4,0.19,0.530352
0.4,0.2,0.528888
0.4,0.21,0.529175
0.4,0.22,0.528095
0.4,0.23,0.528277
0.4,0.24,0.52747
0.4,0.25,0.525792
0.4,0.26,0.525267
0.4,0.27,0.524991
0.4,0.28,0.524038
0.4,0.29,0.524085
0.4,0.3,0.523616
0.4,0.31,0.523155
0.4,0.32,0.521916
0.4,0.33,0.522365
0.4,0.34,0.521732
0.4,0.35,0.520634
0.4,0.36,0.520382
0.4,0.37,0.51951
0.4,0.38,0.520801
0.4,0.39,0.5194
0.4,0.4,0.519694
0.4,0.41,0.519397
0.4,0.42,0.519059
0.4,0.43,0.519441
0.4,0.44,0.51777
0.4,0.45,0.517826
0.4,0.46,0.51847
0.4,0.47,0.518201
0.4,0.48,0.518016
0.4,0.49,0.518176
0.4,0.5,0.51852
0.4,0.51,0.519338
0.4,0.52,0.517373
0.4,0.53,0.51845
0.4,0.54,0.517655
0.4,0.55,0.51854
0.4,0.56,0.51844
0.4,0.57,0.518963
0.4,0.58,0.518691
0.4,0.59,0.518631
0.4,0.6,0.51948
0.4,0.61,0.519013
0.4,0.62,0.519858
0.4,0.63,0.520201
0.4,0.64,0.52103
0.4,0.65,0.521982
0.4,0.66,0.521213
0.4,0.67,0.522542
0.4,0.68,0.522057
0.4,0.69,0.522553
0.4,0.7,0.523034
0.4,0.71,0.52318
0.4,0.72,0.524066
0.4,0.73,0.525699
0.4,0.74,0.525447
0.4,0.75,0.526449
0.4,0.76,0.526605
0.4,0.77,0.526739
0.4,0.78,0.527962
0.4,0.79,0.529092
0.4,0.8,0.529148
0.4,0.81,0.530688
0.4,0.82,0.530207
0.4,0.83,0.531514
0.4,0.84,0.532183
0.4,0.85,0.533335
0.4,0.86,0.533735
0.4,0.87,0.535003
0.4,0.88,0.53568
0.4,0.89,0.535137
0.4,0.9,0.536322
0.4,0.91,0.537236
0.4,0.92,0.537996
0.4,0.93,0.538998
0.4,0.94,0.539111
0.4,0.95,0.5392
0.4,0.96,0.540217
0.4,0.97,0.540725
0.4,0.98,0.539922
0.4,0.99,0.541329
0.41,0,0.541674
0.41,0.01,0.540974
0.41,0.02,0.542179
0.41,0.03,0.540869
0.41,0.04,0.540938
0.41,0.05,0.539561
0.41,0.06,0.54049
0.41,0.07,0.538884
0.41,0.08,0.537963
0.41,0.09,0.537757
0.41,0.1,0.536951
0.41,0.11,0.535954
0.41,0.12,0.535056
0.41,0.13,0.535317
0.41,0.14,0.533684
0.41,0.15,0.532852
0.41,0.16,0.532324
0.41,0.17,0.532292
0.41,0.18,0.530548
0.41,0.19,0.530467
0.41,0.2,0.529783
0.41,0.21,0.52839
0.41,0.22,0.529383
0.41,0.23,0.526874
0.41,0.24,0.527545
0.41,0.25,0.526213
0.41,0.26,0.524482
0.41,0.27,0.52429
0.41,0.28,0.524227
0.41,0.29,0.523719
0.41,0.3,0.523075
0.41,0.31,0.52279
0.41,0.32,0.522271
0.41,0.33,0.521341
0.41,0.34,0.520564
0.41,0.35,0.520405
0.41,0.36,0.520471
0.41,0.37,0.51975
0.41,0.38,0.519302
0.41,0.39,0.520334
0.41,0.4,0.518904
0.41,0.41,0.519351
0.41,0.42,0.519622
0.41,0.43,0.518304
0.41,0.44,0.518849
0.41,0.45,0.51866
0.41,0.46,0.518452
0.41,0.47,0.517964
0.41,0.48,0.516867
0.41,0.49,0.518061
0.41,0.5,0.517358
0.41,0.51,0.517039
0.41,0.52,0.518278
0.41,0.53,0.518674
0.41,0.54,0.517722
0.41,0.55,0.516564
0.41,0.56,0.518454
0.41,0.57,0.517476
0.41,0.58,0.517842
0.41,0.59,0.518346
0.41,0.6,0.519212
0.41,0.61,0.519065
0.41,0.62,0.519138
0.41,0.63,0.520056
0.41,0.64,0.520642
0.41,0.65,0.520825
0.41,0.66,0.522195
0.41,0.67,0.521765
0.41,0.68,0.522137
0.41,0.69,0.522644
0.41,0.7,0.52354
0.41,0.71,0.523644
0.41,0.72,0.524189
0.41,0.73,0.52449
0.41,0.74,0.524028
0.41,0.75,0.526307
0.41,0.76,0.527024
0.41,0.77,0.527567
0.41,0.78,0.527449
0.41,0.79,0.528976
0.41,0.8,0.529173
0.41,0.81,0.530603
0.41,0.82,0.531569
0.41,0.83,0.531635
0.41,0.84,0.53238
0.41,0.85,0.533427
0.41,0.86,0.533412
0.41,0.87,0.53464
0.41,0.88,0.53521
0.41,0.89,0.533986
0.41,0.9,0.536486
0.41,0.91,0.537339
0.41,0.92,0.538672
0.41,0.93,0.539102
0.41,0.94,0.539123
0.41,0.95,0.539094
0.41,0.96,0.541918
0.41,0.97,0.540002
0.41,0.98,0.54144
0.41,0.99,0.540912
0.42,0,0.541653
0.42,0.01,0.541782
0.42,0.02,0.54172
0.42,0.03,0.541656
0.42,0.04,0.540759
0.42,0.05,0.541167
0.42,0.06,0.540425
0.42,0.07,0.539412
0.42,0.08,0.537345
0.42,0.09,0.537566
0.42,0.1,0.536725
0.42,0.11,0.536146
0.42,0.12,0.535304
0.42,0.13,0.534435
0.42,0.14,0.533938
0.42,0.15,0.53313
0.42,0.16,0.532607
0.42,0.17,0.531439
0.42,0.18,0.530758
0.42,0.19,0.530664
0.42,0.2,0.529802
0.42,0.21,0.528296
0.42,0.22,0.527171
0.42,0.23,0.527912
0.42,0.24,0.526557
0.42,0.25,0.525014
0.42,0.26,0.52515
0.42,0.27,0.52461
0.42,0.28,0.523662
0.42,0.29,0.524588
0.42,0.3,0.523177
0.42,0.31,0.522367
0.42,0.32,0.522264
0.42,0.33,0.520883
0.42,0.34,0.52209
0.42,0.35,0.519446
0.42,0.36,0.520237
0.42,0.37,0.520224
0.42,0.38,0.520776
0.42,0.39,0.518865
0.42,0.4,0.519443
0.42,0.41,0.518599
0.42,0.42,0.517787
0.42,0.43,0.517902
0.42,0.44,0.51832
0.42,0.45,0.518713
0.42,0.46,0.518031
0.42,0.47,0.517766
0.42,0.48,0.517469
0.42,0.49,0.517607
0.42,0.5,0.517312
0.42,0.51,0.517789
0.42,0.52,0.518702
0.42,0.53,0.517535
0.42,0.54,0.517454
0.42,0.55,0.518115
0.42,0.56,0.518254
0.42,0.57,0.518792
0.42,0.58,0.518506
0.42,0.59,0.519133
0.42,0.6,0.518634
0.42,0.61,0.518808
0.42,0.62,0.520571
0.42,0.63,0.520384
0.42,0.64,0.520041
0.42,0.65,0.519816
0.42,0.66,0.5221
0.42,0.67,0.520658
0.42,0.68,0.522164
0.42,0.69,0.52216
0.42,0.7,0.52226
0.42,0.71,0.524371
0.42,0.72,0.523797
0.42,0.73,0.525238
0.42,0.74,0.524831
0.42,0.75,0.525081
0.42,0.76,0.525573
0.42,0.77,0.527035
0.42,0.78,0.527251
0.42,0.79,0.529128
0.42,0.8,0.528936
0.42,0.81,0.528693
0.42,0.82,0.530732
0.42,0.83,0.532396
0.42,0.84,0.531152
0.42,0.85,0.532723
0.42,0.86,0.533148
0.42,0.87,0.535196
0.42,0.88,0.536327
0.42,0.89,0.536076
0.42,0.9,0.537373
0.42,0.91,0.537996
0.42,0.92,0.537811
0.42,0.93,0.538999
0.42,0.94,0.540175
0.42,0.95,0.539583
0.42,0.96,0.54063
0.42,0.97,0.540514
0.42,0.98,0.541674
0.42,0.99,0.541823
0.43,0,0.542673
0.43,0.01,0.541631
0.43,0.02,0.541712
0.43,0.03,0.541249
0.43,0.04,0.540589
0.43,0.05,0.540876
0.43,0.06,0.539388
0.43,0.07,0.539346
0.43,0.08,0.538011
0.43,0.09,0.538538
0.43,0.1,0.537115
0.43,0.11,0.536802
0.43,0.12,0.535217
0.43,0.13,0.534717
0.43,0.14,0.535068
0.43,0.15,0.533299
0.43,0.16,0.53247
0.43,0.17,0.531979
0.43,0.18,0.531686
0.43,0.19,0.53027
0.43,0.2,0.529321
0.43,0.21,0.528688
0.43,0.22,0.527401
0.43,0.23,0.525923
0.43,0.24,0.526646
0.43,0.25,0.526429
0.43,0.26,0.525908
0.43,0.27,0.524768
0.43,0.28,0.524571
0.43,0.29,0.523128
0.43,0.3,0.523534
0.43,0.31,0.522188
0.43,0.32,0.522721
0.43,0.33,0.521075
0.43,0.34,0.52129
0.43,0.35,0.520422
0.43,0.36,0.520985
0.43,0.37,0.519093
0.43,0.38,0.520698
0.43,0.39,0.519061
0.43,0.4,0.517908
0.43,0.41,0.51921
0.43,0.42,0.51827
0.43,0.43,0.518225
0.43,0.44,0.518434
0.43,0.45,0.517285
0.43,0.46,0.516817
0.43,0.47,0.517569
0.43,0.48,0.517706
0.43,0.49,0.517499
0.43,0.5,0.516859
0.43,0.51,0.51743
0.43,0.52,0.517304
0.43,0.53,0.51674
0.43,0.54,0.516613
0.43,0.55,0.517834
0.43,0.56,0.518217
0.43,0.57,0.517427
0.43,0.58,0.517722
0.43,0.59,0.518317
0.43,0.6,0.518682
0.43,0.61,0.51956
0.43,0.62,0.518909
0.43,0.63,0.519927
0.43,0.64,0.519812
0.43,0.65,0.520847
0.43,0.66,0.520126
0.43,0.67,0.522181
0.43,0.68,0.521462
0.43,0.69,0.522536
0.43,0.7,0.522108
0.43,0.71,0.523312
0.43,0.72,0.524009
0.43,0.73,0.52548
0.43,0.74,0.526975
0.43,0.75,0.525794
0.43,0.76,0.526026
0.43,0.77,0.52742
0.43,0.78,0.52708
0.43,0.79,0.528669
0.43,0.8,0.529822
0.43,0.81,0.530628
0.43,0.82,0.531548
0.43,0.83,0.53231
0.43,0.84,0.532693
0.43,0.85,0.533264
0.43,0.86,0.534272
0.43,0.87,0.534596
0.43,0.88,0.535537
0.43,0.89,0.536092
0.43,0.9,0.536926
0.43,0.91,0.537435
0.43,0.92,0.538679
0.43,0.93,0.539232
0.43,0.94,0.540094
0.43,0.95,0.540085
0.43,0.96,0.541024
0.43,0.97,0.54219
0.43,0.98,0.541647
0.43,0.99,0.542437
0.44,0,0.543589
0.44,0.01,0.54172
0.44,0.02,0.542089
0.44,0.03,0.54113
0.44,0.04,0.540819
0.44,0.05,0.541162
0.44,0.06,0.539883
0.44,0.07,0.539324
0.44,0.08,0.537757
0.44,0.09,0.538452
0.44,0.1,0.53704
0.44,0.11,0.535498
0.44,0.12,0.535784
0.44,0.13,0.534619
0.44,0.14,0.533915
0.44,0.15,0.533708
0.44,0.16,0.532304
0.44,0.17,0.532182
0.44,0.18,0.531669
0.44,0.19,0.530231
0.44,0.2,0.529687
0.44,0.21,0.527996
0.44,0.22,0.527566
0.44,0.23,0.527105
0.44,0.24,0.527017
0.44,0.25,0.526136
0.44,0.26,0.525844
0.44,0.27,0.524072
0.44,0.28,0.523296
0.44,0.29,0.522273
0.44,0.3,0.523151
0.44,0.31,0.521918
0.44,0.32,0.521038
0.44,0.33,0.521753
0.44,0.34,0.521398
0.44,0.35,0.520195
0.44,0.36,0.520958
0.44,0.37,0.518924
0.44,0.38,0.518863
0.44,0.39,0.518126
0.44,0.4,0.517778
0.44,0.41,0.518353
0.44,0.42,0.518321
0.44,0.43,0.517448
0.44,0.44,0.518433
0.44,0.45,0.517322
0.44,0.46,0.517164
0.44,0.47,0.516954
0.44,0.48,0.518282
0.44,0.49,0.515681
0.44,0.5,0.518675
0.44,0.51,0.517145
0.44,0.52,0.517075
0.44,0.53,0.518158
0.44,0.54,0.51666
0.44,0.55,0.51772
0.44,0.56,0.518048
0.44,0.57,0.518345
0.44,0.58,0.518933
0.44,0.59,0.517897
0.44,0.6,0.518154
0.44,0.61,0.517994
0.44,0.62,0.519031
0.44,0.63,0.519902
0.44,0.64,0.521084
0.44,0.65,0.520316
0.44,0.66,0.521706
0.44,0.67,0.520794
0.44,0.68,0.522431
0.44,0.69,0.521847
0.44,0.7,0.523256
0.44,0.71,0.523171
0.44,0.72,0.525518
0.44,0.73,0.524093
0.44,0.74,0.525385
0.44,0.75,0.525373
0.44,0.76,0.526566
0.44,0.77,0.526607
0.44,0.78,0.527964
0.44,0.79,0.528999
0.44,0.8,0.530055
0.44,0.81,0.530817
0.44,0.82,0.530108
0.44,0.83,0.532093
0.44,0.84,0.532315
0.44,0.85,0.533186
0.44,0.86,0.53368
0.44,0.87,0.534809
0.44,0.88,0.535919
0.44,0.89,0.535661
0.44,0.9,0.536955
0.44,0.91,0.537843
0.44,0.92,0.537782
0.44,0.93,0.538589
0.44,0.94,0.540075
0.44,0.95,0.539851
0.44,0.96,0.540362
0.44,0.97,0.541154
0.44,0.98,0.541288
0.44,0.99,0.54237
0.45,0,0.542128
0.45,0.01,0.542585
0.45,0.02,0.541867
0.45,0.03,0.54124
0.45,0.04,0.540831
0.45,0.05,0.540041
0.45,0.06,0.539898
0.45,0.07,0.53933
0.45,0.08,0.538074
0.45,0.09,0.538825
0.45,0.1,0.537282
0.45,0.11,0.536669
0.45,0.12,0.535733
0.45,0.13,0.534361
0.45,0.14,0.534586
0.45,0.15,0.533959
0.45,0.16,0.533151
0.45,0.17,0.532269
0.45,0.18,0.530199
0.45,0.19,0.530563
0.45,0.2,0.528819
0.45,0.21,0.529051
0.45,0.22,0.527144
0.45,0.23,0.526576
0.45,0.24,0.525909
0.45,0.25,0.525981
0.45,0.26,0.52565
0.45,0.27,0.523595
0.45,0.28,0.524105
0.45,0.29,0.523493
0.45,0.3,0.522681
0.45,0.31,0.522252
0.45,0.32,0.521807
0.45,0.33,0.520821
0.45,0.34,0.520281
0.45,0.35,0.520576
0.45,0.36,0.51917
0.45,0.37,0.519535
0.45,0.38,0.519333
0.45,0.39,0.518431
0.45,0.4,0.519598
0.45,0.41,0.518743
0.45,0.42,0.517312
0.45,0.43,0.517128
0.45,0.44,0.517628
0.45,0.45,0.517103
0.45,0.46,0.516661
0.45,0.47,0.51726
0.45,0.48,0.516787
0.45,0.49,0.516431
0.45,0.5,0.516803
0.45,0.51,0.516685
0.45,0.52,0.51648
0.45,0.53,0.517257
0.45,0.54,0.516734
0.45,0.55,0.517609
0.45,0.56,0.518059
0.45,0.57,0.517584
0.45,0.58,0.517679
0.45,0.59,0.51779
0.45,0.6,0.518782
0.45,0.61,0.518897
0.45,0.62,0.519848
0.45,0.63,0.520265
0.45,0.64,0.519103
0.45,0.65,0.519906
0.45,0.66,0.520081
0.45,0.67,0.521209
0.45,0.68,0.521516
0.45,0.69,0.522684
0.45,0.7,0.523049
0.45,0.71,0.522602
0.45,0.72,0.524362
0.45,0.73,0.524331
0.45,0.74,0.525161
0.45,0.75,0.525554
0.45,0.76,0.527333
0.45,0.77,0.526996
0.45,0.78,0.528067
0.45,0.79,0.527985
0.45,0.8,0.52874
0.45,0.81,0.530163
0.45,0.82,0.531037
0.45,0.83,0.531914
0.45,0.84,0.532909
0.45,0.85,0.532766
0.45,0.86,0.533947
0.45,0.87,0.535663
0.45,0.88,0.534998
0.45,0.89,0.536769
0.45,0.9,0.537087
0.45,0.91,0.537455
0.45,0.92,0.537847
0.45,0.93,0.539579
0.45,0.94,0.540678
0.45,0.95,0.540648
0.45,0.96,0.541021
0.45,0.97,0.542305
0.45,0.98,0.542132
0.45,0.99,0.542164
0.46,0,0.542737
0.46,0.01,0.542599
0.46,0.02,0.541511
0.46,0.03,0.542027
0.46,0.04,0.540775
0.46,0.05,0.540324
0.46,0.06,0.539691
0.46,0.07,0.538998
0.46,0.08,0.538734
0.46,0.09,0.538193
0.46,0.1,0.537201
0.46,0.11,0.536658
0.46,0.12,0.536205
0.46,0.13,0.53441
0.46,0.14,0.533962
0.46,0.15,0.534407
0.46,0.16,0.532684
0.46,0.17,0.531357
0.46,0.18,0.531495
0.46,0.19,0.529579
0.46,0.2,0.529629
0.46,0.21,0.528837
0.46,0.22,0.528119
0.46,0.23,0.526965
0.46,0.24,0.526249
0.46,0.25,0.525615
0.46,0.26,0.524712
0.46,0.27,0.525079
0.46,0.28,0.52421
0.46,0.29,0.523231
0.46,0.3,0.522448
0.46,0.31,0.522618
0.46,0.32,0.521198
0.46,0.33,0.52052
0.46,0.34,0.520142
0.46,0.35,0.519879
0.46,0.36,0.519974
0.46,0.37,0.51949
0.46,0.38,0.519755
0.46,0.39,0.518433
0.46,0.4,0.516934
0.46,0.41,0.518381
0.46,0.42,0.516655
0.46,0.43,0.517313
0.46,0.44,0.51818
0.46,0.45,0.517801
0.46,0.46,0.516682
0.46,0.47,0.517163
0.46,0.48,0.518249
0.46,0.49,0.516247
0.46,0.5,0.517145
0.46,0.51,0.516171
0.46,0.52,0.516852
0.46,0.53,0.517407
0.46,0.54,0.516428
0.46,0.55,0.516759
0.46,0.56,0.516358
0.46,0.57,0.517702
0.46,0.58,0.517441
0.46,0.59,0.517012
0.46,0.6,0.517984
0.46,0.61,0.519541
0.46,0.62,0.5184
0.46,0.63,0.51829
0.46,0.64,0.519385
0.46,0.65,0.520055
0.46,0.66,0.519937
0.46,0.67,0.520929
0.46,0.68,0.521971
0.46,0.69,0.523906
0.46,0.7,0.522218
0.46,0.71,0.522854
0.46,0.72,0.524437
0.46,0.73,0.524536
0.46,0.74,0.52488
0.46,0.75,0.526109
0.46,0.76,0.526251
0.46,0.77,0.527466
0.46,0.78,0.528066
0.46,0.79,0.529442
0.46,0.8,0.529414
0.46,0.81,0.530427
0.46,0.82,0.531013
0.46,0.83,0.531257
0.46,0.84,0.532308
0.46,0.85,0.534301
0.46,0.86,0.534424
0.46,0.87,0.535798
0.46,0.88,0.535676
0.46,0.89,0.536683
0.46,0.9,0.536741
0.46,0.91,0.53776
0.46,0.92,0.539487
0.46,0.93,0.540582
0.46,0.94,0.53987
0.46,0.95,0.540976
0.46,0.96,0.541114
0.46,0.97,0.541533
0.46,0.98,0.541406
0.46,0.99,0.54268
0.47,0,0.543726
0.47,0.01,0.542638
0.47,0.02,0.542713
0.47,0.03,0.541776
0.47,0.04,0.541488
0.47,0.05,0.540743
0.47,0.06,0.540189
0.47,0.07,0.539655
0.47,0.08,0.539027
0.47,0.09,0.538827
0.47,0.1,0.536933
0.47,0.11,0.535727
0.47,0.12,0.536018
0.47,0.13,0.534835
0.47,0.14,0.535811
0.47,0.15,0.53393
0.47,0.16,0.532342
0.47,0.17,0.532824
0.47,0.18,0.531563
0.47,0.19,0.529555
0.47,0.2,0.529351
0.47,0.21,0.528266
0.47,0.22,0.52843
0.47,0.23,0.527568
0.47,0.24,0.527068
0.47,0.25,0.526618
0.47,0.26,0.524219
0.47,0.27,0.524323
0.47,0.28,0.524249
0.47,0.29,0.522352
0.47,0.3,0.52258
0.47,0.31,0.52156
0.47,0.32,0.521849
0.47,0.33,0.521126
0.47,0.34,0.520849
0.47,0.35,0.520057
0.47,0.36,0.519526
0.47,0.37,0.518291
0.47,0.38,0.518973
0.47,0.39,0.519027
0.47,0.4,0.518204
0.47,0.41,0.517513
0.47,0.42,0.517039
0.47,0.43,0.517905
0.47,0.44,0.517726
0.47,0.45,0.517809
0.47,0.46,0.516583
0.47,0.47,0.51627
0.47,0.48,0.515961
0.47,0.49,0.516513
0.47,0.5,0.516374
0.47,0.51,0.517017
0.47,0.52,0.51657
0.47,0.53,0.516601
0.47,0.54,0.517491
0.47,0.55,0.518107
0.47,0.56,0.517348
0.47,0.57,0.517993
0.47,0.58,0.517977
0.47,0.59,0.517921
0.47,0.6,0.5188
0.47,0.61,0.518185
0.47,0.62,0.518991
0.47,0.63,0.519694
0.47,0.64,0.51949
0.47,0.65,0.519833
0.47,0.66,0.521217
0.47,0.67,0.521303
0.47,0.68,0.521732
0.47,0.69,0.521855
0.47,0.7,0.522371
0.47,0.71,0.522806
0.47,0.72,0.524632
0.47,0.73,0.525313
0.47,0.74,0.524629
0.47,0.75,0.525398
0.47,0.76,0.5271
0.47,0.77,0.527953
0.47,0.78,0.52724
0.47,0.79,0.528668
0.47,0.8,0.528081
0.47,0.81,0.530489
0.47,0.82,0.530868
0.47,0.83,0.53166
0.47,0.84,0.532021
0.47,0.85,0.533909
0.47,0.86,0.534071
0.47,0.87,0.535064
0.47,0.88,0.536928
0.47,0.89,0.536906
0.47,0.9,0.537053
0.47,0.91,0.538094
0.47,0.92,0.5399
0.47,0.93,0.539417
0.47,0.94,0.5397
0.47,0.95,0.54088
0.47,0.96,0.539409
0.47,0.97,0.541784
0.47,0.98,0.542123
0.47,0.99,0.54265
0.48,0,0.542536
0.48,0.01,0.541995
0.48,0.02,0.542014
0.48,0.03,0.541204
0.48,0.04,0.541379
0.48,0.05,0.540931
0.48,0.06,0.541611
0.48,0.07,0.53974
0.48,0.08,0.539075
0.48,0.09,0.538142
0.48,0.1,0.536843
0.48,0.11,0.535825
0.48,0.12,0.536033
0.48,0.13,0.536164
0.48,0.14,0.533537
0.48,0.15,0.532903
0.48,0.16,0.532005
0.48,0.17,0.532793
0.48,0.18,0.531266
0.48,0.19,0.530146
0.48,0.2,0.528486
0.48,0.21,0.527506
0.48,0.22,0.527401
0.48,0.23,0.527428
0.48,0.24,0.52749
0.48,0.25,0.524754
0.48,0.26,0.525438
0.48,0.27,0.524865
0.48,0.28,0.523729
0.48,0.29,0.522065
0.48,0.3,0.522434
0.48,0.31,0.521424
0.48,0.32,0.521202
0.48,0.33,0.520295
0.48,0.34,0.51932
0.48,0.35,0.51958
0.48,0.36,0.519551
0.48,0.37,0.518752
0.48,0.38,0.518961
0.48,0.39,0.517763
0.48,0.4,0.516895
0.48,0.41,0.517324
0.48,0.42,0.517647
0.48,0.43,0.517945
0.48,0.44,0.517005
0.48,0.45,0.516681
0.48,0.46,0.516069
0.48,0.47,0.517508
0.48,0.48,0.517081
0.48,0.49,0.515892
0.48,0.5,0.516366
0.48,0.51,0.516462
0.48,0.52,0.517299
0.48,0.53,0.516745
0.48,0.54,0.51573
0.48,0.55,0.517253
0.48,0.56,0.516433
0.48,0.57,0.516925
0.48,0.58,0.516014
0.48,0.59,0.51766
0.48,0.6,0.518662
0.48,0.61,0.517624
0.48,0.62,0.518551
0.48,0.63,0.518848
0.48,0.64,0.520279
0.48,0.65,0.519945
0.48,0.66,0.520535
0.48,0.67,0.521342
0.48,0.68,0.521307
0.48,0.69,0.521652
0.48,0.7,0.522642
0.48,0.71,0.522308
0.48,0.72,0.523296
0.48,0.73,0.524116
0.48,0.74,0.525174
0.48,0.75,0.525636
0.48,0.76,0.525773
0.48,0.77,0.527502
0.48,0.78,0.527427
0.48,0.79,0.529017
0.48,0.8,0.529704
0.48,0.81,0.530091
0.48,0.82,0.530648
0.48,0.83,0.531023
0.48,0.84,0.532125
0.48,0.85,0.533788
0.48,0.86,0.534395
0.48,0.87,0.534376
0.48,0.88,0.535608
0.48,0.89,0.535963
0.48,0.9,0.536403
0.48,0.91,0.537638
0.48,0.92,0.538789
0.48,0.93,0.539881
0.48,0.94,0.540188
0.48,0.95,0.541817
0.48,0.96,0.540876
0.48,0.97,0.542783
0.48,0.98,0.543126
0.48,0.99,0.542476
0.49,0,0.543053
0.49,0.01,0.542332
0.49,0.02,0.542595
0.49,0.03,0.541718
0.49,0.04,0.541467
0.49,0.05,0.541303
0.49,0.06,0.539754
0.49,0.07,0.538673
0.49,0.08,0.538736
0.49,0.09,0.538551
0.49,0.1,0.53771
0.49,0.11,0.535851
0.49,0.12,0.536114
0.49,0.13,0.535112
0.49,0.14,0.533747
0.49,0.15,0.533503
0.49,0.16,0.531752
0.49,0.17,0.532234
0.49,0.18,0.531033
0.49,0.19,0.530617
0.49,0.2,0.529833
0.49,0.21,0.52807
0.49,0.22,0.528851
0.49,0.23,0.527849
0.49,0.24,0.526041
0.49,0.25,0.525169
0.49,0.26,0.524377
0.49,0.27,0.523889
0.49,0.28,0.522816
0.49,0.29,0.522296
0.49,0.3,0.5212
0.49,0.31,0.52189
0.49,0.32,0.521692
0.49,0.33,0.521272
0.49,0.34,0.520439
0.49,0.35,0.520415
0.49,0.36,0.521086
0.49,0.37,0.519024
0.49,0.38,0.518578
0.49,0.39,0.518166
0.49,0.4,0.517818
0.49,0.41,0.517593
0.49,0.42,0.518243
0.49,0.43,0.517036
0.49,0.44,0.517689
0.49,0.45,0.516555
0.49,0.46,0.517464
0.49,0.47,0.516918
0.49,0.48,0.515986
0.49,0.49,0.516944
0.49,0.5,0.517817
0.49,0.51,0.515828
0.49,0.52,0.516629
0.49,0.53,0.516729
0.49,0.54,0.517387
0.49,0.55,0.516645
0.49,0.56,0.516978
0.49,0.57,0.517011
0.49,0.58,0.517103
0.49,0.59,0.518815
0.49,0.6,0.517088
0.49,0.61,0.517605
0.49,0.62,0.518522
0.49,0.63,0.518966
0.49,0.64,0.519372
0.49,0.65,0.520558
0.49,0.66,0.519959
0.49,0.67,0.521392
0.49,0.68,0.521939
0.49,0.69,0.521111
0.49,0.7,0.522088
0.49,0.71,0.523325
0.49,0.72,0.523416
0.49,0.73,0.524578
0.49,0.74,0.525146
0.49,0.75,0.525452
0.49,0.76,0.527053
0.49,0.77,0.52698
0.49,0.78,0.527115
0.49,0.79,0.529176
0.49,0.8,0.529605
0.49,0.81,0.530441
0.49,0.82,0.530483
0.49,0.83,0.531879
0.49,0.84,0.532309
0.49,0.85,0.533539
0.49,0.86,0.534579
0.49,0.87,0.53409
0.49,0.88,0.535681
0.49,0.89,0.535818
0.49,0.9,0.537364
0.49,0.91,0.53865
0.49,0.92,0.538707
0.49,0.93,0.539552
0.49,0.94,0.539785
0.49,0.95,0.540712
0.49,0.96,0.540637
0.49,0.97,0.542187
0.49,0.98,0.542302
0.49,0.99,0.54273
0.5,0,0.543223
0.5,0.01,0.542701
0.5,0.02,0.542117
0.5,0.03,0.542676
0.5,0.04,0.541648
0.5,0.05,0.540558
0.5,0.06,0.53967
0.5,0.07,0.539195
0.5,0.08,0.538416
0.5,0.09,0.537538
0.5,0.1,0.537448
0.5,0.11,0.536951
0.5,0.12,0.535657
0.5,0.13,0.534707
0.5,0.14,0.534533
0.5,0.15,0.534385
0.5,0.16,0.532631
0.5,0.17,0.531923
0.5,0.18,0.530867
0.5,0.19,0.530514
0.5,0.2,0.529499
0.5,0.21,0.528087
0.5,0.22,0.528412
0.5,0.23,0.527197
0.5,0.24,0.526334
0.5,0.25,0.525426
0.5,0.26,0.525091
0.5,0.27,0.52432
0.5,0.28,0.523044
0.5,0.29,0.523951
0.5,0.3,0.523644
0.5,0.31,0.52166
0.5,0.32,0.520919
0.5,0.33,0.520892
0.5,0.34,0.520164
0.5,0.35,0.520363
0.5,0.36,0.52023
0.5,0.37,0.517678
0.5,0.38,0.519279
0.5,0.39,0.518027
0.5,0.4,0.517931
0.5,0.41,0.518278
0.5,0.42,0.517765
0.5,0.43,0.517147
0.5,0.44,0.517787
0.5,0.45,0.516362
0.5,0.46,0.516693
0.5,0.47,0.516696
0.5,0.48,0.51717
0.5,0.49,0.516673
0.5,0.5,0.516187
0.5,0.51,0.517154
0.5,0.52,0.517027
0.5,0.53,0.516801
0.5,0.54,0.516837
0.5,0.55,0.517706
0.5,0.56,0.516583
0.5,0.57,0.517566
0.5,0.58,0.517331
0.5,0.59,0.517683
0.5,0.6,0.518652
0.5,0.61,0.518027
0.5,0.62,0.518718
0.5,0.63,0.518562
0.5,0.64,0.518604
0.5,0.65,0.520092
0.5,0.66,0.520206
0.5,0.67,0.521035
0.5,0.68,0.521654
0.5,0.69,0.523056
0.5,0.7,0.522017
0.5,0.71,0.522689
0.5,0.72,0.523516
0.5,0.73,0.524023
0.5,0.74,0.525585
0.5,0.75,0.526698
0.5,0.76,0.526474
0.5,0.77,0.526922
0.5,0.78,0.528703
0.5,0.79,0.52858
0.5,0.8,0.529842
0.5,0.81,0.53077
0.5,0.82,0.530719
0.5,0.83,0.531515
0.5,0.84,0.5328
0.5,0.85,0.533566
0.5,0.86,0.533347
0.5,0.87,0.535184
0.5,0.88,0.535373
0.5,0.89,0.536512
0.5,0.9,0.537499
0.5,0.91,0.539201
0.5,0.92,0.540003
0.5,0.93,0.540139
0.5,0.94,0.540404
0.5,0.95,0.541725
0.5,0.96,0.542252
0.5,0.97,0.541525
0.5,0.98,0.54225
0.5,0.99,0.542774
0.51,0,0.543249
0.51,0.01,0.541926
0.51,0.02,0.541539
0.51,0.03,0.542477
0.51,0.04,0.541851
0.51,0.05,0.540878
0.51,0.06,0.540647
0.51,0.07,0.538748
0.51,0.08,0.538424
0.51,0.09,0.537164
0.51,0.1,0.538148
0.51,0.11,0.53642
0.51,0.12,0.536527
0.51,0.13,0.534245
0.51,0.14,0.533765
0.51,0.15,0.532532
0.51,0.16,0.532629
0.51,0.17,0.532172
0.51,0.18,0.529495
0.51,0.19,0.529402
0.51,0.2,0.529648
0.51,0.21,0.527632
0.51,0.22,0.528504
0.51,0.23,0.526471
0.51,0.24,0.526697
0.51,0.25,0.525112
0.51,0.26,0.524525
0.51,0.27,0.523899
0.51,0.28,0.523661
0.51,0.29,0.522709
0.51,0.3,0.522779
0.51,0.31,0.52112
0.51,0.32,0.521363
0.51,0.33,0.520827
0.51,0.34,0.521063
0.51,0.35,0.520049
0.51,0.36,0.519468
0.51,0.37,0.518242
0.51,0.38,0.519341
0.51,0.39,0.517983
0.51,0.4,0.517861
0.51,0.41,0.517096
0.51,0.42,0.517374
0.51,0.43,0.517878
0.51,0.44,0.517235
0.51,0.45,0.517596
0.51,0.46,0.516593
0.51,0.47,0.517428
0.51,0.48,0.516499
0.51,0.49,0.517227
0.51,0.5,0.516284
0.51,0.51,0.516437
0.51,0.52,0.516774
0.51,0.53,0.516778
0.51,0.54,0.517533
0.51,0.55,0.516961
0.51,0.56,0.518059
0.51,0.57,0.517176
0.51,0.58,0.517188
0.51,0.59,0.517089
0.51,0.6,0.519046
0.51,0.61,0.51802
0.51,0.62,0.517431
0.51,0.63,0.519218
0.51,0.64,0.520296
0.51,0.65,0.519697
0.51,0.66,0.520839
0.51,0.67,0.519871
0.51,0.68,0.521692
0.51,0.69,0.521899
0.51,0.7,0.522707
0.51,0.71,0.522994
0.51,0.72,0.523916
0.51,0.73,0.523539
0.51,0.74,0.52502
0.51,0.75,0.525198
0.51,0.76,0.525933
0.51,0.77,0.526896
0.51,0.78,0.528231
0.51,0.79,0.529177
0.51,0.8,0.530045
0.51,0.81,0.530005
0.51,0.82,0.532182
0.51,0.83,0.532742
0.51,0.84,0.532868
0.51,0.85,0.533192
0.51,0.86,0.533671
0.51,0.87,0.534445
0.51,0.88,0.535896
0.51,0.89,0.536952
0.51,0.9,0.536863
0.51,0.91,0.537272
0.51,0.92,0.538668
0.51,0.93,0.539422
0.51,0.94,0.539997
0.51,0.95,0.541587
0.51,0.96,0.54126
0.51,0.97,0.541867
0.51,0.98,0.541809
0.51,0.99,0.543058
0.52,0,0.543252
0.52,0.01,0.542822
0.52,0.02,0.54153
0.52,0.03,0.540339
0.52,0.04,0.540561
0.52,0.05,0.539941
0.52,0.06,0.540343
0.52,0.07,0.538623
0.52,0.08,0.538048
0.52,0.09,0.537621
0.52,0.1,0.538063
0.52,0.11,0.536125
0.52,0.12,0.535772
0.52,0.13,0.535272
0.52,0.14,0.534127
0.52,0.15,0.532411
0.52,0.16,0.533325
0.52,0.17,0.53272
0.52,0.18,0.531662
0.52,0.19,0.529987
0.52,0.2,0.528756
0.52,0.21,0.528854
0.52,0.22,0.526424
0.52,0.23,0.527068
0.52,0.24,0.525679
0.52,0.25,0.525014
0.52,0.26,0.525083
0.52,0.27,0.524543
0.52,0.28,0.523185
0.52,0.29,0.522718
0.52,0.3,0.522497
0.52,0.31,0.521841
0.52,0.32,0.521697
0.52,0.33,0.520751
0.52,0.34,0.520878
0.52,0.35,0.51966
0.52,0.36,0.519071
0.52,0.37,0.519143
0.52,0.38,0.518938
0.52,0.39,0.518656
0.52,0.4,0.519228
0.52,0.41,0.51786
0.52,0.42,0.517612
0.52,0.43,0.51813
0.52,0.44,0.516885
0.52,0.45,0.517291
0.52,0.46,0.516562
0.52,0.47,0.516131
0.52,0.48,0.516587
0.52,0.49,0.516892
0.52,0.5,0.516713
0.52,0.51,0.515608
0.52,0.52,0.517287
0.52,0.53,0.516716
0.52,0.54,0.516674
0.52,0.55,0.516513
0.52,0.56,0.517678
0.52,0.57,0.516136
0.52,0.58,0.518522
0.52,0.59,0.518022
0.52,0.6,0.517037
0.52,0.61,0.518128
0.52,0.62,0.517618
0.52,0.63,0.518632
0.52,0.64,0.51981
0.52,0.65,0.520467
0.52,0.66,0.519693
0.52,0.67,0.520981
0.52,0.68,0.52055
0.52,0.69,0.522117
0.52,0.7,0.522607
0.52,0.71,0.523411
0.52,0.72,0.523593
0.52,0.73,0.524287
0.52,0.74,0.524479
0.52,0.75,0.525276
0.52,0.76,0.526166
0.52,0.77,0.527084
0.52,0.78,0.527402
0.52,0.79,0.529051
0.52,0.8,0.528719
0.52,0.81,0.529512
0.52,0.82,0.530763
0.52,0.83,0.531186
0.52,0.84,0.53215
0.52,0.85,0.533295
0.52,0.86,0.533654
0.52,0.87,0.534084
0.52,0.88,0.535581
0.52,0.89,0.536991
0.52,0.9,0.536768
0.52,0.91,0.538934
0.52,0.92,0.539548
0.52,0.93,0.539272
0.52,0.94,0.540067
0.52,0.95,0.540541
0.52,0.96,0.541878
0.52,0.97,0.54214
0.52,0.98,0.54199
0.52,0.99,0.542407
0.53,0,0.54312
0.53,0.01,0.543052
0.53,0.02,0.542887
0.53,0.03,0.541828
0.53,0.04,0.540797
0.53,0.05,0.539762
0.53,0.06,0.540406
0.53,0.07,0.540046
0.53,0.08,0.539087
0.53,0.09,0.538865
0.53,0.1,0.537138
0.53,0.11,0.536061
0.53,0.12,0.534195
0.53,0.13,0.534991
0.53,0.14,0.533925
0.53,0.15,0.533459
0.53,0.16,0.532655
0.53,0.17,0.531211
0.53,0.18,0.531793
0.53,0.19,0.531621
0.53,0.2,0.529716
0.53,0.21,0.52801
0.53,0.22,0.528396
0.53,0.23,0.526964
0.53,0.24,0.525749
0.53,0.25,0.525519
0.53,0.26,0.523896
0.53,0.27,0.524066
0.53,0.28,0.524152
0.53,0.29,0.523137
0.53,0.3,0.523047
0.53,0.31,0.522225
0.53,0.32,0.521581
0.53,0.33,0.521266
0.53,0.34,0.520152
0.53,0.35,0.519696
0.53,0.36,0.518603
0.53,0.37,0.51894
0.53,0.38,0.517568
0.53,0.39,0.518586
0.53,0.4,0.51873
0.53,0.41,0.518111
0.53,0.42,0.51797
0.53,0.43,0.51739
0.53,0.44,0.518
0.53,0.45,0.51868
0.53,0.46,0.516669
0.53,0.47,0.516741
0.53,0.48,0.517743
0.53,0.49,0.51691
0.53,0.5,0.516325
0.53,0.51,0.517501
0.53,0.52,0.517108
0.53,0.53,0.517453
0.53,0.54,0.517746
0.53,0.55,0.51708
0.53,0.56,0.517619
0.53,0.57,0.517242
0.53,0.58,0.518127
0.53,0.59,0.518578
0.53,0.6,0.517952
0.53,0.61,0.51828
0.53,0.62,0.519568
0.53,0.63,0.519998
0.53,0.64,0.520684
0.53,0.65,0.519215
0.53,0.66,0.520041
0.53,0.67,0.521132
0.53,0.68,0.520869
0.53,0.69,0.521603
0.53,0.7,0.523086
0.53,0.71,0.523427
0.53,0.72,0.524116
0.53,0.73,0.52496
0.53,0.74,0.525456
0.53,0.75,0.525801
0.53,0.76,0.526906
0.53,0.77,0.526725
0.53,0.78,0.527587
0.53,0.79,0.529204
0.53,0.8,0.529291
0.53,0.81,0.529536
0.53,0.82,0.530804
0.53,0.83,0.531362
0.53,0.84,0.532128
0.53,0.85,0.533607
0.53,0.86,0.53444
0.53,0.87,0.535087
0.53,0.88,0.535788
0.53,0.89,0.535841
0.53,0.9,0.536397
0.53,0.91,0.538082
0.53,0.92,0.538342
0.53,0.93,0.539834
0.53,0.94,0.540248
0.53,0.95,0.540152
0.53,0.96,0.542255
0.53,0.97,0.541289
0.53,0.98,0.542295
0.53,0.99,0.542106
0.54,0,0.542791
0.54,0.01,0.542532
0.54,0.02,0.542577
0.54,0.03,0.541739
0.54,0.04,0.541245
0.54,0.05,0.540821
0.54,0.06,0.539818
0.54,0.07,0.538489
0.54,0.08,0.538693
0.54,0.09,0.537931
0.54,0.1,0.537512
0.54,0.11,0.53577
0.54,0.12,0.535554
0.54,0.13,0.53527
0.54,0.14,0.53508
0.54,0.15,0.533339
0.54,0.16,0.532058
0.54,0.17,0.53129
0.54,0.18,0.531736
0.54,0.19,0.529839
0.54,0.2,0.528999
0.54,0.21,0.529184
0.54,0.22,0.527895
0.54,0.23,0.526826
0.54,0.24,0.526177
0.54,0.25,0.525494
0.54,0.26,0.525332
0.54,0.27,0.523634
0.54,0.28,0.524031
0.54,0.29,0.522614
0.54,0.3,0.523148
0.54,0.31,0.522174
0.54,0.32,0.521666
0.54,0.33,0.519979
0.54,0.34,0.519177
0.54,0.35,0.520645
0.54,0.36,0.520633
0.54,0.37,0.518421
0.54,0.38,0.518891
0.54,0.39,0.519344
0.54,0.4,0.518487
0.54,0.41,0.517843
0.54,0.42,0.517125
0.54,0.43,0.517579
0.54,0.44,0.517068
0.54,0.45,0.51713
0.54,0.46,0.516785
0.54,0.47,0.516887
0.54,0.48,0.516167
0.54,0.49,0.516425
0.54,0.5,0.515807
0.54,0.51,0.515908
0.54,0.52,0.517526
0.54,0.53,0.51802
0.54,0.54,0.516966
0.54,0.55,0.517242
0.54,0.56,0.517121
0.54,0.57,0.517542
0.54,0.58,0.517826
0.54,0.59,0.518766
0.54,0.6,0.517764
0.54,0.61,0.518871
0.54,0.62,0.520156
0.54,0.63,0.519111
0.54,0.64,0.519026
0.54,0.65,0.518874
0.54,0.66,0.520657
0.54,0.67,0.521999
0.54,0.68,0.521367
0.54,0.69,0.521487
0.54,0.7,0.522701
0.54,0.71,0.524664
0.54,0.72,0.523925
0.54,0.73,0.524521
0.54,0.74,0.524671
0.54,0.75,0.525614
0.54,0.76,0.525648
0.54,0.77,0.526747
0.54,0.78,0.527439
0.54,0.79,0.528857
0.54,0.8,0.5294
0.54,0.81,0.529321
0.54,0.82,0.530317
0.54,0.83,0.532412
0.54,0.84,0.532429
0.54,0.85,0.533385
0.54,0.86,0.534107
0.54,0.87,0.535321
0.54,0.88,0.536019
0.54,0.89,0.536468
0.54,0.9,0.536983
0.54,0.91,0.538285
0.54,0.92,0.539217
0.54,0.93,0.539221
0.54,0.94,0.540018
0.54,0.95,0.540174
0.54,0.96,0.540723
0.54,0.97,0.541981
0.54,0.98,0.541854
0.54,0.99,0.542612
0.55,0,0.543134
0.55,0.01,0.542104
0.55,0.02,0.541244
0.55,0.03,0.542128
0.55,0.04,0.541348
0.55,0.05,0.54036
0.55,0.06,0.539112
0.55,0.07,0.538801
0.55,0.08,0.538885
0.55,0.09,0.537826
0.55,0.1,0.536427
0.55,0.11,0.536753
0.55,0.12,0.536244
0.55,0.13,0.535031
0.55,0.14,0.534945
0.55,0.15,0.533804
0.55,0.16,0.531812
0.55,0.17,0.532381
0.55,0.18,0.530433
0.55,0.19,0.528786
0.55,0.2,0.52925
0.55,0.21,0.529129
0.55,0.22,0.528207
0.55,0.23,0.527282
0.55,0.24,0.526175
0.55,0.25,0.526163
0.55,0.26,0.524452
0.55,0.27,0.524437
0.55,0.28,0.524509
0.55,0.29,0.522606
0.55,0.3,0.523063
0.55,0.31,0.521942
0.55,0.32,0.520846
0.55,0.33,0.520295
0.55,0.34,0.521127
0.55,0.35,0.520021
0.55,0.36,0.520411
0.55,0.37,0.519972
0.55,0.38,0.519596
0.55,0.39,0.518223
0.55,0.4,0.518674
0.55,0.41,0.518477
0.55,0.42,0.518203
0.55,0.43,0.518379
0.55,0.44,0.516404
0.55,0.45,0.517519
0.55,0.46,0.516913
0.55,0.47,0.515937
0.55,0.48,0.517045
0.55,0.49,0.517211
0.55,0.5,0.516285
0.55,0.51,0.516921
0.55,0.52,0.517058
0.55,0.53,0.517799
0.55,0.54,0.517408
0.55,0.55,0.517421
0.55,0.56,0.518409
0.55,0.57,0.517705
0.55,0.58,0.517583
0.55,0.59,0.517173
0.55,0.6,0.519101
0.55,0.61,0.518611
0.55,0.62,0.518921
0.55,0.63,0.519132
0.55,0.64,0.519529
0.55,0.65,0.520204
0.55,0.66,0.519775
0.55,0.67,0.52033
0.55,0.68,0.521946
0.55,0.69,0.521696
0.55,0.7,0.522992
0.55,0.71,0.523226
0.55,0.72,0.523606
0.55,0.73,0.523973
0.55,0.74,0.525944
0.55,0.75,0.526183
0.55,0.76,0.527152
0.55,0.77,0.527638
0.55,0.78,0.52826
0.55,0.79,0.528432
0.55,0.8,0.52845
0.55,0.81,0.530647
0.55,0.82,0.530529
0.55,0.83,0.532472
0.55,0.84,0.532861
0.55,0.85,0.533665
0.55,0.86,0.534878
0.55,0.87,0.534892
0.55,0.88,0.534953
0.55,0.89,0.536342
0.55,0.9,0.537257
0.55,0.91,0.538349
0.55,0.92,0.539716
0.55,0.93,0.538673
0.55,0.94,0.539278
0.55,0.95,0.540653
0.55,0.96,0.541605
0.55,0.97,0.541336
0.55,0.98,0.542327
0.55,0.99,0.542418
0.56,0,0.542591
0.56,0.01,0.541297
0.56,0.02,0.541588
0.56,0.03,0.542403
0.56,0.04,0.54043
0.56,0.05,0.541176
0.56,0.06,0.538948
0.56,0.07,0.538763
0.56,0.08,0.539228
0.56,0.09,0.537845
0.56,0.1,0.5369
0.56,0.11,0.536503
0.56,0.12,0.535626
0.56,0.13,0.533743
0.56,0.14,0.533881
0.56,0.15,0.533525
0.56,0.16,0.533353
0.56,0.17,0.531611
0.56,0.18,0.530941
0.56,0.19,0.529979
0.56,0.2,0.529772
0.56,0.21,0.528854
0.56,0.22,0.528013
0.56,0.23,0.527228
0.56,0.24,0.525548
0.56,0.25,0.526059
0.56,0.26,0.52511
0.56,0.27,0.524742
0.56,0.28,0.524199
0.56,0.29,0.523349
0.56,0.3,0.522485
0.56,0.31,0.522727
0.56,0.32,0.521483
0.56,0.33,0.521108
0.56,0.34,0.520741
0.56,0.35,0.519525
0.56,0.36,0.518883
0.56,0.37,0.519078
0.56,0.38,0.519095
0.56,0.39,0.518669
0.56,0.4,0.516937
0.56,0.41,0.51814
0.56,0.42,0.518054
0.56,0.43,0.517279
0.56,0.44,0.51837
0.56,0.45,0.517542
0.56,0.46,0.516597
0.56,0.47,0.516309
0.56,0.48,0.517928
0.56,0.49,0.516747
0.56,0.5,0.516344
0.56,0.51,0.517614
0.56,0.52,0.516606
0.56,0.53,0.517836
0.56,0.54,0.517957
0.56,0.55,0.517933
0.56,0.56,0.518301
0.56,0.57,0.517403
0.56,0.58,0.518717
0.56,0.59,0.517803
0.56,0.6,0.517891
0.56,0.61,0.518491
0.56,0.62,0.519423
0.56,0.63,0.5188
0.56,0.64,0.51984
0.56,0.65,0.520365
0.56,0.66,0.519815
0.56,0.67,0.5211
0.56,0.68,0.521579
0.56,0.69,0.522454
0.56,0.7,0.523541
0.56,0.71,0.52255
0.56,0.72,0.524397
0.56,0.73,0.523761
0.56,0.74,0.525132
0.56,0.75,0.525932
0.56,0.76,0.526052
0.56,0.77,0.526852
0.56,0.78,0.528785
0.56,0.79,0.528184
0.56,0.8,0.529511
0.56,0.81,0.529824
0.56,0.82,0.531128
0.56,0.83,0.532609
0.56,0.84,0.532173
0.56,0.85,0.533108
0.56,0.86,0.533643
0.56,0.87,0.535644
0.56,0.88,0.53588
0.56,0.89,0.535664
0.56,0.9,0.537164
0.56,0.91,0.538544
0.56,0.92,0.53834
0.56,0.93,0.539045
0.56,0.94,0.54076
0.56,0.95,0.541007
0.56,0.96,0.540135
0.56,0.97,0.541166
0.56,0.98,0.541347
0.56,0.99,0.542048
0.57,0,0.5413
0.57,0.01,0.541326
0.57,0.02,0.541538
0.57,0.03,0.541665
0.57,0.04,0.540334
0.57,0.05,0.539411
0.57,0.06,0.5401
0.57,0.07,0.539224
0.57,0.08,0.538987
0.57,0.09,0.538091
0.57,0.1,0.537561
0.57,0.11,0.536927
0.57,0.12,0.535329
0.57,0.13,0.534188
0.57,0.14,0.533348
0.57,0.15,0.533497
0.57,0.16,0.532198
0.57,0.17,0.531003
0.57,0.18,0.530823
0.57,0.19,0.529883
0.57,0.2,0.529409
0.57,0.21,0.527253
0.57,0.22,0.52797
0.57,0.23,0.526317
0.57,0.24,0.52666
0.57,0.25,0.524918
0.57,0.26,0.524928
0.57,0.27,0.524736
0.57,0.28,0.523924
0.57,0.29,0.523831
0.57,0.3,0.523281
0.57,0.31,0.521903
0.57,0.32,0.521426
0.57,0.33,0.521835
0.57,0.34,0.52103
0.57,0.35,0.520261
0.57,0.36,0.520356
0.57,0.37,0.519108
0.57,0.38,0.519573
0.57,0.39,0.518994
0.57,0.4,0.518559
0.57,0.41,0.518248
0.57,0.42,0.519329
0.57,0.43,0.518417
0.57,0.44,0.517126
0.57,0.45,0.517136
0.57,0.46,0.516978
0.57,0.47,0.516865
0.57,0.48,0.518608
0.57,0.49,0.517954
0.57,0.5,0.518514
0.57,0.51,0.517119
0.57,0.52,0.517572
0.57,0.53,0.517483
0.57,0.54,0.516544
0.57,0.55,0.517051
0.57,0.56,0.51757
0.57,0.57,0.517577
0.57,0.58,0.518414
0.57,0.59,0.518462
0.57,0.6,0.520056
0.57,0.61,0.519019
0.57,0.62,0.5189
0.57,0.63,0.520101
0.57,0.64,0.520622
0.57,0.65,0.519814
0.57,0.66,0.520366
0.57,0.67,0.521426
0.57,0.68,0.52005
0.57,0.69,0.521341
0.57,0.7,0.523435
0.57,0.71,0.523626
0.57,0.72,0.52417
0.57,0.73,0.525077
0.57,0.74,0.525295
0.57,0.75,0.525775
0.57,0.76,0.526676
0.57,0.77,0.528381
0.57,0.78,0.527707
0.57,0.79,0.528567
0.57,0.8,0.52895
0.57,0.81,0.530405
0.57,0.82,0.530984
0.57,0.83,0.531777
0.57,0.84,0.532706
0.57,0.85,0.532117
0.57,0.86,0.534204
0.57,0.87,0.53535
0.57,0.88,0.536398
0.57,0.89,0.536425
0.57,0.9,0.537294
0.57,0.91,0.537579
0.57,0.92,0.538872
0.57,0.93,0.540313
0.57,0.94,0.540178
0.57,0.95,0.539926
0.57,0.96,0.540979
0.57,0.97,0.541719
0.57,0.98,0.540874
0.57,0.99,0.541789
0.58,0,0.542372
0.58,0.01,0.541501
0.58,0.02,0.540768
0.58,0.03,0.540775
0.58,0.04,0.54129
0.58,0.05,0.540183
0.58,0.06,0.53878
0.58,0.07,0.538502
0.58,0.08,0.538144
0.58,0.09,0.537649
0.58,0.1,0.536767
0.58,0.11,0.537219
0.58,0.12,0.534995
0.58,0.13,0.534812
0.58,0.14,0.534239
0.58,0.15,0.533931
0.58,0.16,0.532219
0.58,0.17,0.53168
0.58,0.18,0.5306
0.58,0.19,0.530724
0.58,0.2,0.529441
0.58,0.21,0.528551
0.58,0.22,0.528212
0.58,0.23,0.526762
0.58,0.24,0.52664
0.58,0.25,0.527113
0.58,0.26,0.525298
0.58,0.27,0.524901
0.58,0.28,0.523879
0.58,0.29,0.523408
0.58,0.3,0.522286
0.58,0.31,0.521951
0.58,0.32,0.522156
0.58,0.33,0.520148
0.58,0.34,0.520822
0.58,0.35,0.520208
0.58,0.36,0.520453
0.58,0.37,0.519507
0.58,0.38,0.519678
0.58,0.39,0.520179
0.58,0.4,0.518548
0.58,0.41,0.519094
0.58,0.42,0.517807
0.58,0.43,0.518533
0.58,0.44,0.518799
0.58,0.45,0.51823
0.58,0.46,0.516947
0.58,0.47,0.517664
0.58,0.48,0.517496
0.58,0.49,0.517769
0.58,0.5,0.517552
0.58,0.51,0.517999
0.58,0.52,0.517107
0.58,0.53,0.517909
0.58,0.54,0.518958
0.58,0.55,0.518028
0.58,0.56,0.518315
0.58,0.57,0.518048
0.58,0.58,0.517249
0.58,0.59,0.51738
0.58,0.6,0.51955
0.58,0.61,0.519477
0.58,0.62,0.51871
0.58,0.63,0.520414
0.58,0.64,0.5212
0.58,0.65,0.520143
0.58,0.66,0.520412
0.58,0.67,0.521614
0.58,0.68,0.522199
0.58,0.69,0.522179
0.58,0.7,0.523544
0.58,0.71,0.522114
0.58,0.72,0.524736
0.58,0.73,0.524952
0.58,0.74,0.524621
0.58,0.75,0.525799
0.58,0.76,0.525983
0.58,0.77,0.52665
0.58,0.78,0.527831
0.58,0.79,0.52866
0.58,0.8,0.528665
0.58,0.81,0.529785
0.58,0.82,0.529848
0.58,0.83,0.531718
0.58,0.84,0.532323
0.58,0.85,0.532734
0.58,0.86,0.53404
0.58,0.87,0.535308
0.58,0.88,0.535089
0.58,0.89,0.53626
0.58,0.9,0.536873
0.58,0.91,0.537713
0.58,0.92,0.539139
0.58,0.93,0.538643
0.58,0.94,0.539843
0.58,0.95,0.540195
0.58,0.96,0.541457
0.58,0.97,0.541081
0.58,0.98,0.541397
0.58,0.99,0.541632
0.59,0,0.541916
0.59,0.01,0.54236
0.59,0.02,0.541315
0.59,0.03,0.539939
0.59,0.04,0.540085
0.59,0.05,0.539333
0.59,0.06,0.53901
0.59,0.07,0.538979
0.59,0.08,0.538389
0.59,0.09,0.537621
0.59,0.1,0.536962
0.59,0.11,0.535418
0.59,0.12,0.53578
0.59,0.13,0.535142
0.59,0.14,0.533918
0.59,0.15,0.533273
0.59,0.16,0.531344
0.59,0.17,0.531671
0.59,0.18,0.531081
0.59,0.19,0.529796
0.59,0.2,0.529237
0.59,0.21,0.528497
0.59,0.22,0.528108
0.59,0.23,0.527273
0.59,0.24,0.527048
0.59,0.25,0.525853
0.59,0.26,0.523933
0.59,0.27,0.52516
0.59,0.28,0.524069
0.59,0.29,0.523829
0.59,0.3,0.522918
0.59,0.31,0.52166
0.59,0.32,0.521823
0.59,0.33,0.521141
0.59,0.34,0.520502
0.59,0.35,0.520557
0.59,0.36,0.520597
0.59,0.37,0.520459
0.59,0.38,0.519057
0.59,0.39,0.518446
0.59,0.4,0.518155
0.59,0.41,0.518291
0.59,0.42,0.51795
0.59,0.43,0.51926
0.59,0.44,0.518617
0.59,0.45,0.517887
0.59,0.46,0.518808
0.59,0.47,0.51843
0.59,0.48,0.518556
0.59,0.49,0.517758
0.59,0.5,0.517854
0.59,0.51,0.517487
0.59,0.52,0.518299
0.59,0.53,0.517458
0.59,0.54,0.518605
0.59,0.55,0.518493
0.59,0.56,0.518129
0.59,0.57,0.517978
0.59,0.58,0.518166
0.59,0.59,0.517813
0.59,0.6,0.518884
0.59,0.61,0.519182
0.59,0.62,0.519103
0.59,0.63,0.519916
0.59,0.64,0.520559
0.59,0.65,0.520217
0.59,0.66,0.521233
0.59,0.67,0.521851
0.59,0.68,0.521309
0.59,0.69,0.522481
0.59,0.7,0.523247
0.59,0.71,0.52321
0.59,0.72,0.524175
0.59,0.73,0.525684
0.59,0.74,0.526094
0.59,0.75,0.525938
0.59,0.76,0.525846
0.59,0.77,0.527733
0.59,0.78,0.529006
0.59,0.79,0.528341
0.59,0.8,0.528963
0.59,0.81,0.529721
0.59,0.82,0.531149
0.59,0.83,0.531492
0.59,0.84,0.532037
0.59,0.85,0.532967
0.59,0.86,0.533937
0.59,0.87,0.534169
0.59,0.88,0.535385
0.59,0.89,0.536376
0.59,0.9,0.538386
0.59,0.91,0.53793
0.59,0.92,0.538126
0.59,0.93,0.539496
0.59,0.94,0.539826
0.59,0.95,0.539477
0.59,0.96,0.541467
0.59,0.97,0.540714
0.59,0.98,0.541411
0.59,0.99,0.540775
0.6,0,0.54155
0.6,0.01,0.541228
0.6,0.02,0.54107
0.6,0.03,0.540328
0.6,0.04,0.539536
0.6,0.05,0.539779
0.6,0.06,0.538908
0.6,0.07,0.539011
0.6,0.08,0.538289
0.6,0.09,0.536969
0.6,0.1,0.535876
0.6,0.11,0.53665
0.6,0.12,0.535372
0.6,0.13,0.535147
0.6,0.14,0.534538
0.6,0.15,0.532571
0.6,0.16,0.532865
0.6,0.17,0.531688
0.6,0.18,0.532462
0.6,0.19,0.530656
0.6,0.2,0.528257
0.6,0.21,0.528904
0.6,0.22,0.528115
0.6,0.23,0.527355
0.6,0.24,0.525942
0.6,0.25,0.526058
0.6,0.26,0.526272
0.6,0.27,0.525135
0.6,0.28,0.524601
0.6,0.29,0.523735
0.6,0.3,0.523381
0.6,0.31,0.522763
0.6,0.32,0.522686
0.6,0.33,0.520934
0.6,0.34,0.521544
0.6,0.35,0.521083
0.6,0.36,0.520586
0.6,0.37,0.520614
0.6,0.38,0.519967
0.6,0.39,0.520042
0.6,0.4,0.520127
0.6,0.41,0.519443
0.6,0.42,0.519125
0.6,0.43,0.518429
0.6,0.44,0.519207
0.6,0.45,0.518539
0.6,0.46,0.518332
0.6,0.47,0.518219
0.6,0.48,0.518321
0.6,0.49,0.517836
0.6,0.5,0.518148
0.6,0.51,0.518124
0.6,0.52,0.517932
0.6,0.53,0.518026
0.6,0.54,0.518186
0.6,0.55,0.518219
0.6,0.56,0.517887
0.6,0.57,0.518734
0.6,0.58,0.518773
0.6,0.59,0.519024
0.6,0.6,0.520006
0.6,0.61,0.519944
0.6,0.62,0.520302
0.6,0.63,0.519735
0.6,0.64,0.520393
0.6,0.65,0.521581
0.6,0.66,0.52208
0.6,0.67,0.522341
0.6,0.68,0.522579
0.6,0.69,0.52253
0.6,0.7,0.521624
0.6,0.71,0.523868
0.6,0.72,0.523844
0.6,0.73,0.524046
0.6,0.74,0.526123
0.6,0.75,0.526525
0.6,0.76,0.526253
0.6,0.77,0.528213
0.6,0.78,0.528008
0.6,0.79,0.529064
0.6,0.8,0.529337
0.6,0.81,0.529133
0.6,0.82,0.531501
0.6,0.83,0.532499
0.6,0.84,0.533154
0.6,0.85,0.531936
0.6,0.86,0.53341
0.6,0.87,0.534611
0.6,0.88,0.535489
0.6,0.89,0.534994
0.6,0.9,0.535882
0.6,0.91,0.536358
0.6,0.92,0.537921
0.6,0.93,0.538759
0.6,0.94,0.538208
0.6,0.95,0.539426
0.6,0.96,0.540173
0.6,0.97,0.540955
0.6,0.98,0.540912
0.6,0.99,0.541641
0.61,0,0.540507
0.61,0.01,0.541357
0.61,0.02,0.540809
0.61,0.03,0.540549
0.61,0.04,0.539914
0.61,0.05,0.539475
0.61,0.06,0.539204
0.61,0.07,0.537896
0.61,0.08,0.539004
0.61,0.09,0.53765
0.61,0.1,0.536126
0.61,0.11,0.534882
0.61,0.12,0.535255
0.61,0.13,0.534222
0.61,0.14,0.53384
0.61,0.15,0.534062
0.61,0.16,0.532477
0.61,0.17,0.531764
0.61,0.18,0.530031
0.61,0.19,0.529311
0.61,0.2,0.529421
0.61,0.21,0.528969
0.61,0.22,0.528247
0.61,0.23,0.527862
0.61,0.24,0.527204
0.61,0.25,0.526457
0.61,0.26,0.52578
0.61,0.27,0.524971
0.61,0.28,0.524118
0.61,0.29,0.524333
0.61,0.3,0.523067
0.61,0.31,0.5223
0.61,0.32,0.521661
0.61,0.33,0.523002
0.61,0.34,0.522339
0.61,0.35,0.521118
0.61,0.36,0.521226
0.61,0.37,0.519875
0.61,0.38,0.519998
0.61,0.39,0.519897
0.61,0.4,0.519088
0.61,0.41,0.520023
0.61,0.42,0.519302
0.61,0.43,0.51781
0.61,0.44,0.518962
0.61,0.45,0.519473
0.61,0.46,0.519836
0.61,0.47,0.518833
0.61,0.48,0.518273
0.61,0.49,0.517238
0.61,0.5,0.518452
0.61,0.51,0.518828
0.61,0.52,0.518134
0.61,0.53,0.51852
0.61,0.54,0.518649
0.61,0.55,0.518643
0.61,0.56,0.518556
0.61,0.57,0.518368
0.61,0.58,0.519224
0.61,0.59,0.518713
0.61,0.6,0.518706
0.61,0.61,0.520471
0.61,0.62,0.520127
0.61,0.63,0.519996
0.61,0.64,0.521442
0.61,0.65,0.521076
0.61,0.66,0.521463
0.61,0.67,0.52243
0.61,0.68,0.522498
0.61,0.69,0.522481
0.61,0.7,0.523805
0.61,0.71,0.52407
0.61,0.72,0.523928
0.61,0.73,0.525689
0.61,0.74,0.5258
0.61,0.75,0.525964
0.61,0.76,0.526338
0.61,0.77,0.527343
0.61,0.78,0.5293
0.61,0.79,0.528425
0.61,0.8,0.529665
0.61,0.81,0.530325
0.61,0.82,0.531458
0.61,0.83,0.531668
0.61,0.84,0.532729
0.61,0.85,0.532776
0.61,0.86,0.534121
0.61,0.87,0.534181
0.61,0.88,0.533914
0.61,0.89,0.535271
0.61,0.9,0.536729
0.61,0.91,0.536603
0.61,0.92,0.537771
0.61,0.93,0.5369
0.61,0.94,0.539278
0.61,0.95,0.538874
0.61,0.96,0.539494
0.61,0.97,0.539962
0.61,0.98,0.540449
0.61,0.99,0.540414
0.62,0,0.540754
0.62,0.01,0.540221
0.62,0.02,0.539934
0.62,0.03,0.540038
0.62,0.04,0.539742
0.62,0.05,0.540142
0.62,0.06,0.538599
0.62,0.07,0.538003
0.62,0.08,0.537708
0.62,0.09,0.536744
0.62,0.1,0.535782
0.62,0.11,0.534979
0.62,0.12,0.535229
0.62,0.13,0.534793
0.62,0.14,0.534271
0.62,0.15,0.533063
0.62,0.16,0.531914
0.62,0.17,0.532587
0.62,0.18,0.53014
0.62,0.19,0.529411
0.62,0.2,0.529983
0.62,0.21,0.528214
0.62,0.22,0.527726
0.62,0.23,0.527631
0.62,0.24,0.526837
0.62,0.25,0.525875
0.62,0.26,0.524674
0.62,0.27,0.524337
0.62,0.28,0.525506
0.62,0.29,0.523837
0.62,0.3,0.522878
0.62,0.31,0.522852
0.62,0.32,0.523089
0.62,0.33,0.521999
0.62,0.34,0.52208
0.62,0.35,0.522689
0.62,0.36,0.521823
0.62,0.37,0.520844
0.62,0.38,0.520321
0.62,0.39,0.521918
0.62,0.4,0.519777
0.62,0.41,0.518848
0.62,0.42,0.519737
0.62,0.43,0.519026
0.62,0.44,0.51951
0.62,0.45,0.518989
0.62,0.46,0.519337
0.62,0.47,0.518825
0.62,0.48,0.519159
0.62,0.49,0.519039
0.62,0.5,0.51934
0.62,0.51,0.518434
0.62,0.52,0.51884
0.62,0.53,0.518746
0.62,0.54,0.518616
0.62,0.55,0.518533
0.62,0.56,0.518896
0.62,0.57,0.519944
0.62,0.58,0.520015
0.62,0.59,0.520272
0.62,0.6,0.521323
0.62,0.61,0.520427
0.62,0.62,0.519861
0.62,0.63,0.522137
0.62,0.64,0.520971
0.62,0.65,0.522657
0.62,0.66,0.522996
0.62,0.67,0.522151
0.62,0.68,0.523188
0.62,0.69,0.523308
0.62,0.7,0.524166
0.62,0.71,0.523815
0.62,0.72,0.524741
0.62,0.73,0.525458
0.62,0.74,0.52551
0.62,0.75,0.526734
0.62,0.76,0.526764
0.62,0.77,0.526884
0.62,0.78,0.528133
0.62,0.79,0.528677
0.62,0.8,0.529423
0.62,0.81,0.530803
0.62,0.82,0.531201
0.62,0.83,0.531752
0.62,0.84,0.532298
0.62,0.85,0.532095
0.62,0.86,0.534258
0.62,0.87,0.534492
0.62,0.88,0.533961
0.62,0.89,0.535285
0.62,0.9,0.536735
0.62,0.91,0.537665
0.62,0.92,0.537697
0.62,0.93,0.537714
0.62,0.94,0.53866
0.62,0.95,0.539252
0.62,0.96,0.53942
0.62,0.97,0.540139
0.62,0.98,0.540271
0.62,0.99,0.539444
0.63,0,0.539788
0.63,0.01,0.539542
0.63,0.02,0.539443
0.63,0.03,0.538985
0.63,0.04,0.539726
0.63,0.05,0.538428
0.63,0.06,0.538006
0.63,0.07,0.538438
0.63,0.08,0.537265
0.63,0.09,0.536766
0.63,0.1,0.535951
0.63,0.11,0.535762
0.63,0.12,0.535294
0.63,0.13,0.534851
0.63,0.14,0.532516
0.63,0.15,0.533197
0.63,0.16,0.532148
0.63,0.17,0.532175
0.63,0.18,0.530741
0.63,0.19,0.530854
0.63,0.2,0.529539
0.63,0.21,0.529341
0.63,0.22,0.528254
0.63,0.23,0.527231
0.63,0.24,0.527334
0.63,0.25,0.526376
0.63,0.26,0.525691
0.63,0.27,0.525273
0.63,0.28,0.525027
0.63,0.29,0.524951
0.63,0.3,0.523955
0.63,0.31,0.523556
0.63,0.32,0.523873
0.63,0.33,0.521944
0.63,0.34,0.522039
0.63,0.35,0.521816
0.63,0.36,0.521608
0.63,0.37,0.520977
0.63,0.38,0.520842
0.63,0.39,0.520355
0.63,0.4,0.520433
0.63,0.41,0.519998
0.63,0.42,0.520144
0.63,0.43,0.520363
0.63,0.44,0.519498
0.63,0.45,0.519205
0.63,0.46,0.519328
0.63,0.47,0.519667
0.63,0.48,0.519619
0.63,0.49,0.519521
0.63,0.5,0.518277
0.63,0.51,0.519455
0.63,0.52,0.519063
0.63,0.53,0.518431
0.63,0.54,0.519163
0.63,0.55,0.518936
0.63,0.56,0.518867
0.63,0.57,0.519838
0.63,0.58,0.518926
0.63,0.59,0.520639
0.63,0.6,0.521697
0.63,0.61,0.520198
0.63,0.62,0.521791
0.63,0.63,0.521235
0.63,0.64,0.521354
0.63,0.65,0.521304
0.63,0.66,0.522508
0.63,0.67,0.522308
0.63,0.68,0.522927
0.63,0.69,0.523493
0.63,0.7,0.522911
0.63,0.71,0.524773
0.63,0.72,0.525376
0.63,0.73,0.525626
0.63,0.74,0.525775
0.63,0.75,0.525872
0.63,0.76,0.52733
0.63,0.77,0.527755
0.63,0.78,0.528316
0.63,0.79,0.529397
0.63,0.8,0.529279
0.63,0.81,0.530863
0.63,0.82,0.529535
0.63,0.83,0.531652
0.63,0.84,0.532914
0.63,0.85,0.533118
0.63,0.86,0.534544
0.63,0.87,0.534098
0.63,0.88,0.534956
0.63,0.89,0.535373
0.63,0.9,0.536506
0.63,0.91,0.536968
0.63,0.92,0.536788
0.63,0.93,0.536937
0.63,0.94,0.538229
0.63,0.95,0.539388
0.63,0.96,0.538494
0.63,0.97,0.540134
0.63,0.98,0.539286
0.63,0.99,0.540081
0.64,0,0.538674
0.64,0.01,0.539605
0.64,0.02,0.53952
0.64,0.03,0.539037
0.64,0.04,0.538795
0.64,0.05,0.538359
0.64,0.06,0.537536
0.64,0.07,0.537304
0.64,0.08,0.53665
0.64,0.09,0.537169
0.64,0.1,0.536419
0.64,0.11,0.536194
0.64,0.12,0.535193
0.64,0.13,0.534334
0.64,0.14,0.534037
0.64,0.15,0.53331
0.64,0.16,0.532969
0.64,0.17,0.531381
0.64,0.18,0.531473
0.64,0.19,0.529975
0.64,0.2,0.5302
0.64,0.21,0.528174
0.64,0.22,0.528546
0.64,0.23,0.528056
0.64,0.24,0.527244
0.64,0.25,0.526252
0.64,0.26,0.526099
0.64,0.27,0.525061
0.64,0.28,0.524528
0.64,0.29,0.524918
0.64,0.3,0.524283
0.64,0.31,0.524401
0.64,0.32,0.523382
0.64,0.33,0.523099
0.64,0.34,0.521132
0.64,0.35,0.521383
0.64,0.36,0.521232
0.64,0.37,0.521554
0.64,0.38,0.520657
0.64,0.39,0.521201
0.64,0.4,0.519506
0.64,0.41,0.521072
0.64,0.42,0.51995
0.64,0.43,0.519231
0.64,0.44,0.520544
0.64,0.45,0.519731
0.64,0.46,0.519312
0.64,0.47,0.52001
0.64,0.48,0.518814
0.64,0.49,0.518601
0.64,0.5,0.518646
0.64,0.51,0.519248
0.64,0.52,0.51925
0.64,0.53,0.518499
0.64,0.54,0.520104
0.64,0.55,0.520243
0.64,0.56,0.519739
0.64,0.57,0.520241
0.64,0.58,0.520315
0.64,0.59,0.520325
0.64,0.6,0.519189
0.64,0.61,0.520945
0.64,0.62,0.521829
0.64,0.63,0.521675
0.64,0.64,0.522407
0.64,0.65,0.521267
0.64,0.66,0.522748
0.64,0.67,0.522682
0.64,0.68,0.52293
0.64,0.69,0.523273
0.64,0.7,0.522862
0.64,0.71,0.525385
0.64,0.72,0.525643
0.64,0.73,0.525282
0.64,0.74,0.525524
0.64,0.75,0.527425
0.64,0.76,0.527631
0.64,0.77,0.528479
0.64,0.78,0.528227
0.64,0.79,0.530524
0.64,0.8,0.529249
0.64,0.81,0.530585
0.64,0.82,0.530265
0.64,0.83,0.531267
0.64,0.84,0.533412
0.64,0.85,0.533041
0.64,0.86,0.533964
0.64,0.87,0.534475
0.64,0.88,0.535351
0.64,0.89,0.535199
0.64,0.9,0.535707
0.64,0.91,0.536606
0.64,0.92,0.536376
0.64,0.93,0.537405
0.64,0.94,0.53852
0.64,0.95,0.538414
0.64,0.96,0.538806
0.64,0.97,0.539243
0.64,0.98,0.539942
0.64,0.99,0.539083
0.65,0,0.538787
0.65,0.01,0.538339
0.65,0.02,0.539307
0.65,0.03,0.539723
0.65,0.04,0.538768
0.65,0.05,0.538335
0.65,0.06,0.537967
0.65,0.07,0.537257
0.65,0.08,0.537335
0.65,0.09,0.537363
0.65,0.1,0.535887
0.65,0.11,0.534632
0.65,0.12,0.535164
0.65,0.13,0.534068
0.65,0.14,0.532555
0.65,0.15,0.533012
0.65,0.16,0.53269
0.65,0.17,0.531784
0.65,0.18,0.531278
0.65,0.19,0.529934
0.65,0.2,0.530057
0.65,0.21,0.529789
0.65,0.22,0.528018
0.65,0.23,0.528491
0.65,0.24,0.528095
0.65,0.25,0.526578
0.65,0.26,0.526491
0.65,0.27,0.526543
0.65,0.28,0.525751
0.65,0.29,0.525176
0.65,0.3,0.523989
0.65,0.31,0.524381
0.65,0.32,0.523591
0.65,0.33,0.523273
0.65,0.34,0.522156
0.65,0.35,0.522885
0.65,0.36,0.523151
0.65,0.37,0.522276
0.65,0.38,0.521937
0.65,0.39,0.521354
0.65,0.4,0.51982
0.65,0.41,0.521174
0.65,0.42,0.52025
0.65,0.43,0.520417
0.65,0.44,0.520164
0.65,0.45,0.52004
0.65,0.46,0.520059
0.65,0.47,0.519494
0.65,0.48,0.520221
0.65,0.49,0.519202
0.65,0.5,0.521079
0.65,0.51,0.519889
0.65,0.52,0.519733
0.65,0.53,0.519996
0.65,0.54,0.519683
0.65,0.55,0.521035
0.65,0.56,0.520728
0.65,0.57,0.520276
0.65,0.58,0.521181
0.65,0.59,0.519418
0.65,0.6,0.520784
0.65,0.61,0.521559
0.65,0.62,0.522555
0.65,0.63,0.522161
0.65,0.64,0.521726
0.65,0.65,0.522686
0.65,0.66,0.521888
0.65,0.67,0.523017
0.65,0.68,0.523503
0.65,0.69,0.525006
0.65,0.7,0.525268
0.65,0.71,0.525799
0.65,0.72,0.525022
0.65,0.73,0.526642
0.65,0.74,0.525544
0.65,0.75,0.526523
0.65,0.76,0.527752
0.65,0.77,0.527729
0.65,0.78,0.527641
0.65,0.79,0.528724
0.65,0.8,0.530146
0.65,0.81,0.531291
0.65,0.82,0.530765
0.65,0.83,0.530322
0.65,0.84,0.53151
0.65,0.85,0.533204
0.65,0.86,0.533135
0.65,0.87,0.53366
0.65,0.88,0.534949
0.65,0.89,0.535953
0.65,0.9,0.536843
0.65,0.91,0.537531
0.65,0.92,0.53712
0.65,0.93,0.536661
0.65,0.94,0.53754
0.65,0.95,0.53838
0.65,0.96,0.538083
0.65,0.97,0.53884
0.65,0.98,0.539027
0.65,0.99,0.538478
0.66,0,0.538346
0.66,0.01,0.538736
0.66,0.02,0.538335
0.66,0.03,0.538112
0.66,0.04,0.538502
0.66,0.05,0.537789
0.66,0.06,0.537928
0.66,0.07,0.536531
0.66,0.08,0.536806
0.66,0.09,0.535222
0.66,0.1,0.535485
0.66,0.11,0.533802
0.66,0.12,0.533893
0.66,0.13,0.534557
0.66,0.14,0.53383
0.66,0.15,0.532308
0.66,0.16,0.532195
0.66,0.17,0.531587
0.66,0.18,0.531051
0.66,0.19,0.531189
0.66,0.2,0.530436
0.66,0.21,0.528386
0.66,0.22,0.528197
0.66,0.23,0.527741
0.66,0.24,0.527613
0.66,0.25,0.526332
0.66,0.26,0.525779
0.66,0.27,0.527128
0.66,0.28,0.523959
0.66,0.29,0.525519
0.66,0.3,0.525186
0.66,0.31,0.524792
0.66,0.32,0.524804
0.66,0.33,0.523358
0.66,0.34,0.523603
0.66,0.35,0.521957
0.66,0.36,0.523223
0.66,0.37,0.522692
0.66,0.38,0.521764
0.66,0.39,0.521701
0.66,0.4,0.521945
0.66,0.41,0.520982
0.66,0.42,0.521
0.66,0.43,0.519506
0.66,0.44,0.519824
0.66,0.45,0.520701
0.66,0.46,0.520732
0.66,0.47,0.520563
0.66,0.48,0.520367
0.66,0.49,0.520103
0.66,0.5,0.51997
0.66,0.51,0.519262
0.66,0.52,0.521765
0.66,0.53,0.520462
0.66,0.54,0.520432
0.66,0.55,0.519926
0.66,0.56,0.52054
0.66,0.57,0.521328
0.66,0.58,0.521547
0.66,0.59,0.520604
0.66,0.6,0.521395
0.66,0.61,0.522232
0.66,0.62,0.521799
0.66,0.63,0.521948
0.66,0.64,0.522584
0.66,0.65,0.521956
0.66,0.66,0.522291
0.66,0.67,0.523149
0.66,0.68,0.523934
0.66,0.69,0.524453
0.66,0.7,0.523939
0.66,0.71,0.525592
0.66,0.72,0.526058
0.66,0.73,0.52636
0.66,0.74,0.526795
0.66,0.75,0.527692
0.66,0.76,0.528081
0.66,0.77,0.527312
0.66,0.78,0.528534
0.66,0.79,0.529134
0.66,0.8,0.528637
0.66,0.81,0.529951
0.66,0.82,0.53065
0.66,0.83,0.530804
0.66,0.84,0.531729
0.66,0.85,0.532728
0.66,0.86,0.533268
0.66,0.87,0.533187
0.66,0.88,0.535073
0.66,0.89,0.535026
0.66,0.9,0.535662
0.66,0.91,0.536193
0.66,0.92,0.53674
0.66,0.93,0.53702
0.66,0.94,0.53687
0.66,0.95,0.537434
0.66,0.96,0.538221
0.66,0.97,0.539171
0.66,0.98,0.53792
0.66,0.99,0.538115
0.67,0,0.537862
0.67,0.01,0.538185
0.67,0.02,0.536668
0.67,0.03,0.538135
0.67,0.04,0.538
0.67,0.05,0.53699
0.67,0.06,0.537515
0.67,0.07,0.536318
0.67,0.08,0.537152
0.67,0.09,0.535462
0.67,0.1,0.535966
0.67,0.11,0.534741
0.67,0.12,0.533472
0.67,0.13,0.53339
0.67,0.14,0.533022
0.67,0.15,0.533237
0.67,0.16,0.532085
0.67,0.17,0.530845
0.67,0.18,0.530483
0.67,0.19,0.530378
0.67,0.2,0.529783
0.67,0.21,0.529216
0.67,0.22,0.528826
0.67,0.23,0.52739
0.67,0.24,0.527553
0.67,0.25,0.527357
0.67,0.26,0.526493
0.67,0.27,0.526886
0.67,0.28,0.525348
0.67,0.29,0.524339
0.67,0.3,0.52485
0.67,0.31,0.523837
0.67,0.32,0.524176
0.67,0.33,0.523996
0.67,0.34,0.524025
0.67,0.35,0.524458
0.67,0.36,0.52349
0.67,0.37,0.522964
0.67,0.38,0.521487
0.67,0.39,0.522894
0.67,0.4,0.521227
0.67,0.41,0.522647
0.67,0.42,0.520911
0.67,0.43,0.521998
0.67,0.44,0.520786
0.67,0.45,0.520894
0.67,0.46,0.52044
0.67,0.47,0.521043
0.67,0.48,0.521202
0.67,0.49,0.520749
0.67,0.5,0.52071
0.67,0.51,0.521174
0.67,0.52,0.521065
0.67,0.53,0.521841
0.67,0.54,0.521001
0.67,0.55,0.521516
0.67,0.56,0.521029
0.67,0.57,0.520566
0.67,0.58,0.520374
0.67,0.59,0.521656
0.67,0.6,0.522309
0.67,0.61,0.522692
0.67,0.62,0.522221
0.67,0.63,0.522909
0.67,0.64,0.522294
0.67,0.65,0.523663
0.67,0.66,0.524463
0.67,0.67,0.52409
0.67,0.68,0.524644
0.67,0.69,0.524675
0.67,0.7,0.525175
0.67,0.71,0.525511
0.67,0.72,0.526162
0.67,0.73,0.526373
0.67,0.74,0.526522
0.67,0.75,0.526428
0.67,0.76,0.526906
0.67,0.77,0.528192
0.67,0.78,0.528766
0.67,0.79,0.529406
0.67,0.8,0.530919
0.67,0.81,0.53097
0.67,0.82,0.531551
0.67,0.83,0.531027
0.67,0.84,0.531841
0.67,0.85,0.533596
0.67,0.86,0.532928
0.67,0.87,0.533989
0.67,0.88,0.533984
0.67,0.89,0.534659
0.67,0.9,0.535316
0.67,0.91,0.534088
0.67,0.92,0.53609
0.67,0.93,0.536311
0.67,0.94,0.536574
0.67,0.95,0.536275
0.67,0.96,0.53722
0.67,0.97,0.53753
0.67,0.98,0.538553
0.67,0.99,0.537596
0.68,0,0.537372
0.68,0.01,0.536786
0.68,0.02,0.53734
0.68,0.03,0.537164
0.68,0.04,0.536329
0.68,0.05,0.53713
0.68,0.06,0.536156
0.68,0.07,0.536403
0.68,0.08,0.535766
0.68,0.09,0.534667
0.68,0.1,0.534116
0.68,0.11,0.534248
0.68,0.12,0.53428
0.68,0.13,0.532737
0.68,0.14,0.532619
0.68,0.15,0.532217
0.68,0.16,0.531025
0.68,0.17,0.532624
0.68,0.18,0.531425
0.68,0.19,0.530185
0.68,0.2,0.52948
0.68,0.21,0.528229
0.68,0.22,0.52832
0.68,0.23,0.527601
0.68,0.24,0.528426
0.68,0.25,0.528302
0.68,0.26,0.527031
0.68,0.27,0.527139
0.68,0.28,0.526803
0.68,0.29,0.525933
0.68,0.3,0.525627
0.68,0.31,0.52497
0.68,0.32,0.525007
0.68,0.33,0.523783
0.68,0.34,0.523348
0.68,0.35,0.523583
0.68,0.36,0.523975
0.68,0.37,0.521816
0.68,0.38,0.523533
0.68,0.39,0.521751
0.68,0.4,0.522863
0.68,0.41,0.521897
0.68,0.42,0.522705
0.68,0.43,0.521816
0.68,0.44,0.521535
0.68,0.45,0.522057
0.68,0.46,0.522566
0.68,0.47,0.52162
0.68,0.48,0.520554
0.68,0.49,0.521283
0.68,0.5,0.52192
0.68,0.51,0.521209
0.68,0.52,0.520716
0.68,0.53,0.520989
0.68,0.54,0.521312
0.68,0.55,0.521518
0.68,0.56,0.521322
0.68,0.57,0.521074
0.68,0.58,0.522662
0.68,0.59,0.522131
0.68,0.6,0.522808
0.68,0.61,0.522616
0.68,0.62,0.522607
0.68,0.63,0.522667
0.68,0.64,0.523404
0.68,0.65,0.524256
0.68,0.66,0.524193
0.68,0.67,0.523886
0.68,0.68,0.524175
0.68,0.69,0.524211
0.68,0.7,0.52577
0.68,0.71,0.526924
0.68,0.72,0.526917
0.68,0.73,0.52628
0.68,0.74,0.526408
0.68,0.75,0.527618
0.68,0.76,0.527667
0.68,0.77,0.528102
0.68,0.78,0.528331
0.68,0.79,0.529653
0.68,0.8,0.530011
0.68,0.81,0.53033
0.68,0.82,0.530707
0.68,0.83,0.530569
0.68,0.84,0.531163
0.68,0.85,0.533072
0.68,0.86,0.533067
0.68,0.87,0.533499
0.68,0.88,0.533774
0.68,0.89,0.534333
0.68,0.9,0.534844
0.68,0.91,0.536261
0.68,0.92,0.535627
0.68,0.93,0.536135
0.68,0.94,0.537042
0.68,0.95,0.53606
0.68,0.96,0.536888
0.68,0.97,0.536896
0.68,0.98,0.537803
0.68,0.99,0.537821
0.69,0,0.537294
0.69,0.01,0.536848
0.69,0.02,0.536824
0.69,0.03,0.537238
0.69,0.04,0.536876
0.69,0.05,0.536343
0.69,0.06,0.53622
0.69,0.07,0.53651
0.69,0.08,0.535496
0.69,0.09,0.536049
0.69,0.1,0.535149
0.69,0.11,0.533131
0.69,0.12,0.533237
0.69,0.13,0.533064
0.69,0.14,0.532302
0.69,0.15,0.531336
0.69,0.16,0.532312
0.69,0.17,0.531025
0.69,0.18,0.530562
0.69,0.19,0.52979
0.69,0.2,0.530033
0.69,0.21,0.530489
0.69,0.22,0.529459
0.69,0.23,0.529533
0.69,0.24,0.527699
0.69,0.25,0.527132
0.69,0.26,0.527401
0.69,0.27,0.526905
0.69,0.28,0.526693
0.69,0.29,0.525432
0.69,0.3,0.525251
0.69,0.31,0.524301
0.69,0.32,0.525022
0.69,0.33,0.524883
0.69,0.34,0.523887
0.69,0.35,0.524616
0.69,0.36,0.523348
0.69,0.37,0.523914
0.69,0.38,0.52351
0.69,0.39,0.523806
0.69,0.4,0.521755
0.69,0.41,0.522216
0.69,0.42,0.521597
0.69,0.43,0.521149
0.69,0.44,0.521873
0.69,0.45,0.521799
0.69,0.46,0.522218
0.69,0.47,0.521159
0.69,0.48,0.522656
0.69,0.49,0.521619
0.69,0.5,0.521194
0.69,0.51,0.52175
0.69,0.52,0.520982
0.69,0.53,0.52093
0.69,0.54,0.522276
0.69,0.55,0.522729
0.69,0.56,0.522478
0.69,0.57,0.521974
0.69,0.58,0.522614
0.69,0.59,0.522828
0.69,0.6,0.522457
0.69,0.61,0.522314
0.69,0.62,0.522499
0.69,0.63,0.52286
0.69,0.64,0.523367
0.69,0.65,0.523522
0.69,0.66,0.525146
0.69,0.67,0.52407
0.69,0.68,0.524749
0.69,0.69,0.524916
0.69,0.7,0.524984
0.69,0.71,0.526101
0.69,0.72,0.526128
0.69,0.73,0.526719
0.69,0.74,0.526914
0.69,0.75,0.526645
0.69,0.76,0.528365
0.69,0.77,0.52929
0.69,0.78,0.528923
0.69,0.79,0.529448
0.69,0.8,0.530711
0.69,0.81,0.530346
0.69,0.82,0.530676
0.69,0.83,0.530052
0.69,0.84,0.532065
0.69,0.85,0.532302
0.69,0.86,0.533607
0.69,0.87,0.533768
0.69,0.88,0.533953
0.69,0.89,0.534224
0.69,0.9,0.533856
0.69,0.91,0.534788
0.69,0.92,0.535323
0.69,0.93,0.535402
0.69,0.94,0.536035
0.69,0.95,0.536206
0.69,0.96,0.536971
0.69,0.97,0.536877
0.69,0.98,0.537002
0.69,0.99,0.537101
0.7,0,0.53666
0.7,0.01,0.536385
0.7,0.02,0.536734
0.7,0.03,0.536923
0.7,0.04,0.536363
0.7,0.05,0.535934
0.7,0.06,0.535537
0.7,0.07,0.535635
0.7,0.08,0.535649
0.7,0.09,0.535476
0.7,0.1,0.534697
0.7,0.11,0.533365
0.7,0.12,0.534181
0.7,0.13,0.533083
0.7,0.14,0.533891
0.7,0.15,0.531954
0.7,0.16,0.531963
0.7,0.17,0.531855
0.7,0.18,0.53004
0.7,0.19,0.530748
0.7,0.2,0.53134
0.7,0.21,0.529567
0.7,0.22,0.529247
0.7,0.23,0.52908
0.7,0.24,0.528387
0.7,0.25,0.527783
0.7,0.26,0.526148
0.7,0.27,0.527303
0.7,0.28,0.526804
0.7,0.29,0.526139
0.7,0.3,0.525435
0.7,0.31,0.524848
0.7,0.32,0.526451
0.7,0.33,0.524344
0.7,0.34,0.524768
0.7,0.35,0.524864
0.7,0.36,0.523746
0.7,0.37,0.523719
0.7,0.38,0.52405
0.7,0.39,0.523139
0.7,0.4,0.522619
0.7,0.41,0.523196
0.7,0.42,0.522618
0.7,0.43,0.52252
0.7,0.44,0.522364
0.7,0.45,0.522791
0.7,0.46,0.521875
0.7,0.47,0.523056
0.7,0.48,0.523252
0.7,0.49,0.523414
0.7,0.5,0.522769
0.7,0.51,0.522037
0.7,0.52,0.522587
0.7,0.53,0.521264
0.7,0.54,0.522833
0.7,0.55,0.52252
0.7,0.56,0.522692
0.7,0.57,0.523373
0.7,0.58,0.522505
0.7,0.59,0.523313
0.7,0.6,0.523223
0.7,0.61,0.524363
0.7,0.62,0.523954
0.7,0.63,0.523964
0.7,0.64,0.524298
0.7,0.65,0.5243
0.7,0.66,0.525239
0.7,0.67,0.525782
0.7,0.68,0.525744
0.7,0.69,0.524922
0.7,0.7,0.525958
0.7,0.71,0.526407
0.7,0.72,0.526216
0.7,0.73,0.527286
0.7,0.74,0.527652
0.7,0.75,0.527449
0.7,0.76,0.527448
0.7,0.77,0.528441
0.7,0.78,0.529113
0.7,0.79,0.529238
0.7,0.8,0.530105
0.7,0.81,0.52972
0.7,0.82,0.530964
0.7,0.83,0.531531
0.7,0.84,0.531681
0.7,0.85,0.532506
0.7,0.86,0.53298
0.7,0.87,0.533324
0.7,0.88,0.531971
0.7,0.89,0.533388
0.7,0.9,0.534835
0.7,0.91,0.534668
0.7,0.92,0.535016
0.7,0.93,0.53528
0.7,0.94,0.535716
0.7,0.95,0.535852
0.7,0.96,0.535271
0.7,0.97,0.53704
0.7,0.98,0.535745
0.7,0.99,0.536741
0.71,0,0.536245
0.71,0.01,0.536571
0.71,0.02,0.53534
0.71,0.03,0.536328
0.71,0.04,0.535575
0.71,0.05,0.535164
0.71,0.06,0.535632
0.71,0.07,0.535053
0.71,0.08,0.534876
0.71,0.09,0.535298
0.71,0.1,0.533882
0.71,0.11,0.533894
0.71,0.12,0.53334
0.71,0.13,0.532717
0.71,0.14,0.531888
0.71,0.15,0.532621
0.71,0.16,0.532395
0.71,0.17,0.531356
0.71,0.18,0.531258
0.71,0.19,0.530315
0.71,0.2,0.529958
0.71,0.21,0.529394
0.71,0.22,0.529355
0.71,0.23,0.527645
0.71,0.24,0.527709
0.71,0.25,0.527155
0.71,0.26,0.527945
0.71,0.27,0.526427
0.71,0.28,0.526172
0.71,0.29,0.525953
0.71,0.3,0.527861
0.71,0.31,0.525715
0.71,0.32,0.525851
0.71,0.33,0.524456
0.71,0.34,0.525173
0.71,0.35,0.524061
0.71,0.36,0.525391
0.71,0.37,0.52483
0.71,0.38,0.52428
0.71,0.39,0.524512
0.71,0.4,0.523943
0.71,0.41,0.523608
0.71,0.42,0.523411
0.71,0.43,0.523719
0.71,0.44,0.521596
0.71,0.45,0.523203
0.71,0.46,0.522477
0.71,0.47,0.523473
0.71,0.48,0.522533
0.71,0.49,0.523279
0.71,0.5,0.52301
0.71,0.51,0.522842
0.71,0.52,0.52216
0.71,0.53,0.523618
0.71,0.54,0.521912
0.71,0.55,0.523306
0.71,0.56,0.523289
0.71,0.57,0.523739
0.71,0.58,0.523121
0.71,0.59,0.523704
0.71,0.6,0.522588
0.71,0.61,0.524164
0.71,0.62,0.523785
0.71,0.63,0.524656
0.71,0.64,0.522861
0.71,0.65,0.524994
0.71,0.66,0.525493
0.71,0.67,0.525609
0.71,0.68,0.525568
0.71,0.69,0.525704
0.71,0.7,0.526552
0.71,0.71,0.526181
0.71,0.72,0.526289
0.71,0.73,0.52753
0.71,0.74,0.527304
0.71,0.75,0.528018
0.71,0.76,0.527752
0.71,0.77,0.529163
0.71,0.78,0.529569
0.71,0.79,0.529748
0.71,0.8,0.529285
0.71,0.81,0.53114
0.71,0.82,0.531601
0.71,0.83,0.530678
0.71,0.84,0.531745
0.71,0.85,0.53247
0.71,0.86,0.532338
0.71,0.87,0.533194
0.71,0.88,0.532967
0.71,0.89,0.53415
0.71,0.9,0.534219
0.71,0.91,0.534202
0.71,0.92,0.535876
0.71,0.93,0.535851
0.71,0.94,0.535386
0.71,0.95,0.535548
0.71,0.96,0.536156
0.71,0.97,0.53556
0.71,0.98,0.535935
0.71,0.99,0.536059
0.72,0,0.534921
0.72,0.01,0.535183
0.72,0.02,0.533755
0.72,0.03,0.534726
0.72,0.04,0.534871
0.72,0.05,0.534663
0.72,0.06,0.535136
0.72,0.07,0.534639
0.72,0.08,0.534352
0.72,0.09,0.534181
0.72,0.1,0.533202
0.72,0.11,0.533337
0.72,0.12,0.53308
0.72,0.13,0.532322
0.72,0.14,0.532402
0.72,0.15,0.531571
0.72,0.16,0.531134
0.72,0.17,0.5315
0.72,0.18,0.531115
0.72,0.19,0.531288
0.72,0.2,0.529982
0.72,0.21,0.529739
0.72,0.22,0.529327
0.72,0.23,0.52915
0.72,0.24,0.527893
0.72,0.25,0.527521
0.72,0.26,0.528734
0.72,0.27,0.527919
0.72,0.28,0.527622
0.72,0.29,0.527007
0.72,0.3,0.526887
0.72,0.31,0.525537
0.72,0.32,0.526
0.72,0.33,0.525901
0.72,0.34,0.524647
0.72,0.35,0.525922
0.72,0.36,0.524624
0.72,0.37,0.524488
0.72,0.38,0.524041
0.72,0.39,0.524916
0.72,0.4,0.524854
0.72,0.41,0.523762
0.72,0.42,0.524086
0.72,0.43,0.523817
0.72,0.44,0.524137
0.72,0.45,0.52461
0.72,0.46,0.523715
0.72,0.47,0.523867
0.72,0.48,0.524389
0.72,0.49,0.523693
0.72,0.5,0.524176
0.72,0.51,0.524096
0.72,0.52,0.524116
0.72,0.53,0.523845
0.72,0.54,0.523677
0.72,0.55,0.523802
0.72,0.56,0.523078
0.72,0.57,0.52473
0.72,0.58,0.525616
0.72,0.59,0.524161
0.72,0.6,0.523468
0.72,0.61,0.524933
0.72,0.62,0.52472
0.72,0.63,0.524062
0.72,0.64,0.523819
0.72,0.65,0.524767
0.72,0.66,0.52537
0.72,0.67,0.524613
0.72,0.68,0.526769
0.72,0.69,0.526725
0.72,0.7,0.526437
0.72,0.71,0.527406
0.72,0.72,0.52758
0.72,0.73,0.527006
0.72,0.74,0.528354
0.72,0.75,0.527432
0.72,0.76,0.528003
0.72,0.77,0.528838
0.72,0.78,0.529776
0.72,0.79,0.530178
0.72,0.8,0.530594
0.72,0.81,0.531059
0.72,0.82,0.530728
0.72,0.83,0.530798
0.72,0.84,0.531195
0.72,0.85,0.531737
0.72,0.86,0.532383
0.72,0.87,0.533162
0.72,0.88,0.53327
0.72,0.89,0.533736
0.72,0.9,0.533968
0.72,0.91,0.534375
0.72,0.92,0.53455
0.72,0.93,0.533914
0.72,0.94,0.535248
0.72,0.95,0.535642
0.72,0.96,0.534016
0.72,0.97,0.534179
0.72,0.98,0.535561
0.72,0.99,0.534709
0.73,0,0.533602
0.73,0.01,0.534125
0.73,0.02,0.534648
0.73,0.03,0.53462
0.73,0.04,0.534291
0.73,0.05,0.53419
0.73,0.06,0.534336
0.73,0.07,0.534752
0.73,0.08,0.534402
0.73,0.09,0.533634
0.73,0.1,0.533672
0.73,0.11,0.533583
0.73,0.12,0.533844
0.73,0.13,0.532591
0.73,0.14,0.532011
0.73,0.15,0.532579
0.73,0.16,0.530908
0.73,0.17,0.531367
0.73,0.18,0.53138
0.73,0.19,0.530167
0.73,0.2,0.529936
0.73,0.21,0.529756
0.73,0.22,0.529628
0.73,0.23,0.52935
0.73,0.24,0.527877
0.73,0.25,0.528561
0.73,0.26,0.527941
0.73,0.27,0.528349
0.73,0.28,0.527802
0.73,0.29,0.528303
0.73,0.3,0.527429
0.73,0.31,0.526593
0.73,0.32,0.526285
0.73,0.33,0.5261
0.73,0.34,0.526317
0.73,0.35,0.525061
0.73,0.36,0.525797
0.73,0.37,0.526087
0.73,0.38,0.524862
0.73,0.39,0.52546
0.73,0.4,0.524697
0.73,0.41,0.524058
0.73,0.42,0.525778
0.73,0.43,0.524701
0.73,0.44,0.524447
0.73,0.45,0.524025
0.73,0.46,0.52396
0.73,0.47,0.524461
0.73,0.48,0.524755
0.73,0.49,0.524496
0.73,0.5,0.523879
0.73,0.51,0.524747
0.73,0.52,0.524819
0.73,0.53,0.523992
0.73,0.54,0.523804
0.73,0.55,0.524035
0.73,0.56,0.525111
0.73,0.57,0.524819
0.73,0.58,0.525442
0.73,0.59,0.524778
0.73,0.6,0.526389
0.73,0.61,0.52495
0.73,0.62,0.525793
0.73,0.63,0.526215
0.73,0.64,0.525099
0.73,0.65,0.525694
0.73,0.66,0.526616
0.73,0.67,0.526084
0.73,0.68,0.526399
0.73,0.69,0.526315
0.73,0.7,0.528201
0.73,0.71,0.527368
0.73,0.72,0.526933
0.73,0.73,0.527707
0.73,0.74,0.527982
0.73,0.75,0.528176
0.73,0.76,0.530332
0.73,0.77,0.529286
0.73,0.78,0.529434
0.73,0.79,0.529305
0.73,0.8,0.529857
0.73,0.81,0.530813
0.73,0.82,0.531019
0.73,0.83,0.531922
0.73,0.84,0.531778
0.73,0.85,0.53116
0.73,0.86,0.531301
0.73,0.87,0.533491
0.73,0.88,0.532946
0.73,0.89,0.533258
0.73,0.9,0.533197
0.73,0.91,0.533146
0.73,0.92,0.534949
0.73,0.93,0.534859
0.73,0.94,0.534738
0.73,0.95,0.534532
0.73,0.96,0.535063
0.73,0.97,0.534703
0.73,0.98,0.534223
0.73,0.99,0.534582
0.74,0,0.533184
0.74,0.01,0.533202
0.74,0.02,0.534074
0.74,0.03,0.533957
0.74,0.04,0.534043
0.74,0.05,0.533274
0.74,0.06,0.533649
0.74,0.07,0.533887
0.74,0.08,0.533939
0.74,0.09,0.533668
0.74,0.1,0.533507
0.74,0.11,0.533774
0.74,0.12,0.532462
0.74,0.13,0.531604
0.74,0.14,0.532068
0.74,0.15,0.531365
0.74,0.16,0.531717
0.74,0.17,0.531026
0.74,0.18,0.530949
0.74,0.19,0.530866
0.74,0.2,0.530993
0.74,0.21,0.529704
0.74,0.22,0.529387
0.74,0.23,0.528979
0.74,0.24,0.527851
0.74,0.25,0.527389
0.74,0.26,0.527809
0.74,0.27,0.527506
0.74,0.28,0.527505
0.74,0.29,0.52728
0.74,0.3,0.528436
0.74,0.31,0.527359
0.74,0.32,0.527048
0.74,0.33,0.527496
0.74,0.34,0.527189
0.74,0.35,0.526169
0.74,0.36,0.526973
0.74,0.37,0.525903
0.74,0.38,0.525391
0.74,0.39,0.526033
0.74,0.4,0.525287
0.74,0.41,0.526073
0.74,0.42,0.524812
0.74,0.43,0.526197
0.74,0.44,0.525828
0.74,0.45,0.524217
0.74,0.46,0.525029
0.74,0.47,0.525159
0.74,0.48,0.525516
0.74,0.49,0.524863
0.74,0.5,0.524045
0.74,0.51,0.524738
0.74,0.52,0.524749
0.74,0.53,0.525319
0.74,0.54,0.525591
0.74,0.55,0.524816
0.74,0.56,0.523841
0.74,0.57,0.52538
0.74,0.58,0.525615
0.74,0.59,0.524239
0.74,0.6,0.525922
0.74,0.61,0.525842
0.74,0.62,0.526192
0.74,0.63,0.526691
0.74,0.64,0.525682
0.74,0.65,0.526309
0.74,0.66,0.52818
0.74,0.67,0.527212
0.74,0.68,0.526431
0.74,0.69,0.527922
0.74,0.7,0.526633
0.74,0.71,0.527504
0.74,0.72,0.527114
0.74,0.73,0.528235
0.74,0.74,0.528613
0.74,0.75,0.528181
0.74,0.76,0.529227
0.74,0.77,0.530127
0.74,0.78,0.530168
0.74,0.79,0.530126
0.74,0.8,0.529539
0.74,0.81,0.531474
0.74,0.82,0.53106
0.74,0.83,0.53186
0.74,0.84,0.531539
0.74,0.85,0.531764
0.74,0.86,0.532079
0.74,0.87,0.533521
0.74,0.88,0.533477
0.74,0.89,0.532993
0.74,0.9,0.534282
0.74,0.91,0.533286
0.74,0.92,0.533903
0.74,0.93,0.533619
0.74,0.94,0.533377
0.74,0.95,0.533577
0.74,0.96,0.534238
0.74,0.97,0.533586
0.74,0.98,0.533637
0.74,0.99,0.534139
0.75,0,0.532508
0.75,0.01,0.533326
0.75,0.02,0.53348
0.75,0.03,0.533828
0.75,0.04,0.532918
0.75,0.05,0.533372
0.75,0.06,0.533199
0.75,0.07,0.533042
0.75,0.08,0.533524
0.75,0.09,0.533628
0.75,0.1,0.532475
0.75,0.11,0.532358
0.75,0.12,0.532166
0.75,0.13,0.531897
0.75,0.14,0.531514
0.75,0.15,0.532998
0.75,0.16,0.531577
0.75,0.17,0.531595
0.75,0.18,0.53034
0.75,0.19,0.531096
0.75,0.2,0.531599
0.75,0.21,0.52927
0.75,0.22,0.530071
0.75,0.23,0.530019
0.75,0.24,0.528949
0.75,0.25,0.52955
0.75,0.26,0.528989
0.75,0.27,0.528194
0.75,0.28,0.52703
0.75,0.29,0.52806
0.75,0.3,0.527724
0.75,0.31,0.527753
0.75,0.32,0.528135
0.75,0.33,0.527727
0.75,0.34,0.527421
0.75,0.35,0.526364
0.75,0.36,0.527038
0.75,0.37,0.527596
0.75,0.38,0.526753
0.75,0.39,0.525722
0.75,0.4,0.526583
0.75,0.41,0.526466
0.75,0.42,0.525122
0.75,0.43,0.52503
0.75,0.44,0.52505
0.75,0.45,0.526461
0.75,0.46,0.5256
0.75,0.47,0.524926
0.75,0.48,0.524322
0.75,0.49,0.526201
0.75,0.5,0.526176
0.75,0.51,0.525256
0.75,0.52,0.526046
0.75,0.53,0.525942
0.75,0.54,0.526102
0.75,0.55,0.526067
0.75,0.56,0.525488
0.75,0.57,0.526425
0.75,0.58,0.525678
0.75,0.59,0.525739
0.75,0.6,0.526168
0.75,0.61,0.526418
0.75,0.62,0.526629
0.75,0.63,0.526842
0.75,0.64,0.526252
0.75,0.65,0.527188
0.75,0.66,0.52713
0.75,0.67,0.52673
0.75,0.68,0.527502
0.75,0.69,0.527247
0.75,0.7,0.527044
0.75,0.71,0.527336
0.75,0.72,0.52865
0.75,0.73,0.528322
0.75,0.74,0.529638
0.75,0.75,0.528933
0.75,0.76,0.529292
0.75,0.77,0.528477
0.75,0.78,0.529448
0.75,0.79,0.529823
0.75,0.8,0.530561
0.75,0.81,0.530454
0.75,0.82,0.530315
0.75,0.83,0.530989
0.75,0.84,0.531591
0.75,0.85,0.531736
0.75,0.86,0.532031
0.75,0.87,0.532251
0.75,0.88,0.532158
0.75,0.89,0.532904
0.75,0.9,0.533983
0.75,0.91,0.532561
0.75,0.92,0.532951
0.75,0.93,0.533385
0.75,0.94,0.532986
0.75,0.95,0.533159
0.75,0.96,0.533655
0.75,0.97,0.532576
0.75,0.98,0.53308
0.75,0.99,0.532891
0.76,0,0.532668
0.76,0.01,0.532229
0.76,0.02,0.53277
0.76,0.03,0.532258
0.76,0.04,0.531829
0.76,0.05,0.532428
0.76,0.06,0.533217
0.76,0.07,0.532192
0.76,0.08,0.533123
0.76,0.09,0.533519
0.76,0.1,0.532621
0.76,0.11,0.532082
0.76,0.12,0.532255
0.76,0.13,0.531393
0.76,0.14,0.531932
0.76,0.15,0.532078
0.76,0.16,0.533106
0.76,0.17,0.530302
0.76,0.18,0.532841
0.76,0.19,0.531118
0.76,0.2,0.530616
0.76,0.21,0.531785
0.76,0.22,0.529729
0.76,0.23,0.528641
0.76,0.24,0.529194
0.76,0.25,0.529521
0.76,0.26,0.528479
0.76,0.27,0.528745
0.76,0.28,0.529051
0.76,0.29,0.528861
0.76,0.3,0.527634
0.76,0.31,0.527384
0.76,0.32,0.52866
0.76,0.33,0.528027
0.76,0.34,0.527142
0.76,0.35,0.52809
0.76,0.36,0.527815
0.76,0.37,0.527283
0.76,0.38,0.527522
0.76,0.39,0.52761
0.76,0.4,0.527422
0.76,0.41,0.527129
0.76,0.42,0.527405
0.76,0.43,0.526448
0.76,0.44,0.52627
0.76,0.45,0.525411
0.76,0.46,0.525731
0.76,0.47,0.527688
0.76,0.48,0.525512
0.76,0.49,0.526194
0.76,0.5,0.526349
0.76,0.51,0.526078
0.76,0.52,0.526215
0.76,0.53,0.526129
0.76,0.54,0.526509
0.76,0.55,0.525766
0.76,0.56,0.525965
0.76,0.57,0.525808
0.76,0.58,0.526808
0.76,0.59,0.52671
0.76,0.6,0.526974
0.76,0.61,0.528408
0.76,0.62,0.525776
0.76,0.63,0.527585
0.76,0.64,0.526271
0.76,0.65,0.527523
0.76,0.66,0.526176
0.76,0.67,0.527293
0.76,0.68,0.527837
0.76,0.69,0.527623
0.76,0.7,0.52829
0.76,0.71,0.528538
0.76,0.72,0.528533
0.76,0.73,0.528665
0.76,0.74,0.529301
0.76,0.75,0.529316
0.76,0.76,0.530871
0.76,0.77,0.529617
0.76,0.78,0.528812
0.76,0.79,0.529549
0.76,0.8,0.529975
0.76,0.81,0.530659
0.76,0.82,0.530922
0.76,0.83,0.530848
0.76,0.84,0.531741
0.76,0.85,0.530681
0.76,0.86,0.531876
0.76,0.87,0.532177
0.76,0.88,0.532539
0.76,0.89,0.531582
0.76,0.9,0.532917
0.76,0.91,0.532178
0.76,0.92,0.531825
0.76,0.93,0.532467
0.76,0.94,0.53283
0.76,0.95,0.532982
0.76,0.96,0.532283
0.76,0.97,0.532765
0.76,0.98,0.531814
0.76,0.99,0.533138
0.77,0,0.53101
0.77,0.01,0.531164
0.77,0.02,0.532102
0.77,0.03,0.531445
0.77,0.04,0.53229
0.77,0.05,0.53218
0.77,0.06,0.532352
0.77,0.07,0.531787
0.77,0.08,0.531586
0.77,0.09,0.532289
0.77,0.1,0.531251
0.77,0.11,0.532042
0.77,0.12,0.531486
0.77,0.13,0.532079
0.77,0.14,0.531839
0.77,0.15,0.532352
0.77,0.16,0.531555
0.77,0.17,0.53085
0.77,0.18,0.53048
0.77,0.19,0.53023
0.77,0.2,0.530653
0.77,0.21,0.530075
0.77,0.22,0.529952
0.77,0.23,0.530016
0.77,0.24,0.530415
0.77,0.25,0.529753
0.77,0.26,0.529128
0.77,0.27,0.528141
0.77,0.28,0.528758
0.77,0.29,0.529491
0.77,0.3,0.528473
0.77,0.31,0.527291
0.77,0.32,0.529008
0.77,0.33,0.527132
0.77,0.34,0.527967
0.77,0.35,0.527187
0.77,0.36,0.528437
0.77,0.37,0.527663
0.77,0.38,0.527062
0.77,0.39,0.526689
0.77,0.4,0.527622
0.77,0.41,0.527898
0.77,0.42,0.52671
0.77,0.43,0.526758
0.77,0.44,0.527724
0.77,0.45,0.528258
0.77,0.46,0.526832
0.77,0.47,0.526801
0.77,0.48,0.527849
0.77,0.49,0.526318
0.77,0.5,0.527477
0.77,0.51,0.52687
0.77,0.52,0.527112
0.77,0.53,0.526819
0.77,0.54,0.528553
0.77,0.55,0.527194
0.77,0.56,0.527409
0.77,0.57,0.527566
0.77,0.58,0.527439
0.77,0.59,0.527866
0.77,0.6,0.5284
0.77,0.61,0.527442
0.77,0.62,0.527262
0.77,0.63,0.52793
0.77,0.64,0.528297
0.77,0.65,0.52719
0.77,0.66,0.527806
0.77,0.67,0.527981
0.77,0.68,0.528123
0.77,0.69,0.528332
0.77,0.7,0.52897
0.77,0.71,0.528781
0.77,0.72,0.52892
0.77,0.73,0.528507
0.77,0.74,0.529278
0.77,0.75,0.530279
0.77,0.76,0.528769
0.77,0.77,0.529851
0.77,0.78,0.530968
0.77,0.79,0.529916
0.77,0.8,0.531386
0.77,0.81,0.531158
0.77,0.82,0.530833
0.77,0.83,0.530961
0.77,0.84,0.532052
0.77,0.85,0.532211
0.77,0.86,0.532149
0.77,0.87,0.532683
0.77,0.88,0.532675
0.77,0.89,0.532773
0.77,0.9,0.531319
0.77,0.91,0.532274
0.77,0.92,0.531636
0.77,0.93,0.532553
0.77,0.94,0.532233
0.77,0.95,0.532411
0.77,0.96,0.531758
0.77,0.97,0.532625
0.77,0.98,0.530922
0.77,0.99,0.532247
0.78,0,0.529617
0.78,0.01,0.530338
0.78,0.02,0.530173
0.78,0.03,0.531053
0.78,0.04,0.530998
0.78,0.05,0.530912
0.78,0.06,0.531419
0.78,0.07,0.530746
0.78,0.08,0.532154
0.78,0.09,0.531088
0.78,0.1,0.532711
0.78,0.11,0.531435
0.78,0.12,0.531725
0.78,0.13,0.531544
0.78,0.14,0.530158
0.78,0.15,0.530534
0.78,0.16,0.531396
0.78,0.17,0.530409
0.78,0.18,0.53098
0.78,0.19,0.530757
0.78,0.2,0.530936
0.78,0.21,0.530097
0.78,0.22,0.52904
0.78,0.23,0.529604
0.78,0.24,0.529713
0.78,0.25,0.528817
0.78,0.26,0.530427
0.78,0.27,0.528096
0.78,0.28,0.529764
0.78,0.29,0.528716
0.78,0.3,0.528641
0.78,0.31,0.528554
0.78,0.32,0.529324
0.78,0.33,0.52961
0.78,0.34,0.529719
0.78,0.35,0.52814
0.78,0.36,0.527599
0.78,0.37,0.528453
0.78,0.38,0.528283
0.78,0.39,0.528235
0.78,0.4,0.528601
0.78,0.41,0.527717
0.78,0.42,0.52827
0.78,0.43,0.52828
0.78,0.44,0.528484
0.78,0.45,0.527239
0.78,0.46,0.528366
0.78,0.47,0.528653
0.78,0.48,0.528165
0.78,0.49,0.527493
0.78,0.5,0.527328
0.78,0.51,0.527977
0.78,0.52,0.528216
0.78,0.53,0.527302
0.78,0.54,0.528261
0.78,0.55,0.528
0.78,0.56,0.526932
0.78,0.57,0.528847
0.78,0.58,0.527421
0.78,0.59,0.528649
0.78,0.6,0.52772
0.78,0.61,0.528278
0.78,0.62,0.528185
0.78,0.63,0.528495
0.78,0.64,0.528462
0.78,0.65,0.528434
0.78,0.66,0.528021
0.78,0.67,0.528352
0.78,0.68,0.529039
0.78,0.69,0.528631
0.78,0.7,0.52855
0.78,0.71,0.528578
0.78,0.72,0.531085
0.78,0.73,0.530434
0.78,0.74,0.529195
0.78,0.75,0.529564
0.78,0.76,0.530269
0.78,0.77,0.530668
0.78,0.78,0.530622
0.78,0.79,0.530066
0.78,0.8,0.53043
0.78,0.81,0.531237
0.78,0.82,0.530916
0.78,0.83,0.532468
0.78,0.84,0.53095
0.78,0.85,0.531622
0.78,0.86,0.531431
0.78,0.87,0.532347
0.78,0.88,0.532711
0.78,0.89,0.53147
0.78,0.9,0.531883
0.78,0.91,0.531637
0.78,0.92,0.531054
0.78,0.93,0.531405
0.78,0.94,0.532143
0.78,0.95,0.531381
0.78,0.96,0.53166
0.78,0.97,0.530944
0.78,0.98,0.530313
0.78,0.99,0.53025
0.79,0,0.528336
0.79,0.01,0.528445
0.79,0.02,0.529623
0.79,0.03,0.530018
0.79,0.04,0.530615
0.79,0.05,0.530804
0.79,0.06,0.530719
0.79,0.07,0.531896
0.79,0.08,0.531095
0.79,0.09,0.530869
0.79,0.1,0.531853
0.79,0.11,0.531459
0.79,0.12,0.530795
0.79,0.13,0.531126
0.79,0.14,0.530449
0.79,0.15,0.531803
0.79,0.16,0.531302
0.79,0.17,0.530576
0.79,0.18,0.53123
0.79,0.19,0.53193
0.79,0.2,0.530187
0.79,0.21,0.530434
0.79,0.22,0.530836
0.79,0.23,0.530197
0.79,0.24,0.531204
0.79,0.25,0.530067
0.79,0.26,0.529745
0.79,0.27,0.53032
0.79,0.28,0.530151
0.79,0.29,0.529564
0.79,0.3,0.529994
0.79,0.31,0.529104
0.79,0.32,0.528846
0.79,0.33,0.529008
0.79,0.34,0.527963
0.79,0.35,0.529153
0.79,0.36,0.528594
0.79,0.37,0.528506
0.79,0.38,0.528881
0.79,0.39,0.528917
0.79,0.4,0.529621
0.79,0.41,0.528981
0.79,0.42,0.528519
0.79,0.43,0.528758
0.79,0.44,0.52946
0.79,0.45,0.529449
0.79,0.46,0.528727
0.79,0.47,0.529687
0.79,0.48,0.528802
0.79,0.49,0.528114
0.79,0.5,0.528201
0.79,0.51,0.528122
0.79,0.52,0.528849
0.79,0.53,0.52938
0.79,0.54,0.528799
0.79,0.55,0.52881
0.79,0.56,0.527676
0.79,0.57,0.526832
0.79,0.58,0.528822
0.79,0.59,0.530132
0.79,0.6,0.528789
0.79,0.61,0.530029
0.79,0.62,0.529726
0.79,0.63,0.528469
0.79,0.64,0.530242
0.79,0.65,0.529307
0.79,0.66,0.529462
0.79,0.67,0.528188
0.79,0.68,0.529172
0.79,0.69,0.528639
0.79,0.7,0.529271
0.79,0.71,0.529629
0.79,0.72,0.529037
0.79,0.73,0.530122
0.79,0.74,0.529947
0.79,0.75,0.529319
0.79,0.76,0.529599
0.79,0.77,0.530035
0.79,0.78,0.531296
0.79,0.79,0.53144
0.79,0.8,0.530404
0.79,0.81,0.530431
0.79,0.82,0.530718
0.79,0.83,0.530827
0.79,0.84,0.531515
0.79,0.85,0.531455
0.79,0.86,0.531143
0.79,0.87,0.531083
0.79,0.88,0.531364
0.79,0.89,0.531158
0.79,0.9,0.531285
0.79,0.91,0.531266
0.79,0.92,0.531359
0.79,0.93,0.530133
0.79,0.94,0.530256
0.79,0.95,0.531024
0.79,0.96,0.531037
0.79,0.97,0.529912
0.79,0.98,0.529952
0.79,0.99,0.52918
0.8,0,0.527692
0.8,0.01,0.529002
0.8,0.02,0.52935
0.8,0.03,0.529044
0.8,0.04,0.529922
0.8,0.05,0.530818
0.8,0.06,0.530966
0.8,0.07,0.531032
0.8,0.08,0.530867
0.8,0.09,0.531662
0.8,0.1,0.531959
0.8,0.11,0.531895
0.8,0.12,0.53167
0.8,0.13,0.530957
0.8,0.14,0.531146
0.8,0.15,0.531546
0.8,0.16,0.531201
0.8,0.17,0.530215
0.8,0.18,0.530757
0.8,0.19,0.530964
0.8,0.2,0.530433
0.8,0.21,0.531296
0.8,0.22,0.530095
0.8,0.23,0.531221
0.8,0.24,0.529634
0.8,0.25,0.531411
0.8,0.26,0.529832
0.8,0.27,0.530352
0.8,0.28,0.529999
0.8,0.29,0.530701
0.8,0.3,0.529433
0.8,0.31,0.530417
0.8,0.32,0.530025
0.8,0.33,0.529287
0.8,0.34,0.529105
0.8,0.35,0.529627
0.8,0.36,0.528971
0.8,0.37,0.530974
0.8,0.38,0.529381
0.8,0.39,0.52899
0.8,0.4,0.528757
0.8,0.41,0.530501
0.8,0.42,0.530786
0.8,0.43,0.52884
0.8,0.44,0.52962
0.8,0.45,0.530314
0.8,0.46,0.530492
0.8,0.47,0.52912
0.8,0.48,0.529174
0.8,0.49,0.529595
0.8,0.5,0.530515
0.8,0.51,0.530067
0.8,0.52,0.529482
0.8,0.53,0.52882
0.8,0.54,0.529626
0.8,0.55,0.528384
0.8,0.56,0.528755
0.8,0.57,0.530154
0.8,0.58,0.52949
0.8,0.59,0.529766
0.8,0.6,0.529935
0.8,0.61,0.530322
0.8,0.62,0.528957
0.8,0.63,0.529456
0.8,0.64,0.530606
0.8,0.65,0.529086
0.8,0.66,0.531296
0.8,0.67,0.530659
0.8,0.68,0.529548
0.8,0.69,0.52999
0.8,0.7,0.531148
0.8,0.71,0.529922
0.8,0.72,0.530787
0.8,0.73,0.530513
0.8,0.74,0.532291
0.8,0.75,0.529888
0.8,0.76,0.529585
0.8,0.77,0.529275
0.8,0.78,0.530083
0.8,0.79,0.530868
0.8,0.8,0.531007
0.8,0.81,0.531089
0.8,0.82,0.531466
0.8,0.83,0.530965
0.8,0.84,0.530878
0.8,0.85,0.531135
0.8,0.86,0.530821
0.8,0.87,0.530646
0.8,0.88,0.531245
0.8,0.89,0.530819
0.8,0.9,0.531435
0.8,0.91,0.531029
0.8,0.92,0.530971
0.8,0.93,0.530843
0.8,0.94,0.529965
0.8,0.95,0.530557
0.8,0.96,0.529286
0.8,0.97,0.529469
0.8,0.98,0.52911
0.8,0.99,0.528172
0.81,0,0.527731
0.81,0.01,0.527152
0.81,0.02,0.527874
0.81,0.03,0.528305
0.81,0.04,0.529179
0.81,0.05,0.529654
0.81,0.06,0.529939
0.81,0.07,0.530581
0.81,0.08,0.530092
0.81,0.09,0.529372
0.81,0.1,0.530902
0.81,0.11,0.530948
0.81,0.12,0.530834
0.81,0.13,0.531308
0.81,0.14,0.531414
0.81,0.15,0.531012
0.81,0.16,0.53092
0.81,0.17,0.530695
0.81,0.18,0.530879
0.81,0.19,0.530876
0.81,0.2,0.53055
0.81,0.21,0.530252
0.81,0.22,0.530167
0.81,0.23,0.530282
0.81,0.24,0.531139
0.81,0.25,0.530861
0.81,0.26,0.530848
0.81,0.27,0.530502
0.81,0.28,0.530914
0.81,0.29,0.530915
0.81,0.3,0.531333
0.81,0.31,0.53034
0.81,0.32,0.529752
0.81,0.33,0.530022
0.81,0.34,0.529884
0.81,0.35,0.529527
0.81,0.36,0.530695
0.81,0.37,0.529908
0.81,0.38,0.530081
0.81,0.39,0.529619
0.81,0.4,0.530988
0.81,0.41,0.530619
0.81,0.42,0.530292
0.81,0.43,0.52943
0.81,0.44,0.530372
0.81,0.45,0.530266
0.81,0.46,0.529843
0.81,0.47,0.530589
0.81,0.48,0.53038
0.81,0.49,0.529386
0.81,0.5,0.529521
0.81,0.51,0.530553
0.81,0.52,0.530295
0.81,0.53,0.530343
0.81,0.54,0.529301
0.81,0.55,0.530877
0.81,0.56,0.530706
0.81,0.57,0.530129
0.81,0.58,0.530262
0.81,0.59,0.530764
0.81,0.6,0.530317
0.81,0.61,0.5306
0.81,0.62,0.530118
0.81,0.63,0.529832
0.81,0.64,0.530381
0.81,0.65,0.53061
0.81,0.66,0.530277
0.81,0.67,0.530418
0.81,0.68,0.53043
0.81,0.69,0.530368
0.81,0.7,0.531085
0.81,0.71,0.531309
0.81,0.72,0.531313
0.81,0.73,0.529719
0.81,0.74,0.529951
0.81,0.75,0.531149
0.81,0.76,0.530246
0.81,0.77,0.531255
0.81,0.78,0.531175
0.81,0.79,0.531033
0.81,0.8,0.530184
0.81,0.81,0.530938
0.81,0.82,0.53031
0.81,0.83,0.530813
0.81,0.84,0.530884
0.81,0.85,0.531025
0.81,0.86,0.530089
0.81,0.87,0.530524
0.81,0.88,0.531074
0.81,0.89,0.531632
0.81,0.9,0.531122
0.81,0.91,0.5307
0.81,0.92,0.530101
0.81,0.93,0.530733
0.81,0.94,0.529502
0.81,0.95,0.528571
0.81,0.96,0.528332
0.81,0.97,0.528636
0.81,0.98,0.527626
0.81,0.99,0.527172
0.82,0,0.525578
0.82,0.01,0.527556
0.82,0.02,0.527204
0.82,0.03,0.527888
0.82,0.04,0.527833
0.82,0.05,0.528694
0.82,0.06,0.529096
0.82,0.07,0.529322
0.82,0.08,0.530728
0.82,0.09,0.530482
0.82,0.1,0.530354
0.82,0.11,0.529832
0.82,0.12,0.530698
0.82,0.13,0.531007
0.82,0.14,0.530908
0.82,0.15,0.531146
0.82,0.16,0.530455
0.82,0.17,0.530468
0.82,0.18,0.531445
0.82,0.19,0.530736
0.82,0.2,0.530858
0.82,0.21,0.531075
0.82,0.22,0.532443
0.82,0.23,0.530682
0.82,0.24,0.530935
0.82,0.25,0.530403
0.82,0.26,0.530498
0.82,0.27,0.531229
0.82,0.28,0.53118
0.82,0.29,0.531222
0.82,0.3,0.530793
0.82,0.31,0.530689
0.82,0.32,0.530621
0.82,0.33,0.531657
0.82,0.34,0.531539
0.82,0.35,0.531684
0.82,0.36,0.530989
0.82,0.37,0.531243
0.82,0.38,0.530152
0.82,0.39,0.530836
0.82,0.4,0.532001
0.82,0.41,0.531545
0.82,0.42,0.53173
0.82,0.43,0.531556
0.82,0.44,0.531449
0.82,0.45,0.531118
0.82,0.46,0.531063
0.82,0.47,0.531816
0.82,0.48,0.531219
0.82,0.49,0.532444
0.82,0.5,0.531267
0.82,0.51,0.531891
0.82,0.52,0.530894
0.82,0.53,0.530527
0.82,0.54,0.530345
0.82,0.55,0.53063
0.82,0.56,0.530477
0.82,0.57,0.530594
0.82,0.58,0.530002
0.82,0.59,0.531072
0.82,0.6,0.530663
0.82,0.61,0.530698
0.82,0.62,0.530858
0.82,0.63,0.531258
0.82,0.64,0.530331
0.82,0.65,0.530983
0.82,0.66,0.530099
0.82,0.67,0.532405
0.82,0.68,0.531275
0.82,0.69,0.530744
0.82,0.7,0.530446
0.82,0.71,0.53028
0.82,0.72,0.531326
0.82,0.73,0.530537
0.82,0.74,0.530247
0.82,0.75,0.531333
0.82,0.76,0.53266
0.82,0.77,0.531839
0.82,0.78,0.530236
0.82,0.79,0.530934
0.82,0.8,0.531109
0.82,0.81,0.530366
0.82,0.82,0.530677
0.82,0.83,0.530926
0.82,0.84,0.531408
0.82,0.85,0.530404
0.82,0.86,0.530363
0.82,0.87,0.52921
0.82,0.88,0.530014
0.82,0.89,0.530215
0.82,0.9,0.53029
0.82,0.91,0.529116
0.82,0.92,0.528733
0.82,0.93,0.530559
0.82,0.94,0.528947
0.82,0.95,0.529004
0.82,0.96,0.528055
0.82,0.97,0.527824
0.82,0.98,0.527136
0.82,0.99,0.526145
0.83,0,0.525035
0.83,0.01,0.525077
0.83,0.02,0.5269
0.83,0.03,0.526021
0.83,0.04,0.527664
0.83,0.05,0.527899
0.83,0.06,0.528699
0.83,0.07,0.527684
0.83,0.08,0.528594
0.83,0.09,0.529379
0.83,0.1,0.529452
0.83,0.11,0.529832
0.83,0.12,0.528874
0.83,0.13,0.52947
0.83,0.14,0.529758
0.83,0.15,0.530025
0.83,0.16,0.53117
0.83,0.17,0.530974
0.83,0.18,0.531082
0.83,0.19,0.53108
0.83,0.2,0.530441
0.83,0.21,0.531423
0.83,0.22,0.531271
0.83,0.23,0.530819
0.83,0.24,0.530724
0.83,0.25,0.532465
0.83,0.26,0.531057
0.83,0.27,0.531072
0.83,0.28,0.530645
0.83,0.29,0.53139
0.83,0.3,0.532421
0.83,0.31,0.530924
0.83,0.32,0.530988
0.83,0.33,0.531969
0.83,0.34,0.531364
0.83,0.35,0.530366
0.83,0.36,0.53153
0.83,0.37,0.531937
0.83,0.38,0.531933
0.83,0.39,0.531503
0.83,0.4,0.530785
0.83,0.41,0.531572
0.83,0.42,0.532619
0.83,0.43,0.531897
0.83,0.44,0.531942
0.83,0.45,0.531497
0.83,0.46,0.531421
0.83,0.47,0.532135
0.83,0.48,0.531458
0.83,0.49,0.53286
0.83,0.5,0.532468
0.83,0.51,0.532058
0.83,0.52,0.531214
0.83,0.53,0.532152
0.83,0.54,0.532342
0.83,0.55,0.53114
0.83,0.56,0.531931
0.83,0.57,0.531558
0.83,0.58,0.531712
0.83,0.59,0.531471
0.83,0.6,0.531577
0.83,0.61,0.531945
0.83,0.62,0.531445
0.83,0.63,0.531926
0.83,0.64,0.532657
0.83,0.65,0.5311
0.83,0.66,0.530592
0.83,0.67,0.532051
0.83,0.68,0.53187
0.83,0.69,0.531139
0.83,0.7,0.5318
0.83,0.71,0.531836
0.83,0.72,0.531452
0.83,0.73,0.531838
0.83,0.74,0.532013
0.83,0.75,0.532004
0.83,0.76,0.531886
0.83,0.77,0.530346
0.83,0.78,0.530766
0.83,0.79,0.530011
0.83,0.8,0.53134
0.83,0.81,0.531048
0.83,0.82,0.529892
0.83,0.83,0.529172
0.83,0.84,0.530416
0.83,0.85,0.530394
0.83,0.86,0.530489
0.83,0.87,0.530198
0.83,0.88,0.529172
0.83,0.89,0.530561
0.83,0.9,0.528624
0.83,0.91,0.529793
0.83,0.92,0.528608
0.83,0.93,0.527696
0.83,0.94,0.526861
0.83,0.95,0.527665
0.83,0.96,0.527446
0.83,0.97,0.526677
0.83,0.98,0.526119
0.83,0.99,0.525717
0.84,0,0.523752
0.84,0.01,0.52434
0.84,0.02,0.525222
0.84,0.03,0.526328
0.84,0.04,0.527013
0.84,0.05,0.527132
0.84,0.06,0.527646
0.84,0.07,0.527395
0.84,0.08,0.527914
0.84,0.09,0.528472
0.84,0.1,0.529391
0.84,0.11,0.529704
0.84,0.12,0.529212
0.84,0.13,0.529212
0.84,0.14,0.529378
0.84,0.15,0.530132
0.84,0.16,0.53016
0.84,0.17,0.529855
0.84,0.18,0.530774
0.84,0.19,0.531662
0.84,0.2,0.530441
0.84,0.21,0.530885
0.84,0.22,0.530753
0.84,0.23,0.530695
0.84,0.24,0.531645
0.84,0.25,0.532133
0.84,0.26,0.530671
0.84,0.27,0.531864
0.84,0.28,0.531782
0.84,0.29,0.531791
0.84,0.3,0.531976
0.84,0.31,0.531259
0.84,0.32,0.532102
0.84,0.33,0.532643
0.84,0.34,0.532693
0.84,0.35,0.531573
0.84,0.36,0.53251
0.84,0.37,0.532088
0.84,0.38,0.533284
0.84,0.39,0.532568
0.84,0.4,0.532388
0.84,0.41,0.531949
0.84,0.42,0.531925
0.84,0.43,0.531622
0.84,0.44,0.532491
0.84,0.45,0.531909
0.84,0.46,0.532402
0.84,0.47,0.53275
0.84,0.48,0.532435
0.84,0.49,0.532662
0.84,0.5,0.531951
0.84,0.51,0.532968
0.84,0.52,0.532826
0.84,0.53,0.533162
0.84,0.54,0.532015
0.84,0.55,0.533104
0.84,0.56,0.53265
0.84,0.57,0.532601
0.84,0.58,0.531714
0.84,0.59,0.531966
0.84,0.6,0.532522
0.84,0.61,0.532462
0.84,0.62,0.531997
0.84,0.63,0.532816
0.84,0.64,0.531936
0.84,0.65,0.533291
0.84,0.66,0.532341
0.84,0.67,0.533102
0.84,0.68,0.532061
0.84,0.69,0.531581
0.84,0.7,0.53197
0.84,0.71,0.531888
0.84,0.72,0.532257
0.84,0.73,0.531223
0.84,0.74,0.531859
0.84,0.75,0.532041
0.84,0.76,0.530776
0.84,0.77,0.531165
0.84,0.78,0.531588
0.84,0.79,0.532027
0.84,0.8,0.530552
0.84,0.81,0.530563
0.84,0.82,0.529872
0.84,0.83,0.531153
0.84,0.84,0.530638
0.84,0.85,0.531796
0.84,0.86,0.530008
0.84,0.87,0.530498
0.84,0.88,0.528962
0.84,0.89,0.529553
0.84,0.9,0.529783
0.84,0.91,0.528821
0.84,0.92,0.528056
0.84,0.93,0.52775
0.84,0.94,0.527886
0.84,0.95,0.52718
0.84,0.96,0.525762
0.84,0.97,0.525119
0.84,0.98,0.524265
0.84,0.99,0.525003
0.85,0,0.522473
0.85,0.01,0.522994
0.85,0.02,0.523944
0.85,0.03,0.524853
0.85,0.04,0.52577
0.85,0.05,0.525871
0.85,0.06,0.526702
0.85,0.07,0.526524
0.85,0.08,0.527578
0.85,0.09,0.527658
0.85,0.1,0.52909
0.85,0.11,0.528407
0.85,0.12,0.529331
0.85,0.13,0.529759
0.85,0.14,0.52935
0.85,0.15,0.530256
0.85,0.16,0.530208
0.85,0.17,0.53007
0.85,0.18,0.530813
0.85,0.19,0.531034
0.85,0.2,0.530923
0.85,0.21,0.532377
0.85,0.22,0.530777
0.85,0.23,0.532479
0.85,0.24,0.531869
0.85,0.25,0.532335
0.85,0.26,0.531066
0.85,0.27,0.53312
0.85,0.28,0.531701
0.85,0.29,0.532022
0.85,0.3,0.532731
0.85,0.31,0.532855
0.85,0.32,0.53251
0.85,0.33,0.531979
0.85,0.34,0.532468
0.85,0.35,0.533207
0.85,0.36,0.531107
0.85,0.37,0.532883
0.85,0.38,0.532607
0.85,0.39,0.533401
0.85,0.4,0.532955
0.85,0.41,0.533833
0.85,0.42,0.532395
0.85,0.43,0.533387
0.85,0.44,0.53333
0.85,0.45,0.532887
0.85,0.46,0.533154
0.85,0.47,0.532782
0.85,0.48,0.533307
0.85,0.49,0.533715
0.85,0.5,0.533471
0.85,0.51,0.53268
0.85,0.52,0.533386
0.85,0.53,0.53383
0.85,0.54,0.5344
0.85,0.55,0.533491
0.85,0.56,0.533632
0.85,0.57,0.533593
0.85,0.58,0.53321
0.85,0.59,0.533696
0.85,0.6,0.532331
0.85,0.61,0.533697
0.85,0.62,0.532815
0.85,0.63,0.532882
0.85,0.64,0.533935
0.85,0.65,0.533036
0.85,0.66,0.533409
0.85,0.67,0.531835
0.85,0.68,0.532094
0.85,0.69,0.532107
0.85,0.7,0.532007
0.85,0.71,0.532696
0.85,0.72,0.532549
0.85,0.73,0.531446
0.85,0.74,0.531495
0.85,0.75,0.531903
0.85,0.76,0.531336
0.85,0.77,0.531543
0.85,0.78,0.531629
0.85,0.79,0.53025
0.85,0.8,0.531565
0.85,0.81,0.530595
0.85,0.82,0.531245
0.85,0.83,0.530245
0.85,0.84,0.530374
0.85,0.85,0.530407
0.85,0.86,0.529635
0.85,0.87,0.529771
0.85,0.88,0.529992
0.85,0.89,0.530241
0.85,0.9,0.528279
0.85,0.91,0.528235
0.85,0.92,0.526897
0.85,0.93,0.527332
0.85,0.94,0.526092
0.85,0.95,0.526218
0.85,0.96,0.525534
0.85,0.97,0.524876
0.85,0.98,0.524507
0.85,0.99,0.523649
0.86,0,0.521112
0.86,0.01,0.52217
0.86,0.02,0.522554
0.86,0.03,0.524162
0.86,0.04,0.524437
0.86,0.05,0.525956
0.86,0.06,0.525765
0.86,0.07,0.527443
0.86,0.08,0.527594
0.86,0.09,0.527657
0.86,0.1,0.527
0.86,0.11,0.52801
0.86,0.12,0.529421
0.86,0.13,0.529429
0.86,0.14,0.529558
0.86,0.15,0.529722
0.86,0.16,0.529853
0.86,0.17,0.530406
0.86,0.18,0.531212
0.86,0.19,0.531722
0.86,0.2,0.530506
0.86,0.21,0.532248
0.86,0.22,0.531776
0.86,0.23,0.531507
0.86,0.24,0.531335
0.86,0.25,0.532187
0.86,0.26,0.53128
0.86,0.27,0.531605
0.86,0.28,0.532194
0.86,0.29,0.532692
0.86,0.3,0.532905
0.86,0.31,0.533469
0.86,0.32,0.532609
0.86,0.33,0.533345
0.86,0.34,0.5339
0.86,0.35,0.53282
0.86,0.36,0.532804
0.86,0.37,0.533581
0.86,0.38,0.533196
0.86,0.39,0.53319
0.86,0.4,0.533983
0.86,0.41,0.534119
0.86,0.42,0.534554
0.86,0.43,0.534902
0.86,0.44,0.533156
0.86,0.45,0.533867
0.86,0.46,0.534679
0.86,0.47,0.534735
0.86,0.48,0.53428
0.86,0.49,0.535468
0.86,0.5,0.533579
0.86,0.51,0.533615
0.86,0.52,0.534112
0.86,0.53,0.535079
0.86,0.54,0.53395
0.86,0.55,0.53429
0.86,0.56,0.533962
0.86,0.57,0.533342
0.86,0.58,0.533652
0.86,0.59,0.534276
0.86,0.6,0.53429
0.86,0.61,0.533454
0.86,0.62,0.53347
0.86,0.63,0.533471
0.86,0.64,0.533496
0.86,0.65,0.532946
0.86,0.66,0.532752
0.86,0.67,0.533886
0.86,0.68,0.533174
0.86,0.69,0.532443
0.86,0.7,0.533139
0.86,0.71,0.532615
0.86,0.72,0.532576
0.86,0.73,0.532263
0.86,0.74,0.532274
0.86,0.75,0.531434
0.86,0.76,0.531603
0.86,0.77,0.531535
0.86,0.78,0.530816
0.86,0.79,0.53061
0.86,0.8,0.531132
0.86,0.81,0.532169
0.86,0.82,0.530094
0.86,0.83,0.529679
0.86,0.84,0.530927
0.86,0.85,0.53038
0.86,0.86,0.529505
0.86,0.87,0.528931
0.86,0.88,0.529079
0.86,0.89,0.528537
0.86,0.9,0.528785
0.86,0.91,0.52831
0.86,0.92,0.526699
0.86,0.93,0.525714
0.86,0.94,0.525344
0.86,0.95,0.525792
0.86,0.96,0.524784
0.86,0.97,0.523498
0.86,0.98,0.523506
0.86,0.99,0.522217
0.87,0,0.520262
0.87,0.01,0.521275
0.87,0.02,0.520711
0.87,0.03,0.522849
0.87,0.04,0.522622
0.87,0.05,0.524694
0.87,0.06,0.524107
0.87,0.07,0.525241
0.87,0.08,0.526404
0.87,0.09,0.528094
0.87,0.1,0.5263
0.87,0.11,0.527864
0.87,0.12,0.528421
0.87,0.13,0.528043
0.87,0.14,0.528095
0.87,0.15,0.528952
0.87,0.16,0.529719
0.87,0.17,0.53078
0.87,0.18,0.529613
0.87,0.19,0.531272
0.87,0.2,0.531109
0.87,0.21,0.530546
0.87,0.22,0.531553
0.87,0.23,0.53217
0.87,0.24,0.532366
0.87,0.25,0.531483
0.87,0.26,0.532397
0.87,0.27,0.532215
0.87,0.28,0.532516
0.87,0.29,0.53269
0.87,0.3,0.532595
0.87,0.31,0.533562
0.87,0.32,0.533307
0.87,0.33,0.532712
0.87,0.34,0.5337
0.87,0.35,0.534647
0.87,0.36,0.534107
0.87,0.37,0.533723
0.87,0.38,0.534966
0.87,0.39,0.534526
0.87,0.4,0.533697
0.87,0.41,0.534717
0.87,0.42,0.535115
0.87,0.43,0.535382
0.87,0.44,0.534689
0.87,0.45,0.533888
0.87,0.46,0.533801
0.87,0.47,0.535313
0.87,0.48,0.535959
0.87,0.49,0.534177
0.87,0.5,0.535642
0.87,0.51,0.534269
0.87,0.52,0.534862
0.87,0.53,0.534513
0.87,0.54,0.534078
0.87,0.55,0.53525
0.87,0.56,0.533977
0.87,0.57,0.534287
0.87,0.58,0.535246
0.87,0.59,0.53468
0.87,0.6,0.534643
0.87,0.61,0.534936
0.87,0.62,0.534035
0.87,0.63,0.534349
0.87,0.64,0.534252
0.87,0.65,0.533731
0.87,0.66,0.534747
0.87,0.67,0.533522
0.87,0.68,0.532672
0.87,0.69,0.533178
0.87,0.7,0.532701
0.87,0.71,0.532872
0.87,0.72,0.532733
0.87,0.73,0.533265
0.87,0.74,0.531864
0.87,0.75,0.532038
0.87,0.76,0.532132
0.87,0.77,0.531353
0.87,0.78,0.532104
0.87,0.79,0.531254
0.87,0.8,0.531167
0.87,0.81,0.529774
0.87,0.82,0.530488
0.87,0.83,0.530003
0.87,0.84,0.52966
0.87,0.85,0.529026
0.87,0.86,0.529554
0.87,0.87,0.528128
0.87,0.88,0.528127
0.87,0.89,0.528942
0.87,0.9,0.527578
0.87,0.91,0.527096
0.87,0.92,0.527099
0.87,0.93,0.525688
0.87,0.94,0.524938
0.87,0.95,0.524497
0.87,0.96,0.523856
0.87,0.97,0.523033
0.87,0.98,0.521448
0.87,0.99,0.521934
0.88,0,0.519204
0.88,0.01,0.519557
0.88,0.02,0.521045
0.88,0.03,0.522181
0.88,0.04,0.521941
0.88,0.05,0.524203
0.88,0.06,0.522745
0.88,0.07,0.52527
0.88,0.08,0.525169
0.88,0.09,0.526289
0.88,0.1,0.526417
0.88,0.11,0.527318
0.88,0.12,0.528966
0.88,0.13,0.528407
0.88,0.14,0.529046
0.88,0.15,0.529623
0.88,0.16,0.529843
0.88,0.17,0.529708
0.88,0.18,0.530475
0.88,0.19,0.530884
0.88,0.2,0.531152
0.88,0.21,0.531747
0.88,0.22,0.532007
0.88,0.23,0.531596
0.88,0.24,0.532308
0.88,0.25,0.533263
0.88,0.26,0.532813
0.88,0.27,0.532963
0.88,0.28,0.533147
0.88,0.29,0.533018
0.88,0.3,0.533087
0.88,0.31,0.53298
0.88,0.32,0.5341
0.88,0.33,0.533989
0.88,0.34,0.535053
0.88,0.35,0.534566
0.88,0.36,0.535033
0.88,0.37,0.534622
0.88,0.38,0.534987
0.88,0.39,0.534018
0.88,0.4,0.534872
0.88,0.41,0.534991
0.88,0.42,0.535416
0.88,0.43,0.536129
0.88,0.44,0.535392
0.88,0.45,0.534835
0.88,0.46,0.535523
0.88,0.47,0.535288
0.88,0.48,0.53552
0.88,0.49,0.535963
0.88,0.5,0.536345
0.88,0.51,0.534531
0.88,0.52,0.535756
0.88,0.53,0.536462
0.88,0.54,0.535597
0.88,0.55,0.535523
0.88,0.56,0.535881
0.88,0.57,0.535977
0.88,0.58,0.535317
0.88,0.59,0.535543
0.88,0.6,0.535886
0.88,0.61,0.535692
0.88,0.62,0.535399
0.88,0.63,0.534679
0.88,0.64,0.534662
0.88,0.65,0.53481
0.88,0.66,0.533451
0.88,0.67,0.534038
0.88,0.68,0.534002
0.88,0.69,0.534447
0.88,0.7,0.533682
0.88,0.71,0.53295
0.88,0.72,0.532161
0.88,0.73,0.532318
0.88,0.74,0.533168
0.88,0.75,0.532296
0.88,0.76,0.53266
0.88,0.77,0.531724
0.88,0.78,0.53102
0.88,0.79,0.530337
0.88,0.8,0.530707
0.88,0.81,0.53089
0.88,0.82,0.530203
0.88,0.83,0.529559
0.88,0.84,0.530019
0.88,0.85,0.528413
0.88,0.86,0.529422
0.88,0.87,0.528805
0.88,0.88,0.529097
0.88,0.89,0.527623
0.88,0.9,0.526139
0.88,0.91,0.52629
0.88,0.92,0.526059
0.88,0.93,0.525169
0.88,0.94,0.524239
0.88,0.95,0.523126
0.88,0.96,0.521915
0.88,0.97,0.522224
0.88,0.98,0.521005
0.88,0.99,0.519876
0.89,0,0.517105
0.89,0.01,0.518184
0.89,0.02,0.520665
0.89,0.03,0.519952
0.89,0.04,0.521922
0.89,0.05,0.522588
0.89,0.06,0.524394
0.89,0.07,0.524411
0.89,0.08,0.525387
0.89,0.09,0.525324
0.89,0.1,0.526167
0.89,0.11,0.526151
0.89,0.12,0.526943
0.89,0.13,0.528005
0.89,0.14,0.527768
0.89,0.15,0.527457
0.89,0.16,0.529631
0.89,0.17,0.530784
0.89,0.18,0.530678
0.89,0.19,0.531055
0.89,0.2,0.530637
0.89,0.21,0.532192
0.89,0.22,0.53076
0.89,0.23,0.531787
0.89,0.24,0.532367
0.89,0.25,0.533663
0.89,0.26,0.532209
0.89,0.27,0.532599
0.89,0.28,0.532597
0.89,0.29,0.53269
0.89,0.3,0.53395
0.89,0.31,0.534422
0.89,0.32,0.534358
0.89,0.33,0.535112
0.89,0.34,0.534271
0.89,0.35,0.534465
0.89,0.36,0.535845
0.89,0.37,0.535807
0.89,0.38,0.535427
0.89,0.39,0.535197
0.89,0.4,0.534859
0.89,0.41,0.536355
0.89,0.42,0.535974
0.89,0.43,0.535896
0.89,0.44,0.536276
0.89,0.45,0.536218
0.89,0.46,0.536199
0.89,0.47,0.536423
0.89,0.48,0.536525
0.89,0.49,0.537173
0.89,0.5,0.537214
0.89,0.51,0.536105
0.89,0.52,0.536553
0.89,0.53,0.53617
0.89,0.54,0.536107
0.89,0.55,0.536777
0.89,0.56,0.536768
0.89,0.57,0.53608
0.89,0.58,0.536518
0.89,0.59,0.536174
0.89,0.6,0.536136
0.89,0.61,0.536025
0.89,0.62,0.534627
0.89,0.63,0.53623
0.89,0.64,0.534988
0.89,0.65,0.53539
0.89,0.66,0.535376
0.89,0.67,0.53463
0.89,0.68,0.535175
0.89,0.69,0.534137
0.89,0.7,0.53404
0.89,0.71,0.53436
0.89,0.72,0.53398
0.89,0.73,0.533535
0.89,0.74,0.533442
0.89,0.75,0.532683
0.89,0.76,0.532742
0.89,0.77,0.532011
0.89,0.78,0.531128
0.89,0.79,0.530029
0.89,0.8,0.530442
0.89,0.81,0.53007
0.89,0.82,0.529842
0.89,0.83,0.53045
0.89,0.84,0.529654
0.89,0.85,0.528807
0.89,0.86,0.528678
0.89,0.87,0.52779
0.89,0.88,0.527364
0.89,0.89,0.525777
0.89,0.9,0.525935
0.89,0.91,0.525227
0.89,0.92,0.524061
0.89,0.93,0.524807
0.89,0.94,0.523281
0.89,0.95,0.521826
0.89,0.96,0.521794
0.89,0.97,0.521678
0.89,0.98,0.519833
0.89,0.99,0.518434
0.9,0,0.516289
0.9,0.01,0.517527
0.9,0.02,0.51793
0.9,0.03,0.519193
0.9,0.04,0.521022
0.9,0.05,0.52193
0.9,0.06,0.522686
0.9,0.07,0.523685
0.9,0.08,0.523857
0.9,0.09,0.523755
0.9,0.1,0.52537
0.9,0.11,0.525966
0.9,0.12,0.526466
0.9,0.13,0.526587
0.9,0.14,0.528021
0.9,0.15,0.528823
0.9,0.16,0.529021
0.9,0.17,0.529116
0.9,0.18,0.530161
0.9,0.19,0.529584
0.9,0.2,0.531216
0.9,0.21,0.531331
0.9,0.22,0.531424
0.9,0.23,0.532583
0.9,0.24,0.532644
0.9,0.25,0.532072
0.9,0.26,0.533477
0.9,0.27,0.533993
0.9,0.28,0.532642
0.9,0.29,0.533257
0.9,0.3,0.534231
0.9,0.31,0.534426
0.9,0.32,0.53491
0.9,0.33,0.535877
0.9,0.34,0.535536
0.9,0.35,0.534801
0.9,0.36,0.53567
0.9,0.37,0.534995
0.9,0.38,0.535973
0.9,0.39,0.536918
0.9,0.4,0.537165
0.9,0.41,0.537757
0.9,0.42,0.536846
0.9,0.43,0.537349
0.9,0.44,0.536686
0.9,0.45,0.536842
0.9,0.46,0.537167
0.9,0.47,0.537576
0.9,0.48,0.536781
0.9,0.49,0.538118
0.9,0.5,0.536923
0.9,0.51,0.537934
0.9,0.52,0.537105
0.9,0.53,0.536762
0.9,0.54,0.537314
0.9,0.55,0.537277
0.9,0.56,0.536087
0.9,0.57,0.53721
0.9,0.58,0.537741
0.9,0.59,0.536576
0.9,0.6,0.536845
0.9,0.61,0.536136
0.9,0.62,0.536016
0.9,0.63,0.536324
0.9,0.64,0.535366
0.9,0.65,0.535909
0.9,0.66,0.535241
0.9,0.67,0.53558
0.9,0.68,0.533986
0.9,0.69,0.535175
0.9,0.7,0.534745
0.9,0.71,0.534478
0.9,0.72,0.533397
0.9,0.73,0.532053
0.9,0.74,0.533574
0.9,0.75,0.533277
0.9,0.76,0.532474
0.9,0.77,0.533006
0.9,0.78,0.531273
0.9,0.79,0.531066
0.9,0.8,0.531175
0.9,0.81,0.529926
0.9,0.82,0.529989
0.9,0.83,0.529821
0.9,0.84,0.528531
0.9,0.85,0.529111
0.9,0.86,0.528535
0.9,0.87,0.527471
0.9,0.88,0.526358
0.9,0.89,0.525303
0.9,0.9,0.525738
0.9,0.91,0.524491
0.9,0.92,0.523425
0.9,0.93,0.523612
0.9,0.94,0.522859
0.9,0.95,0.521637
0.9,0.96,0.520631
0.9,0.97,0.518621
0.9,0.98,0.518434
0.9,0.99,0.516904
0.91,0,0.515283
0.91,0.01,0.51633
0.91,0.02,0.517015
0.91,0.03,0.518456
0.91,0.04,0.519871
0.91,0.05,0.520365
0.91,0.06,0.521564
0.91,0.07,0.522863
0.91,0.08,0.522596
0.91,0.09,0.523557
0.91,0.1,0.524397
0.91,0.11,0.525259
0.91,0.12,0.525659
0.91,0.13,0.526356
0.91,0.14,0.528008
0.91,0.15,0.528297
0.91,0.16,0.528652
0.91,0.17,0.529396
0.91,0.18,0.530042
0.91,0.19,0.529819
0.91,0.2,0.531096
0.91,0.21,0.53219
0.91,0.22,0.532195
0.91,0.23,0.532426
0.91,0.24,0.532564
0.91,0.25,0.533494
0.91,0.26,0.532571
0.91,0.27,0.532779
0.91,0.28,0.534265
0.91,0.29,0.535702
0.91,0.3,0.534913
0.91,0.31,0.534789
0.91,0.32,0.534348
0.91,0.33,0.534106
0.91,0.34,0.535492
0.91,0.35,0.535605
0.91,0.36,0.535907
0.91,0.37,0.537046
0.91,0.38,0.536781
0.91,0.39,0.537518
0.91,0.4,0.537283
0.91,0.41,0.537131
0.91,0.42,0.538338
0.91,0.43,0.538267
0.91,0.44,0.536889
0.91,0.45,0.538469
0.91,0.46,0.537738
0.91,0.47,0.538351
0.91,0.48,0.53795
0.91,0.49,0.537878
0.91,0.5,0.538196
0.91,0.51,0.538145
0.91,0.52,0.53842
0.91,0.53,0.538694
0.91,0.54,0.53703
0.91,0.55,0.537587
0.91,0.56,0.537574
0.91,0.57,0.537389
0.91,0.58,0.537676
0.91,0.59,0.537424
0.91,0.6,0.537808
0.91,0.61,0.537209
0.91,0.62,0.537156
0.91,0.63,0.536815
0.91,0.64,0.536545
0.91,0.65,0.536146
0.91,0.66,0.534822
0.91,0.67,0.536824
0.91,0.68,0.535522
0.91,0.69,0.534874
0.91,0.7,0.53514
0.91,0.71,0.535167
0.91,0.72,0.533504
0.91,0.73,0.533986
0.91,0.74,0.533826
0.91,0.75,0.533134
0.91,0.76,0.533494
0.91,0.77,0.532614
0.91,0.78,0.532808
0.91,0.79,0.531669
0.91,0.8,0.530761
0.91,0.81,0.529979
0.91,0.82,0.52977
0.91,0.83,0.529248
0.91,0.84,0.529894
0.91,0.85,0.527862
0.91,0.86,0.527278
0.91,0.87,0.527087
0.91,0.88,0.526123
0.91,0.89,0.525859
0.91,0.9,0.525017
0.91,0.91,0.524908
0.91,0.92,0.523287
0.91,0.93,0.522169
0.91,0.94,0.521949
0.91,0.95,0.519228
0.91,0.96,0.520019
0.91,0.97,0.518658
0.91,0.98,0.516855
0.91,0.99,0.516282
0.92,0,0.513776
0.92,0.01,0.514096
0.92,0.02,0.515001
0.92,0.03,0.516581
0.92,0.04,0.517883
0.92,0.05,0.52006
0.92,0.06,0.52014
0.92,0.07,0.521597
0.92,0.08,0.522167
0.92,0.09,0.523457
0.92,0.1,0.523455
0.92,0.11,0.524695
0.92,0.12,0.525713
0.92,0.13,0.525916
0.92,0.14,0.527845
0.92,0.15,0.526992
0.92,0.16,0.527844
0.92,0.17,0.528001
0.92,0.18,0.529561
0.92,0.19,0.530812
0.92,0.2,0.531256
0.92,0.21,0.531624
0.92,0.22,0.53242
0.92,0.23,0.531619
0.92,0.24,0.532709
0.92,0.25,0.532982
0.92,0.26,0.534108
0.92,0.27,0.533188
0.92,0.28,0.534024
0.92,0.29,0.53542
0.92,0.3,0.535469
0.92,0.31,0.535282
0.92,0.32,0.535385
0.92,0.33,0.535649
0.92,0.34,0.53655
0.92,0.35,0.536726
0.92,0.36,0.537771
0.92,0.37,0.537036
0.92,0.38,0.536422
0.92,0.39,0.536341
0.92,0.4,0.538131
0.92,0.41,0.537756
0.92,0.42,0.538117
0.92,0.43,0.53799
0.92,0.44,0.53864
0.92,0.45,0.538875
0.92,0.46,0.538273
0.92,0.47,0.538415
0.92,0.48,0.539224
0.92,0.49,0.539508
0.92,0.5,0.53948
0.92,0.51,0.538449
0.92,0.52,0.539393
0.92,0.53,0.5396
0.92,0.54,0.538586
0.92,0.55,0.538765
0.92,0.56,0.53828
0.92,0.57,0.538094
0.92,0.58,0.538296
0.92,0.59,0.537903
0.92,0.6,0.537897
0.92,0.61,0.538233
0.92,0.62,0.538995
0.92,0.63,0.537059
0.92,0.64,0.537482
0.92,0.65,0.536841
0.92,0.66,0.53623
0.92,0.67,0.536794
0.92,0.68,0.536064
0.92,0.69,0.536453
0.92,0.7,0.535185
0.92,0.71,0.535646
0.92,0.72,0.534812
0.92,0.73,0.534387
0.92,0.74,0.533708
0.92,0.75,0.532932
0.92,0.76,0.53247
0.92,0.77,0.532028
0.92,0.78,0.5311
0.92,0.79,0.531792
0.92,0.8,0.530307
0.92,0.81,0.529565
0.92,0.82,0.529708
0.92,0.83,0.528658
0.92,0.84,0.528048
0.92,0.85,0.527212
0.92,0.86,0.527772
0.92,0.87,0.526219
0.92,0.88,0.525606
0.92,0.89,0.524385
0.92,0.9,0.524471
0.92,0.91,0.523885
0.92,0.92,0.521918
0.92,0.93,0.520663
0.92,0.94,0.520942
0.92,0.95,0.519572
0.92,0.96,0.519027
0.92,0.97,0.517127
0.92,0.98,0.51527
0.92,0.99,0.51409
0.93,0,0.51162
0.93,0.01,0.513175
0.93,0.02,0.514134
0.93,0.03,0.515509
0.93,0.04,0.517487
0.93,0.05,0.518057
0.93,0.06,0.518904
0.93,0.07,0.521229
0.93,0.08,0.521174
0.93,0.09,0.521734
0.93,0.1,0.522373
0.93,0.11,0.5246
0.93,0.12,0.525698
0.93,0.13,0.525687
0.93,0.14,0.525791
0.93,0.15,0.527376
0.93,0.16,0.527671
0.93,0.17,0.528222
0.93,0.18,0.529634
0.93,0.19,0.529888
0.93,0.2,0.530903
0.93,0.21,0.531351
0.93,0.22,0.531926
0.93,0.23,0.53167
0.93,0.24,0.533165
0.93,0.25,0.533427
0.93,0.26,0.533464
0.93,0.27,0.534731
0.93,0.28,0.533847
0.93,0.29,0.536185
0.93,0.3,0.535584
0.93,0.31,0.535382
0.93,0.32,0.536215
0.93,0.33,0.536156
0.93,0.34,0.536294
0.93,0.35,0.537505
0.93,0.36,0.537374
0.93,0.37,0.5381
0.93,0.38,0.537639
0.93,0.39,0.538285
0.93,0.4,0.538501
0.93,0.41,0.538746
0.93,0.42,0.538908
0.93,0.43,0.53913
0.93,0.44,0.538811
0.93,0.45,0.539417
0.93,0.46,0.539975
0.93,0.47,0.539108
0.93,0.48,0.540719
0.93,0.49,0.538978
0.93,0.5,0.53947
0.93,0.51,0.540289
0.93,0.52,0.539227
0.93,0.53,0.539956
0.93,0.54,0.540403
0.93,0.55,0.539423
0.93,0.56,0.5394
0.93,0.57,0.539272
0.93,0.58,0.538932
0.93,0.59,0.539475
0.93,0.6,0.537909
0.93,0.61,0.538033
0.93,0.62,0.538597
0.93,0.63,0.537959
0.93,0.64,0.538647
0.93,0.65,0.536349
0.93,0.66,0.536847
0.93,0.67,0.537404
0.93,0.68,0.536082
0.93,0.69,0.536277
0.93,0.7,0.535123
0.93,0.71,0.534347
0.93,0.72,0.53531
0.93,0.73,0.534405
0.93,0.74,0.533159
0.93,0.75,0.532171
0.93,0.76,0.532149
0.93,0.77,0.532832
0.93,0.78,0.532173
0.93,0.79,0.531052
0.93,0.8,0.531157
0.93,0.81,0.530513
0.93,0.82,0.527964
0.93,0.83,0.529215
0.93,0.84,0.5285
0.93,0.85,0.52723
0.93,0.86,0.526823
0.93,0.87,0.52619
0.93,0.88,0.525856
0.93,0.89,0.52372
0.93,0.9,0.523338
0.93,0.91,0.522655
0.93,0.92,0.520907
0.93,0.93,0.5204
0.93,0.94,0.51891
0.93,0.95,0.518909
0.93,0.96,0.517492
0.93,0.97,0.51683
0.93,0.98,0.515467
0.93,0.99,0.513759
0.94,0,0.510419
0.94,0.01,0.512666
0.94,0.02,0.512597
0.94,0.03,0.515121
0.94,0.04,0.514922
0.94,0.05,0.517232
0.94,0.06,0.518378
0.94,0.07,0.519355
0.94,0.08,0.520539
0.94,0.09,0.521404
0.94,0.1,0.522877
0.94,0.11,0.524117
0.94,0.12,0.523818
0.94,0.13,0.524939
0.94,0.14,0.525483
0.94,0.15,0.525972
0.94,0.16,0.526806
0.94,0.17,0.526887
0.94,0.18,0.529552
0.94,0.19,0.529917
0.94,0.2,0.530541
0.94,0.21,0.530504
0.94,0.22,0.532175
0.94,0.23,0.532203
0.94,0.24,0.532965
0.94,0.25,0.533058
0.94,0.26,0.533856
0.94,0.27,0.535346
0.94,0.28,0.535539
0.94,0.29,0.535217
0.94,0.3,0.536052
0.94,0.31,0.53587
0.94,0.32,0.536082
0.94,0.33,0.537619
0.94,0.34,0.537881
0.94,0.35,0.53683
0.94,0.36,0.538248
0.94,0.37,0.539043
0.94,0.38,0.539097
0.94,0.39,0.539154
0.94,0.4,0.538398
0.94,0.41,0.539598
0.94,0.42,0.539574
0.94,0.43,0.539957
0.94,0.44,0.539394
0.94,0.45,0.539721
0.94,0.46,0.540368
0.94,0.47,0.540366
0.94,0.48,0.539888
0.94,0.49,0.540088
0.94,0.5,0.540222
0.94,0.51,0.540302
0.94,0.52,0.540005
0.94,0.53,0.541127
0.94,0.54,0.54049
0.94,0.55,0.539261
0.94,0.56,0.540275
0.94,0.57,0.539329
0.94,0.58,0.539731
0.94,0.59,0.539537
0.94,0.6,0.539266
0.94,0.61,0.538517
0.94,0.62,0.538509
0.94,0.63,0.538148
0.94,0.64,0.537807
0.94,0.65,0.536521
0.94,0.66,0.536479
0.94,0.67,0.537228
0.94,0.68,0.535981
0.94,0.69,0.536387
0.94,0.7,0.535895
0.94,0.71,0.536446
0.94,0.72,0.534869
0.94,0.73,0.534939
0.94,0.74,0.533955
0.94,0.75,0.532573
0.94,0.76,0.533016
0.94,0.77,0.532632
0.94,0.78,0.532369
0.94,0.79,0.531164
0.94,0.8,0.531038
0.94,0.81,0.529979
0.94,0.82,0.529442
0.94,0.83,0.528745
0.94,0.84,0.527657
0.94,0.85,0.526855
0.94,0.86,0.526768
0.94,0.87,0.524453
0.94,0.88,0.524534
0.94,0.89,0.523061
0.94,0.9,0.522616
0.94,0.91,0.521853
0.94,0.92,0.520419
0.94,0.93,0.519779
0.94,0.94,0.518516
0.94,0.95,0.51634
0.94,0.96,0.515862
0.94,0.97,0.514109
0.94,0.98,0.513475
0.94,0.99,0.512116
0.95,0,0.50875
0.95,0.01,0.510557
0.95,0.02,0.512005
0.95,0.03,0.512568
0.95,0.04,0.515101
0.95,0.05,0.516312
0.95,0.06,0.516587
0.95,0.07,0.518109
0.95,0.08,0.518075
0.95,0.09,0.520477
0.95,0.1,0.521591
0.95,0.11,0.521744
0.95,0.12,0.523436
0.95,0.13,0.524392
0.95,0.14,0.525299
0.95,0.15,0.524995
0.95,0.16,0.526569
0.95,0.17,0.527808
0.95,0.18,0.528113
0.95,0.19,0.528508
0.95,0.2,0.529657
0.95,0.21,0.530744
0.95,0.22,0.531289
0.95,0.23,0.532341
0.95,0.24,0.533083
0.95,0.25,0.532865
0.95,0.26,0.533659
0.95,0.27,0.533928
0.95,0.28,0.534759
0.95,0.29,0.535109
0.95,0.3,0.536166
0.95,0.31,0.536619
0.95,0.32,0.537389
0.95,0.33,0.536711
0.95,0.34,0.537836
0.95,0.35,0.538393
0.95,0.36,0.537946
0.95,0.37,0.539837
0.95,0.38,0.538893
0.95,0.39,0.539093
0.95,0.4,0.53928
0.95,0.41,0.540443
0.95,0.42,0.540734
0.95,0.43,0.540472
0.95,0.44,0.540347
0.95,0.45,0.540268
0.95,0.46,0.541573
0.95,0.47,0.540777
0.95,0.48,0.541296
0.95,0.49,0.540354
0.95,0.5,0.541108
0.95,0.51,0.541325
0.95,0.52,0.54067
0.95,0.53,0.540713
0.95,0.54,0.540408
0.95,0.55,0.54121
0.95,0.56,0.539607
0.95,0.57,0.54028
0.95,0.58,0.539831
0.95,0.59,0.539781
0.95,0.6,0.540104
0.95,0.61,0.539505
0.95,0.62,0.539647
0.95,0.63,0.539137
0.95,0.64,0.538636
0.95,0.65,0.538186
0.95,0.66,0.538468
0.95,0.67,0.537322
0.95,0.68,0.536295
0.95,0.69,0.536832
0.95,0.7,0.535798
0.95,0.71,0.535803
0.95,0.72,0.534941
0.95,0.73,0.534458
0.95,0.74,0.534937
0.95,0.75,0.533869
0.95,0.76,0.5326
0.95,0.77,0.532009
0.95,0.78,0.532113
0.95,0.79,0.530868
0.95,0.8,0.52934
0.95,0.81,0.529312
0.95,0.82,0.528569
0.95,0.83,0.527488
0.95,0.84,0.526846
0.95,0.85,0.52629
0.95,0.86,0.525151
0.95,0.87,0.524562
0.95,0.88,0.523136
0.95,0.89,0.522389
0.95,0.9,0.521845
0.95,0.91,0.521129
0.95,0.92,0.519489
0.95,0.93,0.517816
0.95,0.94,0.518042
0.95,0.95,0.515854
0.95,0.96,0.51406
0.95,0.97,0.512854
0.95,0.98,0.51174
0.95,0.99,0.510058
0.96,0,0.506946
0.96,0.01,0.507943
0.96,0.02,0.511047
0.96,0.03,0.511584
0.96,0.04,0.512206
0.96,0.05,0.514763
0.96,0.06,0.516341
0.96,0.07,0.517269
0.96,0.08,0.518322
0.96,0.09,0.519507
0.96,0.1,0.519508
0.96,0.11,0.521898
0.96,0.12,0.522648
0.96,0.13,0.523739
0.96,0.14,0.524259
0.96,0.15,0.525887
0.96,0.16,0.526226
0.96,0.17,0.527041
0.96,0.18,0.52814
0.96,0.19,0.529281
0.96,0.2,0.530645
0.96,0.21,0.530378
0.96,0.22,0.531775
0.96,0.23,0.532012
0.96,0.24,0.531991
0.96,0.25,0.532914
0.96,0.26,0.533785
0.96,0.27,0.534262
0.96,0.28,0.534725
0.96,0.29,0.534296
0.96,0.3,0.534994
0.96,0.31,0.536599
0.96,0.32,0.537543
0.96,0.33,0.538304
0.96,0.34,0.53841
0.96,0.35,0.538016
0.96,0.36,0.539656
0.96,0.37,0.538762
0.96,0.38,0.539888
0.96,0.39,0.539865
0.96,0.4,0.540393
0.96,0.41,0.539598
0.96,0.42,0.540746
0.96,0.43,0.540771
0.96,0.44,0.540552
0.96,0.45,0.541221
0.96,0.46,0.542288
0.96,0.47,0.542299
0.96,0.48,0.541323
0.96,0.49,0.540666
0.96,0.5,0.541831
0.96,0.51,0.541204
0.96,0.52,0.540947
0.96,0.53,0.541196
0.96,0.54,0.54161
0.96,0.55,0.54137
0.96,0.56,0.54158
0.96,0.57,0.541961
0.96,0.58,0.54086
0.96,0.59,0.540562
0.96,0.6,0.539371
0.96,0.61,0.539249
0.96,0.62,0.539612
0.96,0.63,0.538558
0.96,0.64,0.538188
0.96,0.65,0.538255
0.96,0.66,0.537864
0.96,0.67,0.537816
0.96,0.68,0.536842
0.96,0.69,0.53748
0.96,0.7,0.535185
0.96,0.71,0.535708
0.96,0.72,0.535549
0.96,0.73,0.534634
0.96,0.74,0.533635
0.96,0.75,0.533631
0.96,0.76,0.532441
0.96,0.77,0.532671
0.96,0.78,0.531022
0.96,0.79,0.530533
0.96,0.8,0.529302
0.96,0.81,0.528529
0.96,0.82,0.52809
0.96,0.83,0.527638
0.96,0.84,0.526474
0.96,0.85,0.525284
0.96,0.86,0.524461
0.96,0.87,0.523673
0.96,0.88,0.522896
0.96,0.89,0.521884
0.96,0.9,0.521193
0.96,0.91,0.51955
0.96,0.92,0.518412
0.96,0.93,0.517222
0.96,0.94,0.516133
0.96,0.95,0.514619
0.96,0.96,0.51363
0.96,0.97,0.510844
0.96,0.98,0.509996
0.96,0.99,0.509223
0.97,0,0.504436
0.97,0.01,0.507698
0.97,0.02,0.508826
0.97,0.03,0.51033
0.97,0.04,0.511976
0.97,0.05,0.513288
0.97,0.06,0.514347
0.97,0.07,0.516228
0.97,0.08,0.517191
0.97,0.09,0.517111
0.97,0.1,0.519369
0.97,0.11,0.520457
0.97,0.12,0.521603
0.97,0.13,0.522058
0.97,0.14,0.523666
0.97,0.15,0.524912
0.97,0.16,0.525707
0.97,0.17,0.527571
0.97,0.18,0.528244
0.97,0.19,0.528613
0.97,0.2,0.529521
0.97,0.21,0.530613
0.97,0.22,0.530884
0.97,0.23,0.532457
0.97,0.24,0.532228
0.97,0.25,0.532671
0.97,0.26,0.533407
0.97,0.27,0.534138
0.97,0.28,0.534017
0.97,0.29,0.536236
0.97,0.3,0.53673
0.97,0.31,0.536422
0.97,0.32,0.536705
0.97,0.33,0.536926
0.97,0.34,0.537953
0.97,0.35,0.538868
0.97,0.36,0.538297
0.97,0.37,0.538873
0.97,0.38,0.540381
0.97,0.39,0.540432
0.97,0.4,0.540088
0.97,0.41,0.540781
0.97,0.42,0.54061
0.97,0.43,0.54076
0.97,0.44,0.542339
0.97,0.45,0.542121
0.97,0.46,0.541721
0.97,0.47,0.541744
0.97,0.48,0.541075
0.97,0.49,0.541845
0.97,0.5,0.541775
0.97,0.51,0.542548
0.97,0.52,0.542393
0.97,0.53,0.541138
0.97,0.54,0.541194
0.97,0.55,0.541085
0.97,0.56,0.541331
0.97,0.57,0.541357
0.97,0.58,0.541497
0.97,0.59,0.540473
0.97,0.6,0.540948
0.97,0.61,0.540168
0.97,0.62,0.540196
0.97,0.63,0.539269
0.97,0.64,0.538244
0.97,0.65,0.538288
0.97,0.66,0.538188
0.97,0.67,0.537403
0.97,0.68,0.536982
0.97,0.69,0.536138
0.97,0.7,0.53627
0.97,0.71,0.535114
0.97,0.72,0.535315
0.97,0.73,0.535033
0.97,0.74,0.534319
0.97,0.75,0.533191
0.97,0.76,0.532335
0.97,0.77,0.532333
0.97,0.78,0.530728
0.97,0.79,0.529195
0.97,0.8,0.529133
0.97,0.81,0.529053
0.97,0.82,0.528437
0.97,0.83,0.526733
0.97,0.84,0.525814
0.97,0.85,0.525457
0.97,0.86,0.523641
0.97,0.87,0.522611
0.97,0.88,0.521018
0.97,0.89,0.521132
0.97,0.9,0.520012
0.97,0.91,0.517793
0.97,0.92,0.516593
0.97,0.93,0.515542
0.97,0.94,0.514897
0.97,0.95,0.512836
0.97,0.96,0.512392
0.97,0.97,0.509709
0.97,0.98,0.508227
0.97,0.99,0.506827
0.98,0,0.502682
0.98,0.01,0.504978
0.98,0.02,0.506658
0.98,0.03,0.508635
0.98,0.04,0.51077
0.98,0.05,0.512052
0.98,0.06,0.511973
0.98,0.07,0.514661
0.98,0.08,0.515893
0.98,0.09,0.517123
0.98,0.1,0.519184
0.98,0.11,0.520261
0.98,0.12,0.520329
0.98,0.13,0.521903
0.98,0.14,0.523068
0.98,0.15,0.524249
0.98,0.16,0.525226
0.98,0.17,0.527205
0.98,0.18,0.526886
0.98,0.19,0.528509
0.98,0.2,0.528185
0.98,0.21,0.530506
0.98,0.22,0.531261
0.98,0.23,0.531738
0.98,0.24,0.531636
0.98,0.25,0.533056
0.98,0.26,0.532984
0.98,0.27,0.53456
0.98,0.28,0.535258
0.98,0.29,0.53602
0.98,0.3,0.536244
0.98,0.31,0.537238
0.98,0.32,0.538481
0.98,0.33,0.538398
0.98,0.34,0.538532
0.98,0.35,0.53877
0.98,0.36,0.539315
0.98,0.37,0.539766
0.98,0.38,0.539362
0.98,0.39,0.540468
0.98,0.4,0.540989
0.98,0.41,0.541663
0.98,0.42,0.541296
0.98,0.43,0.542072
0.98,0.44,0.541698
0.98,0.45,0.540555
0.98,0.46,0.541924
0.98,0.47,0.542602
0.98,0.48,0.541611
0.98,0.49,0.541572
0.98,0.5,0.541855
0.98,0.51,0.541907
0.98,0.52,0.5418
0.98,0.53,0.541229
0.98,0.54,0.541542
0.98,0.55,0.542517
0.98,0.56,0.541178
0.98,0.57,0.541875
0.98,0.58,0.541875
0.98,0.59,0.540437
0.98,0.6,0.541555
0.98,0.61,0.540977
0.98,0.62,0.539743
0.98,0.63,0.54076
0.98,0.64,0.539472
0.98,0.65,0.539005
0.98,0.66,0.538994
0.98,0.67,0.5384
0.98,0.68,0.537006
0.98,0.69,0.537403
0.98,0.7,0.536471
0.98,0.71,0.536582
0.98,0.72,0.534941
0.98,0.73,0.534065
0.98,0.74,0.532908
0.98,0.75,0.533125
0.98,0.76,0.531081
0.98,0.77,0.531623
0.98,0.78,0.530374
0.98,0.79,0.529906
0.98,0.8,0.529073
0.98,0.81,0.527998
0.98,0.82,0.526746
0.98,0.83,0.526195
0.98,0.84,0.525631
0.98,0.85,0.523465
0.98,0.86,0.522377
0.98,0.87,0.522305
0.98,0.88,0.520002
0.98,0.89,0.520189
0.98,0.9,0.518774
0.98,0.91,0.517304
0.98,0.92,0.515419
0.98,0.93,0.513873
0.98,0.94,0.512824
0.98,0.95,0.511569
0.98,0.96,0.509983
0.98,0.97,0.508293
0.98,0.98,0.506942
0.98,0.99,0.504992
0.99,0,0.500927
0.99,0.01,0.504333
0.99,0.02,0.505273
0.99,0.03,0.506446
0.99,0.04,0.507714
0.99,0.05,0.510452
0.99,0.06,0.511864
0.99,0.07,0.513957
0.99,0.08,0.515127
0.99,0.09,0.516276
0.99,0.1,0.516927
0.99,0.11,0.51913
0.99,0.12,0.520448
0.99,0.13,0.520217
0.99,0.14,0.522003
0.99,0.15,0.523665
0.99,0.16,0.524609
0.99,0.17,0.525765
0.99,0.18,0.527476
0.99,0.19,0.526673
0.99,0.2,0.527764
0.99,0.21,0.530187
0.99,0.22,0.530647
0.99,0.23,0.530576
0.99,0.24,0.531974
0.99,0.25,0.532219
0.99,0.26,0.534062
0.99,0.27,0.534648
0.99,0.28,0.535303
0.99,0.29,0.534661
0.99,0.3,0.536363
0.99,0.31,0.537532
0.99,0.32,0.537652
0.99,0.33,0.537279
0.99,0.34,0.538379
0.99,0.35,0.539535
0.99,0.36,0.540757
0.99,0.37,0.539145
0.99,0.38,0.54016
0.99,0.39,0.540296
0.99,0.4,0.540818
0.99,0.41,0.541006
0.99,0.42,0.541628
0.99,0.43,0.541222
0.99,0.44,0.54172
0.99,0.45,0.542219
0.99,0.46,0.542396
0.99,0.47,0.541845
0.99,0.48,0.542363
0.99,0.49,0.542768
0.99,0.5,0.542765
0.99,0.51,0.54207
0.99,0.52,0.541791
0.99,0.53,0.542754
0.99,0.54,0.542753
0.99,0.55,0.54216
0.99,0.56,0.542389
0.99,0.57,0.542047
0.99,0.58,0.541196
0.99,0.59,0.541275
0.99,0.6,0.540699
0.99,0.61,0.540334
0.99,0.62,0.541171
0.99,0.63,0.540644
0.99,0.64,0.539516
0.99,0.65,0.538557
0.99,0.66,0.539553
0.99,0.67,0.538259
0.99,0.68,0.537546
0.99,0.69,0.537911
0.99,0.7,0.536355
0.99,0.71,0.535113
0.99,0.72,0.534252
0.99,0.73,0.534941
0.99,0.74,0.53342
0.99,0.75,0.533033
0.99,0.76,0.532117
0.99,0.77,0.531337
0.99,0.78,0.531129
0.99,0.79,0.530871
0.99,0.8,0.528174
0.99,0.81,0.527199
0.99,0.82,0.526772
0.99,0.83,0.524858
0.99,0.84,0.524267
0.99,0.85,0.524396
0.99,0.86,0.523163
0.99,0.87,0.521402
0.99,0.88,0.519695
0.99,0.89,0.51956
0.99,0.9,0.51781
0.99,0.91,0.51565
0.99,0.92,0.51424
0.99,0.93,0.513476
0.99,0.94,0.512219
0.99,0.95,0.509668
0.99,0.96,0.508853
0.99,0.97,0.507505
0.99,0.98,0.505059
0.99,0.99,0.503458
