r,theta,mass
0,0,0.383888
0,0.01,0.38548
0,0.02,0.387638
0,0.03,0.386273
0,0.04,0.38221
0,0.05,0.386132
0,0.06,0.38203
0,0.07,0.382076
0,0.08,0.382659
0,0.09,0.384839
0,0.1,0.379966
0,0.11,0.386422
0,0.12,0.381678
0,0.13,0.380601
0,0.14,0.385338
0,0.15,0.386144
0,0.16,0.384228
0,0.17,0.381779
0,0.18,0.381813
0,0.19,0.381883
0,0.2,0.383686
0,0.21,0.382433
0,0.22,0.38387
0,0.23,0.383519
0,0.24,0.383536
0,0.25,0.384046
0,0.26,0.384934
0,0.27,0.384052
0,0.28,0.384607
0,0.29,0.387436
0,0.3,0.382341
0,0.31,0.380322
0,0.32,0.386903
0,0.33,0.384775
0,0.34,0.384595
0,0.35,0.38399
0,0.36,0.384487
0,0.37,0.383916
0,0.38,0.38376
0,0.39,0.380788
0,0.4,0.380393
0,0.41,0.382122
0,0.42,0.381457
0,0.43,0.387068
0,0.44,0.382921
0,0.45,0.383405
0,0.46,0.382821
0,0.47,0.385198
0,0.48,0.386999
0,0.49,0.382578
0,0.5,0.384907
0,0.51,0.386416
0,0.52,0.381928
0,0.53,0.385454
0,0.54,0.385234
0,0.55,0.38316
0,0.56,0.382479
0,0.57,0.384955
0,0.58,0.384289
0,0.59,0.385487
0,0.6,0.383911
0,0.61,0.380405
0,0.62,0.384125
0,0.63,0.383452
0,0.64,0.381731
0,0.65,0.383912
0,0.66,0.38185
0,0.67,0.383098
0,0.68,0.385861
0,0.69,0.386002
0,0.7,0.385077
0,0.71,0.386625
0,0.72,0.38365
0,0.73,0.386452
0,0.74,0.383087
0,0.75,0.385663
0,0.76,0.383751
0,0.77,0.38279
0,0.78,0.383698
0.01,0,0.388736
0.01,0.01,0.391158
0.01,0.02,0.388496
0.01,0.03,0.390683
0.01,0.04,0.390536
0.01,0.05,0.388151
0.01,0.06,0.393098
0.01,0.07,0.387094
0.01,0.08,0.392366
0.01,0.09,0.38832
0.01,0.1,0.389354
0.01,0.11,0.388717
0.01,0.12,0.391233
0.01,0.13,0.386718
0.01,0.14,0.393045
0.01,0.15,0.390385
0.01,0.16,0.390975
0.01,0.17,0.38763
0.01,0.18,0.389525
0.01,0.19,0.390564
0.01,0.2,0.390145
0.01,0.21,0.388165
0.01,0.22,0.387925
0.01,0.23,0.387649
0.01,0.24,0.387745
0.01,0.25,0.390124
0.01,0.26,0.385132
0.01,0.27,0.388646
0.01,0.28,0.38866
0.01,0.29,0.391503
0.01,0.3,0.38767
0.01,0.31,0.392364
0.01,0.32,0.392241
0.01,0.33,0.390934
0.01,0.34,0.392307
0.01,0.35,0.386342
0.01,0.36,0.38943
0.01,0.37,0.391689
0.01,0.38,0.393527
0.01,0.39,0.390144
0.01,0.4,0.3873
0.01,0.41,0.387062
0.01,0.42,0.390409
0.01,0.43,0.38948
0.01,0.44,0.38685
0.01,0.45,0.388857
0.01,0.46,0.389965
0.01,0.47,0.392328
0.01,0.48,0.390765
0.01,0.49,0.389055
0.01,0.5,0.388861
0.01,0.51,0.388288
0.01,0.52,0.389445
0.01,0.53,0.390118
0.01,0.54,0.392353
0.01,0.55,0.390902
0.01,0.56,0.391465
0.01,0.57,0.38783
0.01,0.58,0.386675
0.01,0.59,0.39104
0.01,0.6,0.38892
0.01,0.61,0.392263
0.01,0.62,0.391957
0.01,0.63,0.389751
0.01,0.64,0.38945
0.01,0.65,0.390693
0.01,0.66,0.388122
0.01,0.67,0.389293
0.01,0.68,0.3915
0.01,0.69,0.388501
0.01,0.7,0.388093
0.01,0.71,0.393167
0.01,0.72,0.389298
0.01,0.73,0.39066
0.01,0.74,0.392079
0.01,0.75,0.387704
0.01,0.76,0.388811
0.01,0.77,0.38943
0.01,0.78,0.388428
0.02,0,0.394083
0.02,0.01,0.394005
0.02,0.02,0.394052
0.02,0.03,0.394157
0.02,0.04,0.396291
0.02,0.05,0.394452
0.02,0.06,0.396932
0.02,0.07,0.393039
0.02,0.08,0.394941
0.02,0.09,0.394525
0.02,0.1,0.39463
0.02,0.11,0.393044
0.02,0.12,0.395007
0.02,0.13,0.399292
0.02,0.14,0.39495
0.02,0.15,0.398563
0.02,0.16,0.394159
0.02,0.17,0.390628
0.02,0.18,0.397483
0.02,0.19,0.394612
0.02,0.2,0.392903
0.02,0.21,0.394149
0.02,0.22,0.397628
0.02,0.23,0.396998
0.02,0.24,0.396681
0.02,0.25,0.395255
0.02,0.26,0.394275
0.02,0.27,0.396857
0.02,0.28,0.393499
0.02,0.29,0.394028
0.02,0.3,0.392612
0.02,0.31,0.393705
0.02,0.32,0.393897
0.02,0.33,0.400753
0.02,0.34,0.396637
0.02,0.35,0.394598
0.02,0.36,0.393321
0.02,0.37,0.395597
0.02,0.38,0.397867
0.02,0.39,0.395198
0.02,0.4,0.397797
0.02,0.41,0.395514
0.02,0.42,0.396273
0.02,0.43,0.393948
0.02,0.44,0.394334
0.02,0.45,0.394513
0.02,0.46,0.397662
0.02,0.47,0.396023
0.02,0.48,0.396063
0.02,0.49,0.396506
0.02,0.5,0.393263
0.02,0.51,0.3934
0.02,0.52,0.397815
0.02,0.53,0.394986
0.02,0.54,0.395515
0.02,0.55,0.394289
0.02,0.56,0.391797
0.02,0.57,0.396968
0.02,0.58,0.39565
0.02,0.59,0.394894
0.02,0.6,0.393544
0.02,0.61,0.395941
0.02,0.62,0.398269
0.02,0.63,0.395174
0.02,0.64,0.389567
0.02,0.65,0.398414
0.02,0.66,0.39363
0.02,0.67,0.392101
0.02,0.68,0.395963
0.02,0.69,0.394695
0.02,0.7,0.390604
0.02,0.71,0.394306
0.02,0.72,0.394911
0.02,0.73,0.394335
0.02,0.74,0.392454
0.02,0.75,0.397257
0.02,0.76,0.391607
0.02,0.77,0.395473
0.02,0.78,0.391975
0.03,0,0.40068
0.03,0.01,0.402298
0.03,0.02,0.399476
0.03,0.03,0.40175
0.03,0.04,0.399963
0.03,0.05,0.401414
0.03,0.06,0.404044
0.03,0.07,0.398561
0.03,0.08,0.400788
0.03,0.09,0.401585
0.03,0.1,0.402961
0.03,0.11,0.399747
0.03,0.12,0.402388
0.03,0.13,0.4016
0.03,0.14,0.39871
0.03,0.15,0.398681
0.03,0.16,0.400632
0.03,0.17,0.399241
0.03,0.18,0.400661
0.03,0.19,0.400232
0.03,0.2,0.396799
0.03,0.21,0.402235
0.03,0.22,0.405188
0.03,0.23,0.400024
0.03,0.24,0.399839
0.03,0.25,0.402375
0.03,0.26,0.400453
0.03,0.27,0.398416
0.03,0.28,0.402609
0.03,0.29,0.399632
0.03,0.3,0.400424
0.03,0.31,0.399992
0.03,0.32,0.400571
0.03,0.33,0.400246
0.03,0.34,0.401146
0.03,0.35,0.403666
0.03,0.36,0.40434
0.03,0.37,0.397949
0.03,0.38,0.401915
0.03,0.39,0.401742
0.03,0.4,0.404614
0.03,0.41,0.404689
0.03,0.42,0.405854
0.03,0.43,0.403719
0.03,0.44,0.405808
0.03,0.45,0.397114
0.03,0.46,0.399428
0.03,0.47,0.401627
0.03,0.48,0.397746
0.03,0.49,0.402025
0.03,0.5,0.40307
0.03,0.51,0.400419
0.03,0.52,0.39879
0.03,0.53,0.401601
0.03,0.54,0.398914
0.03,0.55,0.403615
0.03,0.56,0.398068
0.03,0.57,0.400308
0.03,0.58,0.398442
0.03,0.59,0.402761
0.03,0.6,0.400367
0.03,0.61,0.404104
0.03,0.62,0.400011
0.03,0.63,0.404177
0.03,0.64,0.405028
0.03,0.65,0.399637
0.03,0.66,0.400157
0.03,0.67,0.398642
0.03,0.68,0.399429
0.03,0.69,0.39897
0.03,0.7,0.40003
0.03,0.71,0.401179
0.03,0.72,0.403175
0.03,0.73,0.402906
0.03,0.74,0.399454
0.03,0.75,0.399806
0.03,0.76,0.399497
0.03,0.77,0.400078
0.03,0.78,0.399762
0.04,0,0.403178
0.04,0.01,0.405358
0.04,0.02,0.404761
0.04,0.03,0.403644
0.04,0.04,0.404355
0.04,0.05,0.407693
0.04,0.06,0.40618
0.04,0.07,0.403635
0.04,0.08,0.403168
0.04,0.09,0.406352
0.04,0.1,0.409724
0.04,0.11,0.405792
0.04,0.12,0.410066
0.04,0.13,0.407057
0.04,0.14,0.406359
0.04,0.15,0.406532
0.04,0.16,0.404633
0.04,0.17,0.405467
0.04,0.18,0.406155
0.04,0.19,0.406263
0.04,0.2,0.410548
0.04,0.21,0.408379
0.04,0.22,0.406179
0.04,0.23,0.405169
0.04,0.24,0.407603
0.04,0.25,0.407148
0.04,0.26,0.405938
0.04,0.27,0.407471
0.04,0.28,0.405378
0.04,0.29,0.406248
0.04,0.3,0.407859
0.04,0.31,0.408036
0.04,0.32,0.407699
0.04,0.33,0.404094
0.04,0.34,0.404622
0.04,0.35,0.408928
0.04,0.36,0.403096
0.04,0.37,0.407039
0.04,0.38,0.408012
0.04,0.39,0.408282
0.04,0.4,0.406298
0.04,0.41,0.407145
0.04,0.42,0.407565
0.04,0.43,0.404277
0.04,0.44,0.408679
0.04,0.45,0.406042
0.04,0.46,0.405587
0.04,0.47,0.403554
0.04,0.48,0.405739
0.04,0.49,0.40548
0.04,0.5,0.40659
0.04,0.51,0.405768
0.04,0.52,0.405688
0.04,0.53,0.402217
0.04,0.54,0.406464
0.04,0.55,0.403844
0.04,0.56,0.404027
0.04,0.57,0.402808
0.04,0.58,0.407523
0.04,0.59,0.406429
0.04,0.6,0.405517
0.04,0.61,0.406017
0.04,0.62,0.401784
0.04,0.63,0.406898
0.04,0.64,0.407534
0.04,0.65,0.405325
0.04,0.66,0.406553
0.04,0.67,0.406045
0.04,0.68,0.403113
0.04,0.69,0.402479
0.04,0.7,0.404693
0.04,0.71,0.406846
0.04,0.72,0.407739
0.04,0.73,0.404782
0.04,0.74,0.405195
0.04,0.75,0.406327
0.04,0.76,0.405202
0.04,0.77,0.403077
0.04,0.78,0.40648
0.05,0,0.410632
0.05,0.01,0.408753
0.05,0.02,0.406501
0.05,0.03,0.411734
0.05,0.04,0.41242
0.05,0.05,0.411601
0.05,0.06,0.412476
0.05,0.07,0.409106
0.05,0.08,0.410343
0.05,0.09,0.406887
0.05,0.1,0.411527
0.05,0.11,0.412067
0.05,0.12,0.413956
0.05,0.13,0.411567
0.05,0.14,0.409603
0.05,0.15,0.410918
0.05,0.16,0.410755
0.05,0.17,0.409254
0.05,0.18,0.414627
0.05,0.19,0.410861
0.05,0.2,0.410425
0.05,0.21,0.409344
0.05,0.22,0.411134
0.05,0.23,0.41063
0.05,0.24,0.409744
0.05,0.25,0.412785
0.05,0.26,0.409378
0.05,0.27,0.412543
0.05,0.28,0.411078
0.05,0.29,0.409777
0.05,0.3,0.41293
0.05,0.31,0.409659
0.05,0.32,0.411782
0.05,0.33,0.413181
0.05,0.34,0.409767
0.05,0.35,0.413128
0.05,0.36,0.410578
0.05,0.37,0.409397
0.05,0.38,0.410571
0.05,0.39,0.409594
0.05,0.4,0.413155
0.05,0.41,0.41295
0.05,0.42,0.413383
0.05,0.43,0.41505
0.05,0.44,0.414542
0.05,0.45,0.412622
0.05,0.46,0.415669
0.05,0.47,0.414917
0.05,0.48,0.412619
0.05,0.49,0.412401
0.05,0.5,0.409872
0.05,0.51,0.412507
0.05,0.52,0.409947
0.05,0.53,0.412607
0.05,0.54,0.408283
0.05,0.55,0.412388
0.05,0.56,0.41476
0.05,0.57,0.414282
0.05,0.58,0.414277
0.05,0.59,0.410437
0.05,0.6,0.413458
0.05,0.61,0.409881
0.05,0.62,0.408873
0.05,0.63,0.411635
0.05,0.64,0.41312
0.05,0.65,0.410472
0.05,0.66,0.412011
0.05,0.67,0.412752
0.05,0.68,0.413945
0.05,0.69,0.408971
0.05,0.7,0.411955
0.05,0.71,0.41191
0.05,0.72,0.408071
0.05,0.73,0.410787
0.05,0.74,0.414613
0.05,0.75,0.415106
0.05,0.76,0.408586
0.05,0.77,0.409008
0.05,0.78,0.406961
0.06,0,0.41576
0.06,0.01,0.416715
0.06,0.02,0.417219
0.06,0.03,0.420332
0.06,0.04,0.417226
0.06,0.05,0.414725
0.06,0.06,0.416949
0.06,0.07,0.412756
0.06,0.08,0.416859
0.06,0.09,0.41675
0.06,0.1,0.415596
0.06,0.11,0.414098
0.06,0.12,0.415524
0.06,0.13,0.418724
0.06,0.14,0.417379
0.06,0.15,0.417085
0.06,0.16,0.420663
0.06,0.17,0.416409
0.06,0.18,0.418517
0.06,0.19,0.414279
0.06,0.2,0.417294
0.06,0.21,0.416389
0.06,0.22,0.415614
0.06,0.23,0.416188
0.06,0.24,0.416944
0.06,0.25,0.418489
0.06,0.26,0.415705
0.06,0.27,0.416585
0.06,0.28,0.417529
0.06,0.29,0.416737
0.06,0.3,0.419757
0.06,0.31,0.417122
0.06,0.32,0.418066
0.06,0.33,0.417765
0.06,0.34,0.415015
0.06,0.35,0.417845
0.06,0.36,0.413056
0.06,0.37,0.415235
0.06,0.38,0.418882
0.06,0.39,0.417114
0.06,0.4,0.414899
0.06,0.41,0.415284
0.06,0.42,0.416069
0.06,0.43,0.41878
0.06,0.44,0.415351
0.06,0.45,0.418128
0.06,0.46,0.417613
0.06,0.47,0.416646
0.06,0.48,0.418655
0.06,0.49,0.419317
0.06,0.5,0.41697
0.06,0.51,0.416606
0.06,0.52,0.418222
0.06,0.53,0.419549
0.06,0.54,0.418448
0.06,0.55,0.417431
0.06,0.56,0.421792
0.06,0.57,0.419095
0.06,0.58,0.415094
0.06,0.59,0.414735
0.06,0.6,0.41716
0.06,0.61,0.418096
0.06,0.62,0.416575
0.06,0.63,0.415656
0.06,0.64,0.416308
0.06,0.65,0.41629
0.06,0.66,0.416309
0.06,0.67,0.415276
0.06,0.68,0.418102
0.06,0.69,0.417188
0.06,0.7,0.412937
0.06,0.71,0.416024
0.06,0.72,0.419968
0.06,0.73,0.418147
0.06,0.74,0.419197
0.06,0.75,0.411704
0.06,0.76,0.419847
0.06,0.77,0.414559
0.06,0.78,0.416642
0.07,0,0.419573
0.07,0.01,0.418518
0.07,0.02,0.421709
0.07,0.03,0.420424
0.07,0.04,0.422728
0.07,0.05,0.421921
0.07,0.06,0.421122
0.07,0.07,0.423986
0.07,0.08,0.422626
0.07,0.09,0.4217
0.07,0.1,0.422952
0.07,0.11,0.420892
0.07,0.12,0.424491
0.07,0.13,0.419797
0.07,0.14,0.419318
0.07,0.15,0.419125
0.07,0.16,0.420283
0.07,0.17,0.419523
0.07,0.18,0.418692
0.07,0.19,0.422208
0.07,0.2,0.419916
0.07,0.21,0.421264
0.07,0.22,0.421511
0.07,0.23,0.42175
0.07,0.24,0.424374
0.07,0.25,0.424423
0.07,0.26,0.421941
0.07,0.27,0.42338
0.07,0.28,0.420854
0.07,0.29,0.424329
0.07,0.3,0.423747
0.07,0.31,0.422016
0.07,0.32,0.421902
0.07,0.33,0.425196
0.07,0.34,0.423204
0.07,0.35,0.422904
0.07,0.36,0.422657
0.07,0.37,0.421621
0.07,0.38,0.423345
0.07,0.39,0.422791
0.07,0.4,0.424761
0.07,0.41,0.423369
0.07,0.42,0.422042
0.07,0.43,0.424716
0.07,0.44,0.422821
0.07,0.45,0.424105
0.07,0.46,0.421344
0.07,0.47,0.422106
0.07,0.48,0.421062
0.07,0.49,0.421318
0.07,0.5,0.421077
0.07,0.51,0.420886
0.07,0.52,0.421429
0.07,0.53,0.422265
0.07,0.54,0.420962
0.07,0.55,0.421062
0.07,0.56,0.419755
0.07,0.57,0.42506
0.07,0.58,0.423281
0.07,0.59,0.420541
0.07,0.6,0.416779
0.07,0.61,0.420661
0.07,0.62,0.423699
0.07,0.63,0.420966
0.07,0.64,0.421639
0.07,0.65,0.422896
0.07,0.66,0.421661
0.07,0.67,0.424456
0.07,0.68,0.426804
0.07,0.69,0.420743
0.07,0.7,0.422059
0.07,0.71,0.423755
0.07,0.72,0.419282
0.07,0.73,0.417233
0.07,0.74,0.419041
0.07,0.75,0.422866
0.07,0.76,0.42061
0.07,0.77,0.420153
0.07,0.78,0.419812
0.08,0,0.424296
0.08,0.01,0.426286
0.08,0.02,0.424921
0.08,0.03,0.423816
0.08,0.04,0.422194
0.08,0.05,0.42317
0.08,0.06,0.427431
0.08,0.07,0.429171
0.08,0.08,0.424647
0.08,0.09,0.430038
0.08,0.1,0.426139
0.08,0.11,0.433024
0.08,0.12,0.423013
0.08,0.13,0.428208
0.08,0.14,0.424379
0.08,0.15,0.423337
0.08,0.16,0.424044
0.08,0.17,0.428078
0.08,0.18,0.426329
0.08,0.19,0.426202
0.08,0.2,0.427422
0.08,0.21,0.429465
0.08,0.22,0.428579
0.08,0.23,0.430171
0.08,0.24,0.425412
0.08,0.25,0.426041
0.08,0.26,0.427286
0.08,0.27,0.429165
0.08,0.28,0.428241
0.08,0.29,0.431118
0.08,0.3,0.428586
0.08,0.31,0.428754
0.08,0.32,0.431299
0.08,0.33,0.425883
0.08,0.34,0.426712
0.08,0.35,0.426398
0.08,0.36,0.426468
0.08,0.37,0.428905
0.08,0.38,0.427153
0.08,0.39,0.427452
0.08,0.4,0.429161
0.08,0.41,0.427431
0.08,0.42,0.426683
0.08,0.43,0.4275
0.08,0.44,0.424416
0.08,0.45,0.426345
0.08,0.46,0.428151
0.08,0.47,0.427538
0.08,0.48,0.427712
0.08,0.49,0.428883
0.08,0.5,0.42639
0.08,0.51,0.429278
0.08,0.52,0.42798
0.08,0.53,0.42616
0.08,0.54,0.42664
0.08,0.55,0.427271
0.08,0.56,0.429027
0.08,0.57,0.427558
0.08,0.58,0.425953
0.08,0.59,0.427748
0.08,0.6,0.427342
0.08,0.61,0.425601
0.08,0.62,0.42565
0.08,0.63,0.427362
0.08,0.64,0.42519
0.08,0.65,0.4258
0.08,0.66,0.422484
0.08,0.67,0.424576
0.08,0.68,0.429422
0.08,0.69,0.430227
0.08,0.7,0.425097
0.08,0.71,0.425962
0.08,0.72,0.425196
0.08,0.73,0.428712
0.08,0.74,0.42727
0.08,0.75,0.426975
0.08,0.76,0.424071
0.08,0.77,0.426075
0.08,0.78,0.424901
0.09,0,0.429015
0.09,0.01,0.428305
0.09,0.02,0.430399
0.09,0.03,0.430013
0.09,0.04,0.430012
0.09,0.05,0.42973
0.09,0.06,0.425856
0.09,0.07,0.429633
0.09,0.08,0.431276
0.09,0.09,0.428652
0.09,0.1,0.429996
0.09,0.11,0.428043
0.09,0.12,0.432487
0.09,0.13,0.428632
0.09,0.14,0.430456
0.09,0.15,0.433626
0.09,0.16,0.428773
0.09,0.17,0.431471
0.09,0.18,0.429521
0.09,0.19,0.431555
0.09,0.2,0.430073
0.09,0.21,0.433001
0.09,0.22,0.431006
0.09,0.23,0.434988
0.09,0.24,0.433502
0.09,0.25,0.43787
0.09,0.26,0.434239
0.09,0.27,0.432863
0.09,0.28,0.429228
0.09,0.29,0.432781
0.09,0.3,0.432765
0.09,0.31,0.436717
0.09,0.32,0.432606
0.09,0.33,0.432453
0.09,0.34,0.431379
0.09,0.35,0.433496
0.09,0.36,0.431666
0.09,0.37,0.432448
0.09,0.38,0.434144
0.09,0.39,0.433764
0.09,0.4,0.434206
0.09,0.41,0.432014
0.09,0.42,0.432749
0.09,0.43,0.432909
0.09,0.44,0.431768
0.09,0.45,0.434548
0.09,0.46,0.435007
0.09,0.47,0.43329
0.09,0.48,0.433945
0.09,0.49,0.431921
0.09,0.5,0.430679
0.09,0.51,0.431385
0.09,0.52,0.431312
0.09,0.53,0.42796
0.09,0.54,0.43592
0.09,0.55,0.431549
0.09,0.56,0.43125
0.09,0.57,0.430953
0.09,0.58,0.434732
0.09,0.59,0.428987
0.09,0.6,0.432548
0.09,0.61,0.432803
0.09,0.62,0.431476
0.09,0.63,0.43188
0.09,0.64,0.431097
0.09,0.65,0.427806
0.09,0.66,0.431777
0.09,0.67,0.428547
0.09,0.68,0.428301
0.09,0.69,0.426491
0.09,0.7,0.430132
0.09,0.71,0.431323
0.09,0.72,0.42761
0.09,0.73,0.4317
0.09,0.74,0.429954
0.09,0.75,0.430358
0.09,0.76,0.429855
0.09,0.77,0.430195
0.09,0.78,0.433269
0.1,0,0.436547
0.1,0.01,0.434558
0.1,0.02,0.432642
0.1,0.03,0.430779
0.1,0.04,0.435447
0.1,0.05,0.437048
0.1,0.06,0.43869
0.1,0.07,0.43962
0.1,0.08,0.433704
0.1,0.09,0.434243
0.1,0.1,0.437251
0.1,0.11,0.434483
0.1,0.12,0.437495
0.1,0.13,0.431858
0.1,0.14,0.435912
0.1,0.15,0.432765
0.1,0.16,0.435206
0.1,0.17,0.434288
0.1,0.18,0.436335
0.1,0.19,0.43675
0.1,0.2,0.436753
0.1,0.21,0.433639
0.1,0.22,0.436209
0.1,0.23,0.435787
0.1,0.24,0.438205
0.1,0.25,0.43774
0.1,0.26,0.437578
0.1,0.27,0.437536
0.1,0.28,0.436535
0.1,0.29,0.435652
0.1,0.3,0.435987
0.1,0.31,0.436709
0.1,0.32,0.436879
0.1,0.33,0.433329
0.1,0.34,0.43833
0.1,0.35,0.435685
0.1,0.36,0.436928
0.1,0.37,0.436954
0.1,0.38,0.438025
0.1,0.39,0.438613
0.1,0.4,0.435366
0.1,0.41,0.436093
0.1,0.42,0.437875
0.1,0.43,0.436938
0.1,0.44,0.436583
0.1,0.45,0.435716
0.1,0.46,0.437489
0.1,0.47,0.431892
0.1,0.48,0.439156
0.1,0.49,0.434402
0.1,0.5,0.436619
0.1,0.51,0.437339
0.1,0.52,0.436939
0.1,0.53,0.437322
0.1,0.54,0.434949
0.1,0.55,0.435447
0.1,0.56,0.438273
0.1,0.57,0.437995
0.1,0.58,0.435295
0.1,0.59,0.437185
0.1,0.6,0.437505
0.1,0.61,0.43529
0.1,0.62,0.433232
0.1,0.63,0.434104
0.1,0.64,0.430441
0.1,0.65,0.435058
0.1,0.66,0.43641
0.1,0.67,0.435435
0.1,0.68,0.434675
0.1,0.69,0.434396
0.1,0.7,0.435132
0.1,0.71,0.437563
0.1,0.72,0.43452
0.1,0.73,0.43309
0.1,0.74,0.435411
0.1,0.75,0.43439
0.1,0.76,0.433685
0.1,0.77,0.437324
0.1,0.78,0.436225
0.11,0,0.438127
0.11,0.01,0.437219
0.11,0.02,0.434337
0.11,0.03,0.438906
0.11,0.04,0.439318
0.11,0.05,0.442977
0.11,0.06,0.438643
0.11,0.07,0.439116
0.11,0.08,0.438207
0.11,0.09,0.437202
0.11,0.1,0.441018
0.11,0.11,0.437865
0.11,0.12,0.438801
0.11,0.13,0.439913
0.11,0.14,0.438907
0.11,0.15,0.441322
0.11,0.16,0.442278
0.11,0.17,0.439409
0.11,0.18,0.442582
0.11,0.19,0.439787
0.11,0.2,0.440671
0.11,0.21,0.440987
0.11,0.22,0.443432
0.11,0.23,0.441094
0.11,0.24,0.441101
0.11,0.25,0.441031
0.11,0.26,0.44433
0.11,0.27,0.440608
0.11,0.28,0.439609
0.11,0.29,0.440068
0.11,0.3,0.44165
0.11,0.31,0.439307
0.11,0.32,0.440843
0.11,0.33,0.44545
0.11,0.34,0.441504
0.11,0.35,0.441035
0.11,0.36,0.445861
0.11,0.37,0.441758
0.11,0.38,0.439754
0.11,0.39,0.443414
0.11,0.4,0.443647
0.11,0.41,0.442303
0.11,0.42,0.440679
0.11,0.43,0.442445
0.11,0.44,0.437389
0.11,0.45,0.440718
0.11,0.46,0.442638
0.11,0.47,0.441679
0.11,0.48,0.440823
0.11,0.49,0.442808
0.11,0.5,0.438693
0.11,0.51,0.440465
0.11,0.52,0.439157
0.11,0.53,0.438589
0.11,0.54,0.44053
0.11,0.55,0.440863
0.11,0.56,0.446117
0.11,0.57,0.440173
0.11,0.58,0.441789
0.11,0.59,0.441426
0.11,0.6,0.442728
0.11,0.61,0.439114
0.11,0.62,0.441549
0.11,0.63,0.442177
0.11,0.64,0.443402
0.11,0.65,0.438053
0.11,0.66,0.438184
0.11,0.67,0.439877
0.11,0.68,0.438826
0.11,0.69,0.437847
0.11,0.7,0.438281
0.11,0.71,0.436296
0.11,0.72,0.436985
0.11,0.73,0.439079
0.11,0.74,0.438516
0.11,0.75,0.439273
0.11,0.76,0.434836
0.11,0.77,0.43845
0.11,0.78,0.440679
0.12,0,0.443444
0.12,0.01,0.441399
0.12,0.02,0.444198
0.12,0.03,0.443358
0.12,0.04,0.44535
0.12,0.05,0.444304
0.12,0.06,0.447166
0.12,0.07,0.442954
0.12,0.08,0.444232
0.12,0.09,0.444114
0.12,0.1,0.442734
0.12,0.11,0.444159
0.12,0.12,0.444023
0.12,0.13,0.445017
0.12,0.14,0.444736
0.12,0.15,0.445604
0.12,0.16,0.44593
0.12,0.17,0.441955
0.12,0.18,0.442907
0.12,0.19,0.446502
0.12,0.2,0.444892
0.12,0.21,0.447615
0.12,0.22,0.443386
0.12,0.23,0.446204
0.12,0.24,0.447356
0.12,0.25,0.446767
0.12,0.26,0.445125
0.12,0.27,0.444242
0.12,0.28,0.447342
0.12,0.29,0.44632
0.12,0.3,0.446166
0.12,0.31,0.447889
0.12,0.32,0.445373
0.12,0.33,0.444349
0.12,0.34,0.445965
0.12,0.35,0.44646
0.12,0.36,0.446334
0.12,0.37,0.443759
0.12,0.38,0.444616
0.12,0.39,0.446597
0.12,0.4,0.444527
0.12,0.41,0.446534
0.12,0.42,0.446331
0.12,0.43,0.445929
0.12,0.44,0.443633
0.12,0.45,0.447218
0.12,0.46,0.447649
0.12,0.47,0.443279
0.12,0.48,0.442949
0.12,0.49,0.444366
0.12,0.5,0.445585
0.12,0.51,0.448066
0.12,0.52,0.445159
0.12,0.53,0.446759
0.12,0.54,0.444897
0.12,0.55,0.443569
0.12,0.56,0.448048
0.12,0.57,0.446815
0.12,0.58,0.443149
0.12,0.59,0.44629
0.12,0.6,0.446106
0.12,0.61,0.444906
0.12,0.62,0.444168
0.12,0.63,0.446895
0.12,0.64,0.442909
0.12,0.65,0.446844
0.12,0.66,0.443406
0.12,0.67,0.443765
0.12,0.68,0.443665
0.12,0.69,0.446346
0.12,0.7,0.446926
0.12,0.71,0.443208
0.12,0.72,0.444033
0.12,0.73,0.443594
0.12,0.74,0.443933
0.12,0.75,0.441823
0.12,0.76,0.442419
0.12,0.77,0.442206
0.12,0.78,0.441765
0.13,0,0.448821
0.13,0.01,0.44623
0.13,0.02,0.448625
0.13,0.03,0.449566
0.13,0.04,0.451099
0.13,0.05,0.448993
0.13,0.06,0.448866
0.13,0.07,0.448385
0.13,0.08,0.446112
0.13,0.09,0.448103
0.13,0.1,0.447913
0.13,0.11,0.448622
0.13,0.12,0.450078
0.13,0.13,0.448881
0.13,0.14,0.448495
0.13,0.15,0.446334
0.13,0.16,0.449627
0.13,0.17,0.445381
0.13,0.18,0.449204
0.13,0.19,0.446893
0.13,0.2,0.448922
0.13,0.21,0.448444
0.13,0.22,0.449503
0.13,0.23,0.449575
0.13,0.24,0.451225
0.13,0.25,0.446124
0.13,0.26,0.451877
0.13,0.27,0.448563
0.13,0.28,0.450406
0.13,0.29,0.450088
0.13,0.3,0.448008
0.13,0.31,0.450647
0.13,0.32,0.446843
0.13,0.33,0.449781
0.13,0.34,0.450213
0.13,0.35,0.451746
0.13,0.36,0.449704
0.13,0.37,0.449222
0.13,0.38,0.449606
0.13,0.39,0.450941
0.13,0.4,0.449388
0.13,0.41,0.451967
0.13,0.42,0.449058
0.13,0.43,0.44676
0.13,0.44,0.450725
0.13,0.45,0.448965
0.13,0.46,0.454106
0.13,0.47,0.451007
0.13,0.48,0.449424
0.13,0.49,0.448459
0.13,0.5,0.450634
0.13,0.51,0.447997
0.13,0.52,0.451968
0.13,0.53,0.45213
0.13,0.54,0.450224
0.13,0.55,0.449258
0.13,0.56,0.44984
0.13,0.57,0.448452
0.13,0.58,0.446553
0.13,0.59,0.448645
0.13,0.6,0.448089
0.13,0.61,0.446081
0.13,0.62,0.449049
0.13,0.63,0.44871
0.13,0.64,0.448592
0.13,0.65,0.450052
0.13,0.66,0.448923
0.13,0.67,0.449923
0.13,0.68,0.447165
0.13,0.69,0.448725
0.13,0.7,0.447283
0.13,0.71,0.450666
0.13,0.72,0.452036
0.13,0.73,0.447624
0.13,0.74,0.446691
0.13,0.75,0.446625
0.13,0.76,0.449346
0.13,0.77,0.442601
0.13,0.78,0.451267
0.14,0,0.450523
0.14,0.01,0.449855
0.14,0.02,0.45437
0.14,0.03,0.453426
0.14,0.04,0.452043
0.14,0.05,0.453173
0.14,0.06,0.454741
0.14,0.07,0.451979
0.14,0.08,0.455649
0.14,0.09,0.453507
0.14,0.1,0.452147
0.14,0.11,0.453097
0.14,0.12,0.455859
0.14,0.13,0.452539
0.14,0.14,0.451672
0.14,0.15,0.452855
0.14,0.16,0.452544
0.14,0.17,0.451764
0.14,0.18,0.457384
0.14,0.19,0.455242
0.14,0.2,0.452336
0.14,0.21,0.450274
0.14,0.22,0.454125
0.14,0.23,0.453895
0.14,0.24,0.450748
0.14,0.25,0.453315
0.14,0.26,0.452327
0.14,0.27,0.4568
0.14,0.28,0.456519
0.14,0.29,0.453869
0.14,0.3,0.45265
0.14,0.31,0.451907
0.14,0.32,0.454485
0.14,0.33,0.455414
0.14,0.34,0.452518
0.14,0.35,0.455123
0.14,0.36,0.451112
0.14,0.37,0.451976
0.14,0.38,0.456638
0.14,0.39,0.457652
0.14,0.4,0.453982
0.14,0.41,0.455464
0.14,0.42,0.452787
0.14,0.43,0.453061
0.14,0.44,0.457931
0.14,0.45,0.454864
0.14,0.46,0.453437
0.14,0.47,0.453713
0.14,0.48,0.453511
0.14,0.49,0.451351
0.14,0.5,0.453569
0.14,0.51,0.456688
0.14,0.52,0.455525
0.14,0.53,0.451036
0.14,0.54,0.453877
0.14,0.55,0.455494
0.14,0.56,0.45171
0.14,0.57,0.450847
0.14,0.58,0.452463
0.14,0.59,0.45716
0.14,0.6,0.451329
0.14,0.61,0.454339
0.14,0.62,0.44972
0.14,0.63,0.448194
0.14,0.64,0.453639
0.14,0.65,0.454023
0.14,0.66,0.450973
0.14,0.67,0.454557
0.14,0.68,0.454523
0.14,0.69,0.449633
0.14,0.7,0.454344
0.14,0.71,0.453438
0.14,0.72,0.450786
0.14,0.73,0.451853
0.14,0.74,0.451905
0.14,0.75,0.449275
0.14,0.76,0.451737
0.14,0.77,0.452547
0.14,0.78,0.451282
0.15,0,0.458724
0.15,0.01,0.455817
0.15,0.02,0.456767
0.15,0.03,0.457031
0.15,0.04,0.461357
0.15,0.05,0.455804
0.15,0.06,0.45455
0.15,0.07,0.455582
0.15,0.08,0.460909
0.15,0.09,0.456625
0.15,0.1,0.459504
0.15,0.11,0.456115
0.15,0.12,0.4569
0.15,0.13,0.457887
0.15,0.14,0.456036
0.15,0.15,0.458632
0.15,0.16,0.453612
0.15,0.17,0.457673
0.15,0.18,0.458723
0.15,0.19,0.455678
0.15,0.2,0.461148
0.15,0.21,0.459475
0.15,0.22,0.4587
0.15,0.23,0.458463
0.15,0.24,0.457567
0.15,0.25,0.455642
0.15,0.26,0.456385
0.15,0.27,0.457777
0.15,0.28,0.456089
0.15,0.29,0.457572
0.15,0.3,0.455678
0.15,0.31,0.459637
0.15,0.32,0.457535
0.15,0.33,0.459528
0.15,0.34,0.459119
0.15,0.35,0.458771
0.15,0.36,0.458428
0.15,0.37,0.459875
0.15,0.38,0.456713
0.15,0.39,0.456482
0.15,0.4,0.460216
0.15,0.41,0.460642
0.15,0.42,0.45634
0.15,0.43,0.460249
0.15,0.44,0.453971
0.15,0.45,0.457408
0.15,0.46,0.459347
0.15,0.47,0.457767
0.15,0.48,0.459362
0.15,0.49,0.458206
0.15,0.5,0.455622
0.15,0.51,0.459764
0.15,0.52,0.455945
0.15,0.53,0.457269
0.15,0.54,0.458443
0.15,0.55,0.456195
0.15,0.56,0.45907
0.15,0.57,0.457418
0.15,0.58,0.458191
0.15,0.59,0.460962
0.15,0.6,0.457095
0.15,0.61,0.459531
0.15,0.62,0.459435
0.15,0.63,0.458989
0.15,0.64,0.458831
0.15,0.65,0.455523
0.15,0.66,0.457203
0.15,0.67,0.455026
0.15,0.68,0.456176
0.15,0.69,0.458231
0.15,0.7,0.457768
0.15,0.71,0.456525
0.15,0.72,0.458213
0.15,0.73,0.457482
0.15,0.74,0.45318
0.15,0.75,0.456718
0.15,0.76,0.458531
0.15,0.77,0.456242
0.15,0.78,0.456046
0.16,0,0.460447
0.16,0.01,0.460892
0.16,0.02,0.458921
0.16,0.03,0.46124
0.16,0.04,0.4609
0.16,0.05,0.461067
0.16,0.06,0.46286
0.16,0.07,0.459117
0.16,0.08,0.458565
0.16,0.09,0.462316
0.16,0.1,0.462796
0.16,0.11,0.458219
0.16,0.12,0.460159
0.16,0.13,0.45652
0.16,0.14,0.460123
0.16,0.15,0.4596
0.16,0.16,0.463206
0.16,0.17,0.462239
0.16,0.18,0.459512
0.16,0.19,0.458175
0.16,0.2,0.459826
0.16,0.21,0.462143
0.16,0.22,0.460506
0.16,0.23,0.463949
0.16,0.24,0.46158
0.16,0.25,0.46147
0.16,0.26,0.460061
0.16,0.27,0.462407
0.16,0.28,0.460329
0.16,0.29,0.459079
0.16,0.3,0.465503
0.16,0.31,0.459187
0.16,0.32,0.459697
0.16,0.33,0.465025
0.16,0.34,0.461275
0.16,0.35,0.464307
0.16,0.36,0.464533
0.16,0.37,0.461538
0.16,0.38,0.460805
0.16,0.39,0.46282
0.16,0.4,0.459051
0.16,0.41,0.462392
0.16,0.42,0.462782
0.16,0.43,0.460283
0.16,0.44,0.460393
0.16,0.45,0.463116
0.16,0.46,0.458323
0.16,0.47,0.462109
0.16,0.48,0.458286
0.16,0.49,0.462131
0.16,0.5,0.461413
0.16,0.51,0.462994
0.16,0.52,0.462092
0.16,0.53,0.458535
0.16,0.54,0.464145
0.16,0.55,0.462164
0.16,0.56,0.46562
0.16,0.57,0.465846
0.16,0.58,0.462591
0.16,0.59,0.461667
0.16,0.6,0.4577
0.16,0.61,0.460779
0.16,0.62,0.460152
0.16,0.63,0.463633
0.16,0.64,0.458503
0.16,0.65,0.461691
0.16,0.66,0.459567
0.16,0.67,0.46184
0.16,0.68,0.459356
0.16,0.69,0.462123
0.16,0.7,0.460748
0.16,0.71,0.463444
0.16,0.72,0.460662
0.16,0.73,0.460965
0.16,0.74,0.464351
0.16,0.75,0.460293
0.16,0.76,0.461436
0.16,0.77,0.459339
0.16,0.78,0.458681
0.17,0,0.465638
0.17,0.01,0.469908
0.17,0.02,0.465808
0.17,0.03,0.463206
0.17,0.04,0.460988
0.17,0.05,0.465929
0.17,0.06,0.463475
0.17,0.07,0.462281
0.17,0.08,0.463976
0.17,0.09,0.465985
0.17,0.1,0.466598
0.17,0.11,0.46439
0.17,0.12,0.469249
0.17,0.13,0.463984
0.17,0.14,0.462427
0.17,0.15,0.466473
0.17,0.16,0.464368
0.17,0.17,0.466741
0.17,0.18,0.466408
0.17,0.19,0.466099
0.17,0.2,0.466548
0.17,0.21,0.466976
0.17,0.22,0.463587
0.17,0.23,0.464099
0.17,0.24,0.46473
0.17,0.25,0.465903
0.17,0.26,0.463017
0.17,0.27,0.466166
0.17,0.28,0.468489
0.17,0.29,0.468322
0.17,0.3,0.468409
0.17,0.31,0.462398
0.17,0.32,0.46347
0.17,0.33,0.465636
0.17,0.34,0.463227
0.17,0.35,0.464989
0.17,0.36,0.46098
0.17,0.37,0.465165
0.17,0.38,0.466985
0.17,0.39,0.463791
0.17,0.4,0.465798
0.17,0.41,0.467317
0.17,0.42,0.466317
0.17,0.43,0.464781
0.17,0.44,0.467045
0.17,0.45,0.464511
0.17,0.46,0.466983
0.17,0.47,0.467848
0.17,0.48,0.464828
0.17,0.49,0.466377
0.17,0.5,0.466823
0.17,0.51,0.464061
0.17,0.52,0.464569
0.17,0.53,0.47019
0.17,0.54,0.465299
0.17,0.55,0.467071
0.17,0.56,0.464986
0.17,0.57,0.463511
0.17,0.58,0.464304
0.17,0.59,0.46426
0.17,0.6,0.464593
0.17,0.61,0.467047
0.17,0.62,0.464727
0.17,0.63,0.463732
0.17,0.64,0.461847
0.17,0.65,0.464579
0.17,0.66,0.46487
0.17,0.67,0.465774
0.17,0.68,0.46578
0.17,0.69,0.468179
0.17,0.7,0.465755
0.17,0.71,0.461759
0.17,0.72,0.46572
0.17,0.73,0.465061
0.17,0.74,0.463072
0.17,0.75,0.466344
0.17,0.76,0.466189
0.17,0.77,0.463839
0.17,0.78,0.463419
0.18,0,0.46994
0.18,0.01,0.468269
0.18,0.02,0.47005
0.18,0.03,0.468656
0.18,0.04,0.468618
0.18,0.05,0.468807
0.18,0.06,0.468885
0.18,0.07,0.47149
0.18,0.08,0.467336
0.18,0.09,0.47055
0.18,0.1,0.465829
0.18,0.11,0.471594
0.18,0.12,0.467621
0.18,0.13,0.472054
0.18,0.14,0.468602
0.18,0.15,0.467377
0.18,0.16,0.466507
0.18,0.17,0.469641
0.18,0.18,0.465113
0.18,0.19,0.467678
0.18,0.2,0.467495
0.18,0.21,0.468548
0.18,0.22,0.468386
0.18,0.23,0.466611
0.18,0.24,0.47127
0.18,0.25,0.472295
0.18,0.26,0.467987
0.18,0.27,0.468086
0.18,0.28,0.470609
0.18,0.29,0.472081
0.18,0.3,0.469303
0.18,0.31,0.469897
0.18,0.32,0.474256
0.18,0.33,0.466604
0.18,0.34,0.470075
0.18,0.35,0.46969
0.18,0.36,0.467359
0.18,0.37,0.467144
0.18,0.38,0.465795
0.18,0.39,0.468513
0.18,0.4,0.467595
0.18,0.41,0.469436
0.18,0.42,0.469931
0.18,0.43,0.471447
0.18,0.44,0.469392
0.18,0.45,0.469522
0.18,0.46,0.46879
0.18,0.47,0.46824
0.18,0.48,0.468713
0.18,0.49,0.471095
0.18,0.5,0.468328
0.18,0.51,0.472206
0.18,0.52,0.469824
0.18,0.53,0.47023
0.18,0.54,0.466125
0.18,0.55,0.471239
0.18,0.56,0.469777
0.18,0.57,0.473012
0.18,0.58,0.471024
0.18,0.59,0.470048
0.18,0.6,0.468206
0.18,0.61,0.470226
0.18,0.62,0.471263
0.18,0.63,0.468816
0.18,0.64,0.469436
0.18,0.65,0.468673
0.18,0.66,0.469137
0.18,0.67,0.473042
0.18,0.68,0.47425
0.18,0.69,0.469842
0.18,0.7,0.467313
0.18,0.71,0.467304
0.18,0.72,0.46889
0.18,0.73,0.469193
0.18,0.74,0.467485
0.18,0.75,0.468991
0.18,0.76,0.46683
0.18,0.77,0.471046
0.18,0.78,0.467535
0.19,0,0.473885
0.19,0.01,0.46838
0.19,0.02,0.47034
0.19,0.03,0.475054
0.19,0.04,0.469385
0.19,0.05,0.473191
0.19,0.06,0.472049
0.19,0.07,0.473963
0.19,0.08,0.47235
0.19,0.09,0.473007
0.19,0.1,0.474155
0.19,0.11,0.471319
0.19,0.12,0.472902
0.19,0.13,0.469802
0.19,0.14,0.469973
0.19,0.15,0.471282
0.19,0.16,0.469043
0.19,0.17,0.470907
0.19,0.18,0.474885
0.19,0.19,0.47281
0.19,0.2,0.475319
0.19,0.21,0.471226
0.19,0.22,0.469724
0.19,0.23,0.473744
0.19,0.24,0.473249
0.19,0.25,0.472086
0.19,0.26,0.471232
0.19,0.27,0.475992
0.19,0.28,0.474742
0.19,0.29,0.471274
0.19,0.3,0.470344
0.19,0.31,0.473009
0.19,0.32,0.471315
0.19,0.33,0.472882
0.19,0.34,0.473791
0.19,0.35,0.473022
0.19,0.36,0.47078
0.19,0.37,0.471116
0.19,0.38,0.471311
0.19,0.39,0.472434
0.19,0.4,0.471736
0.19,0.41,0.471413
0.19,0.42,0.472424
0.19,0.43,0.472465
0.19,0.44,0.474402
0.19,0.45,0.471648
0.19,0.46,0.471327
0.19,0.47,0.474448
0.19,0.48,0.476525
0.19,0.49,0.472515
0.19,0.5,0.472647
0.19,0.51,0.471421
0.19,0.52,0.474303
0.19,0.53,0.46925
0.19,0.54,0.472955
0.19,0.55,0.470015
0.19,0.56,0.471219
0.19,0.57,0.4708
0.19,0.58,0.471478
0.19,0.59,0.472965
0.19,0.6,0.472006
0.19,0.61,0.474227
0.19,0.62,0.474634
0.19,0.63,0.474251
0.19,0.64,0.468142
0.19,0.65,0.475746
0.19,0.66,0.474696
0.19,0.67,0.474417
0.19,0.68,0.470783
0.19,0.69,0.471212
0.19,0.7,0.474717
0.19,0.71,0.471834
0.19,0.72,0.475138
0.19,0.73,0.474411
0.19,0.74,0.473885
0.19,0.75,0.469434
0.19,0.76,0.471003
0.19,0.77,0.477837
0.19,0.78,0.471135
0.2,0,0.477696
0.2,0.01,0.474253
0.2,0.02,0.473451
0.2,0.03,0.481153
0.2,0.04,0.475908
0.2,0.05,0.474452
0.2,0.06,0.478493
0.2,0.07,0.478586
0.2,0.08,0.47316
0.2,0.09,0.476142
0.2,0.1,0.479787
0.2,0.11,0.478172
0.2,0.12,0.47979
0.2,0.13,0.477139
0.2,0.14,0.475819
0.2,0.15,0.478835
0.2,0.16,0.474486
0.2,0.17,0.475835
0.2,0.18,0.477879
0.2,0.19,0.475893
0.2,0.2,0.477566
0.2,0.21,0.479655
0.2,0.22,0.476979
0.2,0.23,0.477904
0.2,0.24,0.473677
0.2,0.25,0.477271
0.2,0.26,0.474777
0.2,0.27,0.474091
0.2,0.28,0.476128
0.2,0.29,0.477062
0.2,0.3,0.475019
0.2,0.31,0.476846
0.2,0.32,0.4746
0.2,0.33,0.476449
0.2,0.34,0.472876
0.2,0.35,0.475237
0.2,0.36,0.472436
0.2,0.37,0.473126
0.2,0.38,0.474443
0.2,0.39,0.475219
0.2,0.4,0.474117
0.2,0.41,0.470338
0.2,0.42,0.476031
0.2,0.43,0.478877
0.2,0.44,0.478716
0.2,0.45,0.475773
0.2,0.46,0.474386
0.2,0.47,0.475617
0.2,0.48,0.47669
0.2,0.49,0.476429
0.2,0.5,0.4733
0.2,0.51,0.474874
0.2,0.52,0.475987
0.2,0.53,0.476565
0.2,0.54,0.470839
0.2,0.55,0.476865
0.2,0.56,0.477565
0.2,0.57,0.476019
0.2,0.58,0.479215
0.2,0.59,0.476678
0.2,0.6,0.477894
0.2,0.61,0.475025
0.2,0.62,0.474884
0.2,0.63,0.478078
0.2,0.64,0.476833
0.2,0.65,0.470368
0.2,0.66,0.472455
0.2,0.67,0.474827
0.2,0.68,0.475229
0.2,0.69,0.475775
0.2,0.7,0.478666
0.2,0.71,0.476239
0.2,0.72,0.475336
0.2,0.73,0.476333
0.2,0.74,0.476397
0.2,0.75,0.474439
0.2,0.76,0.475865
0.2,0.77,0.480861
0.2,0.78,0.476702
0.21,0,0.48049
0.21,0.01,0.478951
0.21,0.02,0.480314
0.21,0.03,0.479044
0.21,0.04,0.481321
0.21,0.05,0.482277
0.21,0.06,0.483232
0.21,0.07,0.481157
0.21,0.08,0.48039
0.21,0.09,0.480802
0.21,0.1,0.47749
0.21,0.11,0.479821
0.21,0.12,0.478786
0.21,0.13,0.47881
0.21,0.14,0.482637
0.21,0.15,0.478827
0.21,0.16,0.480466
0.21,0.17,0.47985
0.21,0.18,0.473913
0.21,0.19,0.481982
0.21,0.2,0.479471
0.21,0.21,0.477486
0.21,0.22,0.477838
0.21,0.23,0.47956
0.21,0.24,0.48227
0.21,0.25,0.480164
0.21,0.26,0.478875
0.21,0.27,0.477272
0.21,0.28,0.474557
0.21,0.29,0.479755
0.21,0.3,0.478512
0.21,0.31,0.480885
0.21,0.32,0.479662
0.21,0.33,0.480456
0.21,0.34,0.479321
0.21,0.35,0.481496
0.21,0.36,0.481477
0.21,0.37,0.478899
0.21,0.38,0.480038
0.21,0.39,0.479849
0.21,0.4,0.478027
0.21,0.41,0.478271
0.21,0.42,0.478568
0.21,0.43,0.480889
0.21,0.44,0.482262
0.21,0.45,0.478499
0.21,0.46,0.478544
0.21,0.47,0.480069
0.21,0.48,0.479547
0.21,0.49,0.479181
0.21,0.5,0.478555
0.21,0.51,0.48195
0.21,0.52,0.482229
0.21,0.53,0.478637
0.21,0.54,0.478826
0.21,0.55,0.477828
0.21,0.56,0.477761
0.21,0.57,0.480557
0.21,0.58,0.478099
0.21,0.59,0.481231
0.21,0.6,0.480101
0.21,0.61,0.476383
0.21,0.62,0.479522
0.21,0.63,0.48504
0.21,0.64,0.479388
0.21,0.65,0.482249
0.21,0.66,0.482238
0.21,0.67,0.480906
0.21,0.68,0.480956
0.21,0.69,0.47847
0.21,0.7,0.478955
0.21,0.71,0.478933
0.21,0.72,0.47864
0.21,0.73,0.48183
0.21,0.74,0.476219
0.21,0.75,0.481896
0.21,0.76,0.482733
0.21,0.77,0.482092
0.21,0.78,0.478594
0.22,0,0.48347
0.22,0.01,0.483008
0.22,0.02,0.481897
0.22,0.03,0.486675
0.22,0.04,0.486944
0.22,0.05,0.482439
0.22,0.06,0.483498
0.22,0.07,0.485408
0.22,0.08,0.483129
0.22,0.09,0.484854
0.22,0.1,0.482865
0.22,0.11,0.483896
0.22,0.12,0.483461
0.22,0.13,0.483184
0.22,0.14,0.484307
0.22,0.15,0.483713
0.22,0.16,0.485529
0.22,0.17,0.483625
0.22,0.18,0.482753
0.22,0.19,0.481212
0.22,0.2,0.483146
0.22,0.21,0.484187
0.22,0.22,0.486558
0.22,0.23,0.485113
0.22,0.24,0.480501
0.22,0.25,0.484065
0.22,0.26,0.48308
0.22,0.27,0.481012
0.22,0.28,0.481967
0.22,0.29,0.48489
0.22,0.3,0.484567
0.22,0.31,0.478981
0.22,0.32,0.482174
0.22,0.33,0.48333
0.22,0.34,0.483354
0.22,0.35,0.480673
0.22,0.36,0.485009
0.22,0.37,0.482767
0.22,0.38,0.480028
0.22,0.39,0.484178
0.22,0.4,0.483466
0.22,0.41,0.478962
0.22,0.42,0.479398
0.22,0.43,0.480632
0.22,0.44,0.48066
0.22,0.45,0.483674
0.22,0.46,0.481821
0.22,0.47,0.480043
0.22,0.48,0.482332
0.22,0.49,0.481608
0.22,0.5,0.481871
0.22,0.51,0.485501
0.22,0.52,0.484183
0.22,0.53,0.480311
0.22,0.54,0.484983
0.22,0.55,0.48003
0.22,0.56,0.481452
0.22,0.57,0.480988
0.22,0.58,0.482481
0.22,0.59,0.482714
0.22,0.6,0.484299
0.22,0.61,0.483582
0.22,0.62,0.482758
0.22,0.63,0.484337
0.22,0.64,0.485765
0.22,0.65,0.482511
0.22,0.66,0.483272
0.22,0.67,0.482571
0.22,0.68,0.482143
0.22,0.69,0.483536
0.22,0.7,0.483618
0.22,0.71,0.484786
0.22,0.72,0.481229
0.22,0.73,0.485819
0.22,0.74,0.484492
0.22,0.75,0.48648
0.22,0.76,0.48764
0.22,0.77,0.484194
0.22,0.78,0.483042
0.23,0,0.488465
0.23,0.01,0.487067
0.23,0.02,0.489774
0.23,0.03,0.488775
0.23,0.04,0.488817
0.23,0.05,0.485577
0.23,0.06,0.485461
0.23,0.07,0.489212
0.23,0.08,0.485756
0.23,0.09,0.486796
0.23,0.1,0.486307
0.23,0.11,0.489739
0.23,0.12,0.487638
0.23,0.13,0.487172
0.23,0.14,0.485747
0.23,0.15,0.488927
0.23,0.16,0.486121
0.23,0.17,0.48758
0.23,0.18,0.486628
0.23,0.19,0.488158
0.23,0.2,0.484236
0.23,0.21,0.48645
0.23,0.22,0.487223
0.23,0.23,0.489267
0.23,0.24,0.485098
0.23,0.25,0.487078
0.23,0.26,0.485636
0.23,0.27,0.483375
0.23,0.28,0.484238
0.23,0.29,0.483349
0.23,0.3,0.486185
0.23,0.31,0.484705
0.23,0.32,0.487652
0.23,0.33,0.482384
0.23,0.34,0.486201
0.23,0.35,0.485805
0.23,0.36,0.484122
0.23,0.37,0.483947
0.23,0.38,0.484779
0.23,0.39,0.486364
0.23,0.4,0.484329
0.23,0.41,0.48215
0.23,0.42,0.487258
0.23,0.43,0.484212
0.23,0.44,0.486074
0.23,0.45,0.483657
0.23,0.46,0.483113
0.23,0.47,0.483844
0.23,0.48,0.485104
0.23,0.49,0.484647
0.23,0.5,0.489959
0.23,0.51,0.484617
0.23,0.52,0.48673
0.23,0.53,0.485876
0.23,0.54,0.485038
0.23,0.55,0.484232
0.23,0.56,0.487042
0.23,0.57,0.487019
0.23,0.58,0.482934
0.23,0.59,0.485706
0.23,0.6,0.481891
0.23,0.61,0.487795
0.23,0.62,0.484248
0.23,0.63,0.485532
0.23,0.64,0.487345
0.23,0.65,0.484224
0.23,0.66,0.486356
0.23,0.67,0.485887
0.23,0.68,0.487096
0.23,0.69,0.487617
0.23,0.7,0.487454
0.23,0.71,0.487519
0.23,0.72,0.486358
0.23,0.73,0.485194
0.23,0.74,0.487397
0.23,0.75,0.489793
0.23,0.76,0.487078
0.23,0.77,0.488694
0.23,0.78,0.488418
0.24,0,0.493664
0.24,0.01,0.489997
0.24,0.02,0.49235
0.24,0.03,0.491397
0.24,0.04,0.491925
0.24,0.05,0.493685
0.24,0.06,0.491278
0.24,0.07,0.49272
0.24,0.08,0.493085
0.24,0.09,0.494106
0.24,0.1,0.492974
0.24,0.11,0.489205
0.24,0.12,0.490701
0.24,0.13,0.492199
0.24,0.14,0.491747
0.24,0.15,0.488564
0.24,0.16,0.488936
0.24,0.17,0.48878
0.24,0.18,0.489754
0.24,0.19,0.48968
0.24,0.2,0.489699
0.24,0.21,0.491141
0.24,0.22,0.490626
0.24,0.23,0.484979
0.24,0.24,0.48607
0.24,0.25,0.486873
0.24,0.26,0.48731
0.24,0.27,0.487884
0.24,0.28,0.486745
0.24,0.29,0.49024
0.24,0.3,0.486655
0.24,0.31,0.487599
0.24,0.32,0.486373
0.24,0.33,0.487351
0.24,0.34,0.486903
0.24,0.35,0.487901
0.24,0.36,0.48904
0.24,0.37,0.487829
0.24,0.38,0.484589
0.24,0.39,0.489724
0.24,0.4,0.486505
0.24,0.41,0.489911
0.24,0.42,0.486107
0.24,0.43,0.48883
0.24,0.44,0.483524
0.24,0.45,0.485857
0.24,0.46,0.488102
0.24,0.47,0.489548
0.24,0.48,0.486963
0.24,0.49,0.486988
0.24,0.5,0.485736
0.24,0.51,0.488041
0.24,0.52,0.487435
0.24,0.53,0.487174
0.24,0.54,0.486203
0.24,0.55,0.489281
0.24,0.56,0.490027
0.24,0.57,0.488461
0.24,0.58,0.490189
0.24,0.59,0.488083
0.24,0.6,0.489115
0.24,0.61,0.489147
0.24,0.62,0.491107
0.24,0.63,0.491867
0.24,0.64,0.488179
0.24,0.65,0.491329
0.24,0.66,0.486826
0.24,0.67,0.489986
0.24,0.68,0.488781
0.24,0.69,0.491417
0.24,0.7,0.491028
0.24,0.71,0.489489
0.24,0.72,0.492037
0.24,0.73,0.490822
0.24,0.74,0.491106
0.24,0.75,0.493073
0.24,0.76,0.490406
0.24,0.77,0.494468
0.24,0.78,0.489671
0.25,0,0.495359
0.25,0.01,0.497012
0.25,0.02,0.49686
0.25,0.03,0.494575
0.25,0.04,0.493608
0.25,0.05,0.494024
0.25,0.06,0.494477
0.25,0.07,0.49386
0.25,0.08,0.495108
0.25,0.09,0.493516
0.25,0.1,0.491407
0.25,0.11,0.492526
0.25,0.12,0.491603
0.25,0.13,0.49394
0.25,0.14,0.491746
0.25,0.15,0.490855
0.25,0.16,0.493768
0.25,0.17,0.492769
0.25,0.18,0.491704
0.25,0.19,0.493198
0.25,0.2,0.487965
0.25,0.21,0.493323
0.25,0.22,0.490479
0.25,0.23,0.490776
0.25,0.24,0.489316
0.25,0.25,0.490932
0.25,0.26,0.490756
0.25,0.27,0.490532
0.25,0.28,0.493851
0.25,0.29,0.490962
0.25,0.3,0.49287
0.25,0.31,0.491079
0.25,0.32,0.490853
0.25,0.33,0.490524
0.25,0.34,0.489487
0.25,0.35,0.490005
0.25,0.36,0.491471
0.25,0.37,0.487208
0.25,0.38,0.493287
0.25,0.39,0.488517
0.25,0.4,0.491283
0.25,0.41,0.491181
0.25,0.42,0.493044
0.25,0.43,0.490948
0.25,0.44,0.488163
0.25,0.45,0.491366
0.25,0.46,0.49163
0.25,0.47,0.487244
0.25,0.48,0.486507
0.25,0.49,0.490974
0.25,0.5,0.492333
0.25,0.51,0.492375
0.25,0.52,0.489078
0.25,0.53,0.492656
0.25,0.54,0.48999
0.25,0.55,0.494489
0.25,0.56,0.491166
0.25,0.57,0.488809
0.25,0.58,0.494126
0.25,0.59,0.488333
0.25,0.6,0.492271
0.25,0.61,0.493391
0.25,0.62,0.491172
0.25,0.63,0.488814
0.25,0.64,0.49333
0.25,0.65,0.492109
0.25,0.66,0.494812
0.25,0.67,0.493674
0.25,0.68,0.492623
0.25,0.69,0.493658
0.25,0.7,0.490838
0.25,0.71,0.492672
0.25,0.72,0.49807
0.25,0.73,0.496251
0.25,0.74,0.495773
0.25,0.75,0.496554
0.25,0.76,0.494521
0.25,0.77,0.495099
0.25,0.78,0.494428
0.26,0,0.500297
0.26,0.01,0.499135
0.26,0.02,0.499248
0.26,0.03,0.496472
0.26,0.04,0.501375
0.26,0.05,0.49734
0.26,0.06,0.498974
0.26,0.07,0.49645
0.26,0.08,0.496086
0.26,0.09,0.498825
0.26,0.1,0.498928
0.26,0.11,0.495313
0.26,0.12,0.494938
0.26,0.13,0.492636
0.26,0.14,0.495017
0.26,0.15,0.496896
0.26,0.16,0.494893
0.26,0.17,0.494056
0.26,0.18,0.496267
0.26,0.19,0.493021
0.26,0.2,0.494255
0.26,0.21,0.493686
0.26,0.22,0.496916
0.26,0.23,0.491609
0.26,0.24,0.496238
0.26,0.25,0.495918
0.26,0.26,0.491457
0.26,0.27,0.493043
0.26,0.28,0.494978
0.26,0.29,0.49271
0.26,0.3,0.49331
0.26,0.31,0.493063
0.26,0.32,0.492475
0.26,0.33,0.493179
0.26,0.34,0.491971
0.26,0.35,0.490734
0.26,0.36,0.495747
0.26,0.37,0.495645
0.26,0.38,0.491103
0.26,0.39,0.49056
0.26,0.4,0.491599
0.26,0.41,0.494255
0.26,0.42,0.493633
0.26,0.43,0.493889
0.26,0.44,0.491621
0.26,0.45,0.493239
0.26,0.46,0.49182
0.26,0.47,0.489096
0.26,0.48,0.491788
0.26,0.49,0.494391
0.26,0.5,0.490717
0.26,0.51,0.494208
0.26,0.52,0.489585
0.26,0.53,0.49298
0.26,0.54,0.496167
0.26,0.55,0.492442
0.26,0.56,0.493567
0.26,0.57,0.494105
0.26,0.58,0.49348
0.26,0.59,0.496363
0.26,0.6,0.493077
0.26,0.61,0.49411
0.26,0.62,0.494467
0.26,0.63,0.495654
0.26,0.64,0.495882
0.26,0.65,0.496486
0.26,0.66,0.494071
0.26,0.67,0.497526
0.26,0.68,0.498732
0.26,0.69,0.496698
0.26,0.7,0.496051
0.26,0.71,0.498164
0.26,0.72,0.49685
0.26,0.73,0.496494
0.26,0.74,0.498202
0.26,0.75,0.496139
0.26,0.76,0.497254
0.26,0.77,0.501231
0.26,0.78,0.499876
0.27,0,0.503514
0.27,0.01,0.502921
0.27,0.02,0.501681
0.27,0.03,0.502571
0.27,0.04,0.500338
0.27,0.05,0.50235
0.27,0.06,0.500704
0.27,0.07,0.502327
0.27,0.08,0.500006
0.27,0.09,0.502225
0.27,0.1,0.49978
0.27,0.11,0.500323
0.27,0.12,0.499195
0.27,0.13,0.497234
0.27,0.14,0.496837
0.27,0.15,0.495555
0.27,0.16,0.496573
0.27,0.17,0.499735
0.27,0.18,0.499838
0.27,0.19,0.497912
0.27,0.2,0.494751
0.27,0.21,0.499787
0.27,0.22,0.493163
0.27,0.23,0.496519
0.27,0.24,0.495272
0.27,0.25,0.492141
0.27,0.26,0.497827
0.27,0.27,0.494457
0.27,0.28,0.497412
0.27,0.29,0.493247
0.27,0.3,0.495188
0.27,0.31,0.495689
0.27,0.32,0.494957
0.27,0.33,0.49372
0.27,0.34,0.49593
0.27,0.35,0.496498
0.27,0.36,0.494006
0.27,0.37,0.493683
0.27,0.38,0.494796
0.27,0.39,0.497221
0.27,0.4,0.492592
0.27,0.41,0.492219
0.27,0.42,0.495599
0.27,0.43,0.494332
0.27,0.44,0.496735
0.27,0.45,0.493651
0.27,0.46,0.497466
0.27,0.47,0.49254
0.27,0.48,0.495977
0.27,0.49,0.495596
0.27,0.5,0.49602
0.27,0.51,0.496176
0.27,0.52,0.496109
0.27,0.53,0.493712
0.27,0.54,0.496253
0.27,0.55,0.493972
0.27,0.56,0.495621
0.27,0.57,0.49572
0.27,0.58,0.496396
0.27,0.59,0.49607
0.27,0.6,0.496561
0.27,0.61,0.500963
0.27,0.62,0.499133
0.27,0.63,0.496766
0.27,0.64,0.497016
0.27,0.65,0.498291
0.27,0.66,0.498989
0.27,0.67,0.498839
0.27,0.68,0.501616
0.27,0.69,0.499063
0.27,0.7,0.499222
0.27,0.71,0.498596
0.27,0.72,0.498164
0.27,0.73,0.500269
0.27,0.74,0.499924
0.27,0.75,0.499973
0.27,0.76,0.504141
0.27,0.77,0.499719
0.27,0.78,0.502489
0.28,0,0.505927
0.28,0.01,0.506976
0.28,0.02,0.502607
0.28,0.03,0.506035
0.28,0.04,0.505183
0.28,0.05,0.503418
0.28,0.06,0.504046
0.28,0.07,0.505428
0.28,0.08,0.501934
0.28,0.09,0.503186
0.28,0.1,0.504952
0.28,0.11,0.50434
0.28,0.12,0.502443
0.28,0.13,0.500131
0.28,0.14,0.501097
0.28,0.15,0.501482
0.28,0.16,0.499619
0.28,0.17,0.500804
0.28,0.18,0.498036
0.28,0.19,0.503242
0.28,0.2,0.495898
0.28,0.21,0.498411
0.28,0.22,0.497326
0.28,0.23,0.496097
0.28,0.24,0.49759
0.28,0.25,0.499352
0.28,0.26,0.49805
0.28,0.27,0.497142
0.28,0.28,0.497999
0.28,0.29,0.495707
0.28,0.3,0.497444
0.28,0.31,0.496144
0.28,0.32,0.497885
0.28,0.33,0.492762
0.28,0.34,0.495211
0.28,0.35,0.496467
0.28,0.36,0.498192
0.28,0.37,0.493882
0.28,0.38,0.49722
0.28,0.39,0.495384
0.28,0.4,0.500697
0.28,0.41,0.492779
0.28,0.42,0.495214
0.28,0.43,0.497555
0.28,0.44,0.492869
0.28,0.45,0.497486
0.28,0.46,0.494114
0.28,0.47,0.496007
0.28,0.48,0.497003
0.28,0.49,0.49836
0.28,0.5,0.498909
0.28,0.51,0.496183
0.28,0.52,0.498025
0.28,0.53,0.49983
0.28,0.54,0.496779
0.28,0.55,0.500256
0.28,0.56,0.497426
0.28,0.57,0.501654
0.28,0.58,0.501525
0.28,0.59,0.500956
0.28,0.6,0.500347
0.28,0.61,0.501566
0.28,0.62,0.500138
0.28,0.63,0.497761
0.28,0.64,0.499903
0.28,0.65,0.502697
0.28,0.66,0.500139
0.28,0.67,0.505544
0.28,0.68,0.500624
0.28,0.69,0.50467
0.28,0.7,0.501128
0.28,0.71,0.506394
0.28,0.72,0.504473
0.28,0.73,0.506594
0.28,0.74,0.505251
0.28,0.75,0.503394
0.28,0.76,0.505356
0.28,0.77,0.505264
0.28,0.78,0.50528
0.29,0,0.511255
0.29,0.01,0.509704
0.29,0.02,0.5082
0.29,0.03,0.506718
0.29,0.04,0.508562
0.29,0.05,0.505679
0.29,0.06,0.507988
0.29,0.07,0.502642
0.29,0.08,0.506169
0.29,0.09,0.502775
0.29,0.1,0.505116
0.29,0.11,0.502911
0.29,0.12,0.505048
0.29,0.13,0.503486
0.29,0.14,0.508341
0.29,0.15,0.505354
0.29,0.16,0.501207
0.29,0.17,0.507828
0.29,0.18,0.502519
0.29,0.19,0.502981
0.29,0.2,0.501325
0.29,0.21,0.499257
0.29,0.22,0.500136
0.29,0.23,0.498515
0.29,0.24,0.50108
0.29,0.25,0.501489
0.29,0.26,0.497463
0.29,0.27,0.5028
0.29,0.28,0.500346
0.29,0.29,0.497208
0.29,0.3,0.494134
0.29,0.31,0.500088
0.29,0.32,0.498805
0.29,0.33,0.496349
0.29,0.34,0.497526
0.29,0.35,0.50033
0.29,0.36,0.498423
0.29,0.37,0.495639
0.29,0.38,0.498873
0.29,0.39,0.499346
0.29,0.4,0.497235
0.29,0.41,0.498224
0.29,0.42,0.497931
0.29,0.43,0.496153
0.29,0.44,0.495581
0.29,0.45,0.500333
0.29,0.46,0.497256
0.29,0.47,0.496664
0.29,0.48,0.500761
0.29,0.49,0.498563
0.29,0.5,0.496557
0.29,0.51,0.497866
0.29,0.52,0.500264
0.29,0.53,0.500194
0.29,0.54,0.499694
0.29,0.55,0.499758
0.29,0.56,0.499759
0.29,0.57,0.501168
0.29,0.58,0.501956
0.29,0.59,0.503342
0.29,0.6,0.501615
0.29,0.61,0.504696
0.29,0.62,0.502825
0.29,0.63,0.502514
0.29,0.64,0.504084
0.29,0.65,0.503025
0.29,0.66,0.504046
0.29,0.67,0.506277
0.29,0.68,0.504964
0.29,0.69,0.504998
0.29,0.7,0.506917
0.29,0.71,0.506127
0.29,0.72,0.50788
0.29,0.73,0.507762
0.29,0.74,0.506403
0.29,0.75,0.504772
0.29,0.76,0.50842
0.29,0.77,0.507284
0.29,0.78,0.508077
0.3,0,0.514499
0.3,0.01,0.510455
0.3,0.02,0.50873
0.3,0.03,0.510531
0.3,0.04,0.510392
0.3,0.05,0.508607
0.3,0.06,0.509098
0.3,0.07,0.510203
0.3,0.08,0.507767
0.3,0.09,0.507078
0.3,0.1,0.507267
0.3,0.11,0.504718
0.3,0.12,0.505706
0.3,0.13,0.506942
0.3,0.14,0.50713
0.3,0.15,0.504839
0.3,0.16,0.503028
0.3,0.17,0.5073
0.3,0.18,0.505416
0.3,0.19,0.505402
0.3,0.2,0.503007
0.3,0.21,0.506269
0.3,0.22,0.501386
0.3,0.23,0.504309
0.3,0.24,0.501558
0.3,0.25,0.499208
0.3,0.26,0.499439
0.3,0.27,0.502509
0.3,0.28,0.500452
0.3,0.29,0.500782
0.3,0.3,0.49875
0.3,0.31,0.499602
0.3,0.32,0.499152
0.3,0.33,0.500984
0.3,0.34,0.498362
0.3,0.35,0.499857
0.3,0.36,0.497523
0.3,0.37,0.498471
0.3,0.38,0.499369
0.3,0.39,0.502301
0.3,0.4,0.501657
0.3,0.41,0.497347
0.3,0.42,0.498177
0.3,0.43,0.499968
0.3,0.44,0.501887
0.3,0.45,0.498328
0.3,0.46,0.500188
0.3,0.47,0.501302
0.3,0.48,0.500449
0.3,0.49,0.501402
0.3,0.5,0.500847
0.3,0.51,0.502241
0.3,0.52,0.500359
0.3,0.53,0.501209
0.3,0.54,0.501754
0.3,0.55,0.501677
0.3,0.56,0.502884
0.3,0.57,0.502002
0.3,0.58,0.503263
0.3,0.59,0.503998
0.3,0.6,0.504115
0.3,0.61,0.503863
0.3,0.62,0.5036
0.3,0.63,0.508415
0.3,0.64,0.508263
0.3,0.65,0.506881
0.3,0.66,0.504321
0.3,0.67,0.508685
0.3,0.68,0.508947
0.3,0.69,0.506161
0.3,0.7,0.507821
0.3,0.71,0.510862
0.3,0.72,0.507113
0.3,0.73,0.511472
0.3,0.74,0.509339
0.3,0.75,0.509766
0.3,0.76,0.511457
0.3,0.77,0.508268
0.3,0.78,0.513078
0.31,0,0.518419
0.31,0.01,0.511596
0.31,0.02,0.513815
0.31,0.03,0.515837
0.31,0.04,0.512074
0.31,0.05,0.51633
0.31,0.06,0.513376
0.31,0.07,0.511159
0.31,0.08,0.510815
0.31,0.09,0.511037
0.31,0.1,0.511509
0.31,0.11,0.512879
0.31,0.12,0.507678
0.31,0.13,0.507098
0.31,0.14,0.508299
0.31,0.15,0.508524
0.31,0.16,0.506982
0.31,0.17,0.504547
0.31,0.18,0.507636
0.31,0.19,0.507546
0.31,0.2,0.505568
0.31,0.21,0.505872
0.31,0.22,0.506031
0.31,0.23,0.506087
0.31,0.24,0.502296
0.31,0.25,0.501493
0.31,0.26,0.501776
0.31,0.27,0.502577
0.31,0.28,0.499954
0.31,0.29,0.504635
0.31,0.3,0.503915
0.31,0.31,0.505136
0.31,0.32,0.500348
0.31,0.33,0.504721
0.31,0.34,0.498461
0.31,0.35,0.500969
0.31,0.36,0.500371
0.31,0.37,0.501325
0.31,0.38,0.49833
0.31,0.39,0.505728
0.31,0.4,0.502161
0.31,0.41,0.501065
0.31,0.42,0.501841
0.31,0.43,0.500519
0.31,0.44,0.502128
0.31,0.45,0.499882
0.31,0.46,0.49743
0.31,0.47,0.505525
0.31,0.48,0.501932
0.31,0.49,0.506055
0.31,0.5,0.505837
0.31,0.51,0.50289
0.31,0.52,0.504935
0.31,0.53,0.506841
0.31,0.54,0.498213
0.31,0.55,0.49998
0.31,0.56,0.503269
0.31,0.57,0.504175
0.31,0.58,0.506691
0.31,0.59,0.505553
0.31,0.6,0.503068
0.31,0.61,0.505633
0.31,0.62,0.505153
0.31,0.63,0.508155
0.31,0.64,0.508544
0.31,0.65,0.507817
0.31,0.66,0.508592
0.31,0.67,0.510452
0.31,0.68,0.508596
0.31,0.69,0.512853
0.31,0.7,0.508892
0.31,0.71,0.513054
0.31,0.72,0.512281
0.31,0.73,0.510672
0.31,0.74,0.51044
0.31,0.75,0.513858
0.31,0.76,0.515765
0.31,0.77,0.516464
0.31,0.78,0.513343
0.32,0,0.520561
0.32,0.01,0.519068
0.32,0.02,0.517494
0.32,0.03,0.516871
0.32,0.04,0.516148
0.32,0.05,0.515253
0.32,0.06,0.514715
0.32,0.07,0.517687
0.32,0.08,0.513053
0.32,0.09,0.51557
0.32,0.1,0.515035
0.32,0.11,0.512004
0.32,0.12,0.511893
0.32,0.13,0.510615
0.32,0.14,0.511242
0.32,0.15,0.510285
0.32,0.16,0.510454
0.32,0.17,0.509021
0.32,0.18,0.504727
0.32,0.19,0.508541
0.32,0.2,0.511446
0.32,0.21,0.506086
0.32,0.22,0.505361
0.32,0.23,0.50809
0.32,0.24,0.507174
0.32,0.25,0.502686
0.32,0.26,0.505657
0.32,0.27,0.502114
0.32,0.28,0.503924
0.32,0.29,0.504033
0.32,0.3,0.501633
0.32,0.31,0.5013
0.32,0.32,0.503639
0.32,0.33,0.507489
0.32,0.34,0.500034
0.32,0.35,0.503352
0.32,0.36,0.500858
0.32,0.37,0.506921
0.32,0.38,0.504237
0.32,0.39,0.500912
0.32,0.4,0.5007
0.32,0.41,0.504614
0.32,0.42,0.503781
0.32,0.43,0.507335
0.32,0.44,0.500982
0.32,0.45,0.503986
0.32,0.46,0.506306
0.32,0.47,0.502658
0.32,0.48,0.504145
0.32,0.49,0.502331
0.32,0.5,0.503866
0.32,0.51,0.505509
0.32,0.52,0.502829
0.32,0.53,0.502863
0.32,0.54,0.507911
0.32,0.55,0.506638
0.32,0.56,0.508308
0.32,0.57,0.506238
0.32,0.58,0.507735
0.32,0.59,0.508001
0.32,0.6,0.509837
0.32,0.61,0.508308
0.32,0.62,0.508293
0.32,0.63,0.509559
0.32,0.64,0.511909
0.32,0.65,0.513551
0.32,0.66,0.511527
0.32,0.67,0.511937
0.32,0.68,0.511301
0.32,0.69,0.514214
0.32,0.7,0.513758
0.32,0.71,0.512149
0.32,0.72,0.511228
0.32,0.73,0.514055
0.32,0.74,0.516553
0.32,0.75,0.514615
0.32,0.76,0.513708
0.32,0.77,0.517218
0.32,0.78,0.521306
0.33,0,0.521273
0.33,0.01,0.519938
0.33,0.02,0.521196
0.33,0.03,0.520094
0.33,0.04,0.520365
0.33,0.05,0.516599
0.33,0.06,0.518915
0.33,0.07,0.519416
0.33,0.08,0.515364
0.33,0.09,0.51692
0.33,0.1,0.519146
0.33,0.11,0.516598
0.33,0.12,0.512433
0.33,0.13,0.516804
0.33,0.14,0.511473
0.33,0.15,0.512109
0.33,0.16,0.509308
0.33,0.17,0.513522
0.33,0.18,0.51124
0.33,0.19,0.51113
0.33,0.2,0.509987
0.33,0.21,0.508161
0.33,0.22,0.506294
0.33,0.23,0.509402
0.33,0.24,0.506225
0.33,0.25,0.503831
0.33,0.26,0.506079
0.33,0.27,0.506756
0.33,0.28,0.506366
0.33,0.29,0.504044
0.33,0.3,0.503715
0.33,0.31,0.506455
0.33,0.32,0.50471
0.33,0.33,0.503539
0.33,0.34,0.505252
0.33,0.35,0.506073
0.33,0.36,0.501916
0.33,0.37,0.507445
0.33,0.38,0.503681
0.33,0.39,0.502967
0.33,0.4,0.501968
0.33,0.41,0.505567
0.33,0.42,0.504638
0.33,0.43,0.506123
0.33,0.44,0.504786
0.33,0.45,0.503845
0.33,0.46,0.499408
0.33,0.47,0.501431
0.33,0.48,0.503321
0.33,0.49,0.50216
0.33,0.5,0.504415
0.33,0.51,0.508053
0.33,0.52,0.50456
0.33,0.53,0.509295
0.33,0.54,0.50587
0.33,0.55,0.509481
0.33,0.56,0.507006
0.33,0.57,0.508379
0.33,0.58,0.507838
0.33,0.59,0.510279
0.33,0.6,0.508096
0.33,0.61,0.509109
0.33,0.62,0.513521
0.33,0.63,0.511049
0.33,0.64,0.51328
0.33,0.65,0.512246
0.33,0.66,0.513777
0.33,0.67,0.511068
0.33,0.68,0.51722
0.33,0.69,0.514288
0.33,0.7,0.518392
0.33,0.71,0.51794
0.33,0.72,0.518161
0.33,0.73,0.517194
0.33,0.74,0.521958
0.33,0.75,0.520234
0.33,0.76,0.520846
0.33,0.77,0.521001
0.33,0.78,0.521405
0.34,0,0.521002
0.34,0.01,0.524459
0.34,0.02,0.520235
0.34,0.03,0.52252
0.34,0.04,0.522951
0.34,0.05,0.520279
0.34,0.06,0.520826
0.34,0.07,0.518985
0.34,0.08,0.518689
0.34,0.09,0.517434
0.34,0.1,0.51734
0.34,0.11,0.513668
0.34,0.12,0.512478
0.34,0.13,0.515197
0.34,0.14,0.511812
0.34,0.15,0.51447
0.34,0.16,0.513506
0.34,0.17,0.513158
0.34,0.18,0.508604
0.34,0.19,0.509507
0.34,0.2,0.511773
0.34,0.21,0.508147
0.34,0.22,0.510426
0.34,0.23,0.509838
0.34,0.24,0.511904
0.34,0.25,0.508317
0.34,0.26,0.507045
0.34,0.27,0.509381
0.34,0.28,0.505771
0.34,0.29,0.507343
0.34,0.3,0.503088
0.34,0.31,0.50546
0.34,0.32,0.508794
0.34,0.33,0.503115
0.34,0.34,0.503769
0.34,0.35,0.504362
0.34,0.36,0.504525
0.34,0.37,0.504192
0.34,0.38,0.507026
0.34,0.39,0.50611
0.34,0.4,0.504667
0.34,0.41,0.504482
0.34,0.42,0.507123
0.34,0.43,0.506073
0.34,0.44,0.506896
0.34,0.45,0.503239
0.34,0.46,0.506987
0.34,0.47,0.5061
0.34,0.48,0.50456
0.34,0.49,0.505847
0.34,0.5,0.509796
0.34,0.51,0.50831
0.34,0.52,0.509559
0.34,0.53,0.507797
0.34,0.54,0.507736
0.34,0.55,0.508781
0.34,0.56,0.510106
0.34,0.57,0.51076
0.34,0.58,0.511943
0.34,0.59,0.512389
0.34,0.6,0.511252
0.34,0.61,0.514588
0.34,0.62,0.513306
0.34,0.63,0.513593
0.34,0.64,0.516444
0.34,0.65,0.513431
0.34,0.66,0.515455
0.34,0.67,0.51669
0.34,0.68,0.516145
0.34,0.69,0.517032
0.34,0.7,0.519531
0.34,0.71,0.519401
0.34,0.72,0.520776
0.34,0.73,0.521739
0.34,0.74,0.520778
0.34,0.75,0.522541
0.34,0.76,0.521905
0.34,0.77,0.522425
0.34,0.78,0.521725
0.35,0,0.52527
0.35,0.01,0.528688
0.35,0.02,0.526893
0.35,0.03,0.524181
0.35,0.04,0.524632
0.35,0.05,0.520643
0.35,0.06,0.522118
0.35,0.07,0.522462
0.35,0.08,0.524464
0.35,0.09,0.52016
0.35,0.1,0.517309
0.35,0.11,0.518534
0.35,0.12,0.518537
0.35,0.13,0.518681
0.35,0.14,0.515743
0.35,0.15,0.517745
0.35,0.16,0.51316
0.35,0.17,0.511936
0.35,0.18,0.515337
0.35,0.19,0.51522
0.35,0.2,0.514912
0.35,0.21,0.513901
0.35,0.22,0.510532
0.35,0.23,0.508306
0.35,0.24,0.511276
0.35,0.25,0.507407
0.35,0.26,0.508903
0.35,0.27,0.508363
0.35,0.28,0.504793
0.35,0.29,0.507375
0.35,0.3,0.507962
0.35,0.31,0.508151
0.35,0.32,0.506415
0.35,0.33,0.506934
0.35,0.34,0.507815
0.35,0.35,0.507651
0.35,0.36,0.508449
0.35,0.37,0.508781
0.35,0.38,0.504325
0.35,0.39,0.507676
0.35,0.4,0.506747
0.35,0.41,0.50711
0.35,0.42,0.506727
0.35,0.43,0.506318
0.35,0.44,0.505905
0.35,0.45,0.504742
0.35,0.46,0.506457
0.35,0.47,0.505448
0.35,0.48,0.508852
0.35,0.49,0.505981
0.35,0.5,0.509726
0.35,0.51,0.510058
0.35,0.52,0.507109
0.35,0.53,0.509106
0.35,0.54,0.512378
0.35,0.55,0.507927
0.35,0.56,0.511527
0.35,0.57,0.5117
0.35,0.58,0.51221
0.35,0.59,0.515741
0.35,0.6,0.510406
0.35,0.61,0.513437
0.35,0.62,0.514305
0.35,0.63,0.517697
0.35,0.64,0.515204
0.35,0.65,0.514346
0.35,0.66,0.516412
0.35,0.67,0.520571
0.35,0.68,0.519815
0.35,0.69,0.517978
0.35,0.7,0.520518
0.35,0.71,0.522282
0.35,0.72,0.524725
0.35,0.73,0.525991
0.35,0.74,0.525572
0.35,0.75,0.526111
0.35,0.76,0.521482
0.35,0.77,0.527793
0.35,0.78,0.526
0.36,0,0.529925
0.36,0.01,0.529194
0.36,0.02,0.527749
0.36,0.03,0.526756
0.36,0.04,0.526901
0.36,0.05,0.529022
0.36,0.06,0.527135
0.36,0.07,0.524281
0.36,0.08,0.51969
0.36,0.09,0.523032
0.36,0.1,0.521365
0.36,0.11,0.520882
0.36,0.12,0.519348
0.36,0.13,0.520763
0.36,0.14,0.516325
0.36,0.15,0.518129
0.36,0.16,0.518209
0.36,0.17,0.51642
0.36,0.18,0.516951
0.36,0.19,0.512512
0.36,0.2,0.516263
0.36,0.21,0.511268
0.36,0.22,0.510729
0.36,0.23,0.515116
0.36,0.24,0.513876
0.36,0.25,0.511885
0.36,0.26,0.50809
0.36,0.27,0.510138
0.36,0.28,0.508409
0.36,0.29,0.510467
0.36,0.3,0.507646
0.36,0.31,0.506847
0.36,0.32,0.50522
0.36,0.33,0.510839
0.36,0.34,0.508328
0.36,0.35,0.507197
0.36,0.36,0.506742
0.36,0.37,0.508241
0.36,0.38,0.509104
0.36,0.39,0.505155
0.36,0.4,0.50576
0.36,0.41,0.509723
0.36,0.42,0.505007
0.36,0.43,0.506515
0.36,0.44,0.507606
0.36,0.45,0.508034
0.36,0.46,0.51005
0.36,0.47,0.50846
0.36,0.48,0.509191
0.36,0.49,0.508552
0.36,0.5,0.510104
0.36,0.51,0.51002
0.36,0.52,0.509327
0.36,0.53,0.512826
0.36,0.54,0.512686
0.36,0.55,0.513572
0.36,0.56,0.510128
0.36,0.57,0.514105
0.36,0.58,0.514919
0.36,0.59,0.513701
0.36,0.6,0.513171
0.36,0.61,0.515193
0.36,0.62,0.515005
0.36,0.63,0.513627
0.36,0.64,0.5185
0.36,0.65,0.52039
0.36,0.66,0.518466
0.36,0.67,0.522367
0.36,0.68,0.525051
0.36,0.69,0.522928
0.36,0.7,0.523695
0.36,0.71,0.523019
0.36,0.72,0.524702
0.36,0.73,0.526236
0.36,0.74,0.527492
0.36,0.75,0.527969
0.36,0.76,0.527019
0.36,0.77,0.531786
0.36,0.78,0.531264
0.37,0,0.533327
0.37,0.01,0.529333
0.37,0.02,0.53286
0.37,0.03,0.531092
0.37,0.04,0.527605
0.37,0.05,0.527677
0.37,0.06,0.526369
0.37,0.07,0.525051
0.37,0.08,0.523911
0.37,0.09,0.523433
0.37,0.1,0.521876
0.37,0.11,0.523239
0.37,0.12,0.52093
0.37,0.13,0.519551
0.37,0.14,0.522955
0.37,0.15,0.517148
0.37,0.16,0.51652
0.37,0.17,0.520037
0.37,0.18,0.519357
0.37,0.19,0.513046
0.37,0.2,0.515324
0.37,0.21,0.514286
0.37,0.22,0.513727
0.37,0.23,0.514399
0.37,0.24,0.51292
0.37,0.25,0.51228
0.37,0.26,0.511976
0.37,0.27,0.510275
0.37,0.28,0.506069
0.37,0.29,0.51261
0.37,0.3,0.50737
0.37,0.31,0.509292
0.37,0.32,0.509265
0.37,0.33,0.508354
0.37,0.34,0.511009
0.37,0.35,0.507294
0.37,0.36,0.509377
0.37,0.37,0.503622
0.37,0.38,0.510365
0.37,0.39,0.508338
0.37,0.4,0.507193
0.37,0.41,0.50742
0.37,0.42,0.509895
0.37,0.43,0.508548
0.37,0.44,0.507901
0.37,0.45,0.510459
0.37,0.46,0.509398
0.37,0.47,0.510191
0.37,0.48,0.508044
0.37,0.49,0.510073
0.37,0.5,0.513069
0.37,0.51,0.509752
0.37,0.52,0.510305
0.37,0.53,0.51238
0.37,0.54,0.512317
0.37,0.55,0.516127
0.37,0.56,0.512489
0.37,0.57,0.51511
0.37,0.58,0.514836
0.37,0.59,0.511768
0.37,0.6,0.516963
0.37,0.61,0.517091
0.37,0.62,0.519281
0.37,0.63,0.516572
0.37,0.64,0.518584
0.37,0.65,0.521278
0.37,0.66,0.521411
0.37,0.67,0.525108
0.37,0.68,0.523208
0.37,0.69,0.524975
0.37,0.7,0.525906
0.37,0.71,0.527483
0.37,0.72,0.523432
0.37,0.73,0.527474
0.37,0.74,0.526984
0.37,0.75,0.529436
0.37,0.76,0.530708
0.37,0.77,0.532294
0.37,0.78,0.535079
0.38,0,0.537341
0.38,0.01,0.534625
0.38,0.02,0.534644
0.38,0.03,0.531888
0.38,0.04,0.530156
0.38,0.05,0.527874
0.38,0.06,0.530501
0.38,0.07,0.52879
0.38,0.08,0.528083
0.38,0.09,0.526148
0.38,0.1,0.528593
0.38,0.11,0.523486
0.38,0.12,0.523215
0.38,0.13,0.523692
0.38,0.14,0.521516
0.38,0.15,0.521622
0.38,0.16,0.521244
0.38,0.17,0.518638
0.38,0.18,0.516639
0.38,0.19,0.514189
0.38,0.2,0.514864
0.38,0.21,0.514643
0.38,0.22,0.511654
0.38,0.23,0.516498
0.38,0.24,0.511136
0.38,0.25,0.514083
0.38,0.26,0.50933
0.38,0.27,0.509788
0.38,0.28,0.508947
0.38,0.29,0.510443
0.38,0.3,0.511534
0.38,0.31,0.506988
0.38,0.32,0.510396
0.38,0.33,0.510574
0.38,0.34,0.508192
0.38,0.35,0.503552
0.38,0.36,0.505293
0.38,0.37,0.506698
0.38,0.38,0.506929
0.38,0.39,0.512541
0.38,0.4,0.509325
0.38,0.41,0.507462
0.38,0.42,0.502433
0.38,0.43,0.507507
0.38,0.44,0.511475
0.38,0.45,0.510865
0.38,0.46,0.511422
0.38,0.47,0.50855
0.38,0.48,0.509134
0.38,0.49,0.50873
0.38,0.5,0.511712
0.38,0.51,0.513902
0.38,0.52,0.510328
0.38,0.53,0.512476
0.38,0.54,0.512005
0.38,0.55,0.514152
0.38,0.56,0.514867
0.38,0.57,0.515612
0.38,0.58,0.513773
0.38,0.59,0.51464
0.38,0.6,0.520789
0.38,0.61,0.519486
0.38,0.62,0.51846
0.38,0.63,0.520209
0.38,0.64,0.520635
0.38,0.65,0.520188
0.38,0.66,0.525964
0.38,0.67,0.523566
0.38,0.68,0.527168
0.38,0.69,0.52407
0.38,0.7,0.528199
0.38,0.71,0.528428
0.38,0.72,0.52884
0.38,0.73,0.528478
0.38,0.74,0.529675
0.38,0.75,0.533134
0.38,0.76,0.532624
0.38,0.77,0.535899
0.38,0.78,0.535859
0.39,0,0.536889
0.39,0.01,0.537783
0.39,0.02,0.534634
0.39,0.03,0.534309
0.39,0.04,0.532718
0.39,0.05,0.53282
0.39,0.06,0.532537
0.39,0.07,0.528828
0.39,0.08,0.531285
0.39,0.09,0.528716
0.39,0.1,0.529626
0.39,0.11,0.525589
0.39,0.12,0.524161
0.39,0.13,0.525444
0.39,0.14,0.524288
0.39,0.15,0.517889
0.39,0.16,0.521651
0.39,0.17,0.520166
0.39,0.18,0.51961
0.39,0.19,0.52001
0.39,0.2,0.517574
0.39,0.21,0.514082
0.39,0.22,0.518564
0.39,0.23,0.517365
0.39,0.24,0.514028
0.39,0.25,0.515045
0.39,0.26,0.512135
0.39,0.27,0.511504
0.39,0.28,0.511435
0.39,0.29,0.516727
0.39,0.3,0.512885
0.39,0.31,0.508829
0.39,0.32,0.509357
0.39,0.33,0.511263
0.39,0.34,0.512461
0.39,0.35,0.507185
0.39,0.36,0.508253
0.39,0.37,0.506901
0.39,0.38,0.510691
0.39,0.39,0.507317
0.39,0.4,0.509289
0.39,0.41,0.508411
0.39,0.42,0.510035
0.39,0.43,0.506008
0.39,0.44,0.510254
0.39,0.45,0.5091
0.39,0.46,0.509609
0.39,0.47,0.506515
0.39,0.48,0.510795
0.39,0.49,0.513168
0.39,0.5,0.51093
0.39,0.51,0.510618
0.39,0.52,0.510547
0.39,0.53,0.512411
0.39,0.54,0.513973
0.39,0.55,0.512957
0.39,0.56,0.515804
0.39,0.57,0.513181
0.39,0.58,0.512919
0.39,0.59,0.518374
0.39,0.6,0.518425
0.39,0.61,0.520245
0.39,0.62,0.52234
0.39,0.63,0.522096
0.39,0.64,0.527298
0.39,0.65,0.523097
0.39,0.66,0.522377
0.39,0.67,0.524034
0.39,0.68,0.527937
0.39,0.69,0.527406
0.39,0.7,0.528177
0.39,0.71,0.527649
0.39,0.72,0.531504
0.39,0.73,0.532464
0.39,0.74,0.530491
0.39,0.75,0.535731
0.39,0.76,0.535078
0.39,0.77,0.537121
0.39,0.78,0.538755
0.4,0,0.540527
0.4,0.01,0.536635
0.4,0.02,0.538805
0.4,0.03,0.537276
0.4,0.04,0.536018
0.4,0.05,0.534514
0.4,0.06,0.535138
0.4,0.07,0.530682
0.4,0.08,0.533223
0.4,0.09,0.530078
0.4,0.1,0.527212
0.4,0.11,0.525125
0.4,0.12,0.527744
0.4,0.13,0.527145
0.4,0.14,0.525977
0.4,0.15,0.520614
0.4,0.16,0.521637
0.4,0.17,0.524081
0.4,0.18,0.52174
0.4,0.19,0.517595
0.4,0.2,0.515038
0.4,0.21,0.516723
0.4,0.22,0.517944
0.4,0.23,0.51921
0.4,0.24,0.515826
0.4,0.25,0.512331
0.4,0.26,0.511647
0.4,0.27,0.514107
0.4,0.28,0.51192
0.4,0.29,0.510849
0.4,0.3,0.511297
0.4,0.31,0.513937
0.4,0.32,0.509512
0.4,0.33,0.509653
0.4,0.34,0.512103
0.4,0.35,0.509283
0.4,0.36,0.50812
0.4,0.37,0.506871
0.4,0.38,0.506582
0.4,0.39,0.507571
0.4,0.4,0.507159
0.4,0.41,0.508689
0.4,0.42,0.507306
0.4,0.43,0.507671
0.4,0.44,0.506428
0.4,0.45,0.50743
0.4,0.46,0.509048
0.4,0.47,0.509846
0.4,0.48,0.511601
0.4,0.49,0.509573
0.4,0.5,0.508709
0.4,0.51,0.513689
0.4,0.52,0.511269
0.4,0.53,0.513292
0.4,0.54,0.514844
0.4,0.55,0.51597
0.4,0.56,0.517621
0.4,0.57,0.51401
0.4,0.58,0.512466
0.4,0.59,0.516342
0.4,0.6,0.519895
0.4,0.61,0.521197
0.4,0.62,0.520524
0.4,0.63,0.522321
0.4,0.64,0.525072
0.4,0.65,0.524597
0.4,0.66,0.52545
0.4,0.67,0.524194
0.4,0.68,0.526759
0.4,0.69,0.529736
0.4,0.7,0.52892
0.4,0.71,0.532508
0.4,0.72,0.531889
0.4,0.73,0.532717
0.4,0.74,0.536797
0.4,0.75,0.535198
0.4,0.76,0.535398
0.4,0.77,0.537152
0.4,0.78,0.539247
0.41,0,0.541412
0.41,0.01,0.540418
0.41,0.02,0.541413
0.41,0.03,0.538928
0.41,0.04,0.539466
0.41,0.05,0.534785
0.41,0.06,0.534825
0.41,0.07,0.534054
0.41,0.08,0.533488
0.41,0.09,0.529146
0.41,0.1,0.529046
0.41,0.11,0.527645
0.41,0.12,0.527472
0.41,0.13,0.526625
0.41,0.14,0.524561
0.41,0.15,0.521811
0.41,0.16,0.522287
0.41,0.17,0.522977
0.41,0.18,0.522251
0.41,0.19,0.519667
0.41,0.2,0.517286
0.41,0.21,0.51803
0.41,0.22,0.518069
0.41,0.23,0.513755
0.41,0.24,0.516386
0.41,0.25,0.515278
0.41,0.26,0.507619
0.41,0.27,0.513723
0.41,0.28,0.514336
0.41,0.29,0.509323
0.41,0.3,0.51398
0.41,0.31,0.50917
0.41,0.32,0.512047
0.41,0.33,0.510949
0.41,0.34,0.510331
0.41,0.35,0.510996
0.41,0.36,0.507153
0.41,0.37,0.507864
0.41,0.38,0.50779
0.41,0.39,0.508816
0.41,0.4,0.510354
0.41,0.41,0.508946
0.41,0.42,0.509898
0.41,0.43,0.510758
0.41,0.44,0.510016
0.41,0.45,0.510299
0.41,0.46,0.506936
0.41,0.47,0.50867
0.41,0.48,0.510113
0.41,0.49,0.511465
0.41,0.5,0.510504
0.41,0.51,0.515179
0.41,0.52,0.51142
0.41,0.53,0.512661
0.41,0.54,0.515596
0.41,0.55,0.512648
0.41,0.56,0.519196
0.41,0.57,0.520453
0.41,0.58,0.516645
0.41,0.59,0.519188
0.41,0.6,0.52246
0.41,0.61,0.521758
0.41,0.62,0.52607
0.41,0.63,0.527034
0.41,0.64,0.524356
0.41,0.65,0.528454
0.41,0.66,0.528517
0.41,0.67,0.529418
0.41,0.68,0.528619
0.41,0.69,0.532419
0.41,0.7,0.532616
0.41,0.71,0.53269
0.41,0.72,0.531634
0.41,0.73,0.535714
0.41,0.74,0.537038
0.41,0.75,0.539821
0.41,0.76,0.539484
0.41,0.77,0.54108
0.41,0.78,0.539438
0.42,0,0.545397
0.42,0.01,0.543222
0.42,0.02,0.540786
0.42,0.03,0.540918
0.42,0.04,0.54036
0.42,0.05,0.539266
0.42,0.06,0.537142
0.42,0.07,0.537162
0.42,0.08,0.534289
0.42,0.09,0.531231
0.42,0.1,0.530915
0.42,0.11,0.531365
0.42,0.12,0.530684
0.42,0.13,0.529971
0.42,0.14,0.526088
0.42,0.15,0.523778
0.42,0.16,0.523081
0.42,0.17,0.523769
0.42,0.18,0.519634
0.42,0.19,0.520484
0.42,0.2,0.51566
0.42,0.21,0.515603
0.42,0.22,0.515522
0.42,0.23,0.517546
0.42,0.24,0.512094
0.42,0.25,0.513418
0.42,0.26,0.515565
0.42,0.27,0.510733
0.42,0.28,0.511786
0.42,0.29,0.510702
0.42,0.3,0.509444
0.42,0.31,0.511824
0.42,0.32,0.508377
0.42,0.33,0.508022
0.42,0.34,0.509435
0.42,0.35,0.506622
0.42,0.36,0.505014
0.42,0.37,0.507253
0.42,0.38,0.506622
0.42,0.39,0.507563
0.42,0.4,0.511472
0.42,0.41,0.508806
0.42,0.42,0.505672
0.42,0.43,0.508001
0.42,0.44,0.509194
0.42,0.45,0.507767
0.42,0.46,0.506232
0.42,0.47,0.510999
0.42,0.48,0.513326
0.42,0.49,0.510876
0.42,0.5,0.517149
0.42,0.51,0.51281
0.42,0.52,0.516392
0.42,0.53,0.514257
0.42,0.54,0.515286
0.42,0.55,0.51718
0.42,0.56,0.513819
0.42,0.57,0.515275
0.42,0.58,0.515607
0.42,0.59,0.52065
0.42,0.6,0.52392
0.42,0.61,0.519877
0.42,0.62,0.52315
0.42,0.63,0.525244
0.42,0.64,0.52336
0.42,0.65,0.525542
0.42,0.66,0.529649
0.42,0.67,0.530097
0.42,0.68,0.530805
0.42,0.69,0.535017
0.42,0.7,0.533811
0.42,0.71,0.536548
0.42,0.72,0.534914
0.42,0.73,0.536812
0.42,0.74,0.542183
0.42,0.75,0.541899
0.42,0.76,0.539749
0.42,0.77,0.54163
0.42,0.78,0.545256
0.43,0,0.548241
0.43,0.01,0.546098
0.43,0.02,0.544413
0.43,0.03,0.544001
0.43,0.04,0.540124
0.43,0.05,0.540275
0.43,0.06,0.541871
0.43,0.07,0.53338
0.43,0.08,0.535978
0.43,0.09,0.535454
0.43,0.1,0.53308
0.43,0.11,0.531685
0.43,0.12,0.533861
0.43,0.13,0.530086
0.43,0.14,0.526221
0.43,0.15,0.527588
0.43,0.16,0.529139
0.43,0.17,0.525806
0.43,0.18,0.521795
0.43,0.19,0.517128
0.43,0.2,0.521424
0.43,0.21,0.517055
0.43,0.22,0.518575
0.43,0.23,0.516897
0.43,0.24,0.514711
0.43,0.25,0.514964
0.43,0.26,0.511505
0.43,0.27,0.512772
0.43,0.28,0.51617
0.43,0.29,0.510015
0.43,0.3,0.508504
0.43,0.31,0.509073
0.43,0.32,0.508645
0.43,0.33,0.508751
0.43,0.34,0.508921
0.43,0.35,0.508956
0.43,0.36,0.50737
0.43,0.37,0.505724
0.43,0.38,0.506417
0.43,0.39,0.504636
0.43,0.4,0.507204
0.43,0.41,0.506295
0.43,0.42,0.51012
0.43,0.43,0.511554
0.43,0.44,0.509089
0.43,0.45,0.509054
0.43,0.46,0.510264
0.43,0.47,0.511801
0.43,0.48,0.50974
0.43,0.49,0.511946
0.43,0.5,0.512426
0.43,0.51,0.513671
0.43,0.52,0.515588
0.43,0.53,0.515713
0.43,0.54,0.517062
0.43,0.55,0.512971
0.43,0.56,0.51771
0.43,0.57,0.519715
0.43,0.58,0.520354
0.43,0.59,0.522608
0.43,0.6,0.518671
0.43,0.61,0.522433
0.43,0.62,0.526237
0.43,0.63,0.525756
0.43,0.64,0.524599
0.43,0.65,0.529089
0.43,0.66,0.534005
0.43,0.67,0.532365
0.43,0.68,0.5319
0.43,0.69,0.532328
0.43,0.7,0.533384
0.43,0.71,0.536562
0.43,0.72,0.536985
0.43,0.73,0.536599
0.43,0.74,0.540562
0.43,0.75,0.541879
0.43,0.76,0.544014
0.43,0.77,0.546097
0.43,0.78,0.546874
0.44,0,0.547899
0.44,0.01,0.546672
0.44,0.02,0.54467
0.44,0.03,0.543011
0.44,0.04,0.541852
0.44,0.05,0.540663
0.44,0.06,0.540625
0.44,0.07,0.539179
0.44,0.08,0.535225
0.44,0.09,0.534493
0.44,0.1,0.531912
0.44,0.11,0.533865
0.44,0.12,0.529287
0.44,0.13,0.528816
0.44,0.14,0.526465
0.44,0.15,0.526577
0.44,0.16,0.522702
0.44,0.17,0.523689
0.44,0.18,0.522938
0.44,0.19,0.519952
0.44,0.2,0.521226
0.44,0.21,0.516805
0.44,0.22,0.518567
0.44,0.23,0.519746
0.44,0.24,0.51547
0.44,0.25,0.516532
0.44,0.26,0.517707
0.44,0.27,0.50952
0.44,0.28,0.513365
0.44,0.29,0.51176
0.44,0.3,0.509793
0.44,0.31,0.511552
0.44,0.32,0.511367
0.44,0.33,0.510835
0.44,0.34,0.506959
0.44,0.35,0.507499
0.44,0.36,0.510356
0.44,0.37,0.502751
0.44,0.38,0.510714
0.44,0.39,0.507733
0.44,0.4,0.507806
0.44,0.41,0.507205
0.44,0.42,0.510141
0.44,0.43,0.508697
0.44,0.44,0.505536
0.44,0.45,0.51138
0.44,0.46,0.510149
0.44,0.47,0.509949
0.44,0.48,0.510004
0.44,0.49,0.512089
0.44,0.5,0.51094
0.44,0.51,0.510543
0.44,0.52,0.513263
0.44,0.53,0.515463
0.44,0.54,0.516858
0.44,0.55,0.517329
0.44,0.56,0.518153
0.44,0.57,0.513834
0.44,0.58,0.520006
0.44,0.59,0.521435
0.44,0.6,0.521934
0.44,0.61,0.52159
0.44,0.62,0.525203
0.44,0.63,0.523395
0.44,0.64,0.52592
0.44,0.65,0.529143
0.44,0.66,0.530185
0.44,0.67,0.534288
0.44,0.68,0.534126
0.44,0.69,0.536172
0.44,0.7,0.53702
0.44,0.71,0.53844
0.44,0.72,0.540644
0.44,0.73,0.540702
0.44,0.74,0.540962
0.44,0.75,0.546467
0.44,0.76,0.543707
0.44,0.77,0.547128
0.44,0.78,0.548062
0.45,0,0.55032
0.45,0.01,0.549986
0.45,0.02,0.547509
0.45,0.03,0.544094
0.45,0.04,0.544591
0.45,0.05,0.541154
0.45,0.06,0.540895
0.45,0.07,0.540955
0.45,0.08,0.540689
0.45,0.09,0.537307
0.45,0.1,0.536014
0.45,0.11,0.531616
0.45,0.12,0.531495
0.45,0.13,0.529065
0.45,0.14,0.530626
0.45,0.15,0.524987
0.45,0.16,0.525096
0.45,0.17,0.525173
0.45,0.18,0.524581
0.45,0.19,0.522519
0.45,0.2,0.52163
0.45,0.21,0.515921
0.45,0.22,0.51918
0.45,0.23,0.518141
0.45,0.24,0.516945
0.45,0.25,0.513021
0.45,0.26,0.513627
0.45,0.27,0.510379
0.45,0.28,0.512516
0.45,0.29,0.50616
0.45,0.3,0.511873
0.45,0.31,0.510734
0.45,0.32,0.507892
0.45,0.33,0.513061
0.45,0.34,0.508884
0.45,0.35,0.506172
0.45,0.36,0.506713
0.45,0.37,0.507612
0.45,0.38,0.505091
0.45,0.39,0.509289
0.45,0.4,0.508934
0.45,0.41,0.508944
0.45,0.42,0.506808
0.45,0.43,0.506675
0.45,0.44,0.508872
0.45,0.45,0.510678
0.45,0.46,0.507413
0.45,0.47,0.51035
0.45,0.48,0.510521
0.45,0.49,0.5125
0.45,0.5,0.510882
0.45,0.51,0.512996
0.45,0.52,0.513327
0.45,0.53,0.514937
0.45,0.54,0.513862
0.45,0.55,0.517745
0.45,0.56,0.518252
0.45,0.57,0.518049
0.45,0.58,0.519508
0.45,0.59,0.52303
0.45,0.6,0.522039
0.45,0.61,0.520862
0.45,0.62,0.525106
0.45,0.63,0.525279
0.45,0.64,0.530113
0.45,0.65,0.529436
0.45,0.66,0.53183
0.45,0.67,0.530028
0.45,0.68,0.531947
0.45,0.69,0.538134
0.45,0.7,0.538696
0.45,0.71,0.539701
0.45,0.72,0.54041
0.45,0.73,0.543145
0.45,0.74,0.543292
0.45,0.75,0.542992
0.45,0.76,0.548644
0.45,0.77,0.548888
0.45,0.78,0.552532
0.46,0,0.549664
0.46,0.01,0.550942
0.46,0.02,0.548639
0.46,0.03,0.549897
0.46,0.04,0.548135
0.46,0.05,0.542446
0.46,0.06,0.541607
0.46,0.07,0.540867
0.46,0.08,0.537463
0.46,0.09,0.538475
0.46,0.1,0.535015
0.46,0.11,0.534067
0.46,0.12,0.53256
0.46,0.13,0.529158
0.46,0.14,0.528921
0.46,0.15,0.525704
0.46,0.16,0.526642
0.46,0.17,0.522068
0.46,0.18,0.526494
0.46,0.19,0.523058
0.46,0.2,0.514955
0.46,0.21,0.521581
0.46,0.22,0.517239
0.46,0.23,0.514717
0.46,0.24,0.518976
0.46,0.25,0.515697
0.46,0.26,0.514618
0.46,0.27,0.509475
0.46,0.28,0.510121
0.46,0.29,0.510444
0.46,0.3,0.510394
0.46,0.31,0.510133
0.46,0.32,0.509171
0.46,0.33,0.509228
0.46,0.34,0.506805
0.46,0.35,0.509271
0.46,0.36,0.509618
0.46,0.37,0.504155
0.46,0.38,0.507464
0.46,0.39,0.506442
0.46,0.4,0.506809
0.46,0.41,0.506334
0.46,0.42,0.507067
0.46,0.43,0.505183
0.46,0.44,0.511151
0.46,0.45,0.5071
0.46,0.46,0.508615
0.46,0.47,0.509822
0.46,0.48,0.509032
0.46,0.49,0.507925
0.46,0.5,0.511395
0.46,0.51,0.513812
0.46,0.52,0.513888
0.46,0.53,0.513255
0.46,0.54,0.513927
0.46,0.55,0.513257
0.46,0.56,0.518158
0.46,0.57,0.518067
0.46,0.58,0.516733
0.46,0.59,0.52324
0.46,0.6,0.525644
0.46,0.61,0.524084
0.46,0.62,0.525612
0.46,0.63,0.527779
0.46,0.64,0.526975
0.46,0.65,0.531303
0.46,0.66,0.531981
0.46,0.67,0.532718
0.46,0.68,0.533593
0.46,0.69,0.540204
0.46,0.7,0.537685
0.46,0.71,0.540499
0.46,0.72,0.542446
0.46,0.73,0.544291
0.46,0.74,0.545683
0.46,0.75,0.544782
0.46,0.76,0.546403
0.46,0.77,0.550802
0.46,0.78,0.553982
0.47,0,0.553149
0.47,0.01,0.554303
0.47,0.02,0.549254
0.47,0.03,0.548104
0.47,0.04,0.549867
0.47,0.05,0.547035
0.47,0.06,0.543964
0.47,0.07,0.541376
0.47,0.08,0.539334
0.47,0.09,0.539193
0.47,0.1,0.536325
0.47,0.11,0.532867
0.47,0.12,0.534777
0.47,0.13,0.530892
0.47,0.14,0.532454
0.47,0.15,0.525781
0.47,0.16,0.52552
0.47,0.17,0.524618
0.47,0.18,0.522626
0.47,0.19,0.522387
0.47,0.2,0.516651
0.47,0.21,0.517191
0.47,0.22,0.518803
0.47,0.23,0.516777
0.47,0.24,0.517103
0.47,0.25,0.515754
0.47,0.26,0.513838
0.47,0.27,0.512451
0.47,0.28,0.514677
0.47,0.29,0.510807
0.47,0.3,0.509728
0.47,0.31,0.512628
0.47,0.32,0.507262
0.47,0.33,0.508646
0.47,0.34,0.507063
0.47,0.35,0.505431
0.47,0.36,0.505836
0.47,0.37,0.506846
0.47,0.38,0.507237
0.47,0.39,0.50423
0.47,0.4,0.505819
0.47,0.41,0.504845
0.47,0.42,0.507616
0.47,0.43,0.505404
0.47,0.44,0.508033
0.47,0.45,0.509793
0.47,0.46,0.510242
0.47,0.47,0.508382
0.47,0.48,0.511918
0.47,0.49,0.507885
0.47,0.5,0.512862
0.47,0.51,0.509896
0.47,0.52,0.516615
0.47,0.53,0.512981
0.47,0.54,0.513431
0.47,0.55,0.511692
0.47,0.56,0.515997
0.47,0.57,0.519711
0.47,0.58,0.521602
0.47,0.59,0.520338
0.47,0.6,0.525889
0.47,0.61,0.521765
0.47,0.62,0.523301
0.47,0.63,0.527373
0.47,0.64,0.528448
0.47,0.65,0.533638
0.47,0.66,0.533199
0.47,0.67,0.53184
0.47,0.68,0.536124
0.47,0.69,0.538962
0.47,0.7,0.53921
0.47,0.71,0.540518
0.47,0.72,0.544566
0.47,0.73,0.542395
0.47,0.74,0.549448
0.47,0.75,0.547982
0.47,0.76,0.550116
0.47,0.77,0.555619
0.47,0.78,0.552365
0.48,0,0.551914
0.48,0.01,0.554731
0.48,0.02,0.552503
0.48,0.03,0.550301
0.48,0.04,0.548088
0.48,0.05,0.54862
0.48,0.06,0.542443
0.48,0.07,0.543171
0.48,0.08,0.542835
0.48,0.09,0.538193
0.48,0.1,0.536036
0.48,0.11,0.532529
0.48,0.12,0.531607
0.48,0.13,0.525728
0.48,0.14,0.529872
0.48,0.15,0.529757
0.48,0.16,0.525992
0.48,0.17,0.528139
0.48,0.18,0.525767
0.48,0.19,0.525389
0.48,0.2,0.521378
0.48,0.21,0.522284
0.48,0.22,0.519881
0.48,0.23,0.518163
0.48,0.24,0.514789
0.48,0.25,0.510978
0.48,0.26,0.513905
0.48,0.27,0.512912
0.48,0.28,0.509007
0.48,0.29,0.510174
0.48,0.3,0.508827
0.48,0.31,0.507269
0.48,0.32,0.509053
0.48,0.33,0.506238
0.48,0.34,0.506159
0.48,0.35,0.505633
0.48,0.36,0.50416
0.48,0.37,0.506822
0.48,0.38,0.507652
0.48,0.39,0.502619
0.48,0.4,0.503914
0.48,0.41,0.504284
0.48,0.42,0.504793
0.48,0.43,0.502469
0.48,0.44,0.504488
0.48,0.45,0.506414
0.48,0.46,0.506543
0.48,0.47,0.507527
0.48,0.48,0.509252
0.48,0.49,0.508416
0.48,0.5,0.509548
0.48,0.51,0.512471
0.48,0.52,0.514057
0.48,0.53,0.511213
0.48,0.54,0.516668
0.48,0.55,0.516406
0.48,0.56,0.518182
0.48,0.57,0.518738
0.48,0.58,0.519782
0.48,0.59,0.518959
0.48,0.6,0.524446
0.48,0.61,0.522992
0.48,0.62,0.526189
0.48,0.63,0.52787
0.48,0.64,0.530343
0.48,0.65,0.530924
0.48,0.66,0.529862
0.48,0.67,0.534725
0.48,0.68,0.540672
0.48,0.69,0.536234
0.48,0.7,0.538686
0.48,0.71,0.543621
0.48,0.72,0.543287
0.48,0.73,0.544911
0.48,0.74,0.546676
0.48,0.75,0.547779
0.48,0.76,0.552421
0.48,0.77,0.55425
0.48,0.78,0.550803
0.49,0,0.558304
0.49,0.01,0.555917
0.49,0.02,0.550642
0.49,0.03,0.550128
0.49,0.04,0.547482
0.49,0.05,0.546788
0.49,0.06,0.545508
0.49,0.07,0.544732
0.49,0.08,0.541128
0.49,0.09,0.539514
0.49,0.1,0.538354
0.49,0.11,0.533785
0.49,0.12,0.533159
0.49,0.13,0.531213
0.49,0.14,0.526547
0.49,0.15,0.527979
0.49,0.16,0.527666
0.49,0.17,0.52298
0.49,0.18,0.522537
0.49,0.19,0.52211
0.49,0.2,0.520522
0.49,0.21,0.517072
0.49,0.22,0.518008
0.49,0.23,0.515889
0.49,0.24,0.518585
0.49,0.25,0.515736
0.49,0.26,0.511348
0.49,0.27,0.510744
0.49,0.28,0.509329
0.49,0.29,0.506055
0.49,0.3,0.509002
0.49,0.31,0.505795
0.49,0.32,0.506126
0.49,0.33,0.506297
0.49,0.34,0.506036
0.49,0.35,0.505339
0.49,0.36,0.505066
0.49,0.37,0.506625
0.49,0.38,0.503986
0.49,0.39,0.504972
0.49,0.4,0.506351
0.49,0.41,0.502658
0.49,0.42,0.503706
0.49,0.43,0.506625
0.49,0.44,0.507078
0.49,0.45,0.504628
0.49,0.46,0.509235
0.49,0.47,0.505097
0.49,0.48,0.50743
0.49,0.49,0.50979
0.49,0.5,0.50921
0.49,0.51,0.509143
0.49,0.52,0.510236
0.49,0.53,0.513741
0.49,0.54,0.512686
0.49,0.55,0.516148
0.49,0.56,0.517517
0.49,0.57,0.519389
0.49,0.58,0.520185
0.49,0.59,0.519655
0.49,0.6,0.524553
0.49,0.61,0.52477
0.49,0.62,0.525413
0.49,0.63,0.527463
0.49,0.64,0.527424
0.49,0.65,0.52715
0.49,0.66,0.532637
0.49,0.67,0.533427
0.49,0.68,0.535671
0.49,0.69,0.536353
0.49,0.7,0.53934
0.49,0.71,0.542635
0.49,0.72,0.543378
0.49,0.73,0.547794
0.49,0.74,0.548618
0.49,0.75,0.550944
0.49,0.76,0.554228
0.49,0.77,0.554392
0.49,0.78,0.55574
0.5,0,0.558486
0.5,0.01,0.557021
0.5,0.02,0.554758
0.5,0.03,0.555001
0.5,0.04,0.549719
0.5,0.05,0.547619
0.5,0.06,0.547536
0.5,0.07,0.54649
0.5,0.08,0.542802
0.5,0.09,0.541152
0.5,0.1,0.536462
0.5,0.11,0.535317
0.5,0.12,0.535244
0.5,0.13,0.530889
0.5,0.14,0.528261
0.5,0.15,0.525808
0.5,0.16,0.527822
0.5,0.17,0.525101
0.5,0.18,0.520235
0.5,0.19,0.520136
0.5,0.2,0.520148
0.5,0.21,0.517583
0.5,0.22,0.517359
0.5,0.23,0.515104
0.5,0.24,0.513122
0.5,0.25,0.51315
0.5,0.26,0.511869
0.5,0.27,0.509232
0.5,0.28,0.510208
0.5,0.29,0.510381
0.5,0.3,0.504726
0.5,0.31,0.507437
0.5,0.32,0.504102
0.5,0.33,0.504583
0.5,0.34,0.504429
0.5,0.35,0.504087
0.5,0.36,0.50647
0.5,0.37,0.505544
0.5,0.38,0.502732
0.5,0.39,0.50395
0.5,0.4,0.500446
0.5,0.41,0.501974
0.5,0.42,0.507149
0.5,0.43,0.502831
0.5,0.44,0.504716
0.5,0.45,0.505652
0.5,0.46,0.509205
0.5,0.47,0.504251
0.5,0.48,0.50944
0.5,0.49,0.508621
0.5,0.5,0.509712
0.5,0.51,0.509389
0.5,0.52,0.50944
0.5,0.53,0.511328
0.5,0.54,0.512512
0.5,0.55,0.51485
0.5,0.56,0.517483
0.5,0.57,0.520135
0.5,0.58,0.51884
0.5,0.59,0.519618
0.5,0.6,0.525713
0.5,0.61,0.524188
0.5,0.62,0.528746
0.5,0.63,0.526762
0.5,0.64,0.530256
0.5,0.65,0.533228
0.5,0.66,0.53173
0.5,0.67,0.536895
0.5,0.68,0.540226
0.5,0.69,0.537678
0.5,0.7,0.54306
0.5,0.71,0.548106
0.5,0.72,0.544232
0.5,0.73,0.547173
0.5,0.74,0.546896
0.5,0.75,0.550529
0.5,0.76,0.554981
0.5,0.77,0.554814
0.5,0.78,0.559237
0.51,0,0.561063
0.51,0.01,0.557893
0.51,0.02,0.555621
0.51,0.03,0.554111
0.51,0.04,0.550766
0.51,0.05,0.550988
0.51,0.06,0.545868
0.51,0.07,0.542089
0.51,0.08,0.542261
0.51,0.09,0.541195
0.51,0.1,0.541378
0.51,0.11,0.538318
0.51,0.12,0.536533
0.51,0.13,0.533873
0.51,0.14,0.527947
0.51,0.15,0.525543
0.51,0.16,0.522406
0.51,0.17,0.526353
0.51,0.18,0.520007
0.51,0.19,0.523049
0.51,0.2,0.518988
0.51,0.21,0.515949
0.51,0.22,0.513357
0.51,0.23,0.516969
0.51,0.24,0.513029
0.51,0.25,0.511783
0.51,0.26,0.511418
0.51,0.27,0.510533
0.51,0.28,0.506741
0.51,0.29,0.507337
0.51,0.3,0.505736
0.51,0.31,0.50798
0.51,0.32,0.5069
0.51,0.33,0.506527
0.51,0.34,0.5052
0.51,0.35,0.501591
0.51,0.36,0.503006
0.51,0.37,0.505315
0.51,0.38,0.499076
0.51,0.39,0.504055
0.51,0.4,0.501024
0.51,0.41,0.500181
0.51,0.42,0.502
0.51,0.43,0.504115
0.51,0.44,0.505199
0.51,0.45,0.506671
0.51,0.46,0.504089
0.51,0.47,0.506757
0.51,0.48,0.505346
0.51,0.49,0.508975
0.51,0.5,0.509051
0.51,0.51,0.509793
0.51,0.52,0.5084
0.51,0.53,0.512313
0.51,0.54,0.510874
0.51,0.55,0.512107
0.51,0.56,0.515183
0.51,0.57,0.513829
0.51,0.58,0.520402
0.51,0.59,0.521848
0.51,0.6,0.521733
0.51,0.61,0.523735
0.51,0.62,0.526069
0.51,0.63,0.529438
0.51,0.64,0.531074
0.51,0.65,0.527848
0.51,0.66,0.534318
0.51,0.67,0.533262
0.51,0.68,0.538703
0.51,0.69,0.534982
0.51,0.7,0.544406
0.51,0.71,0.541574
0.51,0.72,0.543151
0.51,0.73,0.546275
0.51,0.74,0.551576
0.51,0.75,0.549019
0.51,0.76,0.55561
0.51,0.77,0.556541
0.51,0.78,0.558218
0.52,0,0.562872
0.52,0.01,0.556058
0.52,0.02,0.554682
0.52,0.03,0.555474
0.52,0.04,0.554293
0.52,0.05,0.551042
0.52,0.06,0.54901
0.52,0.07,0.544596
0.52,0.08,0.543927
0.52,0.09,0.541105
0.52,0.1,0.54021
0.52,0.11,0.538187
0.52,0.12,0.535291
0.52,0.13,0.531078
0.52,0.14,0.528294
0.52,0.15,0.52693
0.52,0.16,0.526301
0.52,0.17,0.525278
0.52,0.18,0.523177
0.52,0.19,0.521624
0.52,0.2,0.523729
0.52,0.21,0.514362
0.52,0.22,0.517343
0.52,0.23,0.511779
0.52,0.24,0.509707
0.52,0.25,0.508037
0.52,0.26,0.512536
0.52,0.27,0.509354
0.52,0.28,0.508526
0.52,0.29,0.507706
0.52,0.3,0.502743
0.52,0.31,0.504327
0.52,0.32,0.504314
0.52,0.33,0.506655
0.52,0.34,0.502307
0.52,0.35,0.503147
0.52,0.36,0.500907
0.52,0.37,0.498782
0.52,0.38,0.498641
0.52,0.39,0.49975
0.52,0.4,0.501378
0.52,0.41,0.50162
0.52,0.42,0.499827
0.52,0.43,0.503355
0.52,0.44,0.502503
0.52,0.45,0.503525
0.52,0.46,0.504304
0.52,0.47,0.503019
0.52,0.48,0.505008
0.52,0.49,0.506438
0.52,0.5,0.505397
0.52,0.51,0.503799
0.52,0.52,0.508564
0.52,0.53,0.508984
0.52,0.54,0.509189
0.52,0.55,0.511692
0.52,0.56,0.511714
0.52,0.57,0.519212
0.52,0.58,0.519511
0.52,0.59,0.519213
0.52,0.6,0.520069
0.52,0.61,0.522118
0.52,0.62,0.523414
0.52,0.63,0.526654
0.52,0.64,0.529136
0.52,0.65,0.5308
0.52,0.66,0.538391
0.52,0.67,0.53287
0.52,0.68,0.536586
0.52,0.69,0.538064
0.52,0.7,0.540731
0.52,0.71,0.54496
0.52,0.72,0.546587
0.52,0.73,0.548922
0.52,0.74,0.551481
0.52,0.75,0.554965
0.52,0.76,0.55311
0.52,0.77,0.558101
0.52,0.78,0.560635
0.53,0,0.562012
0.53,0.01,0.560318
0.53,0.02,0.557809
0.53,0.03,0.552605
0.53,0.04,0.552505
0.53,0.05,0.548506
0.53,0.06,0.547547
0.53,0.07,0.542527
0.53,0.08,0.542475
0.53,0.09,0.544172
0.53,0.1,0.539542
0.53,0.11,0.538609
0.53,0.12,0.53441
0.53,0.13,0.534008
0.53,0.14,0.529236
0.53,0.15,0.526064
0.53,0.16,0.527901
0.53,0.17,0.524781
0.53,0.18,0.52557
0.53,0.19,0.518451
0.53,0.2,0.517291
0.53,0.21,0.513896
0.53,0.22,0.513415
0.53,0.23,0.510228
0.53,0.24,0.512846
0.53,0.25,0.513686
0.53,0.26,0.505222
0.53,0.27,0.507432
0.53,0.28,0.504801
0.53,0.29,0.505385
0.53,0.3,0.503093
0.53,0.31,0.503335
0.53,0.32,0.499496
0.53,0.33,0.501833
0.53,0.34,0.502691
0.53,0.35,0.500201
0.53,0.36,0.504826
0.53,0.37,0.499126
0.53,0.38,0.498098
0.53,0.39,0.499764
0.53,0.4,0.499333
0.53,0.41,0.495771
0.53,0.42,0.499026
0.53,0.43,0.497342
0.53,0.44,0.50134
0.53,0.45,0.505214
0.53,0.46,0.504711
0.53,0.47,0.50215
0.53,0.48,0.503255
0.53,0.49,0.507401
0.53,0.5,0.504783
0.53,0.51,0.50785
0.53,0.52,0.508523
0.53,0.53,0.507773
0.53,0.54,0.510853
0.53,0.55,0.512709
0.53,0.56,0.513961
0.53,0.57,0.516215
0.53,0.58,0.520172
0.53,0.59,0.516609
0.53,0.6,0.520712
0.53,0.61,0.524787
0.53,0.62,0.524619
0.53,0.63,0.524777
0.53,0.64,0.529702
0.53,0.65,0.530674
0.53,0.66,0.533429
0.53,0.67,0.536874
0.53,0.68,0.536516
0.53,0.69,0.541834
0.53,0.7,0.542911
0.53,0.71,0.543215
0.53,0.72,0.547159
0.53,0.73,0.54988
0.53,0.74,0.55115
0.53,0.75,0.554716
0.53,0.76,0.555799
0.53,0.77,0.559661
0.53,0.78,0.561003
0.54,0,0.563408
0.54,0.01,0.563337
0.54,0.02,0.559715
0.54,0.03,0.555266
0.54,0.04,0.553823
0.54,0.05,0.55148
0.54,0.06,0.549341
0.54,0.07,0.544948
0.54,0.08,0.543263
0.54,0.09,0.543307
0.54,0.1,0.544567
0.54,0.11,0.536101
0.54,0.12,0.536692
0.54,0.13,0.532876
0.54,0.14,0.531388
0.54,0.15,0.528286
0.54,0.16,0.527112
0.54,0.17,0.524839
0.54,0.18,0.523219
0.54,0.19,0.518162
0.54,0.2,0.514335
0.54,0.21,0.518373
0.54,0.22,0.50933
0.54,0.23,0.512014
0.54,0.24,0.506128
0.54,0.25,0.511393
0.54,0.26,0.506249
0.54,0.27,0.50541
0.54,0.28,0.503085
0.54,0.29,0.503053
0.54,0.3,0.502867
0.54,0.31,0.503948
0.54,0.32,0.502392
0.54,0.33,0.499234
0.54,0.34,0.498301
0.54,0.35,0.498082
0.54,0.36,0.499734
0.54,0.37,0.495361
0.54,0.38,0.496349
0.54,0.39,0.500495
0.54,0.4,0.49745
0.54,0.41,0.497952
0.54,0.42,0.499066
0.54,0.43,0.498217
0.54,0.44,0.497181
0.54,0.45,0.498665
0.54,0.46,0.500332
0.54,0.47,0.50286
0.54,0.48,0.503025
0.54,0.49,0.503989
0.54,0.5,0.500343
0.54,0.51,0.507451
0.54,0.52,0.50342
0.54,0.53,0.506058
0.54,0.54,0.51253
0.54,0.55,0.50985
0.54,0.56,0.516093
0.54,0.57,0.518206
0.54,0.58,0.51432
0.54,0.59,0.518655
0.54,0.6,0.52468
0.54,0.61,0.524449
0.54,0.62,0.524665
0.54,0.63,0.52894
0.54,0.64,0.532133
0.54,0.65,0.528824
0.54,0.66,0.530663
0.54,0.67,0.533312
0.54,0.68,0.540498
0.54,0.69,0.541008
0.54,0.7,0.543551
0.54,0.71,0.544829
0.54,0.72,0.545904
0.54,0.73,0.550114
0.54,0.74,0.553406
0.54,0.75,0.556304
0.54,0.76,0.558853
0.54,0.77,0.557927
0.54,0.78,0.564844
0.55,0,0.564338
0.55,0.01,0.562697
0.55,0.02,0.55903
0.55,0.03,0.556669
0.55,0.04,0.555658
0.55,0.05,0.551198
0.55,0.06,0.549462
0.55,0.07,0.543361
0.55,0.08,0.545795
0.55,0.09,0.5433
0.55,0.1,0.540208
0.55,0.11,0.531069
0.55,0.12,0.533205
0.55,0.13,0.532143
0.55,0.14,0.528076
0.55,0.15,0.525706
0.55,0.16,0.523385
0.55,0.17,0.524584
0.55,0.18,0.523208
0.55,0.19,0.516835
0.55,0.2,0.516982
0.55,0.21,0.514716
0.55,0.22,0.514736
0.55,0.23,0.510075
0.55,0.24,0.511982
0.55,0.25,0.509759
0.55,0.26,0.506287
0.55,0.27,0.507114
0.55,0.28,0.506013
0.55,0.29,0.503514
0.55,0.3,0.49998
0.55,0.31,0.498673
0.55,0.32,0.500167
0.55,0.33,0.498527
0.55,0.34,0.495672
0.55,0.35,0.496111
0.55,0.36,0.498527
0.55,0.37,0.495949
0.55,0.38,0.496684
0.55,0.39,0.498087
0.55,0.4,0.500028
0.55,0.41,0.49696
0.55,0.42,0.493794
0.55,0.43,0.497907
0.55,0.44,0.498164
0.55,0.45,0.495544
0.55,0.46,0.501295
0.55,0.47,0.498496
0.55,0.48,0.500795
0.55,0.49,0.500837
0.55,0.5,0.500839
0.55,0.51,0.505688
0.55,0.52,0.506666
0.55,0.53,0.504951
0.55,0.54,0.509023
0.55,0.55,0.512326
0.55,0.56,0.513459
0.55,0.57,0.514347
0.55,0.58,0.517173
0.55,0.59,0.518615
0.55,0.6,0.51945
0.55,0.61,0.522863
0.55,0.62,0.521593
0.55,0.63,0.525267
0.55,0.64,0.528857
0.55,0.65,0.53015
0.55,0.66,0.531666
0.55,0.67,0.533248
0.55,0.68,0.541339
0.55,0.69,0.539072
0.55,0.7,0.544469
0.55,0.71,0.5462
0.55,0.72,0.548807
0.55,0.73,0.548281
0.55,0.74,0.551791
0.55,0.75,0.556777
0.55,0.76,0.561741
0.55,0.77,0.557145
0.55,0.78,0.560085
0.56,0,0.562632
0.56,0.01,0.564082
0.56,0.02,0.558744
0.56,0.03,0.555577
0.56,0.04,0.554028
0.56,0.05,0.550624
0.56,0.06,0.547701
0.56,0.07,0.548551
0.56,0.08,0.542049
0.56,0.09,0.539926
0.56,0.1,0.53997
0.56,0.11,0.538253
0.56,0.12,0.535801
0.56,0.13,0.530006
0.56,0.14,0.528473
0.56,0.15,0.527237
0.56,0.16,0.522991
0.56,0.17,0.523485
0.56,0.18,0.516374
0.56,0.19,0.51735
0.56,0.2,0.515962
0.56,0.21,0.511178
0.56,0.22,0.514089
0.56,0.23,0.510584
0.56,0.24,0.506915
0.56,0.25,0.507112
0.56,0.26,0.505379
0.56,0.27,0.504596
0.56,0.28,0.499972
0.56,0.29,0.50186
0.56,0.3,0.501234
0.56,0.31,0.49895
0.56,0.32,0.499029
0.56,0.33,0.496953
0.56,0.34,0.49617
0.56,0.35,0.494758
0.56,0.36,0.495541
0.56,0.37,0.495699
0.56,0.38,0.496126
0.56,0.39,0.497204
0.56,0.4,0.497265
0.56,0.41,0.493718
0.56,0.42,0.494669
0.56,0.43,0.494911
0.56,0.44,0.496706
0.56,0.45,0.496464
0.56,0.46,0.498269
0.56,0.47,0.502273
0.56,0.48,0.502501
0.56,0.49,0.50197
0.56,0.5,0.503364
0.56,0.51,0.504066
0.56,0.52,0.503562
0.56,0.53,0.50463
0.56,0.54,0.508203
0.56,0.55,0.511409
0.56,0.56,0.510934
0.56,0.57,0.513196
0.56,0.58,0.516546
0.56,0.59,0.518199
0.56,0.6,0.518159
0.56,0.61,0.519858
0.56,0.62,0.5251
0.56,0.63,0.525665
0.56,0.64,0.529353
0.56,0.65,0.529566
0.56,0.66,0.531124
0.56,0.67,0.534141
0.56,0.68,0.540842
0.56,0.69,0.541067
0.56,0.7,0.543273
0.56,0.71,0.541926
0.56,0.72,0.545365
0.56,0.73,0.547729
0.56,0.74,0.552574
0.56,0.75,0.557832
0.56,0.76,0.557605
0.56,0.77,0.561056
0.56,0.78,0.566049
0.57,0,0.565994
0.57,0.01,0.564868
0.57,0.02,0.55699
0.57,0.03,0.556639
0.57,0.04,0.553999
0.57,0.05,0.553023
0.57,0.06,0.548461
0.57,0.07,0.547033
0.57,0.08,0.544608
0.57,0.09,0.539729
0.57,0.1,0.540041
0.57,0.11,0.534637
0.57,0.12,0.535015
0.57,0.13,0.528783
0.57,0.14,0.530629
0.57,0.15,0.527164
0.57,0.16,0.523574
0.57,0.17,0.522307
0.57,0.18,0.521172
0.57,0.19,0.518775
0.57,0.2,0.518247
0.57,0.21,0.511465
0.57,0.22,0.512072
0.57,0.23,0.512479
0.57,0.24,0.509709
0.57,0.25,0.50388
0.57,0.26,0.502434
0.57,0.27,0.504823
0.57,0.28,0.503527
0.57,0.29,0.499896
0.57,0.3,0.501514
0.57,0.31,0.495979
0.57,0.32,0.495598
0.57,0.33,0.494477
0.57,0.34,0.493517
0.57,0.35,0.493517
0.57,0.36,0.49275
0.57,0.37,0.492948
0.57,0.38,0.492448
0.57,0.39,0.48999
0.57,0.4,0.492775
0.57,0.41,0.493434
0.57,0.42,0.493773
0.57,0.43,0.496896
0.57,0.44,0.493419
0.57,0.45,0.4956
0.57,0.46,0.498184
0.57,0.47,0.499648
0.57,0.48,0.499105
0.57,0.49,0.49889
0.57,0.5,0.500487
0.57,0.51,0.504229
0.57,0.52,0.503946
0.57,0.53,0.508132
0.57,0.54,0.506543
0.57,0.55,0.50764
0.57,0.56,0.511274
0.57,0.57,0.51384
0.57,0.58,0.509982
0.57,0.59,0.516361
0.57,0.6,0.519722
0.57,0.61,0.519466
0.57,0.62,0.522307
0.57,0.63,0.526448
0.57,0.64,0.526622
0.57,0.65,0.529696
0.57,0.66,0.534517
0.57,0.67,0.535053
0.57,0.68,0.535468
0.57,0.69,0.540816
0.57,0.7,0.543065
0.57,0.71,0.54526
0.57,0.72,0.547347
0.57,0.73,0.548961
0.57,0.74,0.553812
0.57,0.75,0.552986
0.57,0.76,0.557046
0.57,0.77,0.562262
0.57,0.78,0.56275
0.58,0,0.565143
0.58,0.01,0.563541
0.58,0.02,0.561265
0.58,0.03,0.556176
0.58,0.04,0.554932
0.58,0.05,0.550586
0.58,0.06,0.5494
0.58,0.07,0.546029
0.58,0.08,0.541929
0.58,0.09,0.541228
0.58,0.1,0.542791
0.58,0.11,0.538988
0.58,0.12,0.53228
0.58,0.13,0.532795
0.58,0.14,0.528848
0.58,0.15,0.52468
0.58,0.16,0.519374
0.58,0.17,0.519045
0.58,0.18,0.518846
0.58,0.19,0.515946
0.58,0.2,0.512671
0.58,0.21,0.512194
0.58,0.22,0.507391
0.58,0.23,0.508522
0.58,0.24,0.507948
0.58,0.25,0.502758
0.58,0.26,0.499504
0.58,0.27,0.502427
0.58,0.28,0.500495
0.58,0.29,0.500347
0.58,0.3,0.497638
0.58,0.31,0.500544
0.58,0.32,0.494319
0.58,0.33,0.49478
0.58,0.34,0.491767
0.58,0.35,0.492787
0.58,0.36,0.494687
0.58,0.37,0.494778
0.58,0.38,0.491601
0.58,0.39,0.493436
0.58,0.4,0.491774
0.58,0.41,0.492585
0.58,0.42,0.493887
0.58,0.43,0.491672
0.58,0.44,0.492462
0.58,0.45,0.493242
0.58,0.46,0.497097
0.58,0.47,0.492441
0.58,0.48,0.495506
0.58,0.49,0.49661
0.58,0.5,0.499056
0.58,0.51,0.500155
0.58,0.52,0.500786
0.58,0.53,0.504956
0.58,0.54,0.506172
0.58,0.55,0.50624
0.58,0.56,0.510755
0.58,0.57,0.511115
0.58,0.58,0.517199
0.58,0.59,0.514505
0.58,0.6,0.516737
0.58,0.61,0.519057
0.58,0.62,0.519701
0.58,0.63,0.52206
0.58,0.64,0.529937
0.58,0.65,0.529624
0.58,0.66,0.533427
0.58,0.67,0.533198
0.58,0.68,0.537921
0.58,0.69,0.538514
0.58,0.7,0.541262
0.58,0.71,0.544531
0.58,0.72,0.549519
0.58,0.73,0.550155
0.58,0.74,0.554268
0.58,0.75,0.555463
0.58,0.76,0.557765
0.58,0.77,0.563037
0.58,0.78,0.564147
0.59,0,0.565499
0.59,0.01,0.56244
0.59,0.02,0.560219
0.59,0.03,0.5585
0.59,0.04,0.55055
0.59,0.05,0.554376
0.59,0.06,0.550485
0.59,0.07,0.54909
0.59,0.08,0.545961
0.59,0.09,0.54111
0.59,0.1,0.537884
0.59,0.11,0.533408
0.59,0.12,0.531728
0.59,0.13,0.531381
0.59,0.14,0.530079
0.59,0.15,0.523652
0.59,0.16,0.524217
0.59,0.17,0.519982
0.59,0.18,0.518484
0.59,0.19,0.513803
0.59,0.2,0.513252
0.59,0.21,0.509972
0.59,0.22,0.507393
0.59,0.23,0.5058
0.59,0.24,0.504308
0.59,0.25,0.503069
0.59,0.26,0.499238
0.59,0.27,0.501673
0.59,0.28,0.499909
0.59,0.29,0.497502
0.59,0.3,0.492623
0.59,0.31,0.496497
0.59,0.32,0.49374
0.59,0.33,0.492292
0.59,0.34,0.492262
0.59,0.35,0.496711
0.59,0.36,0.490849
0.59,0.37,0.4906
0.59,0.38,0.489719
0.59,0.39,0.488053
0.59,0.4,0.491692
0.59,0.41,0.490327
0.59,0.42,0.491421
0.59,0.43,0.493615
0.59,0.44,0.490864
0.59,0.45,0.493906
0.59,0.46,0.493884
0.59,0.47,0.499721
0.59,0.48,0.495252
0.59,0.49,0.497216
0.59,0.5,0.497439
0.59,0.51,0.499749
0.59,0.52,0.502469
0.59,0.53,0.502961
0.59,0.54,0.504869
0.59,0.55,0.506199
0.59,0.56,0.509764
0.59,0.57,0.514549
0.59,0.58,0.509686
0.59,0.59,0.514224
0.59,0.6,0.516019
0.59,0.61,0.519128
0.59,0.62,0.521939
0.59,0.63,0.52438
0.59,0.64,0.527936
0.59,0.65,0.532573
0.59,0.66,0.531589
0.59,0.67,0.534641
0.59,0.68,0.535333
0.59,0.69,0.538298
0.59,0.7,0.541613
0.59,0.71,0.542843
0.59,0.72,0.550921
0.59,0.73,0.549798
0.59,0.74,0.554197
0.59,0.75,0.557265
0.59,0.76,0.560751
0.59,0.77,0.562833
0.59,0.78,0.562058
0.6,0,0.564816
0.6,0.01,0.561957
0.6,0.02,0.561868
0.6,0.03,0.556643
0.6,0.04,0.556332
0.6,0.05,0.552258
0.6,0.06,0.545601
0.6,0.07,0.546563
0.6,0.08,0.544217
0.6,0.09,0.539041
0.6,0.1,0.540084
0.6,0.11,0.534468
0.6,0.12,0.530587
0.6,0.13,0.530408
0.6,0.14,0.528405
0.6,0.15,0.523164
0.6,0.16,0.521631
0.6,0.17,0.514745
0.6,0.18,0.516948
0.6,0.19,0.514565
0.6,0.2,0.515787
0.6,0.21,0.51261
0.6,0.22,0.510617
0.6,0.23,0.505685
0.6,0.24,0.505771
0.6,0.25,0.499793
0.6,0.26,0.504667
0.6,0.27,0.500361
0.6,0.28,0.494367
0.6,0.29,0.496303
0.6,0.3,0.495266
0.6,0.31,0.493516
0.6,0.32,0.493636
0.6,0.33,0.490845
0.6,0.34,0.491015
0.6,0.35,0.491301
0.6,0.36,0.487083
0.6,0.37,0.488497
0.6,0.38,0.488144
0.6,0.39,0.491407
0.6,0.4,0.48786
0.6,0.41,0.493312
0.6,0.42,0.494379
0.6,0.43,0.490961
0.6,0.44,0.4879
0.6,0.45,0.493182
0.6,0.46,0.492187
0.6,0.47,0.493215
0.6,0.48,0.48908
0.6,0.49,0.493581
0.6,0.5,0.499005
0.6,0.51,0.498593
0.6,0.52,0.500791
0.6,0.53,0.506254
0.6,0.54,0.505954
0.6,0.55,0.505531
0.6,0.56,0.504095
0.6,0.57,0.508084
0.6,0.58,0.508801
0.6,0.59,0.514154
0.6,0.6,0.514907
0.6,0.61,0.516398
0.6,0.62,0.520759
0.6,0.63,0.521115
0.6,0.64,0.527852
0.6,0.65,0.528462
0.6,0.66,0.532268
0.6,0.67,0.533455
0.6,0.68,0.53467
0.6,0.69,0.537458
0.6,0.7,0.542855
0.6,0.71,0.54502
0.6,0.72,0.543509
0.6,0.73,0.550557
0.6,0.74,0.553365
0.6,0.75,0.556809
0.6,0.76,0.557662
0.6,0.77,0.565329
0.6,0.78,0.566477
0.61,0,0.56465
0.61,0.01,0.565014
0.61,0.02,0.558051
0.61,0.03,0.55588
0.61,0.04,0.556391
0.61,0.05,0.553462
0.61,0.06,0.549136
0.61,0.07,0.547632
0.61,0.08,0.542963
0.61,0.09,0.540369
0.61,0.1,0.537624
0.61,0.11,0.532976
0.61,0.12,0.531276
0.61,0.13,0.530455
0.61,0.14,0.524104
0.61,0.15,0.522421
0.61,0.16,0.517582
0.61,0.17,0.517809
0.61,0.18,0.516555
0.61,0.19,0.509851
0.61,0.2,0.510249
0.61,0.21,0.513463
0.61,0.22,0.506993
0.61,0.23,0.505641
0.61,0.24,0.502283
0.61,0.25,0.498928
0.61,0.26,0.503158
0.61,0.27,0.493974
0.61,0.28,0.497583
0.61,0.29,0.495318
0.61,0.3,0.495028
0.61,0.31,0.492706
0.61,0.32,0.487493
0.61,0.33,0.490139
0.61,0.34,0.497057
0.61,0.35,0.490226
0.61,0.36,0.486797
0.61,0.37,0.487803
0.61,0.38,0.487586
0.61,0.39,0.486706
0.61,0.4,0.487468
0.61,0.41,0.492482
0.61,0.42,0.486421
0.61,0.43,0.489736
0.61,0.44,0.493126
0.61,0.45,0.490685
0.61,0.46,0.489552
0.61,0.47,0.493191
0.61,0.48,0.492582
0.61,0.49,0.492773
0.61,0.5,0.494614
0.61,0.51,0.499344
0.61,0.52,0.496614
0.61,0.53,0.501425
0.61,0.54,0.501488
0.61,0.55,0.506443
0.61,0.56,0.508642
0.61,0.57,0.507394
0.61,0.58,0.511279
0.61,0.59,0.511843
0.61,0.6,0.513093
0.61,0.61,0.515162
0.61,0.62,0.517472
0.61,0.63,0.521808
0.61,0.64,0.523354
0.61,0.65,0.525741
0.61,0.66,0.532993
0.61,0.67,0.533872
0.61,0.68,0.537118
0.61,0.69,0.540173
0.61,0.7,0.544295
0.61,0.71,0.541908
0.61,0.72,0.548559
0.61,0.73,0.550533
0.61,0.74,0.554477
0.61,0.75,0.55595
0.61,0.76,0.556571
0.61,0.77,0.561014
0.61,0.78,0.564515
0.62,0,0.565774
0.62,0.01,0.562595
0.62,0.02,0.560787
0.62,0.03,0.560173
0.62,0.04,0.554596
0.62,0.05,0.553986
0.62,0.06,0.549301
0.62,0.07,0.544005
0.62,0.08,0.541279
0.62,0.09,0.538961
0.62,0.1,0.5381
0.62,0.11,0.535595
0.62,0.12,0.530826
0.62,0.13,0.52601
0.62,0.14,0.527535
0.62,0.15,0.522542
0.62,0.16,0.518848
0.62,0.17,0.513555
0.62,0.18,0.515475
0.62,0.19,0.513241
0.62,0.2,0.508783
0.62,0.21,0.507352
0.62,0.22,0.507579
0.62,0.23,0.504633
0.62,0.24,0.504057
0.62,0.25,0.500116
0.62,0.26,0.499512
0.62,0.27,0.498498
0.62,0.28,0.49504
0.62,0.29,0.496008
0.62,0.3,0.495723
0.62,0.31,0.488987
0.62,0.32,0.489074
0.62,0.33,0.490704
0.62,0.34,0.48697
0.62,0.35,0.488373
0.62,0.36,0.486342
0.62,0.37,0.487849
0.62,0.38,0.48885
0.62,0.39,0.489421
0.62,0.4,0.486823
0.62,0.41,0.481512
0.62,0.42,0.489217
0.62,0.43,0.485771
0.62,0.44,0.486534
0.62,0.45,0.487066
0.62,0.46,0.488575
0.62,0.47,0.49012
0.62,0.48,0.495181
0.62,0.49,0.494642
0.62,0.5,0.494092
0.62,0.51,0.496319
0.62,0.52,0.498852
0.62,0.53,0.499864
0.62,0.54,0.500081
0.62,0.55,0.50012
0.62,0.56,0.502103
0.62,0.57,0.509187
0.62,0.58,0.506468
0.62,0.59,0.511111
0.62,0.6,0.511996
0.62,0.61,0.515052
0.62,0.62,0.520303
0.62,0.63,0.519052
0.62,0.64,0.527797
0.62,0.65,0.524504
0.62,0.66,0.529077
0.62,0.67,0.535926
0.62,0.68,0.533248
0.62,0.69,0.541051
0.62,0.7,0.538895
0.62,0.71,0.544456
0.62,0.72,0.547049
0.62,0.73,0.551642
0.62,0.74,0.550834
0.62,0.75,0.55472
0.62,0.76,0.557667
0.62,0.77,0.563407
0.62,0.78,0.565551
0.63,0,0.565442
0.63,0.01,0.563566
0.63,0.02,0.557313
0.63,0.03,0.557347
0.63,0.04,0.55329
0.63,0.05,0.552169
0.63,0.06,0.548151
0.63,0.07,0.542351
0.63,0.08,0.543752
0.63,0.09,0.537501
0.63,0.1,0.537722
0.63,0.11,0.53103
0.63,0.12,0.52615
0.63,0.13,0.530142
0.63,0.14,0.524689
0.63,0.15,0.518834
0.63,0.16,0.522051
0.63,0.17,0.514047
0.63,0.18,0.513509
0.63,0.19,0.510836
0.63,0.2,0.509567
0.63,0.21,0.505762
0.63,0.22,0.504114
0.63,0.23,0.500463
0.63,0.24,0.50015
0.63,0.25,0.501219
0.63,0.26,0.498283
0.63,0.27,0.497532
0.63,0.28,0.49261
0.63,0.29,0.492105
0.63,0.3,0.488032
0.63,0.31,0.487153
0.63,0.32,0.490127
0.63,0.33,0.48795
0.63,0.34,0.486018
0.63,0.35,0.483293
0.63,0.36,0.483678
0.63,0.37,0.484285
0.63,0.38,0.486472
0.63,0.39,0.486592
0.63,0.4,0.484504
0.63,0.41,0.482499
0.63,0.42,0.484398
0.63,0.43,0.487689
0.63,0.44,0.485971
0.63,0.45,0.48827
0.63,0.46,0.489993
0.63,0.47,0.490728
0.63,0.48,0.487427
0.63,0.49,0.493703
0.63,0.5,0.492041
0.63,0.51,0.497363
0.63,0.52,0.495912
0.63,0.53,0.497663
0.63,0.54,0.499197
0.63,0.55,0.505932
0.63,0.56,0.508162
0.63,0.57,0.503002
0.63,0.58,0.50768
0.63,0.59,0.507857
0.63,0.6,0.511477
0.63,0.61,0.51419
0.63,0.62,0.517389
0.63,0.63,0.521149
0.63,0.64,0.527003
0.63,0.65,0.527697
0.63,0.66,0.531863
0.63,0.67,0.532463
0.63,0.68,0.53449
0.63,0.69,0.541472
0.63,0.7,0.539004
0.63,0.71,0.544742
0.63,0.72,0.548012
0.63,0.73,0.546399
0.63,0.74,0.551984
0.63,0.75,0.55562
0.63,0.76,0.556727
0.63,0.77,0.556954
0.63,0.78,0.564397
0.64,0,0.564495
0.64,0.01,0.561619
0.64,0.02,0.559084
0.64,0.03,0.55443
0.64,0.04,0.553083
0.64,0.05,0.548525
0.64,0.06,0.553015
0.64,0.07,0.545645
0.64,0.08,0.539837
0.64,0.09,0.540106
0.64,0.1,0.535087
0.64,0.11,0.530373
0.64,0.12,0.53072
0.64,0.13,0.530228
0.64,0.14,0.523372
0.64,0.15,0.520346
0.64,0.16,0.51809
0.64,0.17,0.515659
0.64,0.18,0.514053
0.64,0.19,0.514025
0.64,0.2,0.505895
0.64,0.21,0.500414
0.64,0.22,0.503666
0.64,0.23,0.501018
0.64,0.24,0.501104
0.64,0.25,0.499611
0.64,0.26,0.497921
0.64,0.27,0.492944
0.64,0.28,0.492305
0.64,0.29,0.491102
0.64,0.3,0.489092
0.64,0.31,0.488219
0.64,0.32,0.489835
0.64,0.33,0.485846
0.64,0.34,0.485488
0.64,0.35,0.487582
0.64,0.36,0.482163
0.64,0.37,0.485315
0.64,0.38,0.482143
0.64,0.39,0.483459
0.64,0.4,0.481922
0.64,0.41,0.48695
0.64,0.42,0.485315
0.64,0.43,0.483986
0.64,0.44,0.483854
0.64,0.45,0.483602
0.64,0.46,0.488959
0.64,0.47,0.488441
0.64,0.48,0.491732
0.64,0.49,0.489823
0.64,0.5,0.49233
0.64,0.51,0.493836
0.64,0.52,0.493698
0.64,0.53,0.494313
0.64,0.54,0.496765
0.64,0.55,0.497877
0.64,0.56,0.502057
0.64,0.57,0.505147
0.64,0.58,0.507788
0.64,0.59,0.512318
0.64,0.6,0.5127
0.64,0.61,0.512824
0.64,0.62,0.514928
0.64,0.63,0.52071
0.64,0.64,0.520291
0.64,0.65,0.527618
0.64,0.66,0.528519
0.64,0.67,0.533774
0.64,0.68,0.530381
0.64,0.69,0.537414
0.64,0.7,0.540515
0.64,0.71,0.544197
0.64,0.72,0.548382
0.64,0.73,0.54842
0.64,0.74,0.552859
0.64,0.75,0.556347
0.64,0.76,0.563415
0.64,0.77,0.560245
0.64,0.78,0.567764
0.65,0,0.562616
0.65,0.01,0.562563
0.65,0.02,0.558656
0.65,0.03,0.557799
0.65,0.04,0.55302
0.65,0.05,0.548864
0.65,0.06,0.547561
0.65,0.07,0.546656
0.65,0.08,0.538524
0.65,0.09,0.536661
0.65,0.1,0.534798
0.65,0.11,0.531939
0.65,0.12,0.53094
0.65,0.13,0.527919
0.65,0.14,0.523983
0.65,0.15,0.517407
0.65,0.16,0.517784
0.65,0.17,0.514839
0.65,0.18,0.509035
0.65,0.19,0.510708
0.65,0.2,0.507614
0.65,0.21,0.504712
0.65,0.22,0.50093
0.65,0.23,0.498642
0.65,0.24,0.496818
0.65,0.25,0.495614
0.65,0.26,0.497836
0.65,0.27,0.492497
0.65,0.28,0.490391
0.65,0.29,0.489762
0.65,0.3,0.490277
0.65,0.31,0.486296
0.65,0.32,0.48535
0.65,0.33,0.483536
0.65,0.34,0.482434
0.65,0.35,0.486679
0.65,0.36,0.483041
0.65,0.37,0.480799
0.65,0.38,0.483475
0.65,0.39,0.482405
0.65,0.4,0.483179
0.65,0.41,0.480918
0.65,0.42,0.48423
0.65,0.43,0.480661
0.65,0.44,0.483428
0.65,0.45,0.48574
0.65,0.46,0.485336
0.65,0.47,0.486633
0.65,0.48,0.492365
0.65,0.49,0.491723
0.65,0.5,0.491804
0.65,0.51,0.490705
0.65,0.52,0.489866
0.65,0.53,0.496789
0.65,0.54,0.497181
0.65,0.55,0.497027
0.65,0.56,0.501138
0.65,0.57,0.504607
0.65,0.58,0.502261
0.65,0.59,0.507126
0.65,0.6,0.511666
0.65,0.61,0.514396
0.65,0.62,0.519294
0.65,0.63,0.519893
0.65,0.64,0.521281
0.65,0.65,0.527096
0.65,0.66,0.529952
0.65,0.67,0.531357
0.65,0.68,0.531243
0.65,0.69,0.536522
0.65,0.7,0.54003
0.65,0.71,0.539515
0.65,0.72,0.545694
0.65,0.73,0.549353
0.65,0.74,0.554283
0.65,0.75,0.558045
0.65,0.76,0.558531
0.65,0.77,0.563619
0.65,0.78,0.564484
0.66,0,0.56226
0.66,0.01,0.558126
0.66,0.02,0.558284
0.66,0.03,0.555568
0.66,0.04,0.551124
0.66,0.05,0.551903
0.66,0.06,0.545709
0.66,0.07,0.541664
0.66,0.08,0.538984
0.66,0.09,0.539108
0.66,0.1,0.537191
0.66,0.11,0.529555
0.66,0.12,0.531593
0.66,0.13,0.523609
0.66,0.14,0.520767
0.66,0.15,0.516477
0.66,0.16,0.514756
0.66,0.17,0.510972
0.66,0.18,0.511953
0.66,0.19,0.508658
0.66,0.2,0.50947
0.66,0.21,0.501366
0.66,0.22,0.499982
0.66,0.23,0.498663
0.66,0.24,0.496349
0.66,0.25,0.49692
0.66,0.26,0.493318
0.66,0.27,0.492256
0.66,0.28,0.489646
0.66,0.29,0.485133
0.66,0.3,0.486314
0.66,0.31,0.485948
0.66,0.32,0.48781
0.66,0.33,0.484311
0.66,0.34,0.485037
0.66,0.35,0.482068
0.66,0.36,0.48116
0.66,0.37,0.48282
0.66,0.38,0.483657
0.66,0.39,0.480652
0.66,0.4,0.477577
0.66,0.41,0.480375
0.66,0.42,0.480501
0.66,0.43,0.480643
0.66,0.44,0.482576
0.66,0.45,0.483675
0.66,0.46,0.48642
0.66,0.47,0.48724
0.66,0.48,0.487343
0.66,0.49,0.488276
0.66,0.5,0.488033
0.66,0.51,0.492888
0.66,0.52,0.49231
0.66,0.53,0.497449
0.66,0.54,0.49735
0.66,0.55,0.497067
0.66,0.56,0.495688
0.66,0.57,0.502618
0.66,0.58,0.506456
0.66,0.59,0.503027
0.66,0.6,0.510254
0.66,0.61,0.510629
0.66,0.62,0.515023
0.66,0.63,0.523686
0.66,0.64,0.523244
0.66,0.65,0.525633
0.66,0.66,0.526159
0.66,0.67,0.53035
0.66,0.68,0.533955
0.66,0.69,0.534002
0.66,0.7,0.540605
0.66,0.71,0.542443
0.66,0.72,0.542454
0.66,0.73,0.54791
0.66,0.74,0.548537
0.66,0.75,0.556274
0.66,0.76,0.556118
0.66,0.77,0.560634
0.66,0.78,0.563505
0.67,0,0.562688
0.67,0.01,0.560768
0.67,0.02,0.55817
0.67,0.03,0.553611
0.67,0.04,0.552696
0.67,0.05,0.550663
0.67,0.06,0.547096
0.67,0.07,0.540586
0.67,0.08,0.538627
0.67,0.09,0.537217
0.67,0.1,0.536941
0.67,0.11,0.531807
0.67,0.12,0.526016
0.67,0.13,0.527104
0.67,0.14,0.51801
0.67,0.15,0.519819
0.67,0.16,0.514952
0.67,0.17,0.510621
0.67,0.18,0.508364
0.67,0.19,0.507332
0.67,0.2,0.506177
0.67,0.21,0.502415
0.67,0.22,0.501066
0.67,0.23,0.499096
0.67,0.24,0.497484
0.67,0.25,0.493539
0.67,0.26,0.496849
0.67,0.27,0.48985
0.67,0.28,0.489382
0.67,0.29,0.484402
0.67,0.3,0.48297
0.67,0.31,0.488636
0.67,0.32,0.484603
0.67,0.33,0.482606
0.67,0.34,0.482342
0.67,0.35,0.48092
0.67,0.36,0.481157
0.67,0.37,0.478035
0.67,0.38,0.479216
0.67,0.39,0.479002
0.67,0.4,0.480716
0.67,0.41,0.480902
0.67,0.42,0.481443
0.67,0.43,0.48266
0.67,0.44,0.483507
0.67,0.45,0.483107
0.67,0.46,0.482656
0.67,0.47,0.487384
0.67,0.48,0.485318
0.67,0.49,0.486836
0.67,0.5,0.488408
0.67,0.51,0.491381
0.67,0.52,0.489226
0.67,0.53,0.494045
0.67,0.54,0.494188
0.67,0.55,0.498389
0.67,0.56,0.500122
0.67,0.57,0.504059
0.67,0.58,0.506006
0.67,0.59,0.511669
0.67,0.6,0.509275
0.67,0.61,0.51257
0.67,0.62,0.514397
0.67,0.63,0.517915
0.67,0.64,0.520702
0.67,0.65,0.522182
0.67,0.66,0.527746
0.67,0.67,0.531011
0.67,0.68,0.531302
0.67,0.69,0.534948
0.67,0.7,0.537245
0.67,0.71,0.542138
0.67,0.72,0.546642
0.67,0.73,0.549175
0.67,0.74,0.550937
0.67,0.75,0.555611
0.67,0.76,0.557851
0.67,0.77,0.559926
0.67,0.78,0.562002
0.68,0,0.562737
0.68,0.01,0.558539
0.68,0.02,0.557231
0.68,0.03,0.555883
0.68,0.04,0.55317
0.68,0.05,0.550038
0.68,0.06,0.54518
0.68,0.07,0.542677
0.68,0.08,0.541781
0.68,0.09,0.533942
0.68,0.1,0.534125
0.68,0.11,0.528114
0.68,0.12,0.527755
0.68,0.13,0.521968
0.68,0.14,0.520533
0.68,0.15,0.51717
0.68,0.16,0.515251
0.68,0.17,0.51346
0.68,0.18,0.507876
0.68,0.19,0.506558
0.68,0.2,0.505294
0.68,0.21,0.498624
0.68,0.22,0.496674
0.68,0.23,0.494437
0.68,0.24,0.497245
0.68,0.25,0.494197
0.68,0.26,0.49405
0.68,0.27,0.489356
0.68,0.28,0.485515
0.68,0.29,0.484376
0.68,0.3,0.485755
0.68,0.31,0.484958
0.68,0.32,0.486719
0.68,0.33,0.480395
0.68,0.34,0.480025
0.68,0.35,0.483162
0.68,0.36,0.478839
0.68,0.37,0.476349
0.68,0.38,0.478444
0.68,0.39,0.480501
0.68,0.4,0.479524
0.68,0.41,0.481182
0.68,0.42,0.479179
0.68,0.43,0.478116
0.68,0.44,0.47771
0.68,0.45,0.479964
0.68,0.46,0.481501
0.68,0.47,0.484269
0.68,0.48,0.485834
0.68,0.49,0.486749
0.68,0.5,0.485816
0.68,0.51,0.490634
0.68,0.52,0.492553
0.68,0.53,0.494142
0.68,0.54,0.49538
0.68,0.55,0.494795
0.68,0.56,0.496966
0.68,0.57,0.500478
0.68,0.58,0.503313
0.68,0.59,0.506633
0.68,0.6,0.509324
0.68,0.61,0.509551
0.68,0.62,0.510516
0.68,0.63,0.512704
0.68,0.64,0.519727
0.68,0.65,0.520398
0.68,0.66,0.525178
0.68,0.67,0.529584
0.68,0.68,0.53048
0.68,0.69,0.534201
0.68,0.7,0.538181
0.68,0.71,0.539804
0.68,0.72,0.547846
0.68,0.73,0.54443
0.68,0.74,0.552611
0.68,0.75,0.554201
0.68,0.76,0.553989
0.68,0.77,0.557535
0.68,0.78,0.56174
0.69,0,0.560871
0.69,0.01,0.559248
0.69,0.02,0.557327
0.69,0.03,0.553973
0.69,0.04,0.551665
0.69,0.05,0.546284
0.69,0.06,0.543373
0.69,0.07,0.543329
0.69,0.08,0.535944
0.69,0.09,0.533206
0.69,0.1,0.52981
0.69,0.11,0.530038
0.69,0.12,0.522908
0.69,0.13,0.519905
0.69,0.14,0.516975
0.69,0.15,0.516857
0.69,0.16,0.50902
0.69,0.17,0.513169
0.69,0.18,0.507818
0.69,0.19,0.50536
0.69,0.2,0.504679
0.69,0.21,0.499383
0.69,0.22,0.495867
0.69,0.23,0.495479
0.69,0.24,0.495539
0.69,0.25,0.492886
0.69,0.26,0.490535
0.69,0.27,0.490967
0.69,0.28,0.486518
0.69,0.29,0.487327
0.69,0.3,0.484945
0.69,0.31,0.477651
0.69,0.32,0.47956
0.69,0.33,0.481932
0.69,0.34,0.480754
0.69,0.35,0.477118
0.69,0.36,0.477526
0.69,0.37,0.481784
0.69,0.38,0.479886
0.69,0.39,0.479006
0.69,0.4,0.475673
0.69,0.41,0.475377
0.69,0.42,0.480213
0.69,0.43,0.480606
0.69,0.44,0.479888
0.69,0.45,0.481096
0.69,0.46,0.484387
0.69,0.47,0.483406
0.69,0.48,0.483225
0.69,0.49,0.48483
0.69,0.5,0.489919
0.69,0.51,0.487161
0.69,0.52,0.483988
0.69,0.53,0.489477
0.69,0.54,0.491465
0.69,0.55,0.493466
0.69,0.56,0.499611
0.69,0.57,0.502336
0.69,0.58,0.505181
0.69,0.59,0.508952
0.69,0.6,0.506278
0.69,0.61,0.511673
0.69,0.62,0.516994
0.69,0.63,0.519028
0.69,0.64,0.518622
0.69,0.65,0.522389
0.69,0.66,0.522385
0.69,0.67,0.521831
0.69,0.68,0.53096
0.69,0.69,0.531984
0.69,0.7,0.54027
0.69,0.71,0.53928
0.69,0.72,0.541777
0.69,0.73,0.545415
0.69,0.74,0.549717
0.69,0.75,0.5531
0.69,0.76,0.558439
0.69,0.77,0.55928
0.69,0.78,0.561201
0.7,0,0.564061
0.7,0.01,0.557965
0.7,0.02,0.554982
0.7,0.03,0.556192
0.7,0.04,0.551091
0.7,0.05,0.544849
0.7,0.06,0.540909
0.7,0.07,0.539506
0.7,0.08,0.536501
0.7,0.09,0.534538
0.7,0.1,0.532392
0.7,0.11,0.525791
0.7,0.12,0.526968
0.7,0.13,0.518105
0.7,0.14,0.519576
0.7,0.15,0.516016
0.7,0.16,0.512757
0.7,0.17,0.510675
0.7,0.18,0.504718
0.7,0.19,0.504063
0.7,0.2,0.502787
0.7,0.21,0.501356
0.7,0.22,0.499937
0.7,0.23,0.496144
0.7,0.24,0.493888
0.7,0.25,0.488587
0.7,0.26,0.488022
0.7,0.27,0.489735
0.7,0.28,0.489082
0.7,0.29,0.487736
0.7,0.3,0.484703
0.7,0.31,0.476389
0.7,0.32,0.480528
0.7,0.33,0.482137
0.7,0.34,0.481732
0.7,0.35,0.479736
0.7,0.36,0.477251
0.7,0.37,0.475102
0.7,0.38,0.478689
0.7,0.39,0.477314
0.7,0.4,0.481113
0.7,0.41,0.478142
0.7,0.42,0.479955
0.7,0.43,0.477376
0.7,0.44,0.483647
0.7,0.45,0.480057
0.7,0.46,0.481751
0.7,0.47,0.480012
0.7,0.48,0.481094
0.7,0.49,0.484343
0.7,0.5,0.485443
0.7,0.51,0.48784
0.7,0.52,0.489877
0.7,0.53,0.48902
0.7,0.54,0.495165
0.7,0.55,0.497292
0.7,0.56,0.498802
0.7,0.57,0.497124
0.7,0.58,0.499981
0.7,0.59,0.505568
0.7,0.6,0.509054
0.7,0.61,0.510987
0.7,0.62,0.512484
0.7,0.63,0.515168
0.7,0.64,0.518349
0.7,0.65,0.521276
0.7,0.66,0.525528
0.7,0.67,0.52509
0.7,0.68,0.529926
0.7,0.69,0.530295
0.7,0.7,0.53596
0.7,0.71,0.542282
0.7,0.72,0.543651
0.7,0.73,0.548035
0.7,0.74,0.548443
0.7,0.75,0.549332
0.7,0.76,0.554927
0.7,0.77,0.5593
0.7,0.78,0.562612
0.71,0,0.561138
0.71,0.01,0.558692
0.71,0.02,0.555153
0.71,0.03,0.550608
0.71,0.04,0.54813
0.71,0.05,0.544457
0.71,0.06,0.545154
0.71,0.07,0.537146
0.71,0.08,0.53532
0.71,0.09,0.533716
0.71,0.1,0.52868
0.71,0.11,0.52748
0.71,0.12,0.525308
0.71,0.13,0.518544
0.71,0.14,0.516341
0.71,0.15,0.515247
0.71,0.16,0.513082
0.71,0.17,0.512347
0.71,0.18,0.507018
0.71,0.19,0.504453
0.71,0.2,0.501884
0.71,0.21,0.501667
0.71,0.22,0.49896
0.71,0.23,0.493571
0.71,0.24,0.492731
0.71,0.25,0.491362
0.71,0.26,0.489734
0.71,0.27,0.487983
0.71,0.28,0.484661
0.71,0.29,0.482301
0.71,0.3,0.481118
0.71,0.31,0.48159
0.71,0.32,0.481576
0.71,0.33,0.480292
0.71,0.34,0.478852
0.71,0.35,0.47713
0.71,0.36,0.478482
0.71,0.37,0.477663
0.71,0.38,0.477416
0.71,0.39,0.476148
0.71,0.4,0.473828
0.71,0.41,0.474342
0.71,0.42,0.475499
0.71,0.43,0.477971
0.71,0.44,0.475827
0.71,0.45,0.47737
0.71,0.46,0.479611
0.71,0.47,0.48152
0.71,0.48,0.482084
0.71,0.49,0.484373
0.71,0.5,0.483167
0.71,0.51,0.487838
0.71,0.52,0.488274
0.71,0.53,0.487239
0.71,0.54,0.493541
0.71,0.55,0.494825
0.71,0.56,0.490711
0.71,0.57,0.499015
0.71,0.58,0.497751
0.71,0.59,0.503317
0.71,0.6,0.505735
0.71,0.61,0.509049
0.71,0.62,0.511254
0.71,0.63,0.515446
0.71,0.64,0.516018
0.71,0.65,0.520425
0.71,0.66,0.523697
0.71,0.67,0.528083
0.71,0.68,0.533694
0.71,0.69,0.529311
0.71,0.7,0.539099
0.71,0.71,0.536931
0.71,0.72,0.544762
0.71,0.73,0.546148
0.71,0.74,0.547389
0.71,0.75,0.554202
0.71,0.76,0.552976
0.71,0.77,0.559282
0.71,0.78,0.560142
0.72,0,0.556957
0.72,0.01,0.557265
0.72,0.02,0.551219
0.72,0.03,0.549905
0.72,0.04,0.547773
0.72,0.05,0.543339
0.72,0.06,0.546265
0.72,0.07,0.536286
0.72,0.08,0.535323
0.72,0.09,0.532081
0.72,0.1,0.53083
0.72,0.11,0.527321
0.72,0.12,0.523242
0.72,0.13,0.51764
0.72,0.14,0.516629
0.72,0.15,0.51372
0.72,0.16,0.512029
0.72,0.17,0.509376
0.72,0.18,0.512183
0.72,0.19,0.506312
0.72,0.2,0.499292
0.72,0.21,0.497699
0.72,0.22,0.496607
0.72,0.23,0.494842
0.72,0.24,0.493169
0.72,0.25,0.488819
0.72,0.26,0.485596
0.72,0.27,0.487583
0.72,0.28,0.487101
0.72,0.29,0.485016
0.72,0.3,0.484889
0.72,0.31,0.480994
0.72,0.32,0.479274
0.72,0.33,0.478383
0.72,0.34,0.48245
0.72,0.35,0.477763
0.72,0.36,0.479223
0.72,0.37,0.475954
0.72,0.38,0.478054
0.72,0.39,0.478079
0.72,0.4,0.473879
0.72,0.41,0.473098
0.72,0.42,0.478978
0.72,0.43,0.475973
0.72,0.44,0.478391
0.72,0.45,0.47454
0.72,0.46,0.479356
0.72,0.47,0.482078
0.72,0.48,0.481648
0.72,0.49,0.479754
0.72,0.5,0.485378
0.72,0.51,0.485548
0.72,0.52,0.488772
0.72,0.53,0.488633
0.72,0.54,0.491223
0.72,0.55,0.49676
0.72,0.56,0.492058
0.72,0.57,0.497981
0.72,0.58,0.49753
0.72,0.59,0.502211
0.72,0.6,0.500388
0.72,0.61,0.507255
0.72,0.62,0.510615
0.72,0.63,0.515901
0.72,0.64,0.516027
0.72,0.65,0.51929
0.72,0.66,0.522663
0.72,0.67,0.522821
0.72,0.68,0.531102
0.72,0.69,0.530698
0.72,0.7,0.53464
0.72,0.71,0.53937
0.72,0.72,0.543389
0.72,0.73,0.546947
0.72,0.74,0.5478
0.72,0.75,0.550229
0.72,0.76,0.55611
0.72,0.77,0.558384
0.72,0.78,0.560492
0.73,0,0.56012
0.73,0.01,0.556712
0.73,0.02,0.551691
0.73,0.03,0.552058
0.73,0.04,0.547169
0.73,0.05,0.545785
0.73,0.06,0.540106
0.73,0.07,0.536963
0.73,0.08,0.537655
0.73,0.09,0.531327
0.73,0.1,0.530211
0.73,0.11,0.526839
0.73,0.12,0.523939
0.73,0.13,0.519084
0.73,0.14,0.516845
0.73,0.15,0.513403
0.73,0.16,0.514612
0.73,0.17,0.502705
0.73,0.18,0.50315
0.73,0.19,0.50407
0.73,0.2,0.498315
0.73,0.21,0.497167
0.73,0.22,0.495849
0.73,0.23,0.495641
0.73,0.24,0.489904
0.73,0.25,0.491062
0.73,0.26,0.485155
0.73,0.27,0.48851
0.73,0.28,0.48251
0.73,0.29,0.481513
0.73,0.3,0.479473
0.73,0.31,0.479045
0.73,0.32,0.480432
0.73,0.33,0.476776
0.73,0.34,0.477498
0.73,0.35,0.477943
0.73,0.36,0.472531
0.73,0.37,0.481382
0.73,0.38,0.476081
0.73,0.39,0.475781
0.73,0.4,0.475011
0.73,0.41,0.476827
0.73,0.42,0.477557
0.73,0.43,0.478504
0.73,0.44,0.475125
0.73,0.45,0.477171
0.73,0.46,0.479584
0.73,0.47,0.483163
0.73,0.48,0.479948
0.73,0.49,0.481443
0.73,0.5,0.485367
0.73,0.51,0.484848
0.73,0.52,0.487093
0.73,0.53,0.487982
0.73,0.54,0.493174
0.73,0.55,0.492773
0.73,0.56,0.494932
0.73,0.57,0.496979
0.73,0.58,0.498544
0.73,0.59,0.503747
0.73,0.6,0.504994
0.73,0.61,0.507648
0.73,0.62,0.510168
0.73,0.63,0.513232
0.73,0.64,0.517764
0.73,0.65,0.516771
0.73,0.66,0.52189
0.73,0.67,0.523287
0.73,0.68,0.526876
0.73,0.69,0.529458
0.73,0.7,0.534371
0.73,0.71,0.536748
0.73,0.72,0.538581
0.73,0.73,0.543258
0.73,0.74,0.547643
0.73,0.75,0.550375
0.73,0.76,0.555018
0.73,0.77,0.55755
0.73,0.78,0.556937
0.74,0,0.557972
0.74,0.01,0.55428
0.74,0.02,0.552069
0.74,0.03,0.547773
0.74,0.04,0.547979
0.74,0.05,0.542717
0.74,0.06,0.539168
0.74,0.07,0.538755
0.74,0.08,0.534141
0.74,0.09,0.528219
0.74,0.1,0.529316
0.74,0.11,0.526296
0.74,0.12,0.523782
0.74,0.13,0.518294
0.74,0.14,0.515087
0.74,0.15,0.51496
0.74,0.16,0.508349
0.74,0.17,0.509835
0.74,0.18,0.503821
0.74,0.19,0.504259
0.74,0.2,0.499216
0.74,0.21,0.500178
0.74,0.22,0.491899
0.74,0.23,0.494587
0.74,0.24,0.490628
0.74,0.25,0.482426
0.74,0.26,0.486796
0.74,0.27,0.485883
0.74,0.28,0.485238
0.74,0.29,0.48498
0.74,0.3,0.485271
0.74,0.31,0.478915
0.74,0.32,0.48028
0.74,0.33,0.480491
0.74,0.34,0.476855
0.74,0.35,0.476377
0.74,0.36,0.478034
0.74,0.37,0.47678
0.74,0.38,0.476547
0.74,0.39,0.477894
0.74,0.4,0.47365
0.74,0.41,0.477201
0.74,0.42,0.47599
0.74,0.43,0.475021
0.74,0.44,0.475717
0.74,0.45,0.475307
0.74,0.46,0.475974
0.74,0.47,0.480039
0.74,0.48,0.47914
0.74,0.49,0.480176
0.74,0.5,0.481589
0.74,0.51,0.482893
0.74,0.52,0.486568
0.74,0.53,0.484899
0.74,0.54,0.490584
0.74,0.55,0.491371
0.74,0.56,0.493014
0.74,0.57,0.494119
0.74,0.58,0.49857
0.74,0.59,0.501716
0.74,0.6,0.503231
0.74,0.61,0.506891
0.74,0.62,0.510974
0.74,0.63,0.508407
0.74,0.64,0.515735
0.74,0.65,0.516457
0.74,0.66,0.523665
0.74,0.67,0.526743
0.74,0.68,0.527844
0.74,0.69,0.526998
0.74,0.7,0.530475
0.74,0.71,0.535427
0.74,0.72,0.53903
0.74,0.73,0.541726
0.74,0.74,0.546431
0.74,0.75,0.548645
0.74,0.76,0.553045
0.74,0.77,0.554365
0.74,0.78,0.557552
0.75,0,0.559779
0.75,0.01,0.555557
0.75,0.02,0.552941
0.75,0.03,0.548632
0.75,0.04,0.547714
0.75,0.05,0.543211
0.75,0.06,0.53543
0.75,0.07,0.538858
0.75,0.08,0.534176
0.75,0.09,0.528932
0.75,0.1,0.527846
0.75,0.11,0.52653
0.75,0.12,0.521217
0.75,0.13,0.516791
0.75,0.14,0.513931
0.75,0.15,0.511592
0.75,0.16,0.512017
0.75,0.17,0.508006
0.75,0.18,0.506884
0.75,0.19,0.502913
0.75,0.2,0.500501
0.75,0.21,0.496684
0.75,0.22,0.493941
0.75,0.23,0.494679
0.75,0.24,0.48828
0.75,0.25,0.486648
0.75,0.26,0.486301
0.75,0.27,0.483108
0.75,0.28,0.484068
0.75,0.29,0.482488
0.75,0.3,0.483091
0.75,0.31,0.479346
0.75,0.32,0.476662
0.75,0.33,0.475625
0.75,0.34,0.478201
0.75,0.35,0.473659
0.75,0.36,0.475321
0.75,0.37,0.477424
0.75,0.38,0.475149
0.75,0.39,0.473223
0.75,0.4,0.476447
0.75,0.41,0.47547
0.75,0.42,0.477025
0.75,0.43,0.479286
0.75,0.44,0.477431
0.75,0.45,0.480325
0.75,0.46,0.47984
0.75,0.47,0.477541
0.75,0.48,0.481074
0.75,0.49,0.483381
0.75,0.5,0.484489
0.75,0.51,0.487226
0.75,0.52,0.488982
0.75,0.53,0.487496
0.75,0.54,0.488754
0.75,0.55,0.492907
0.75,0.56,0.494363
0.75,0.57,0.495899
0.75,0.58,0.496887
0.75,0.59,0.502807
0.75,0.6,0.50679
0.75,0.61,0.506559
0.75,0.62,0.510798
0.75,0.63,0.509931
0.75,0.64,0.512689
0.75,0.65,0.521403
0.75,0.66,0.519639
0.75,0.67,0.529251
0.75,0.68,0.530668
0.75,0.69,0.529757
0.75,0.7,0.535788
0.75,0.71,0.533958
0.75,0.72,0.537432
0.75,0.73,0.540298
0.75,0.74,0.543077
0.75,0.75,0.547548
0.75,0.76,0.551758
0.75,0.77,0.554481
0.75,0.78,0.555177
0.76,0,0.557907
0.76,0.01,0.554618
0.76,0.02,0.550724
0.76,0.03,0.547363
0.76,0.04,0.545522
0.76,0.05,0.543816
0.76,0.06,0.540427
0.76,0.07,0.531773
0.76,0.08,0.534696
0.76,0.09,0.531403
0.76,0.1,0.52214
0.76,0.11,0.523232
0.76,0.12,0.523285
0.76,0.13,0.519468
0.76,0.14,0.51344
0.76,0.15,0.511653
0.76,0.16,0.506108
0.76,0.17,0.509076
0.76,0.18,0.502951
0.76,0.19,0.502171
0.76,0.2,0.497849
0.76,0.21,0.49351
0.76,0.22,0.495007
0.76,0.23,0.495069
0.76,0.24,0.491403
0.76,0.25,0.487205
0.76,0.26,0.48625
0.76,0.27,0.488108
0.76,0.28,0.483107
0.76,0.29,0.481575
0.76,0.3,0.478052
0.76,0.31,0.479858
0.76,0.32,0.477596
0.76,0.33,0.47837
0.76,0.34,0.47773
0.76,0.35,0.477167
0.76,0.36,0.474868
0.76,0.37,0.476437
0.76,0.38,0.473035
0.76,0.39,0.472254
0.76,0.4,0.477058
0.76,0.41,0.478695
0.76,0.42,0.476875
0.76,0.43,0.479024
0.76,0.44,0.478524
0.76,0.45,0.478904
0.76,0.46,0.478028
0.76,0.47,0.479725
0.76,0.48,0.477615
0.76,0.49,0.478646
0.76,0.5,0.486645
0.76,0.51,0.486253
0.76,0.52,0.488266
0.76,0.53,0.485861
0.76,0.54,0.487538
0.76,0.55,0.490537
0.76,0.56,0.491995
0.76,0.57,0.49658
0.76,0.58,0.49608
0.76,0.59,0.501755
0.76,0.6,0.502555
0.76,0.61,0.505761
0.76,0.62,0.50736
0.76,0.63,0.513853
0.76,0.64,0.515881
0.76,0.65,0.516321
0.76,0.66,0.520292
0.76,0.67,0.52278
0.76,0.68,0.528121
0.76,0.69,0.524768
0.76,0.7,0.526992
0.76,0.71,0.535658
0.76,0.72,0.537174
0.76,0.73,0.540047
0.76,0.74,0.541424
0.76,0.75,0.547109
0.76,0.76,0.547171
0.76,0.77,0.554655
0.76,0.78,0.555487
0.77,0,0.55541
0.77,0.01,0.552405
0.77,0.02,0.548539
0.77,0.03,0.548718
0.77,0.04,0.54229
0.77,0.05,0.540656
0.77,0.06,0.540314
0.77,0.07,0.534369
0.77,0.08,0.530514
0.77,0.09,0.531333
0.77,0.1,0.526484
0.77,0.11,0.520821
0.77,0.12,0.520085
0.77,0.13,0.519414
0.77,0.14,0.514175
0.77,0.15,0.513421
0.77,0.16,0.506773
0.77,0.17,0.50896
0.77,0.18,0.502408
0.77,0.19,0.502631
0.77,0.2,0.498752
0.77,0.21,0.494666
0.77,0.22,0.49616
0.77,0.23,0.490345
0.77,0.24,0.492146
0.77,0.25,0.491469
0.77,0.26,0.487248
0.77,0.27,0.481602
0.77,0.28,0.481874
0.77,0.29,0.483775
0.77,0.3,0.485055
0.77,0.31,0.484452
0.77,0.32,0.479875
0.77,0.33,0.47946
0.77,0.34,0.473707
0.77,0.35,0.477011
0.77,0.36,0.475898
0.77,0.37,0.473008
0.77,0.38,0.478737
0.77,0.39,0.474359
0.77,0.4,0.477174
0.77,0.41,0.473978
0.77,0.42,0.475241
0.77,0.43,0.480534
0.77,0.44,0.478737
0.77,0.45,0.475989
0.77,0.46,0.478718
0.77,0.47,0.479939
0.77,0.48,0.479902
0.77,0.49,0.481625
0.77,0.5,0.481438
0.77,0.51,0.482593
0.77,0.52,0.488046
0.77,0.53,0.485769
0.77,0.54,0.487305
0.77,0.55,0.488953
0.77,0.56,0.496288
0.77,0.57,0.496408
0.77,0.58,0.497657
0.77,0.59,0.498721
0.77,0.6,0.502012
0.77,0.61,0.506013
0.77,0.62,0.50917
0.77,0.63,0.508795
0.77,0.64,0.512565
0.77,0.65,0.515649
0.77,0.66,0.52007
0.77,0.67,0.521017
0.77,0.68,0.522556
0.77,0.69,0.53098
0.77,0.7,0.530836
0.77,0.71,0.532499
0.77,0.72,0.537823
0.77,0.73,0.538373
0.77,0.74,0.543582
0.77,0.75,0.546885
0.77,0.76,0.551284
0.77,0.77,0.551337
0.77,0.78,0.552082
0.78,0,0.553683
0.78,0.01,0.551053
0.78,0.02,0.548591
0.78,0.03,0.545218
0.78,0.04,0.54337
0.78,0.05,0.538247
0.78,0.06,0.537407
0.78,0.07,0.533404
0.78,0.08,0.532635
0.78,0.09,0.527547
0.78,0.1,0.522475
0.78,0.11,0.52399
0.78,0.12,0.519221
0.78,0.13,0.51512
0.78,0.14,0.51639
0.78,0.15,0.511415
0.78,0.16,0.509106
0.78,0.17,0.506099
0.78,0.18,0.503959
0.78,0.19,0.500731
0.78,0.2,0.499046
0.78,0.21,0.497606
0.78,0.22,0.494412
0.78,0.23,0.492785
0.78,0.24,0.489058
0.78,0.25,0.488051
0.78,0.26,0.489587
0.78,0.27,0.485113
0.78,0.28,0.483505
0.78,0.29,0.479249
0.78,0.3,0.481863
0.78,0.31,0.478422
0.78,0.32,0.480882
0.78,0.33,0.480648
0.78,0.34,0.47593
0.78,0.35,0.477624
0.78,0.36,0.476347
0.78,0.37,0.476929
0.78,0.38,0.476433
0.78,0.39,0.475468
0.78,0.4,0.476187
0.78,0.41,0.474512
0.78,0.42,0.48379
0.78,0.43,0.477106
0.78,0.44,0.476201
0.78,0.45,0.477392
0.78,0.46,0.477071
0.78,0.47,0.478874
0.78,0.48,0.480731
0.78,0.49,0.484345
0.78,0.5,0.481285
0.78,0.51,0.481431
0.78,0.52,0.487909
0.78,0.53,0.485302
0.78,0.54,0.490443
0.78,0.55,0.490695
0.78,0.56,0.493265
0.78,0.57,0.498518
0.78,0.58,0.500479
0.78,0.59,0.498784
0.78,0.6,0.50409
0.78,0.61,0.506643
0.78,0.62,0.509502
0.78,0.63,0.509168
0.78,0.64,0.509582
0.78,0.65,0.51295
0.78,0.66,0.516353
0.78,0.67,0.520799
0.78,0.68,0.525712
0.78,0.69,0.522263
0.78,0.7,0.528798
0.78,0.71,0.532809
0.78,0.72,0.536676
0.78,0.73,0.538616
0.78,0.74,0.541003
0.78,0.75,0.542736
0.78,0.76,0.546858
0.78,0.77,0.551261
0.78,0.78,0.55289
0.79,0,0.553041
0.79,0.01,0.55073
0.79,0.02,0.546001
0.79,0.03,0.544085
0.79,0.04,0.546436
0.79,0.05,0.538806
0.79,0.06,0.533168
0.79,0.07,0.536242
0.79,0.08,0.530795
0.79,0.09,0.527434
0.79,0.1,0.524176
0.79,0.11,0.523391
0.79,0.12,0.517031
0.79,0.13,0.515047
0.79,0.14,0.511709
0.79,0.15,0.510204
0.79,0.16,0.510941
0.79,0.17,0.504944
0.79,0.18,0.503285
0.79,0.19,0.505749
0.79,0.2,0.499264
0.79,0.21,0.497259
0.79,0.22,0.49487
0.79,0.23,0.492167
0.79,0.24,0.491659
0.79,0.25,0.490098
0.79,0.26,0.488938
0.79,0.27,0.486484
0.79,0.28,0.484408
0.79,0.29,0.48347
0.79,0.3,0.480214
0.79,0.31,0.481382
0.79,0.32,0.477649
0.79,0.33,0.478135
0.79,0.34,0.476976
0.79,0.35,0.475531
0.79,0.36,0.474737
0.79,0.37,0.477806
0.79,0.38,0.476588
0.79,0.39,0.474923
0.79,0.4,0.476568
0.79,0.41,0.478367
0.79,0.42,0.477508
0.79,0.43,0.478117
0.79,0.44,0.476004
0.79,0.45,0.480809
0.79,0.46,0.477855
0.79,0.47,0.478155
0.79,0.48,0.483678
0.79,0.49,0.4803
0.79,0.5,0.481285
0.79,0.51,0.486993
0.79,0.52,0.486555
0.79,0.53,0.485647
0.79,0.54,0.491551
0.79,0.55,0.491231
0.79,0.56,0.496314
0.79,0.57,0.495474
0.79,0.58,0.495822
0.79,0.59,0.500497
0.79,0.6,0.503278
0.79,0.61,0.506983
0.79,0.62,0.507438
0.79,0.63,0.510629
0.79,0.64,0.510524
0.79,0.65,0.512754
0.79,0.66,0.517702
0.79,0.67,0.517856
0.79,0.68,0.526934
0.79,0.69,0.528586
0.79,0.7,0.532357
0.79,0.71,0.534225
0.79,0.72,0.533649
0.79,0.73,0.539247
0.79,0.74,0.539114
0.79,0.75,0.543321
0.79,0.76,0.546773
0.79,0.77,0.550154
0.79,0.78,0.550037
0.8,0,0.552032
0.8,0.01,0.546326
0.8,0.02,0.54576
0.8,0.03,0.541703
0.8,0.04,0.543463
0.8,0.05,0.541684
0.8,0.06,0.534984
0.8,0.07,0.533936
0.8,0.08,0.526966
0.8,0.09,0.528307
0.8,0.1,0.523481
0.8,0.11,0.521166
0.8,0.12,0.520808
0.8,0.13,0.513732
0.8,0.14,0.513801
0.8,0.15,0.509717
0.8,0.16,0.508256
0.8,0.17,0.501489
0.8,0.18,0.507901
0.8,0.19,0.496809
0.8,0.2,0.499455
0.8,0.21,0.498741
0.8,0.22,0.495294
0.8,0.23,0.49243
0.8,0.24,0.489503
0.8,0.25,0.490601
0.8,0.26,0.489273
0.8,0.27,0.486548
0.8,0.28,0.485896
0.8,0.29,0.484598
0.8,0.3,0.482183
0.8,0.31,0.477497
0.8,0.32,0.483373
0.8,0.33,0.480953
0.8,0.34,0.479727
0.8,0.35,0.477174
0.8,0.36,0.476129
0.8,0.37,0.474694
0.8,0.38,0.477645
0.8,0.39,0.477745
0.8,0.4,0.476633
0.8,0.41,0.477358
0.8,0.42,0.47858
0.8,0.43,0.475264
0.8,0.44,0.477408
0.8,0.45,0.482121
0.8,0.46,0.480865
0.8,0.47,0.481657
0.8,0.48,0.483397
0.8,0.49,0.483958
0.8,0.5,0.48577
0.8,0.51,0.483248
0.8,0.52,0.488591
0.8,0.53,0.48372
0.8,0.54,0.495392
0.8,0.55,0.494094
0.8,0.56,0.490976
0.8,0.57,0.497892
0.8,0.58,0.494243
0.8,0.59,0.501424
0.8,0.6,0.501022
0.8,0.61,0.504466
0.8,0.62,0.509055
0.8,0.63,0.508244
0.8,0.64,0.511343
0.8,0.65,0.514542
0.8,0.66,0.517112
0.8,0.67,0.522334
0.8,0.68,0.526778
0.8,0.69,0.527853
0.8,0.7,0.532393
0.8,0.71,0.531636
0.8,0.72,0.53673
0.8,0.73,0.538445
0.8,0.74,0.538831
0.8,0.75,0.546659
0.8,0.76,0.543413
0.8,0.77,0.551649
0.8,0.78,0.552641
0.81,0,0.552317
0.81,0.01,0.548469
0.81,0.02,0.545069
0.81,0.03,0.541429
0.81,0.04,0.537874
0.81,0.05,0.539655
0.81,0.06,0.536937
0.81,0.07,0.532504
0.81,0.08,0.528887
0.81,0.09,0.525984
0.81,0.1,0.525695
0.81,0.11,0.519764
0.81,0.12,0.521323
0.81,0.13,0.516449
0.81,0.14,0.511073
0.81,0.15,0.509082
0.81,0.16,0.508642
0.81,0.17,0.509065
0.81,0.18,0.499686
0.81,0.19,0.500109
0.81,0.2,0.50006
0.81,0.21,0.495031
0.81,0.22,0.494327
0.81,0.23,0.495198
0.81,0.24,0.491088
0.81,0.25,0.488917
0.81,0.26,0.485718
0.81,0.27,0.486922
0.81,0.28,0.486238
0.81,0.29,0.485903
0.81,0.3,0.48006
0.81,0.31,0.478112
0.81,0.32,0.484107
0.81,0.33,0.478079
0.81,0.34,0.481983
0.81,0.35,0.480245
0.81,0.36,0.481835
0.81,0.37,0.479557
0.81,0.38,0.478627
0.81,0.39,0.477769
0.81,0.4,0.477571
0.81,0.41,0.480331
0.81,0.42,0.48046
0.81,0.43,0.482169
0.81,0.44,0.482213
0.81,0.45,0.481585
0.81,0.46,0.479228
0.81,0.47,0.481982
0.81,0.48,0.482998
0.81,0.49,0.486067
0.81,0.5,0.483005
0.81,0.51,0.486544
0.81,0.52,0.489444
0.81,0.53,0.487413
0.81,0.54,0.489112
0.81,0.55,0.493763
0.81,0.56,0.499794
0.81,0.57,0.496873
0.81,0.58,0.497336
0.81,0.59,0.499793
0.81,0.6,0.502292
0.81,0.61,0.502438
0.81,0.62,0.506737
0.81,0.63,0.506874
0.81,0.64,0.513886
0.81,0.65,0.512861
0.81,0.66,0.518438
0.81,0.67,0.520348
0.81,0.68,0.52092
0.81,0.69,0.523734
0.81,0.7,0.527187
0.81,0.71,0.529306
0.81,0.72,0.533549
0.81,0.73,0.534814
0.81,0.74,0.53912
0.81,0.75,0.540407
0.81,0.76,0.547419
0.81,0.77,0.546658
0.81,0.78,0.548129
0.82,0,0.54999
0.82,0.01,0.548642
0.82,0.02,0.54289
0.82,0.03,0.539912
0.82,0.04,0.53951
0.82,0.05,0.536226
0.82,0.06,0.532934
0.82,0.07,0.52803
0.82,0.08,0.531219
0.82,0.09,0.523601
0.82,0.1,0.52206
0.82,0.11,0.517876
0.82,0.12,0.516702
0.82,0.13,0.515123
0.82,0.14,0.513266
0.82,0.15,0.511632
0.82,0.16,0.508463
0.82,0.17,0.508539
0.82,0.18,0.49855
0.82,0.19,0.505935
0.82,0.2,0.498147
0.82,0.21,0.495151
0.82,0.22,0.494164
0.82,0.23,0.490826
0.82,0.24,0.494294
0.82,0.25,0.491463
0.82,0.26,0.490615
0.82,0.27,0.488806
0.82,0.28,0.487652
0.82,0.29,0.487186
0.82,0.3,0.481924
0.82,0.31,0.48475
0.82,0.32,0.484444
0.82,0.33,0.476278
0.82,0.34,0.480826
0.82,0.35,0.481004
0.82,0.36,0.480591
0.82,0.37,0.480501
0.82,0.38,0.477787
0.82,0.39,0.478492
0.82,0.4,0.483262
0.82,0.41,0.47942
0.82,0.42,0.479504
0.82,0.43,0.483349
0.82,0.44,0.478632
0.82,0.45,0.480119
0.82,0.46,0.483427
0.82,0.47,0.482782
0.82,0.48,0.480691
0.82,0.49,0.486152
0.82,0.5,0.488428
0.82,0.51,0.487777
0.82,0.52,0.489219
0.82,0.53,0.490164
0.82,0.54,0.492756
0.82,0.55,0.493117
0.82,0.56,0.494945
0.82,0.57,0.497422
0.82,0.58,0.499538
0.82,0.59,0.50196
0.82,0.6,0.502509
0.82,0.61,0.509118
0.82,0.62,0.507612
0.82,0.63,0.509427
0.82,0.64,0.511692
0.82,0.65,0.513
0.82,0.66,0.515927
0.82,0.67,0.517981
0.82,0.68,0.524077
0.82,0.69,0.521952
0.82,0.7,0.524214
0.82,0.71,0.52986
0.82,0.72,0.535836
0.82,0.73,0.535302
0.82,0.74,0.540325
0.82,0.75,0.544373
0.82,0.76,0.545394
0.82,0.77,0.545092
0.82,0.78,0.545581
0.83,0,0.545274
0.83,0.01,0.548318
0.83,0.02,0.542896
0.83,0.03,0.541792
0.83,0.04,0.539161
0.83,0.05,0.536229
0.83,0.06,0.533437
0.83,0.07,0.531957
0.83,0.08,0.530315
0.83,0.09,0.52267
0.83,0.1,0.524061
0.83,0.11,0.518651
0.83,0.12,0.515053
0.83,0.13,0.514306
0.83,0.14,0.511656
0.83,0.15,0.507954
0.83,0.16,0.506935
0.83,0.17,0.503221
0.83,0.18,0.504409
0.83,0.19,0.502365
0.83,0.2,0.503507
0.83,0.21,0.498355
0.83,0.22,0.494928
0.83,0.23,0.494499
0.83,0.24,0.49269
0.83,0.25,0.491719
0.83,0.26,0.489289
0.83,0.27,0.492365
0.83,0.28,0.48371
0.83,0.29,0.486929
0.83,0.3,0.487279
0.83,0.31,0.48305
0.83,0.32,0.481241
0.83,0.33,0.482171
0.83,0.34,0.481336
0.83,0.35,0.482769
0.83,0.36,0.480973
0.83,0.37,0.478496
0.83,0.38,0.485523
0.83,0.39,0.479226
0.83,0.4,0.478131
0.83,0.41,0.478239
0.83,0.42,0.477552
0.83,0.43,0.482403
0.83,0.44,0.484371
0.83,0.45,0.48238
0.83,0.46,0.482132
0.83,0.47,0.483957
0.83,0.48,0.487443
0.83,0.49,0.483995
0.83,0.5,0.487289
0.83,0.51,0.487437
0.83,0.52,0.490024
0.83,0.53,0.488577
0.83,0.54,0.49108
0.83,0.55,0.49363
0.83,0.56,0.497285
0.83,0.57,0.494804
0.83,0.58,0.498004
0.83,0.59,0.500638
0.83,0.6,0.500708
0.83,0.61,0.50608
0.83,0.62,0.509709
0.83,0.63,0.5096
0.83,0.64,0.510648
0.83,0.65,0.516219
0.83,0.66,0.513702
0.83,0.67,0.518997
0.83,0.68,0.523415
0.83,0.69,0.527151
0.83,0.7,0.530538
0.83,0.71,0.528179
0.83,0.72,0.533045
0.83,0.73,0.532998
0.83,0.74,0.536663
0.83,0.75,0.538852
0.83,0.76,0.541775
0.83,0.77,0.543686
0.83,0.78,0.544729
0.84,0,0.549652
0.84,0.01,0.54488
0.84,0.02,0.542066
0.84,0.03,0.539123
0.84,0.04,0.535791
0.84,0.05,0.534775
0.84,0.06,0.534165
0.84,0.07,0.527859
0.84,0.08,0.527551
0.84,0.09,0.526523
0.84,0.1,0.523627
0.84,0.11,0.520482
0.84,0.12,0.51974
0.84,0.13,0.516393
0.84,0.14,0.510754
0.84,0.15,0.509937
0.84,0.16,0.511074
0.84,0.17,0.504917
0.84,0.18,0.504801
0.84,0.19,0.502939
0.84,0.2,0.501072
0.84,0.21,0.500603
0.84,0.22,0.497513
0.84,0.23,0.496277
0.84,0.24,0.497063
0.84,0.25,0.492367
0.84,0.26,0.491723
0.84,0.27,0.491555
0.84,0.28,0.487054
0.84,0.29,0.487833
0.84,0.3,0.487443
0.84,0.31,0.483392
0.84,0.32,0.485435
0.84,0.33,0.485219
0.84,0.34,0.483491
0.84,0.35,0.482626
0.84,0.36,0.481626
0.84,0.37,0.481083
0.84,0.38,0.482468
0.84,0.39,0.483493
0.84,0.4,0.483876
0.84,0.41,0.478728
0.84,0.42,0.480042
0.84,0.43,0.484397
0.84,0.44,0.484533
0.84,0.45,0.48279
0.84,0.46,0.485709
0.84,0.47,0.48843
0.84,0.48,0.48584
0.84,0.49,0.487019
0.84,0.5,0.488419
0.84,0.51,0.489047
0.84,0.52,0.493708
0.84,0.53,0.492669
0.84,0.54,0.494812
0.84,0.55,0.497482
0.84,0.56,0.498908
0.84,0.57,0.503412
0.84,0.58,0.498235
0.84,0.59,0.498048
0.84,0.6,0.501369
0.84,0.61,0.507931
0.84,0.62,0.508356
0.84,0.63,0.508233
0.84,0.64,0.511687
0.84,0.65,0.513347
0.84,0.66,0.516578
0.84,0.67,0.51665
0.84,0.68,0.523547
0.84,0.69,0.525579
0.84,0.7,0.526519
0.84,0.71,0.530988
0.84,0.72,0.529334
0.84,0.73,0.536286
0.84,0.74,0.537697
0.84,0.75,0.538378
0.84,0.76,0.540204
0.84,0.77,0.542484
0.84,0.78,0.548159
0.85,0,0.545687
0.85,0.01,0.543024
0.85,0.02,0.539583
0.85,0.03,0.540149
0.85,0.04,0.536358
0.85,0.05,0.532465
0.85,0.06,0.53508
0.85,0.07,0.527455
0.85,0.08,0.529107
0.85,0.09,0.522152
0.85,0.1,0.523128
0.85,0.11,0.525272
0.85,0.12,0.517056
0.85,0.13,0.513581
0.85,0.14,0.512306
0.85,0.15,0.51318
0.85,0.16,0.508702
0.85,0.17,0.505265
0.85,0.18,0.510451
0.85,0.19,0.504285
0.85,0.2,0.501096
0.85,0.21,0.499645
0.85,0.22,0.496915
0.85,0.23,0.496663
0.85,0.24,0.495715
0.85,0.25,0.494289
0.85,0.26,0.4919
0.85,0.27,0.490808
0.85,0.28,0.486951
0.85,0.29,0.49171
0.85,0.3,0.485181
0.85,0.31,0.487961
0.85,0.32,0.484692
0.85,0.33,0.487763
0.85,0.34,0.482238
0.85,0.35,0.484406
0.85,0.36,0.479969
0.85,0.37,0.483354
0.85,0.38,0.481376
0.85,0.39,0.482535
0.85,0.4,0.482991
0.85,0.41,0.479787
0.85,0.42,0.484543
0.85,0.43,0.486187
0.85,0.44,0.485114
0.85,0.45,0.484359
0.85,0.46,0.487901
0.85,0.47,0.485659
0.85,0.48,0.483765
0.85,0.49,0.492962
0.85,0.5,0.485019
0.85,0.51,0.488214
0.85,0.52,0.490339
0.85,0.53,0.490613
0.85,0.54,0.493172
0.85,0.55,0.49344
0.85,0.56,0.499768
0.85,0.57,0.498801
0.85,0.58,0.502606
0.85,0.59,0.498129
0.85,0.6,0.504186
0.85,0.61,0.506613
0.85,0.62,0.509101
0.85,0.63,0.511415
0.85,0.64,0.512612
0.85,0.65,0.512325
0.85,0.66,0.515566
0.85,0.67,0.518599
0.85,0.68,0.525709
0.85,0.69,0.524175
0.85,0.7,0.522864
0.85,0.71,0.525155
0.85,0.72,0.529673
0.85,0.73,0.531429
0.85,0.74,0.53648
0.85,0.75,0.534918
0.85,0.76,0.538347
0.85,0.77,0.543921
0.85,0.78,0.541924
0.86,0,0.543059
0.86,0.01,0.541396
0.86,0.02,0.540845
0.86,0.03,0.538944
0.86,0.04,0.536968
0.86,0.05,0.530575
0.86,0.06,0.528703
0.86,0.07,0.530974
0.86,0.08,0.525928
0.86,0.09,0.526139
0.86,0.1,0.522396
0.86,0.11,0.52062
0.86,0.12,0.516543
0.86,0.13,0.517672
0.86,0.14,0.513059
0.86,0.15,0.51213
0.86,0.16,0.51055
0.86,0.17,0.511755
0.86,0.18,0.507079
0.86,0.19,0.502889
0.86,0.2,0.505107
0.86,0.21,0.500665
0.86,0.22,0.502955
0.86,0.23,0.500738
0.86,0.24,0.491719
0.86,0.25,0.494966
0.86,0.26,0.492443
0.86,0.27,0.488614
0.86,0.28,0.491109
0.86,0.29,0.489544
0.86,0.3,0.491824
0.86,0.31,0.489967
0.86,0.32,0.486329
0.86,0.33,0.487697
0.86,0.34,0.488151
0.86,0.35,0.486601
0.86,0.36,0.481966
0.86,0.37,0.485097
0.86,0.38,0.487556
0.86,0.39,0.485368
0.86,0.4,0.485978
0.86,0.41,0.485198
0.86,0.42,0.484282
0.86,0.43,0.483636
0.86,0.44,0.486283
0.86,0.45,0.485095
0.86,0.46,0.488906
0.86,0.47,0.486192
0.86,0.48,0.487235
0.86,0.49,0.493416
0.86,0.5,0.491259
0.86,0.51,0.492264
0.86,0.52,0.492632
0.86,0.53,0.493796
0.86,0.54,0.496475
0.86,0.55,0.500657
0.86,0.56,0.497737
0.86,0.57,0.499863
0.86,0.58,0.500899
0.86,0.59,0.505275
0.86,0.6,0.503317
0.86,0.61,0.506278
0.86,0.62,0.508631
0.86,0.63,0.514458
0.86,0.64,0.513055
0.86,0.65,0.512666
0.86,0.66,0.517295
0.86,0.67,0.518101
0.86,0.68,0.521076
0.86,0.69,0.521468
0.86,0.7,0.526237
0.86,0.71,0.528552
0.86,0.72,0.529721
0.86,0.73,0.53318
0.86,0.74,0.53654
0.86,0.75,0.539222
0.86,0.76,0.536643
0.86,0.77,0.539763
0.86,0.78,0.542751
0.87,0,0.539124
0.87,0.01,0.537431
0.87,0.02,0.537636
0.87,0.03,0.535825
0.87,0.04,0.532563
0.87,0.05,0.531208
0.87,0.06,0.526465
0.87,0.07,0.528588
0.87,0.08,0.527465
0.87,0.09,0.522045
0.87,0.1,0.520317
0.87,0.11,0.519812
0.87,0.12,0.519047
0.87,0.13,0.514922
0.87,0.14,0.508921
0.87,0.15,0.51237
0.87,0.16,0.513783
0.87,0.17,0.508038
0.87,0.18,0.508483
0.87,0.19,0.507521
0.87,0.2,0.50564
0.87,0.21,0.498407
0.87,0.22,0.501825
0.87,0.23,0.500407
0.87,0.24,0.496287
0.87,0.25,0.498123
0.87,0.26,0.496081
0.87,0.27,0.492583
0.87,0.28,0.492133
0.87,0.29,0.489445
0.87,0.3,0.492857
0.87,0.31,0.488024
0.87,0.32,0.488989
0.87,0.33,0.48829
0.87,0.34,0.48691
0.87,0.35,0.485209
0.87,0.36,0.487745
0.87,0.37,0.489482
0.87,0.38,0.487679
0.87,0.39,0.49054
0.87,0.4,0.488421
0.87,0.41,0.485619
0.87,0.42,0.487631
0.87,0.43,0.48781
0.87,0.44,0.489141
0.87,0.45,0.48687
0.87,0.46,0.487858
0.87,0.47,0.490805
0.87,0.48,0.491759
0.87,0.49,0.493161
0.87,0.5,0.493644
0.87,0.51,0.493702
0.87,0.52,0.494543
0.87,0.53,0.49575
0.87,0.54,0.496544
0.87,0.55,0.497329
0.87,0.56,0.498443
0.87,0.57,0.501764
0.87,0.58,0.498281
0.87,0.59,0.504326
0.87,0.6,0.50861
0.87,0.61,0.507295
0.87,0.62,0.508779
0.87,0.63,0.514279
0.87,0.64,0.512243
0.87,0.65,0.515821
0.87,0.66,0.519322
0.87,0.67,0.518787
0.87,0.68,0.524572
0.87,0.69,0.519273
0.87,0.7,0.527143
0.87,0.71,0.52855
0.87,0.72,0.530293
0.87,0.73,0.527471
0.87,0.74,0.532792
0.87,0.75,0.536897
0.87,0.76,0.536351
0.87,0.77,0.540207
0.87,0.78,0.539515
0.88,0,0.537652
0.88,0.01,0.537574
0.88,0.02,0.537046
0.88,0.03,0.535018
0.88,0.04,0.532865
0.88,0.05,0.531148
0.88,0.06,0.530621
0.88,0.07,0.528194
0.88,0.08,0.526339
0.88,0.09,0.525277
0.88,0.1,0.517705
0.88,0.11,0.520444
0.88,0.12,0.519313
0.88,0.13,0.516384
0.88,0.14,0.510749
0.88,0.15,0.510429
0.88,0.16,0.507618
0.88,0.17,0.506528
0.88,0.18,0.509769
0.88,0.19,0.504564
0.88,0.2,0.506558
0.88,0.21,0.502159
0.88,0.22,0.499532
0.88,0.23,0.500302
0.88,0.24,0.502096
0.88,0.25,0.501773
0.88,0.26,0.495739
0.88,0.27,0.498088
0.88,0.28,0.494362
0.88,0.29,0.49286
0.88,0.3,0.493787
0.88,0.31,0.492064
0.88,0.32,0.492372
0.88,0.33,0.488752
0.88,0.34,0.490879
0.88,0.35,0.488377
0.88,0.36,0.489424
0.88,0.37,0.49172
0.88,0.38,0.488
0.88,0.39,0.491117
0.88,0.4,0.487089
0.88,0.41,0.488219
0.88,0.42,0.489622
0.88,0.43,0.490825
0.88,0.44,0.489396
0.88,0.45,0.490724
0.88,0.46,0.490936
0.88,0.47,0.494602
0.88,0.48,0.492132
0.88,0.49,0.491083
0.88,0.5,0.494032
0.88,0.51,0.495261
0.88,0.52,0.496194
0.88,0.53,0.494263
0.88,0.54,0.494776
0.88,0.55,0.498487
0.88,0.56,0.498722
0.88,0.57,0.503204
0.88,0.58,0.504279
0.88,0.59,0.50506
0.88,0.6,0.504136
0.88,0.61,0.511335
0.88,0.62,0.512397
0.88,0.63,0.510619
0.88,0.64,0.512485
0.88,0.65,0.512271
0.88,0.66,0.518
0.88,0.67,0.518515
0.88,0.68,0.517964
0.88,0.69,0.52496
0.88,0.7,0.521475
0.88,0.71,0.527191
0.88,0.72,0.528001
0.88,0.73,0.529198
0.88,0.74,0.532771
0.88,0.75,0.534582
0.88,0.76,0.537373
0.88,0.77,0.533835
0.88,0.78,0.541822
0.89,0,0.538123
0.89,0.01,0.537456
0.89,0.02,0.534573
0.89,0.03,0.533062
0.89,0.04,0.532025
0.89,0.05,0.531354
0.89,0.06,0.529021
0.89,0.07,0.528711
0.89,0.08,0.523922
0.89,0.09,0.519424
0.89,0.1,0.520041
0.89,0.11,0.518517
0.89,0.12,0.515876
0.89,0.13,0.519152
0.89,0.14,0.514868
0.89,0.15,0.513991
0.89,0.16,0.51147
0.89,0.17,0.510661
0.89,0.18,0.510226
0.89,0.19,0.505469
0.89,0.2,0.505545
0.89,0.21,0.501965
0.89,0.22,0.505418
0.89,0.23,0.503226
0.89,0.24,0.501911
0.89,0.25,0.501429
0.89,0.26,0.497834
0.89,0.27,0.497907
0.89,0.28,0.497794
0.89,0.29,0.498317
0.89,0.3,0.495913
0.89,0.31,0.492645
0.89,0.32,0.495468
0.89,0.33,0.490813
0.89,0.34,0.494665
0.89,0.35,0.493963
0.89,0.36,0.494511
0.89,0.37,0.492335
0.89,0.38,0.493076
0.89,0.39,0.496051
0.89,0.4,0.491092
0.89,0.41,0.490379
0.89,0.42,0.490109
0.89,0.43,0.492813
0.89,0.44,0.494786
0.89,0.45,0.493554
0.89,0.46,0.492133
0.89,0.47,0.491409
0.89,0.48,0.494768
0.89,0.49,0.495167
0.89,0.5,0.49604
0.89,0.51,0.499151
0.89,0.52,0.495686
0.89,0.53,0.500372
0.89,0.54,0.500872
0.89,0.55,0.501994
0.89,0.56,0.500725
0.89,0.57,0.506603
0.89,0.58,0.505104
0.89,0.59,0.507549
0.89,0.6,0.50927
0.89,0.61,0.508093
0.89,0.62,0.508612
0.89,0.63,0.51479
0.89,0.64,0.514733
0.89,0.65,0.514654
0.89,0.66,0.519465
0.89,0.67,0.520686
0.89,0.68,0.522643
0.89,0.69,0.525859
0.89,0.7,0.522887
0.89,0.71,0.525754
0.89,0.72,0.525766
0.89,0.73,0.530648
0.89,0.74,0.529225
0.89,0.75,0.533583
0.89,0.76,0.53494
0.89,0.77,0.53756
0.89,0.78,0.535741
0.9,0,0.535891
0.9,0.01,0.536078
0.9,0.02,0.53498
0.9,0.03,0.531109
0.9,0.04,0.531418
0.9,0.05,0.529043
0.9,0.06,0.528334
0.9,0.07,0.526244
0.9,0.08,0.519334
0.9,0.09,0.521413
0.9,0.1,0.5194
0.9,0.11,0.51579
0.9,0.12,0.516997
0.9,0.13,0.51474
0.9,0.14,0.515626
0.9,0.15,0.514614
0.9,0.16,0.513746
0.9,0.17,0.51224
0.9,0.18,0.506388
0.9,0.19,0.504567
0.9,0.2,0.50694
0.9,0.21,0.506908
0.9,0.22,0.50617
0.9,0.23,0.501076
0.9,0.24,0.500048
0.9,0.25,0.501921
0.9,0.26,0.503453
0.9,0.27,0.498593
0.9,0.28,0.497912
0.9,0.29,0.497594
0.9,0.3,0.497978
0.9,0.31,0.495152
0.9,0.32,0.496612
0.9,0.33,0.494559
0.9,0.34,0.494695
0.9,0.35,0.495673
0.9,0.36,0.49532
0.9,0.37,0.499302
0.9,0.38,0.491929
0.9,0.39,0.495912
0.9,0.4,0.492803
0.9,0.41,0.49539
0.9,0.42,0.493779
0.9,0.43,0.493502
0.9,0.44,0.49567
0.9,0.45,0.491351
0.9,0.46,0.495721
0.9,0.47,0.493823
0.9,0.48,0.495982
0.9,0.49,0.497295
0.9,0.5,0.497536
0.9,0.51,0.497349
0.9,0.52,0.501858
0.9,0.53,0.499223
0.9,0.54,0.50224
0.9,0.55,0.502167
0.9,0.56,0.50165
0.9,0.57,0.503427
0.9,0.58,0.506446
0.9,0.59,0.507927
0.9,0.6,0.509004
0.9,0.61,0.511707
0.9,0.62,0.511734
0.9,0.63,0.514509
0.9,0.64,0.515211
0.9,0.65,0.513538
0.9,0.66,0.512706
0.9,0.67,0.520007
0.9,0.68,0.522595
0.9,0.69,0.526267
0.9,0.7,0.52729
0.9,0.71,0.525024
0.9,0.72,0.526998
0.9,0.73,0.529629
0.9,0.74,0.532334
0.9,0.75,0.533256
0.9,0.76,0.533069
0.9,0.77,0.533193
0.9,0.78,0.534532
0.91,0,0.533486
0.91,0.01,0.53455
0.91,0.02,0.532698
0.91,0.03,0.530773
0.91,0.04,0.528303
0.91,0.05,0.529415
0.91,0.06,0.527639
0.91,0.07,0.527126
0.91,0.08,0.523989
0.91,0.09,0.525023
0.91,0.1,0.518611
0.91,0.11,0.520127
0.91,0.12,0.521167
0.91,0.13,0.518084
0.91,0.14,0.517874
0.91,0.15,0.515183
0.91,0.16,0.511433
0.91,0.17,0.512011
0.91,0.18,0.513469
0.91,0.19,0.506262
0.91,0.2,0.50874
0.91,0.21,0.505285
0.91,0.22,0.502701
0.91,0.23,0.505696
0.91,0.24,0.504119
0.91,0.25,0.501945
0.91,0.26,0.503224
0.91,0.27,0.500135
0.91,0.28,0.499779
0.91,0.29,0.499418
0.91,0.3,0.498768
0.91,0.31,0.498536
0.91,0.32,0.496893
0.91,0.33,0.499026
0.91,0.34,0.501481
0.91,0.35,0.499216
0.91,0.36,0.495153
0.91,0.37,0.49617
0.91,0.38,0.494513
0.91,0.39,0.496129
0.91,0.4,0.497502
0.91,0.41,0.494032
0.91,0.42,0.498857
0.91,0.43,0.496686
0.91,0.44,0.499605
0.91,0.45,0.49888
0.91,0.46,0.502704
0.91,0.47,0.497621
0.91,0.48,0.498743
0.91,0.49,0.500495
0.91,0.5,0.501104
0.91,0.51,0.50105
0.91,0.52,0.503875
0.91,0.53,0.500172
0.91,0.54,0.503912
0.91,0.55,0.506294
0.91,0.56,0.50583
0.91,0.57,0.506642
0.91,0.58,0.509761
0.91,0.59,0.508858
0.91,0.6,0.50939
0.91,0.61,0.513416
0.91,0.62,0.515767
0.91,0.63,0.513752
0.91,0.64,0.514664
0.91,0.65,0.516493
0.91,0.66,0.520507
0.91,0.67,0.521363
0.91,0.68,0.523008
0.91,0.69,0.526001
0.91,0.7,0.525027
0.91,0.71,0.522159
0.91,0.72,0.52365
0.91,0.73,0.528338
0.91,0.74,0.530242
0.91,0.75,0.532204
0.91,0.76,0.529532
0.91,0.77,0.534181
0.91,0.78,0.530267
0.92,0,0.532671
0.92,0.01,0.533724
0.92,0.02,0.530721
0.92,0.03,0.531183
0.92,0.04,0.525665
0.92,0.05,0.529056
0.92,0.06,0.526773
0.92,0.07,0.522856
0.92,0.08,0.524406
0.92,0.09,0.523531
0.92,0.1,0.520081
0.92,0.11,0.52062
0.92,0.12,0.517674
0.92,0.13,0.520782
0.92,0.14,0.514885
0.92,0.15,0.514282
0.92,0.16,0.514114
0.92,0.17,0.513007
0.92,0.18,0.510225
0.92,0.19,0.51226
0.92,0.2,0.508813
0.92,0.21,0.510295
0.92,0.22,0.505705
0.92,0.23,0.506983
0.92,0.24,0.503268
0.92,0.25,0.50401
0.92,0.26,0.505531
0.92,0.27,0.501864
0.92,0.28,0.499971
0.92,0.29,0.505069
0.92,0.3,0.503435
0.92,0.31,0.503071
0.92,0.32,0.499675
0.92,0.33,0.502999
0.92,0.34,0.498502
0.92,0.35,0.500996
0.92,0.36,0.498525
0.92,0.37,0.501686
0.92,0.38,0.497004
0.92,0.39,0.500062
0.92,0.4,0.5022
0.92,0.41,0.499319
0.92,0.42,0.500364
0.92,0.43,0.499294
0.92,0.44,0.505535
0.92,0.45,0.50274
0.92,0.46,0.500298
0.92,0.47,0.499692
0.92,0.48,0.501253
0.92,0.49,0.505062
0.92,0.5,0.501037
0.92,0.51,0.507143
0.92,0.52,0.501141
0.92,0.53,0.506354
0.92,0.54,0.505607
0.92,0.55,0.508854
0.92,0.56,0.505543
0.92,0.57,0.507766
0.92,0.58,0.509544
0.92,0.59,0.509688
0.92,0.6,0.513843
0.92,0.61,0.512899
0.92,0.62,0.514047
0.92,0.63,0.509297
0.92,0.64,0.513465
0.92,0.65,0.517728
0.92,0.66,0.518417
0.92,0.67,0.519354
0.92,0.68,0.522549
0.92,0.69,0.520495
0.92,0.7,0.519397
0.92,0.71,0.523983
0.92,0.72,0.525509
0.92,0.73,0.524979
0.92,0.74,0.528854
0.92,0.75,0.530576
0.92,0.76,0.530649
0.92,0.77,0.52739
0.92,0.78,0.534372
0.93,0,0.529241
0.93,0.01,0.532319
0.93,0.02,0.52603
0.93,0.03,0.529197
0.93,0.04,0.527002
0.93,0.05,0.529411
0.93,0.06,0.524199
0.93,0.07,0.522825
0.93,0.08,0.521231
0.93,0.09,0.521808
0.93,0.1,0.520853
0.93,0.11,0.521324
0.93,0.12,0.522468
0.93,0.13,0.515982
0.93,0.14,0.521855
0.93,0.15,0.519183
0.93,0.16,0.513837
0.93,0.17,0.513905
0.93,0.18,0.511324
0.93,0.19,0.515386
0.93,0.2,0.512069
0.93,0.21,0.511078
0.93,0.22,0.509547
0.93,0.23,0.514023
0.93,0.24,0.509344
0.93,0.25,0.50763
0.93,0.26,0.507751
0.93,0.27,0.504859
0.93,0.28,0.508393
0.93,0.29,0.504104
0.93,0.3,0.502161
0.93,0.31,0.502885
0.93,0.32,0.505484
0.93,0.33,0.504896
0.93,0.34,0.501177
0.93,0.35,0.503337
0.93,0.36,0.503012
0.93,0.37,0.506957
0.93,0.38,0.5011
0.93,0.39,0.503047
0.93,0.4,0.501614
0.93,0.41,0.503356
0.93,0.42,0.503875
0.93,0.43,0.50154
0.93,0.44,0.504806
0.93,0.45,0.504775
0.93,0.46,0.505385
0.93,0.47,0.501401
0.93,0.48,0.507366
0.93,0.49,0.501349
0.93,0.5,0.504512
0.93,0.51,0.508766
0.93,0.52,0.508018
0.93,0.53,0.508894
0.93,0.54,0.504814
0.93,0.55,0.508107
0.93,0.56,0.506676
0.93,0.57,0.508823
0.93,0.58,0.510506
0.93,0.59,0.510581
0.93,0.6,0.51018
0.93,0.61,0.512009
0.93,0.62,0.513842
0.93,0.63,0.512884
0.93,0.64,0.518516
0.93,0.65,0.515782
0.93,0.66,0.518873
0.93,0.67,0.517071
0.93,0.68,0.522369
0.93,0.69,0.523198
0.93,0.7,0.522349
0.93,0.71,0.525758
0.93,0.72,0.526695
0.93,0.73,0.524154
0.93,0.74,0.52564
0.93,0.75,0.527481
0.93,0.76,0.530791
0.93,0.77,0.529586
0.93,0.78,0.531376
0.94,0,0.527318
0.94,0.01,0.528093
0.94,0.02,0.52854
0.94,0.03,0.528232
0.94,0.04,0.526685
0.94,0.05,0.524989
0.94,0.06,0.524049
0.94,0.07,0.527555
0.94,0.08,0.524012
0.94,0.09,0.522366
0.94,0.1,0.520732
0.94,0.11,0.521115
0.94,0.12,0.517148
0.94,0.13,0.518843
0.94,0.14,0.515836
0.94,0.15,0.518421
0.94,0.16,0.516591
0.94,0.17,0.517819
0.94,0.18,0.515456
0.94,0.19,0.513357
0.94,0.2,0.512347
0.94,0.21,0.509864
0.94,0.22,0.512449
0.94,0.23,0.513215
0.94,0.24,0.510897
0.94,0.25,0.510517
0.94,0.26,0.508287
0.94,0.27,0.509871
0.94,0.28,0.50644
0.94,0.29,0.508909
0.94,0.3,0.506971
0.94,0.31,0.506236
0.94,0.32,0.509667
0.94,0.33,0.503793
0.94,0.34,0.505691
0.94,0.35,0.504327
0.94,0.36,0.506966
0.94,0.37,0.506942
0.94,0.38,0.502997
0.94,0.39,0.501573
0.94,0.4,0.50189
0.94,0.41,0.504948
0.94,0.42,0.501226
0.94,0.43,0.506864
0.94,0.44,0.506538
0.94,0.45,0.503688
0.94,0.46,0.510352
0.94,0.47,0.504801
0.94,0.48,0.50645
0.94,0.49,0.50424
0.94,0.5,0.506041
0.94,0.51,0.507556
0.94,0.52,0.504352
0.94,0.53,0.507681
0.94,0.54,0.512781
0.94,0.55,0.508873
0.94,0.56,0.510008
0.94,0.57,0.513972
0.94,0.58,0.509652
0.94,0.59,0.511812
0.94,0.6,0.511823
0.94,0.61,0.516224
0.94,0.62,0.516582
0.94,0.63,0.519906
0.94,0.64,0.519224
0.94,0.65,0.51873
0.94,0.66,0.517519
0.94,0.67,0.521756
0.94,0.68,0.520389
0.94,0.69,0.518799
0.94,0.7,0.519472
0.94,0.71,0.522778
0.94,0.72,0.525626
0.94,0.73,0.522888
0.94,0.74,0.522336
0.94,0.75,0.528969
0.94,0.76,0.529865
0.94,0.77,0.53116
0.94,0.78,0.528635
0.95,0,0.527087
0.95,0.01,0.52649
0.95,0.02,0.527015
0.95,0.03,0.52809
0.95,0.04,0.524327
0.95,0.05,0.522409
0.95,0.06,0.52277
0.95,0.07,0.522024
0.95,0.08,0.522297
0.95,0.09,0.519641
0.95,0.1,0.52089
0.95,0.11,0.519758
0.95,0.12,0.522921
0.95,0.13,0.518625
0.95,0.14,0.517118
0.95,0.15,0.515877
0.95,0.16,0.517493
0.95,0.17,0.514369
0.95,0.18,0.514
0.95,0.19,0.515602
0.95,0.2,0.510808
0.95,0.21,0.513255
0.95,0.22,0.512707
0.95,0.23,0.511101
0.95,0.24,0.509376
0.95,0.25,0.509273
0.95,0.26,0.50944
0.95,0.27,0.51125
0.95,0.28,0.504898
0.95,0.29,0.508475
0.95,0.3,0.511469
0.95,0.31,0.508883
0.95,0.32,0.507705
0.95,0.33,0.511508
0.95,0.34,0.512696
0.95,0.35,0.509526
0.95,0.36,0.508143
0.95,0.37,0.50759
0.95,0.38,0.509597
0.95,0.39,0.510418
0.95,0.4,0.507797
0.95,0.41,0.507239
0.95,0.42,0.510028
0.95,0.43,0.507567
0.95,0.44,0.509106
0.95,0.45,0.512522
0.95,0.46,0.510078
0.95,0.47,0.509579
0.95,0.48,0.507038
0.95,0.49,0.51
0.95,0.5,0.509344
0.95,0.51,0.508785
0.95,0.52,0.510292
0.95,0.53,0.508125
0.95,0.54,0.511202
0.95,0.55,0.511158
0.95,0.56,0.514019
0.95,0.57,0.514022
0.95,0.58,0.511779
0.95,0.59,0.512955
0.95,0.6,0.515322
0.95,0.61,0.512772
0.95,0.62,0.519196
0.95,0.63,0.514859
0.95,0.64,0.518799
0.95,0.65,0.517429
0.95,0.66,0.518349
0.95,0.67,0.524363
0.95,0.68,0.519022
0.95,0.69,0.518567
0.95,0.7,0.524435
0.95,0.71,0.522202
0.95,0.72,0.524516
0.95,0.73,0.521748
0.95,0.74,0.52566
0.95,0.75,0.526516
0.95,0.76,0.526608
0.95,0.77,0.525989
0.95,0.78,0.527143
0.96,0,0.524455
0.96,0.01,0.524594
0.96,0.02,0.528055
0.96,0.03,0.524982
0.96,0.04,0.52485
0.96,0.05,0.523108
0.96,0.06,0.522504
0.96,0.07,0.520384
0.96,0.08,0.520384
0.96,0.09,0.522963
0.96,0.1,0.523692
0.96,0.11,0.518139
0.96,0.12,0.517167
0.96,0.13,0.517706
0.96,0.14,0.516385
0.96,0.15,0.514438
0.96,0.16,0.518063
0.96,0.17,0.517233
0.96,0.18,0.516863
0.96,0.19,0.511869
0.96,0.2,0.516637
0.96,0.21,0.513967
0.96,0.22,0.514158
0.96,0.23,0.512907
0.96,0.24,0.513629
0.96,0.25,0.515128
0.96,0.26,0.513187
0.96,0.27,0.514848
0.96,0.28,0.50972
0.96,0.29,0.51093
0.96,0.3,0.510541
0.96,0.31,0.512743
0.96,0.32,0.509194
0.96,0.33,0.513321
0.96,0.34,0.510918
0.96,0.35,0.512395
0.96,0.36,0.511339
0.96,0.37,0.508789
0.96,0.38,0.510504
0.96,0.39,0.51265
0.96,0.4,0.511437
0.96,0.41,0.511025
0.96,0.42,0.510698
0.96,0.43,0.512308
0.96,0.44,0.508951
0.96,0.45,0.512674
0.96,0.46,0.508848
0.96,0.47,0.509495
0.96,0.48,0.511306
0.96,0.49,0.511762
0.96,0.5,0.514942
0.96,0.51,0.51579
0.96,0.52,0.512452
0.96,0.53,0.509353
0.96,0.54,0.514698
0.96,0.55,0.515893
0.96,0.56,0.516481
0.96,0.57,0.510981
0.96,0.58,0.515106
0.96,0.59,0.515313
0.96,0.6,0.517214
0.96,0.61,0.518808
0.96,0.62,0.515757
0.96,0.63,0.519347
0.96,0.64,0.517886
0.96,0.65,0.517612
0.96,0.66,0.518873
0.96,0.67,0.52196
0.96,0.68,0.522229
0.96,0.69,0.521247
0.96,0.7,0.518562
0.96,0.71,0.523321
0.96,0.72,0.523678
0.96,0.73,0.522719
0.96,0.74,0.523725
0.96,0.75,0.526367
0.96,0.76,0.522534
0.96,0.77,0.526227
0.96,0.78,0.523868
0.97,0,0.527422
0.97,0.01,0.522609
0.97,0.02,0.519665
0.97,0.03,0.524902
0.97,0.04,0.522071
0.97,0.05,0.522052
0.97,0.06,0.521749
0.97,0.07,0.525412
0.97,0.08,0.521575
0.97,0.09,0.521432
0.97,0.1,0.519322
0.97,0.11,0.518242
0.97,0.12,0.521928
0.97,0.13,0.521186
0.97,0.14,0.518096
0.97,0.15,0.516451
0.97,0.16,0.518343
0.97,0.17,0.519562
0.97,0.18,0.519324
0.97,0.19,0.519183
0.97,0.2,0.516083
0.97,0.21,0.517603
0.97,0.22,0.514273
0.97,0.23,0.513678
0.97,0.24,0.514642
0.97,0.25,0.516434
0.97,0.26,0.519906
0.97,0.27,0.515706
0.97,0.28,0.513212
0.97,0.29,0.510411
0.97,0.3,0.516977
0.97,0.31,0.513375
0.97,0.32,0.513389
0.97,0.33,0.5154
0.97,0.34,0.511709
0.97,0.35,0.510542
0.97,0.36,0.511872
0.97,0.37,0.516291
0.97,0.38,0.513536
0.97,0.39,0.515248
0.97,0.4,0.516148
0.97,0.41,0.513485
0.97,0.42,0.514064
0.97,0.43,0.512447
0.97,0.44,0.51737
0.97,0.45,0.51207
0.97,0.46,0.513923
0.97,0.47,0.514155
0.97,0.48,0.517518
0.97,0.49,0.512632
0.97,0.5,0.51374
0.97,0.51,0.516362
0.97,0.52,0.512398
0.97,0.53,0.515128
0.97,0.54,0.520625
0.97,0.55,0.515825
0.97,0.56,0.513405
0.97,0.57,0.515207
0.97,0.58,0.51712
0.97,0.59,0.51645
0.97,0.6,0.518759
0.97,0.61,0.51668
0.97,0.62,0.517318
0.97,0.63,0.521169
0.97,0.64,0.517947
0.97,0.65,0.517529
0.97,0.66,0.519764
0.97,0.67,0.518302
0.97,0.68,0.522372
0.97,0.69,0.518238
0.97,0.7,0.51875
0.97,0.71,0.519796
0.97,0.72,0.522026
0.97,0.73,0.523665
0.97,0.74,0.524662
0.97,0.75,0.521298
0.97,0.76,0.521571
0.97,0.77,0.521205
0.97,0.78,0.520378
0.98,0,0.518151
0.98,0.01,0.519031
0.98,0.02,0.520703
0.98,0.03,0.519332
0.98,0.04,0.520624
0.98,0.05,0.519906
0.98,0.06,0.517284
0.98,0.07,0.520756
0.98,0.08,0.516518
0.98,0.09,0.520739
0.98,0.1,0.5213
0.98,0.11,0.513938
0.98,0.12,0.52016
0.98,0.13,0.519775
0.98,0.14,0.518152
0.98,0.15,0.519011
0.98,0.16,0.521805
0.98,0.17,0.518024
0.98,0.18,0.519586
0.98,0.19,0.518684
0.98,0.2,0.515079
0.98,0.21,0.520471
0.98,0.22,0.516201
0.98,0.23,0.516033
0.98,0.24,0.516375
0.98,0.25,0.518629
0.98,0.26,0.518416
0.98,0.27,0.518237
0.98,0.28,0.514094
0.98,0.29,0.519114
0.98,0.3,0.516059
0.98,0.31,0.519515
0.98,0.32,0.517447
0.98,0.33,0.518056
0.98,0.34,0.516897
0.98,0.35,0.514795
0.98,0.36,0.515344
0.98,0.37,0.512656
0.98,0.38,0.515634
0.98,0.39,0.515831
0.98,0.4,0.517782
0.98,0.41,0.51635
0.98,0.42,0.518688
0.98,0.43,0.515612
0.98,0.44,0.515569
0.98,0.45,0.514857
0.98,0.46,0.514346
0.98,0.47,0.515862
0.98,0.48,0.514915
0.98,0.49,0.51842
0.98,0.5,0.51976
0.98,0.51,0.518748
0.98,0.52,0.516315
0.98,0.53,0.514047
0.98,0.54,0.517624
0.98,0.55,0.517666
0.98,0.56,0.518227
0.98,0.57,0.515422
0.98,0.58,0.51662
0.98,0.59,0.516417
0.98,0.6,0.518176
0.98,0.61,0.519432
0.98,0.62,0.518245
0.98,0.63,0.520529
0.98,0.64,0.516422
0.98,0.65,0.519252
0.98,0.66,0.519872
0.98,0.67,0.518499
0.98,0.68,0.519461
0.98,0.69,0.521924
0.98,0.7,0.520873
0.98,0.71,0.520939
0.98,0.72,0.522156
0.98,0.73,0.520265
0.98,0.74,0.521958
0.98,0.75,0.521322
0.98,0.76,0.518082
0.98,0.77,0.519723
0.98,0.78,0.52128
0.99,0,0.516186
0.99,0.01,0.516824
0.99,0.02,0.517556
0.99,0.03,0.517031
0.99,0.04,0.51614
0.99,0.05,0.517343
0.99,0.06,0.518941
0.99,0.07,0.518118
0.99,0.08,0.518925
0.99,0.09,0.519403
0.99,0.1,0.518896
0.99,0.11,0.516964
0.99,0.12,0.521534
0.99,0.13,0.518203
0.99,0.14,0.518923
0.99,0.15,0.519296
0.99,0.16,0.518898
0.99,0.17,0.521695
0.99,0.18,0.523267
0.99,0.19,0.517286
0.99,0.2,0.518597
0.99,0.21,0.516667
0.99,0.22,0.519256
0.99,0.23,0.516792
0.99,0.24,0.520325
0.99,0.25,0.520237
0.99,0.26,0.519833
0.99,0.27,0.520164
0.99,0.28,0.521818
0.99,0.29,0.517632
0.99,0.3,0.518094
0.99,0.31,0.518495
0.99,0.32,0.518256
0.99,0.33,0.518874
0.99,0.34,0.516581
0.99,0.35,0.519366
0.99,0.36,0.521232
0.99,0.37,0.518454
0.99,0.38,0.522615
0.99,0.39,0.51989
0.99,0.4,0.520741
0.99,0.41,0.517038
0.99,0.42,0.520747
0.99,0.43,0.517801
0.99,0.44,0.516488
0.99,0.45,0.518876
0.99,0.46,0.519319
0.99,0.47,0.519619
0.99,0.48,0.519203
0.99,0.49,0.521699
0.99,0.5,0.519997
0.99,0.51,0.517161
0.99,0.52,0.516248
0.99,0.53,0.520268
0.99,0.54,0.521552
0.99,0.55,0.510851
0.99,0.56,0.514651
0.99,0.57,0.517432
0.99,0.58,0.519448
0.99,0.59,0.519322
0.99,0.6,0.516669
0.99,0.61,0.518821
0.99,0.62,0.520382
0.99,0.63,0.516761
0.99,0.64,0.517067
0.99,0.65,0.518692
0.99,0.66,0.51994
0.99,0.67,0.519754
0.99,0.68,0.520391
0.99,0.69,0.520903
0.99,0.7,0.518484
0.99,0.71,0.517126
0.99,0.72,0.521937
0.99,0.73,0.518194
0.99,0.74,0.519801
0.99,0.75,0.521197
0.99,0.76,0.517841
0.99,0.77,0.515934
0.99,0.78,0.518519
