r,theta,mass
0.8,0,5.02204e-45
0.8,0.01,2.79269e-44
0.8,0.02,7.66639e-45
0.8,0.03,5.1769e-43
0.8,0.04,1.41658e-43
0.8,0.05,3.44882e-53
0.8,0.06,8.63559e-42
0.8,0.07,8.58362e-46
0.8,0.08,1.70343e-44
0.8,0.09,3.52927e-47
0.8,0.1,9.42629e-49
0.8,0.11,5.73365e-59
0.8,0.12,3.27347e-44
0.8,0.13,3.23589e-44
0.8,0.14,3.69313e-50
0.8,0.15,1.1921e-60
0.8,0.16,1.63992e-41
0.8,0.17,3.78304e-50
0.8,0.18,6.27185e-43
0.8,0.19,7.06641e-43
0.8,0.2,7.11836e-49
0.8,0.21,7.59516e-56
0.8,0.22,5.33313e-45
0.8,0.23,4.05526e-53
0.8,0.24,4.13176e-42
0.8,0.25,2.92278e-51
0.8,0.26,1.59986e-59
0.8,0.27,1.27877e-49
0.8,0.28,3.00469e-41
0.8,0.29,7.38989e-43
0.8,0.3,5.0904e-41
0.8,0.31,4.1568e-41
0.8,0.32,1.50783e-58
0.8,0.33,2.2025e-53
0.8,0.34,1.82675e-52
0.8,0.35,3.35221e-56
0.8,0.36,7.03585e-41
0.8,0.37,1.92296e-43
0.8,0.38,8.57507e-60
0.8,0.39,5.31037e-45
0.8,0.4,1.6631e-45
0.8,0.41,7.01317e-43
0.8,0.42,3.02076e-45
0.8,0.43,6.50256e-57
0.8,0.44,1.29577e-49
0.8,0.45,2.37507e-43
0.8,0.46,2.37698e-45
0.8,0.47,2.27702e-41
0.8,0.48,1.48553e-49
0.8,0.49,1.02191e-41
0.8,0.5,9.44193e-49
0.8,0.51,1.0738e-50
0.8,0.52,9.43595e-53
0.8,0.53,4.78814e-45
0.8,0.54,3.53211e-45
0.8,0.55,8.59947e-50
0.8,0.56,3.48694e-41
0.8,0.57,6.33284e-50
0.8,0.58,4.07649e-50
0.8,0.59,1.67882e-47
0.8,0.6,2.43444e-47
0.8,0.61,6.07599e-54
0.8,0.62,4.65447e-47
0.8,0.63,5.67499e-52
0.8,0.64,2.4066e-58
0.8,0.65,2.2999e-44
0.8,0.66,5.20258e-48
0.8,0.67,1.37678e-46
0.8,0.68,8.46862e-43
0.8,0.69,4.92338e-47
0.8,0.7,4.73291e-45
0.8,0.71,9.72338e-47
0.8,0.72,9.8935e-47
0.8,0.73,8.76101e-56
0.8,0.74,1.10212e-40
0.8,0.75,6.21591e-44
0.8,0.76,1.3258e-47
0.8,0.77,7.47817e-54
0.8,0.78,2.53065e-45
0.8,0.79,3.79971e-48
0.8,0.8,2.89396e-46
0.8,0.81,9.92117e-59
0.8,0.82,1.81993e-58
0.8,0.83,7.31234e-54
0.8,0.84,3.50854e-52
0.8,0.85,3.59759e-46
0.8,0.86,1.16593e-55
0.8,0.87,4.72241e-51
0.8,0.88,7.98526e-43
0.8,0.89,7.01448e-44
0.8,0.9,7.0706e-45
0.8,0.91,1.04945e-49
0.8,0.92,5.00841e-47
0.8,0.93,1.88693e-44
0.8,0.94,5.41812e-45
0.8,0.95,4.31525e-43
0.8,0.96,4.88547e-53
0.8,0.97,2.04557e-51
0.8,0.98,1.93258e-49
0.8,0.99,1.16788e-45
0.8,1,8.07394e-50
0.8,1.01,1.74525e-61
0.8,1.02,5.03015e-48
0.8,1.03,4.33674e-60
0.8,1.04,1.63852e-43
0.8,1.05,1.88804e-44
0.8,1.06,1.9148e-50
0.8,1.07,1.77907e-45
0.8,1.08,1.94904e-57
0.8,1.09,1.66867e-60
0.8,1.1,1.86616e-52
0.8,1.11,1.34005e-59
0.8,1.12,1.66652e-45
0.8,1.13,3.77954e-54
0.8,1.14,8.41406e-41
0.8,1.15,1.6156e-52
0.8,1.16,6.06227e-44
0.8,1.17,6.92055e-44
0.8,1.18,9.60412e-42
0.8,1.19,4.61929e-44
0.8,1.2,3.61947e-41
0.8,1.21,1.0914e-51
0.8,1.22,6.09472e-42
0.8,1.23,4.02307e-44
0.8,1.24,8.44419e-52
0.8,1.25,3.45583e-55
0.8,1.26,2.51488e-53
0.8,1.27,9.14534e-53
0.8,1.28,8.48178e-44
0.8,1.29,9.30547e-47
0.8,1.3,5.12029e-43
0.8,1.31,2.87741e-52
0.8,1.32,9.65704e-45
0.8,1.33,9.66342e-42
0.8,1.34,6.8128e-43
0.8,1.35,5.61943e-44
0.8,1.36,2.12406e-44
0.8,1.37,6.557e-49
0.8,1.38,7.97841e-51
0.8,1.39,7.03043e-56
0.8,1.4,7.76829e-49
0.8,1.41,3.82217e-42
0.8,1.42,2.01497e-46
0.8,1.43,7.40476e-50
0.8,1.44,5.62484e-47
0.8,1.45,3.57101e-48
0.8,1.46,2.10879e-48
0.8,1.47,8.91042e-48
0.8,1.48,5.55679e-50
0.8,1.49,1.03182e-51
0.8,1.5,8.53963e-48
0.8,1.51,9.07347e-45
0.8,1.52,1.23999e-42
0.8,1.53,3.45534e-62
0.8,1.54,2.75017e-41
0.8,1.55,2.05648e-44
0.8,1.56,1.65906e-44
0.8,1.57,4.94811e-54
0.8,1.58,2.15044e-53
0.8,1.59,1.40682e-48
0.8,1.6,6.51797e-42
0.8,1.61,2.0554e-42
0.8,1.62,4.87466e-42
0.8,1.63,1.63082e-43
0.8,1.64,7.07213e-47
0.8,1.65,6.38291e-49
0.8,1.66,3.45188e-45
0.8,1.67,2.26513e-52
0.8,1.68,9.97677e-45
0.8,1.69,4.71722e-44
0.8,1.7,3.62499e-49
0.8,1.71,2.50677e-58
0.8,1.72,8.66383e-46
0.8,1.73,6.20731e-63
0.8,1.74,1.64435e-47
0.8,1.75,1.39203e-42
0.8,1.76,3.82532e-47
0.8,1.77,3.26386e-51
0.8,1.78,5.96306e-43
0.8,1.79,1.56331e-43
0.8,1.8,8.75971e-51
0.8,1.81,1.01579e-45
0.8,1.82,4.67052e-43
0.8,1.83,3.65042e-42
0.8,1.84,1.82061e-62
0.8,1.85,6.24806e-48
0.8,1.86,3.90176e-53
0.8,1.87,5.1197e-46
0.8,1.88,5.59058e-44
0.8,1.89,2.91664e-42
0.8,1.9,5.65585e-49
0.8,1.91,1.16226e-49
0.8,1.92,1.05999e-47
0.8,1.93,3.71937e-42
0.8,1.94,3.36233e-55
0.8,1.95,6.00281e-47
0.8,1.96,5.51948e-44
0.8,1.97,1.06616e-46
0.8,1.98,5.03885e-45
0.8,1.99,2.13922e-45
0.8,2,1.39928e-54
0.8,2.01,1.31408e-43
0.8,2.02,3.3704e-44
0.8,2.03,2.26681e-45
0.8,2.04,8.36711e-48
0.8,2.05,2.20987e-42
0.8,2.06,5.26126e-43
0.8,2.07,2.44235e-50
0.8,2.08,6.70433e-52
0.8,2.09,1.19339e-48
0.8,2.1,4.89361e-49
0.8,2.11,1.87303e-45
0.8,2.12,8.69288e-49
0.8,2.13,5.31702e-44
0.8,2.14,3.91963e-52
0.8,2.15,3.53551e-41
0.8,2.16,1.18235e-49
0.8,2.17,1.5225e-42
0.8,2.18,8.80671e-47
0.8,2.19,1.29503e-42
0.8,2.2,1.80632e-44
0.8,2.21,9.61065e-49
0.8,2.22,1.21196e-41
0.8,2.23,6.70601e-42
0.8,2.24,2.81176e-50
0.8,2.25,2.976e-47
0.8,2.26,6.6161e-47
0.8,2.27,2.50984e-57
0.8,2.28,3.31975e-49
0.8,2.29,8.76582e-45
0.8,2.3,1.28416e-55
0.8,2.31,3.00239e-58
0.8,2.32,7.80647e-59
0.8,2.33,1.36221e-43
0.8,2.34,6.53385e-50
0.8,2.35,2.36096e-45
0.8,2.36,1.08366e-47
0.8,2.37,2.53208e-42
0.8,2.38,2.81637e-58
0.8,2.39,7.99891e-41
0.8,2.4,9.00927e-49
0.8,2.41,1.73992e-50
0.8,2.42,3.83981e-47
0.8,2.43,3.37818e-49
0.8,2.44,3.13602e-46
0.8,2.45,2.80143e-42
0.8,2.46,5.61801e-52
0.8,2.47,1.95568e-45
0.8,2.48,9.12002e-59
0.8,2.49,5.24667e-51
0.8,2.5,5.73686e-47
0.8,2.51,7.11968e-54
0.8,2.52,1.31655e-47
0.8,2.53,2.72707e-51
0.8,2.54,1.51643e-52
0.8,2.55,3.01581e-47
0.8,2.56,1.7119e-59
0.8,2.57,2.11921e-44
0.8,2.58,3.76699e-41
0.8,2.59,2.29384e-48
0.8,2.6,3.88082e-46
0.8,2.61,1.25195e-41
0.8,2.62,4.08645e-45
0.8,2.63,9.02187e-45
0.8,2.64,5.46973e-45
0.8,2.65,6.55232e-41
0.8,2.66,3.50773e-42
0.8,2.67,1.67681e-49
0.8,2.68,2.41904e-44
0.8,2.69,3.29603e-42
0.8,2.7,1.70351e-44
0.8,2.71,1.76609e-54
0.8,2.72,2.24097e-47
0.8,2.73,8.63602e-49
0.8,2.74,3.99564e-42
0.8,2.75,9.41791e-54
0.8,2.76,1.83649e-43
0.8,2.77,4.6694e-50
0.8,2.78,4.1961e-45
0.8,2.79,7.14099e-44
0.8,2.8,2.44012e-65
0.8,2.81,8.50462e-50
0.8,2.82,5.58927e-54
0.8,2.83,5.88231e-42
0.8,2.84,1.7557e-45
0.8,2.85,3.72547e-51
0.8,2.86,4.23103e-44
0.8,2.87,7.21062e-47
0.8,2.88,7.9127e-46
0.8,2.89,4.59196e-42
0.8,2.9,1.62508e-50
0.8,2.91,6.57295e-51
0.8,2.92,4.59379e-50
0.8,2.93,7.96076e-50
0.8,2.94,5.81221e-50
0.8,2.95,2.90004e-54
0.8,2.96,1.68142e-42
0.8,2.97,2.41785e-57
0.8,2.98,6.47154e-44
0.8,2.99,1.08273e-66
0.8,3,1.43537e-41
0.8,3.01,2.89341e-45
0.8,3.02,1.55496e-59
0.8,3.03,2.59105e-42
0.8,3.04,2.47057e-41
0.8,3.05,1.95607e-48
0.8,3.06,1.04838e-48
0.8,3.07,1.35378e-59
0.8,3.08,1.66478e-50
0.8,3.09,1.25146e-42
0.8,3.1,5.30643e-47
0.8,3.11,4.50091e-43
0.8,3.12,9.39285e-44
0.8,3.13,2.71146e-47
0.8,3.14,1.05832e-47
0.8,3.15,5.94443e-51
0.8,3.16,7.1669e-48
0.8,3.17,9.82197e-42
0.8,3.18,1.52137e-49
0.8,3.19,3.98537e-46
0.8,3.2,1.91757e-46
0.8,3.21,6.5126e-48
0.8,3.22,1.81422e-44
0.8,3.23,3.20288e-42
0.8,3.24,1.40131e-43
0.8,3.25,1.67236e-53
0.8,3.26,4.94182e-46
0.8,3.27,6.16099e-45
0.8,3.28,3.32832e-42
0.8,3.29,7.1765e-46
0.8,3.3,2.35292e-42
0.8,3.31,1.85914e-47
0.8,3.32,2.76702e-56
0.8,3.33,7.11761e-48
0.8,3.34,9.91645e-61
0.8,3.35,7.68943e-55
0.8,3.36,5.51733e-46
0.8,3.37,8.20745e-50
0.8,3.38,3.89258e-44
0.8,3.39,2.451e-48
0.8,3.4,5.75402e-48
0.8,3.41,6.42915e-41
0.8,3.42,5.00418e-41
0.8,3.43,7.58869e-42
0.8,3.44,7.76875e-53
0.8,3.45,1.93127e-41
0.8,3.46,7.39557e-45
0.8,3.47,2.55705e-48
0.8,3.48,7.5372e-53
0.8,3.49,3.15417e-62
0.8,3.5,4.90188e-51
0.8,3.51,1.05043e-44
0.8,3.52,1.12449e-56
0.8,3.53,4.35029e-47
0.8,3.54,1.15761e-55
0.8,3.55,3.44992e-47
0.8,3.56,1.07279e-50
0.8,3.57,1.67255e-55
0.8,3.58,1.78973e-48
0.8,3.59,1.32106e-56
0.8,3.6,5.29742e-53
0.8,3.61,5.55659e-46
0.8,3.62,4.31847e-55
0.8,3.63,2.16533e-44
0.8,3.64,4.27472e-44
0.8,3.65,8.53511e-48
0.8,3.66,3.41062e-50
0.8,3.67,1.00375e-50
0.8,3.68,1.08763e-52
0.8,3.69,3.12196e-50
0.8,3.7,6.77865e-68
0.8,3.71,2.11819e-43
0.8,3.72,3.2555e-48
0.8,3.73,1.68739e-41
0.8,3.74,1.51637e-63
0.8,3.75,2.94164e-49
0.8,3.76,7.61597e-45
0.8,3.77,2.82226e-41
0.8,3.78,9.51135e-45
0.8,3.79,1.13011e-52
0.8,3.8,9.9289e-48
0.8,3.81,1.37518e-41
0.8,3.82,9.52689e-58
0.8,3.83,8.04997e-58
0.8,3.84,2.11967e-54
0.8,3.85,4.4567e-41
0.8,3.86,3.39774e-42
0.8,3.87,3.22188e-43
0.8,3.88,2.54734e-50
0.8,3.89,1.02515e-50
0.8,3.9,9.95137e-44
0.8,3.91,2.46675e-43
0.8,3.92,7.13381e-47
0.8,3.93,6.78022e-47
0.8,3.94,1.08196e-54
0.8,3.95,1.61972e-45
0.8,3.96,8.53166e-51
0.8,3.97,2.40389e-46
0.8,3.98,8.97473e-42
0.8,3.99,4.81951e-44
0.8,4,3.64331e-50
0.8,4.01,6.56887e-42
0.8,4.02,1.85182e-54
0.8,4.03,3.28268e-45
0.8,4.04,8.35811e-54
0.8,4.05,4.68517e-49
0.8,4.06,6.37948e-43
0.8,4.07,5.13434e-45
0.8,4.08,3.98408e-41
0.8,4.09,1.27324e-46
0.8,4.1,4.21209e-51
0.8,4.11,1.64453e-42
0.8,4.12,5.71951e-44
0.8,4.13,6.08769e-49
0.8,4.14,2.38042e-70
0.8,4.15,3.16551e-46
0.8,4.16,5.52654e-41
0.8,4.17,6.50369e-42
0.8,4.18,2.6006e-51
0.8,4.19,5.08449e-45
0.8,4.2,2.39469e-46
0.8,4.21,2.02472e-43
0.8,4.22,1.99543e-48
0.8,4.23,1.41958e-46
0.8,4.24,1.86147e-42
0.8,4.25,7.78185e-50
0.8,4.26,8.06299e-45
0.8,4.27,1.00629e-52
0.8,4.28,3.63978e-48
0.8,4.29,1.58427e-46
0.8,4.3,1.49746e-61
0.8,4.31,9.1697e-49
0.8,4.32,8.10835e-50
0.8,4.33,1.76747e-51
0.8,4.34,5.02504e-47
0.8,4.35,5.31122e-42
0.8,4.36,4.00096e-50
0.8,4.37,9.46525e-45
0.8,4.38,2.04473e-43
0.8,4.39,1.89648e-42
0.8,4.4,1.11578e-61
0.8,4.41,1.11226e-50
0.8,4.42,3.93319e-47
0.8,4.43,8.32961e-50
0.8,4.44,1.51171e-61
0.8,4.45,1.26694e-60
0.8,4.46,8.60807e-44
0.8,4.47,7.98475e-60
0.8,4.48,1.18246e-43
0.8,4.49,5.06337e-56
0.8,4.5,1.53948e-47
0.8,4.51,6.89451e-50
0.8,4.52,5.63961e-48
0.8,4.53,6.27728e-49
0.8,4.54,2.06295e-52
0.8,4.55,4.05321e-43
0.8,4.56,1.24704e-44
0.8,4.57,5.83673e-50
0.8,4.58,2.05519e-54
0.8,4.59,3.55696e-41
0.8,4.6,3.26991e-47
0.8,4.61,4.11631e-49
0.8,4.62,8.25374e-41
0.8,4.63,1.42044e-49
0.8,4.64,5.3411e-52
0.8,4.65,3.92425e-49
0.8,4.66,3.65128e-43
0.8,4.67,5.99126e-43
0.8,4.68,1.56832e-43
0.8,4.69,1.87073e-48
0.8,4.7,1.45064e-43
0.8,4.71,1.29309e-42
0.8,4.72,3.97371e-44
0.8,4.73,2.02362e-52
0.8,4.74,7.38679e-46
0.8,4.75,3.62439e-52
0.8,4.76,1.27626e-52
0.8,4.77,4.0645e-56
0.8,4.78,3.58773e-43
0.8,4.79,8.65704e-43
0.8,4.8,2.58549e-45
0.8,4.81,1.65836e-53
0.8,4.82,3.71918e-45
0.8,4.83,5.06145e-45
0.8,4.84,4.74253e-44
0.8,4.85,1.3522e-42
0.8,4.86,6.10958e-56
0.8,4.87,1.51415e-49
0.8,4.88,1.62181e-49
0.8,4.89,3.88941e-56
0.8,4.9,7.94879e-42
0.8,4.91,7.28863e-42
0.8,4.92,9.51607e-43
0.8,4.93,5.57266e-46
0.8,4.94,5.27658e-43
0.8,4.95,6.32218e-43
0.8,4.96,2.00804e-56
0.8,4.97,4.87029e-44
0.8,4.98,7.50159e-52
0.8,4.99,4.83349e-46
0.8,5,1.75018e-50
0.8,5.01,4.61189e-47
0.8,5.02,9.06316e-47
0.8,5.03,7.51843e-52
0.8,5.04,1.35658e-46
0.8,5.05,6.08329e-41
0.8,5.06,1.91482e-44
0.8,5.07,2.26932e-50
0.8,5.08,1.56423e-45
0.8,5.09,3.72908e-45
0.8,5.1,6.74723e-48
0.8,5.11,5.197e-49
0.8,5.12,4.19635e-49
0.8,5.13,1.15356e-55
0.8,5.14,1.45582e-48
0.8,5.15,8.11918e-41
0.8,5.16,4.66506e-47
0.8,5.17,2.28825e-53
0.8,5.18,2.64349e-49
0.8,5.19,5.41396e-62
0.8,5.2,4.83738e-49
0.8,5.21,5.53009e-58
0.8,5.22,1.3591e-49
0.8,5.23,6.98969e-50
0.8,5.24,1.53832e-45
0.8,5.25,5.59288e-44
0.8,5.26,2.56117e-53
0.8,5.27,5.33716e-43
0.8,5.28,1.6114e-42
0.8,5.29,5.61378e-61
0.8,5.3,2.93888e-46
0.8,5.31,1.74663e-54
0.8,5.32,2.4058e-44
0.8,5.33,4.77773e-52
0.8,5.34,1.20286e-41
0.8,5.35,2.44222e-44
0.8,5.36,1.03745e-47
0.8,5.37,3.26938e-51
0.8,5.38,4.34904e-45
0.8,5.39,7.93525e-46
0.8,5.4,5.04696e-42
0.8,5.41,4.74277e-43
0.8,5.42,6.85246e-51
0.8,5.43,1.5563e-41
0.8,5.44,1.66538e-49
0.8,5.45,1.8264e-42
0.8,5.46,3.23018e-52
0.8,5.47,6.86775e-55
0.8,5.48,2.42521e-55
0.8,5.49,1.92279e-60
0.8,5.5,4.78351e-44
0.8,5.51,9.67357e-50
0.8,5.52,1.46739e-44
0.8,5.53,2.03123e-44
0.8,5.54,1.15839e-49
0.8,5.55,1.04841e-49
0.8,5.56,8.69189e-45
0.8,5.57,3.63706e-53
0.8,5.58,2.75569e-48
0.8,5.59,1.17335e-48
0.8,5.6,3.76302e-46
0.8,5.61,1.65062e-55
0.8,5.62,1.26065e-49
0.8,5.63,1.63502e-50
0.8,5.64,1.68739e-44
0.8,5.65,1.22786e-50
0.8,5.66,3.67856e-51
0.8,5.67,9.72634e-45
0.8,5.68,6.58915e-50
0.8,5.69,8.03202e-51
0.8,5.7,6.83991e-45
0.8,5.71,4.01409e-43
0.8,5.72,1.22081e-48
0.8,5.73,5.37141e-47
0.8,5.74,1.42587e-56
0.8,5.75,1.35948e-43
0.8,5.76,3.66895e-51
0.8,5.77,1.13702e-40
0.8,5.78,3.34657e-55
0.8,5.79,5.27625e-43
0.8,5.8,1.68179e-47
0.8,5.81,9.64047e-43
0.8,5.82,1.80594e-46
0.8,5.83,4.64329e-51
0.8,5.84,4.87577e-41
0.8,5.85,6.62474e-48
0.8,5.86,4.03714e-42
0.8,5.87,3.66786e-49
0.8,5.88,3.17976e-43
0.8,5.89,3.03314e-44
0.8,5.9,1.17664e-49
0.8,5.91,3.61115e-46
0.8,5.92,5.21025e-45
0.8,5.93,1.82636e-51
0.8,5.94,6.53152e-50
0.8,5.95,2.27856e-53
0.8,5.96,1.22921e-58
0.8,5.97,3.48256e-42
0.8,5.98,8.66566e-43
0.8,5.99,3.34133e-44
0.8,6,1.0622e-41
0.8,6.01,2.57022e-42
0.8,6.02,9.41304e-46
0.8,6.03,1.1679e-42
0.8,6.04,2.26665e-45
0.8,6.05,1.18008e-41
0.8,6.06,1.95711e-50
0.8,6.07,1.84397e-51
0.8,6.08,5.64392e-49
0.8,6.09,3.08058e-47
0.8,6.1,2.46678e-52
0.8,6.11,3.8451e-44
0.8,6.12,5.43053e-56
0.8,6.13,4.9969e-46
0.8,6.14,1.77026e-44
0.8,6.15,6.80498e-47
0.8,6.16,1.28955e-43
0.8,6.17,5.20234e-43
0.8,6.18,1.37822e-46
0.8,6.19,4.02245e-44
0.8,6.2,1.43019e-47
0.8,6.21,1.28441e-46
0.8,6.22,3.00584e-46
0.8,6.23,1.68108e-49
0.8,6.24,3.14054e-53
0.8,6.25,2.29379e-41
0.8,6.26,1.41179e-46
0.8,6.27,8.57318e-45
0.8,6.28,8.07283e-43
0.81,0,1.76385e-36
0.81,0.01,2.44345e-45
0.81,0.02,6.06683e-42
0.81,0.03,8.19893e-45
0.81,0.04,2.22517e-39
0.81,0.05,1.23431e-33
0.81,0.06,2.81546e-39
0.81,0.07,3.12111e-34
0.81,0.08,1.14221e-34
0.81,0.09,1.27834e-42
0.81,0.1,6.19242e-34
0.81,0.11,4.23983e-43
0.81,0.12,1.70853e-36
0.81,0.13,5.09497e-36
0.81,0.14,3.49232e-36
0.81,0.15,4.82913e-45
0.81,0.16,1.44036e-34
0.81,0.17,3.2089e-34
0.81,0.18,4.7312e-42
0.81,0.19,1.16828e-44
0.81,0.2,2.74439e-42
0.81,0.21,1.9833e-41
0.81,0.22,1.8469e-37
0.81,0.23,2.13381e-34
0.81,0.24,1.02093e-38
0.81,0.25,6.27721e-40
0.81,0.26,1.2127e-39
0.81,0.27,6.43421e-38
0.81,0.28,6.96661e-39
0.81,0.29,3.67782e-43
0.81,0.3,1.00713e-51
0.81,0.31,2.61961e-42
0.81,0.32,1.03286e-38
0.81,0.33,1.59164e-39
0.81,0.34,5.12318e-41
0.81,0.35,1.64117e-45
0.81,0.36,1.45413e-37
0.81,0.37,5.44011e-34
0.81,0.38,8.42157e-40
0.81,0.39,3.20874e-54
0.81,0.4,1.53553e-35
0.81,0.41,4.63387e-48
0.81,0.42,2.18955e-43
0.81,0.43,3.03737e-41
0.81,0.44,2.90915e-38
0.81,0.45,1.69354e-36
0.81,0.46,9.37017e-39
0.81,0.47,3.63774e-54
0.81,0.48,2.93227e-49
0.81,0.49,1.48459e-35
0.81,0.5,1.00187e-46
0.81,0.51,1.44969e-46
0.81,0.52,5.44565e-36
0.81,0.53,3.31026e-35
0.81,0.54,9.16523e-47
0.81,0.55,3.16255e-33
0.81,0.56,1.32728e-34
0.81,0.57,1.0837e-36
0.81,0.58,1.26503e-48
0.81,0.59,2.31344e-42
0.81,0.6,4.64642e-39
0.81,0.61,2.54796e-35
0.81,0.62,1.02529e-37
0.81,0.63,2.91514e-39
0.81,0.64,2.83269e-35
0.81,0.65,2.54979e-46
0.81,0.66,2.64104e-44
0.81,0.67,8.19066e-36
0.81,0.68,3.29736e-43
0.81,0.69,1.29322e-38
0.81,0.7,7.7296e-45
0.81,0.71,5.90704e-46
0.81,0.72,1.19616e-35
0.81,0.73,1.70095e-34
0.81,0.74,5.1966e-36
0.81,0.75,1.36366e-39
0.81,0.76,5.06713e-36
0.81,0.77,1.89156e-39
0.81,0.78,7.03956e-40
0.81,0.79,3.48919e-45
0.81,0.8,5.89899e-43
0.81,0.81,4.13575e-36
0.81,0.82,1.2555e-43
0.81,0.83,1.32717e-45
0.81,0.84,7.01228e-38
0.81,0.85,9.76127e-34
0.81,0.86,8.17715e-40
0.81,0.87,7.89226e-41
0.81,0.88,2.47776e-41
0.81,0.89,2.24413e-35
0.81,0.9,3.7828e-36
0.81,0.91,6.21712e-45
0.81,0.92,4.53664e-38
0.81,0.93,6.20837e-39
0.81,0.94,4.41119e-45
0.81,0.95,4.54203e-45
0.81,0.96,1.14989e-37
0.81,0.97,3.12518e-36
0.81,0.98,1.23194e-34
0.81,0.99,8.24018e-48
0.81,1,4.37155e-35
0.81,1.01,8.67302e-43
0.81,1.02,2.00359e-46
0.81,1.03,3.01086e-39
0.81,1.04,1.87564e-36
0.81,1.05,6.29695e-36
0.81,1.06,1.88053e-48
0.81,1.07,7.44042e-47
0.81,1.08,5.05842e-34
0.81,1.09,3.82061e-48
0.81,1.1,1.41872e-38
0.81,1.11,1.96435e-41
0.81,1.12,2.70859e-37
0.81,1.13,5.55311e-37
0.81,1.14,5.64844e-41
0.81,1.15,1.21965e-40
0.81,1.16,1.88575e-36
0.81,1.17,1.78611e-37
0.81,1.18,1.3374e-43
0.81,1.19,3.73427e-33
0.81,1.2,1.1587e-33
0.81,1.21,2.31901e-44
0.81,1.22,4.87934e-42
0.81,1.23,4.27968e-45
0.81,1.24,4.4836e-35
0.81,1.25,1.44466e-48
0.81,1.26,5.25587e-45
0.81,1.27,2.15492e-42
0.81,1.28,1.57116e-37
0.81,1.29,4.88915e-42
0.81,1.3,5.15553e-45
0.81,1.31,1.51725e-45
0.81,1.32,1.34748e-34
0.81,1.33,1.8333e-34
0.81,1.34,1.59619e-41
0.81,1.35,1.346e-38
0.81,1.36,7.65698e-35
0.81,1.37,8.83363e-37
0.81,1.38,1.59739e-36
0.81,1.39,5.19005e-40
0.81,1.4,6.42373e-41
0.81,1.41,8.45787e-46
0.81,1.42,1.90048e-41
0.81,1.43,1.49009e-58
0.81,1.44,1.58358e-36
0.81,1.45,4.37193e-40
0.81,1.46,6.40034e-43
0.81,1.47,8.33034e-40
0.81,1.48,9.59011e-37
0.81,1.49,3.97647e-38
0.81,1.5,8.69502e-35
0.81,1.51,1.71523e-45
0.81,1.52,8.44782e-37
0.81,1.53,4.33245e-36
0.81,1.54,2.88986e-36
0.81,1.55,2.70595e-44
0.81,1.56,2.13342e-38
0.81,1.57,5.28945e-51
0.81,1.58,1.18179e-46
0.81,1.59,9.44098e-48
0.81,1.6,3.16338e-39
0.81,1.61,1.35318e-48
0.81,1.62,8.80285e-35
0.81,1.63,7.44689e-38
0.81,1.64,2.60736e-37
0.81,1.65,2.42895e-35
0.81,1.66,3.32226e-34
0.81,1.67,2.45843e-35
0.81,1.68,4.35904e-41
0.81,1.69,1.04556e-37
0.81,1.7,6.02526e-41
0.81,1.71,1.00844e-47
0.81,1.72,3.00276e-42
0.81,1.73,1.49612e-44
0.81,1.74,1.65261e-40
0.81,1.75,1.27927e-36
0.81,1.76,2.11105e-38
0.81,1.77,8.0156e-37
0.81,1.78,6.27434e-39
0.81,1.79,6.98135e-34
0.81,1.8,6.52073e-38
0.81,1.81,5.22626e-38
0.81,1.82,4.65868e-37
0.81,1.83,1.01227e-35
0.81,1.84,9.59678e-45
0.81,1.85,1.13117e-40
0.81,1.86,4.174e-44
0.81,1.87,7.16111e-45
0.81,1.88,1.50765e-43
0.81,1.89,6.03602e-35
0.81,1.9,2.46706e-42
0.81,1.91,1.9546e-46
0.81,1.92,3.60199e-48
0.81,1.93,5.62583e-41
0.81,1.94,1.36111e-56
0.81,1.95,3.20659e-47
0.81,1.96,1.05714e-38
0.81,1.97,1.06848e-34
0.81,1.98,1.67099e-44
0.81,1.99,3.67468e-40
0.81,2,2.73798e-42
0.81,2.01,9.3044e-36
0.81,2.02,2.53463e-37
0.81,2.03,5.01799e-38
0.81,2.04,1.69416e-35
0.81,2.05,8.61582e-42
0.81,2.06,1.61045e-43
0.81,2.07,8.78614e-40
0.81,2.08,5.02186e-39
0.81,2.09,6.85714e-41
0.81,2.1,5.11992e-42
0.81,2.11,9.5203e-35
0.81,2.12,2.9094e-37
0.81,2.13,1.79342e-33
0.81,2.14,1.37239e-38
0.81,2.15,7.45026e-37
0.81,2.16,2.74536e-37
0.81,2.17,1.46022e-38
0.81,2.18,2.60716e-42
0.81,2.19,1.71373e-43
0.81,2.2,3.4372e-50
0.81,2.21,2.99391e-37
0.81,2.22,1.69763e-42
0.81,2.23,3.2822e-36
0.81,2.24,1.76918e-35
0.81,2.25,5.04487e-37
0.81,2.26,4.1216e-46
0.81,2.27,6.11882e-41
0.81,2.28,4.78998e-44
0.81,2.29,9.69099e-50
0.81,2.3,2.49322e-35
0.81,2.31,1.45973e-35
0.81,2.32,2.84873e-38
0.81,2.33,1.83745e-36
0.81,2.34,2.79576e-52
0.81,2.35,9.58641e-43
0.81,2.36,4.15566e-53
0.81,2.37,7.73778e-42
0.81,2.38,6.66035e-37
0.81,2.39,2.25521e-36
0.81,2.4,3.55903e-42
0.81,2.41,3.58909e-42
0.81,2.42,8.74444e-37
0.81,2.43,8.45603e-37
0.81,2.44,3.19898e-34
0.81,2.45,6.40249e-39
0.81,2.46,8.7849e-41
0.81,2.47,1.2582e-35
0.81,2.48,5.65418e-33
0.81,2.49,2.50168e-40
0.81,2.5,1.44226e-36
0.81,2.51,3.52934e-36
0.81,2.52,4.96004e-55
0.81,2.53,8.9095e-36
0.81,2.54,1.69775e-33
0.81,2.55,9.76967e-34
0.81,2.56,3.1573e-34
0.81,2.57,3.93274e-41
0.81,2.58,6.21932e-44
0.81,2.59,5.14285e-36
0.81,2.6,3.64324e-41
0.81,2.61,2.90396e-39
0.81,2.62,2.8197e-39
0.81,2.63,4.73302e-44
0.81,2.64,2.20649e-48
0.81,2.65,2.5889e-46
0.81,2.66,6.38571e-40
0.81,2.67,4.0799e-44
0.81,2.68,4.4394e-38
0.81,2.69,1.53275e-46
0.81,2.7,5.06575e-42
0.81,2.71,3.28272e-44
0.81,2.72,4.71991e-33
0.81,2.73,1.68083e-35
0.81,2.74,6.8793e-41
0.81,2.75,1.05418e-42
0.81,2.76,9.36372e-40
0.81,2.77,1.86197e-38
0.81,2.78,2.62375e-51
0.81,2.79,3.17752e-34
0.81,2.8,2.73374e-40
0.81,2.81,3.91337e-35
0.81,2.82,1.5387e-41
0.81,2.83,3.90743e-42
0.81,2.84,2.05868e-37
0.81,2.85,5.45721e-37
0.81,2.86,3.26482e-43
0.81,2.87,5.91479e-43
0.81,2.88,6.59498e-47
0.81,2.89,1.10116e-42
0.81,2.9,1.67929e-35
0.81,2.91,2.78827e-35
0.81,2.92,6.57562e-39
0.81,2.93,4.03042e-35
0.81,2.94,2.17969e-39
0.81,2.95,1.13658e-33
0.81,2.96,8.33951e-36
0.81,2.97,1.00811e-41
0.81,2.98,1.02391e-40
0.81,2.99,9.3531e-37
0.81,3,1.59939e-38
0.81,3.01,1.95875e-37
0.81,3.02,9.43113e-34
0.81,3.03,6.28763e-41
0.81,3.04,2.12742e-47
0.81,3.05,5.52769e-41
0.81,3.06,1.307e-40
0.81,3.07,6.85539e-42
0.81,3.08,8.01564e-37
0.81,3.09,9.00073e-36
0.81,3.1,2.29602e-36
0.81,3.11,1.57728e-45
0.81,3.12,6.92599e-35
0.81,3.13,9.15704e-55
0.81,3.14,5.13651e-36
0.81,3.15,7.32088e-41
0.81,3.16,1.40631e-43
0.81,3.17,9.567e-43
0.81,3.18,1.20797e-36
0.81,3.19,1.03427e-44
0.81,3.2,1.77284e-40
0.81,3.21,2.95251e-38
0.81,3.22,1.68871e-37
0.81,3.23,2.81651e-48
0.81,3.24,1.48153e-46
0.81,3.25,7.54551e-41
0.81,3.26,8.89838e-36
0.81,3.27,2.56277e-36
0.81,3.28,9.74617e-35
0.81,3.29,5.58549e-34
0.81,3.3,2.3007e-41
0.81,3.31,4.95735e-41
0.81,3.32,3.35343e-36
0.81,3.33,1.13052e-38
0.81,3.34,2.88419e-40
0.81,3.35,3.04085e-47
0.81,3.36,2.67468e-40
0.81,3.37,1.09782e-38
0.81,3.38,2.38055e-35
0.81,3.39,1.04467e-42
0.81,3.4,3.50659e-37
0.81,3.41,1.9694e-36
0.81,3.42,1.12673e-49
0.81,3.43,1.87202e-48
0.81,3.44,1.19308e-42
0.81,3.45,3.02209e-33
0.81,3.46,6.99945e-39
0.81,3.47,5.32648e-50
0.81,3.48,5.46656e-39
0.81,3.49,1.59846e-56
0.81,3.5,1.72528e-43
0.81,3.51,6.80394e-34
0.81,3.52,1.45563e-38
0.81,3.53,2.91115e-36
0.81,3.54,5.72852e-41
0.81,3.55,7.89846e-43
0.81,3.56,1.20335e-35
0.81,3.57,1.26183e-39
0.81,3.58,4.28582e-39
0.81,3.59,3.94707e-35
0.81,3.6,3.88056e-37
0.81,3.61,2.43409e-36
0.81,3.62,9.54759e-52
0.81,3.63,2.05515e-45
0.81,3.64,1.72296e-34
0.81,3.65,1.56263e-38
0.81,3.66,1.68142e-45
0.81,3.67,2.36628e-46
0.81,3.68,1.72738e-40
0.81,3.69,3.75435e-37
0.81,3.7,4.27546e-40
0.81,3.71,7.88049e-48
0.81,3.72,2.24751e-34
0.81,3.73,3.57973e-34
0.81,3.74,2.08115e-40
0.81,3.75,1.28387e-35
0.81,3.76,6.18666e-43
0.81,3.77,7.33265e-41
0.81,3.78,4.64459e-37
0.81,3.79,2.59708e-37
0.81,3.8,6.58215e-45
0.81,3.81,3.5379e-49
0.81,3.82,4.64317e-39
0.81,3.83,2.8521e-37
0.81,3.84,1.33845e-33
0.81,3.85,5.50523e-35
0.81,3.86,2.42155e-41
0.81,3.87,2.03765e-44
0.81,3.88,5.37263e-45
0.81,3.89,1.18512e-50
0.81,3.9,1.19782e-35
0.81,3.91,1.61065e-36
0.81,3.92,7.65916e-45
0.81,3.93,3.08514e-35
0.81,3.94,5.59966e-35
0.81,3.95,2.79134e-45
0.81,3.96,4.15033e-38
0.81,3.97,7.14016e-39
0.81,3.98,2.2323e-36
0.81,3.99,2.16994e-43
0.81,4,4.41928e-37
0.81,4.01,5.61999e-36
0.81,4.02,1.38509e-42
0.81,4.03,4.20714e-42
0.81,4.04,5.09315e-36
0.81,4.05,7.06999e-34
0.81,4.06,1.75969e-34
0.81,4.07,2.43576e-40
0.81,4.08,5.70767e-41
0.81,4.09,1.30076e-34
0.81,4.1,1.0322e-35
0.81,4.11,6.71002e-38
0.81,4.12,4.84185e-34
0.81,4.13,9.80219e-38
0.81,4.14,1.15795e-38
0.81,4.15,4.10199e-45
0.81,4.16,2.94571e-33
0.81,4.17,1.03159e-38
0.81,4.18,1.74817e-35
0.81,4.19,2.26044e-42
0.81,4.2,3.31505e-39
0.81,4.21,5.81939e-35
0.81,4.22,5.41242e-39
0.81,4.23,1.38449e-38
0.81,4.24,5.88293e-35
0.81,4.25,1.85006e-34
0.81,4.26,1.23595e-35
0.81,4.27,1.42674e-44
0.81,4.28,1.01846e-40
0.81,4.29,7.70651e-35
0.81,4.3,4.1619e-42
0.81,4.31,1.4544e-35
0.81,4.32,3.14118e-39
0.81,4.33,1.23851e-35
0.81,4.34,7.36601e-37
0.81,4.35,1.62249e-35
0.81,4.36,3.31241e-43
0.81,4.37,1.59572e-38
0.81,4.38,2.0409e-38
0.81,4.39,2.37446e-36
0.81,4.4,7.19164e-41
0.81,4.41,6.01183e-36
0.81,4.42,8.93675e-37
0.81,4.43,1.60047e-48
0.81,4.44,1.77012e-35
0.81,4.45,6.36079e-44
0.81,4.46,1.409e-36
0.81,4.47,2.46122e-50
0.81,4.48,4.64564e-40
0.81,4.49,1.28926e-37
0.81,4.5,5.57177e-39
0.81,4.51,5.8697e-41
0.81,4.52,3.26843e-40
0.81,4.53,1.39958e-36
0.81,4.54,1.16059e-47
0.81,4.55,2.35876e-37
0.81,4.56,3.035e-36
0.81,4.57,5.63855e-35
0.81,4.58,4.52397e-35
0.81,4.59,4.80465e-38
0.81,4.6,2.50211e-43
0.81,4.61,2.94237e-34
0.81,4.62,1.53845e-45
0.81,4.63,3.28323e-41
0.81,4.64,7.41398e-40
0.81,4.65,8.57998e-34
0.81,4.66,2.60798e-36
0.81,4.67,3.01338e-35
0.81,4.68,3.12327e-35
0.81,4.69,8.65565e-47
0.81,4.7,3.99229e-43
0.81,4.71,4.80671e-45
0.81,4.72,2.0559e-41
0.81,4.73,2.46793e-44
0.81,4.74,3.5873e-37
0.81,4.75,2.88549e-35
0.81,4.76,1.24849e-42
0.81,4.77,2.18177e-43
0.81,4.78,1.408e-36
0.81,4.79,4.59297e-41
0.81,4.8,5.89802e-44
0.81,4.81,5.38752e-47
0.81,4.82,7.38143e-37
0.81,4.83,1.12144e-42
0.81,4.84,5.64814e-34
0.81,4.85,1.80615e-39
0.81,4.86,2.72116e-36
0.81,4.87,1.30218e-38
0.81,4.88,2.39871e-38
0.81,4.89,2.44498e-48
0.81,4.9,1.83762e-42
0.81,4.91,2.39703e-41
0.81,4.92,4.86474e-40
0.81,4.93,3.3084e-40
0.81,4.94,5.15743e-38
0.81,4.95,1.98444e-46
0.81,4.96,3.64427e-33
0.81,4.97,2.92611e-36
0.81,4.98,3.08593e-37
0.81,4.99,2.53804e-41
0.81,5,7.2353e-40
0.81,5.01,9.40246e-35
0.81,5.02,1.60417e-41
0.81,5.03,5.15845e-35
0.81,5.04,6.11855e-39
0.81,5.05,4.84601e-43
0.81,5.06,2.23751e-41
0.81,5.07,5.06793e-36
0.81,5.08,1.11543e-39
0.81,5.09,5.70501e-40
0.81,5.1,3.07138e-34
0.81,5.11,6.73071e-37
0.81,5.12,9.68187e-42
0.81,5.13,5.75005e-47
0.81,5.14,1.7047e-34
0.81,5.15,1.12135e-38
0.81,5.16,1.47155e-43
0.81,5.17,1.12489e-47
0.81,5.18,2.37594e-37
0.81,5.19,4.0751e-40
0.81,5.2,1.73837e-42
0.81,5.21,6.79354e-37
0.81,5.22,4.83043e-44
0.81,5.23,7.01265e-68
0.81,5.24,4.8555e-42
0.81,5.25,1.13494e-42
0.81,5.26,4.13909e-39
0.81,5.27,2.665e-39
0.81,5.28,1.45302e-34
0.81,5.29,2.52324e-44
0.81,5.3,2.71963e-38
0.81,5.31,3.93385e-37
0.81,5.32,4.35736e-41
0.81,5.33,9.89585e-43
0.81,5.34,9.47421e-37
0.81,5.35,5.43113e-37
0.81,5.36,3.87993e-38
0.81,5.37,6.47014e-39
0.81,5.38,1.44412e-42
0.81,5.39,2.22508e-43
0.81,5.4,9.19492e-38
0.81,5.41,1.34437e-37
0.81,5.42,7.07092e-36
0.81,5.43,1.19962e-44
0.81,5.44,1.64562e-55
0.81,5.45,1.24728e-41
0.81,5.46,1.25673e-42
0.81,5.47,1.88308e-40
0.81,5.48,1.28792e-40
0.81,5.49,7.52339e-37
0.81,5.5,4.58803e-42
0.81,5.51,4.83436e-39
0.81,5.52,4.51287e-37
0.81,5.53,3.21732e-37
0.81,5.54,2.55709e-38
0.81,5.55,3.5006e-35
0.81,5.56,4.53785e-47
0.81,5.57,1.5987e-47
0.81,5.58,2.39791e-35
0.81,5.59,3.42862e-37
0.81,5.6,7.48284e-41
0.81,5.61,3.30244e-35
0.81,5.62,4.23252e-39
0.81,5.63,2.26563e-45
0.81,5.64,2.36866e-58
0.81,5.65,8.03816e-38
0.81,5.66,5.69933e-43
0.81,5.67,1.02631e-35
0.81,5.68,5.72638e-41
0.81,5.69,5.57336e-34
0.81,5.7,2.36086e-38
0.81,5.71,5.94302e-40
0.81,5.72,2.46695e-41
0.81,5.73,6.67867e-39
0.81,5.74,2.0744e-38
0.81,5.75,5.97786e-45
0.81,5.76,1.16402e-40
0.81,5.77,2.28176e-40
0.81,5.78,5.26902e-33
0.81,5.79,1.8348e-41
0.81,5.8,2.02093e-35
0.81,5.81,5.94437e-40
0.81,5.82,1.38335e-34
0.81,5.83,1.80179e-44
0.81,5.84,3.67805e-35
0.81,5.85,2.18034e-49
0.81,5.86,7.53008e-40
0.81,5.87,1.05362e-43
0.81,5.88,2.61617e-35
0.81,5.89,1.61868e-37
0.81,5.9,4.17433e-41
0.81,5.91,4.93103e-41
0.81,5.92,1.15294e-39
0.81,5.93,1.42628e-41
0.81,5.94,6.52949e-52
0.81,5.95,4.62971e-36
0.81,5.96,3.91905e-35
0.81,5.97,1.3303e-34
0.81,5.98,1.25578e-36
0.81,5.99,4.29516e-34
0.81,6,2.56527e-41
0.81,6.01,1.55488e-44
0.81,6.02,3.39273e-40
0.81,6.03,6.17087e-38
0.81,6.04,4.73523e-47
0.81,6.05,1.56453e-40
0.81,6.06,2.19933e-37
0.81,6.07,5.90165e-40
0.81,6.08,3.42275e-36
0.81,6.09,6.82402e-53
0.81,6.1,8.8374e-35
0.81,6.11,1.79597e-40
0.81,6.12,2.5502e-39
0.81,6.13,3.33539e-37
0.81,6.14,1.96812e-47
0.81,6.15,1.9476e-40
0.81,6.16,5.30085e-44
0.81,6.17,3.09112e-38
0.81,6.18,3.71146e-40
0.81,6.19,2.74658e-50
0.81,6.2,2.16094e-38
0.81,6.21,2.05138e-43
0.81,6.22,8.8448e-40
0.81,6.23,1.89406e-35
0.81,6.24,1.01251e-34
0.81,6.25,1.38242e-43
0.81,6.26,1.64381e-39
0.81,6.27,8.18092e-38
0.81,6.28,4.17393e-37
0.82,0,1.51753e-34
0.82,0.01,4.1327e-29
0.82,0.02,1.91586e-32
0.82,0.03,1.53276e-34
0.82,0.04,6.72487e-31
0.82,0.05,1.34544e-26
0.82,0.06,6.90609e-29
0.82,0.07,1.30868e-34
0.82,0.08,9.84021e-28
0.82,0.09,8.29068e-41
0.82,0.1,4.73887e-39
0.82,0.11,4.07465e-34
0.82,0.12,1.41021e-27
0.82,0.13,4.62892e-42
0.82,0.14,5.56903e-34
0.82,0.15,1.72993e-33
0.82,0.16,1.02477e-43
0.82,0.17,1.05898e-30
0.82,0.18,6.28713e-43
0.82,0.19,6.19136e-30
0.82,0.2,7.01354e-31
0.82,0.21,6.67666e-36
0.82,0.22,2.60833e-28
0.82,0.23,2.52374e-33
0.82,0.24,9.84642e-37
0.82,0.25,3.42976e-31
0.82,0.26,2.57694e-35
0.82,0.27,2.89333e-32
0.82,0.28,2.21479e-40
0.82,0.29,6.78803e-33
0.82,0.3,1.32081e-32
0.82,0.31,1.80153e-33
0.82,0.32,3.28145e-35
0.82,0.33,1.09218e-33
0.82,0.34,8.77644e-33
0.82,0.35,1.77746e-41
0.82,0.36,3.27219e-30
0.82,0.37,7.54715e-30
0.82,0.38,4.38416e-29
0.82,0.39,4.04035e-30
0.82,0.4,1.99308e-34
0.82,0.41,1.24923e-31
0.82,0.42,2.37531e-29
0.82,0.43,1.27314e-30
0.82,0.44,9.36447e-27
0.82,0.45,1.10808e-28
0.82,0.46,3.88012e-30
0.82,0.47,7.98182e-36
0.82,0.48,7.46874e-29
0.82,0.49,3.4475e-33
0.82,0.5,2.89374e-27
0.82,0.51,5.57022e-29
0.82,0.52,2.48501e-28
0.82,0.53,1.29837e-31
0.82,0.54,3.09607e-33
0.82,0.55,1.233e-37
0.82,0.56,3.91281e-38
0.82,0.57,8.81436e-45
0.82,0.58,2.55847e-41
0.82,0.59,2.50863e-40
0.82,0.6,2.28528e-29
0.82,0.61,1.04043e-30
0.82,0.62,1.89052e-42
0.82,0.63,6.62311e-39
0.82,0.64,1.70499e-32
0.82,0.65,2.05322e-31
0.82,0.66,8.3507e-28
0.82,0.67,5.77923e-34
0.82,0.68,6.86382e-32
0.82,0.69,3.46674e-30
0.82,0.7,3.16042e-33
0.82,0.71,1.12185e-33
0.82,0.72,3.39687e-28
0.82,0.73,1.48666e-29
0.82,0.74,2.38806e-27
0.82,0.75,4.86084e-33
0.82,0.76,4.45821e-43
0.82,0.77,1.7299e-35
0.82,0.78,2.44919e-28
0.82,0.79,4.74813e-26
0.82,0.8,1.73935e-37
0.82,0.81,1.57439e-32
0.82,0.82,1.63238e-45
0.82,0.83,2.91723e-34
0.82,0.84,1.83081e-30
0.82,0.85,2.98283e-32
0.82,0.86,3.69307e-29
0.82,0.87,1.35469e-37
0.82,0.88,2.55812e-39
0.82,0.89,1.60735e-26
0.82,0.9,1.92396e-36
0.82,0.91,6.586e-28
0.82,0.92,2.60815e-41
0.82,0.93,1.69993e-34
0.82,0.94,4.67778e-33
0.82,0.95,2.58634e-31
0.82,0.96,2.27775e-27
0.82,0.97,8.85313e-44
0.82,0.98,7.11349e-29
0.82,0.99,1.6489e-40
0.82,1,2.31043e-36
0.82,1.01,2.37341e-29
0.82,1.02,4.1832e-33
0.82,1.03,9.67729e-36
0.82,1.04,9.65721e-28
0.82,1.05,1.96929e-30
0.82,1.06,3.28216e-33
0.82,1.07,3.10804e-40
0.82,1.08,1.10895e-31
0.82,1.09,3.93723e-38
0.82,1.1,6.35755e-28
0.82,1.11,5.41539e-36
0.82,1.12,1.56736e-31
0.82,1.13,5.52055e-28
0.82,1.14,5.47579e-30
0.82,1.15,1.03608e-26
0.82,1.16,7.8574e-31
0.82,1.17,4.11891e-27
0.82,1.18,4.14279e-28
0.82,1.19,2.87431e-27
0.82,1.2,8.24058e-43
0.82,1.21,3.38001e-28
0.82,1.22,4.35997e-28
0.82,1.23,1.05398e-30
0.82,1.24,8.33307e-30
0.82,1.25,2.495e-31
0.82,1.26,2.24496e-28
0.82,1.27,1.59522e-40
0.82,1.28,1.67457e-35
0.82,1.29,1.30223e-37
0.82,1.3,3.54701e-38
0.82,1.31,2.94883e-26
0.82,1.32,3.22057e-39
0.82,1.33,5.8821e-34
0.82,1.34,1.32443e-41
0.82,1.35,1.22086e-27
0.82,1.36,8.57901e-34
0.82,1.37,3.62075e-37
0.82,1.38,1.31264e-26
0.82,1.39,1.02912e-28
0.82,1.4,1.98437e-34
0.82,1.41,2.40543e-37
0.82,1.42,1.30622e-34
0.82,1.43,3.70833e-45
0.82,1.44,9.14348e-40
0.82,1.45,8.40507e-31
0.82,1.46,4.98736e-34
0.82,1.47,1.98945e-29
0.82,1.48,8.66787e-27
0.82,1.49,2.41303e-36
0.82,1.5,6.11899e-36
0.82,1.51,3.67929e-29
0.82,1.52,5.65135e-30
0.82,1.53,1.73099e-35
0.82,1.54,4.06088e-27
0.82,1.55,1.61324e-36
0.82,1.56,3.2904e-32
0.82,1.57,7.18751e-35
0.82,1.58,5.12497e-29
0.82,1.59,1.44886e-30
0.82,1.6,7.634e-30
0.82,1.61,3.91018e-30
0.82,1.62,5.73516e-38
0.82,1.63,1.60966e-32
0.82,1.64,6.10163e-30
0.82,1.65,4.44833e-31
0.82,1.66,2.52331e-30
0.82,1.67,2.13158e-27
0.82,1.68,1.20505e-36
0.82,1.69,4.40287e-27
0.82,1.7,1.73147e-28
0.82,1.71,8.16286e-35
0.82,1.72,2.64066e-36
0.82,1.73,2.92959e-36
0.82,1.74,3.2859e-26
0.82,1.75,2.37349e-30
0.82,1.76,1.31961e-30
0.82,1.77,4.11524e-31
0.82,1.78,7.43e-32
0.82,1.79,3.86863e-31
0.82,1.8,6.02658e-32
0.82,1.81,4.97087e-29
0.82,1.82,2.10016e-28
0.82,1.83,1.20672e-29
0.82,1.84,5.17442e-29
0.82,1.85,2.51031e-33
0.82,1.86,5.54967e-32
0.82,1.87,5.16498e-31
0.82,1.88,1.91764e-35
0.82,1.89,2.25235e-32
0.82,1.9,3.31331e-30
0.82,1.91,3.88206e-27
0.82,1.92,9.96967e-33
0.82,1.93,5.5966e-36
0.82,1.94,2.92848e-32
0.82,1.95,1.54471e-29
0.82,1.96,4.00413e-31
0.82,1.97,8.47332e-36
0.82,1.98,9.05516e-32
0.82,1.99,6.32452e-29
0.82,2,3.74001e-27
0.82,2.01,3.18887e-31
0.82,2.02,4.69004e-32
0.82,2.03,2.24159e-32
0.82,2.04,5.88899e-29
0.82,2.05,1.03678e-36
0.82,2.06,1.72272e-26
0.82,2.07,1.26889e-30
0.82,2.08,5.65397e-32
0.82,2.09,1.29827e-31
0.82,2.1,4.05944e-31
0.82,2.11,1.08472e-30
0.82,2.12,5.38727e-32
0.82,2.13,3.1562e-34
0.82,2.14,6.04098e-29
0.82,2.15,2.79737e-29
0.82,2.16,4.30116e-34
0.82,2.17,3.43385e-29
0.82,2.18,1.51421e-42
0.82,2.19,2.17993e-38
0.82,2.2,2.32061e-34
0.82,2.21,2.54201e-28
0.82,2.22,1.12303e-38
0.82,2.23,5.83383e-30
0.82,2.24,3.00562e-34
0.82,2.25,2.53718e-28
0.82,2.26,3.55703e-36
0.82,2.27,7.16988e-36
0.82,2.28,3.22565e-32
0.82,2.29,4.80403e-33
0.82,2.3,3.50291e-26
0.82,2.31,2.47571e-29
0.82,2.32,9.97477e-37
0.82,2.33,1.13405e-34
0.82,2.34,1.24033e-35
0.82,2.35,1.1273e-29
0.82,2.36,6.63179e-45
0.82,2.37,2.20084e-31
0.82,2.38,2.75513e-29
0.82,2.39,3.00042e-32
0.82,2.4,3.10996e-33
0.82,2.41,9.29168e-33
0.82,2.42,8.84618e-29
0.82,2.43,3.99765e-29
0.82,2.44,7.84611e-38
0.82,2.45,1.16909e-36
0.82,2.46,4.25578e-31
0.82,2.47,1.21709e-35
0.82,2.48,5.45941e-34
0.82,2.49,9.08587e-27
0.82,2.5,5.10998e-28
0.82,2.51,7.0814e-33
0.82,2.52,5.05249e-36
0.82,2.53,6.17229e-33
0.82,2.54,7.31236e-31
0.82,2.55,1.62217e-26
0.82,2.56,5.42365e-32
0.82,2.57,3.86841e-30
0.82,2.58,7.22528e-28
0.82,2.59,1.33868e-28
0.82,2.6,3.4442e-29
0.82,2.61,1.47092e-34
0.82,2.62,2.71647e-29
0.82,2.63,7.13325e-39
0.82,2.64,8.63804e-35
0.82,2.65,1.75271e-27
0.82,2.66,1.5488e-51
0.82,2.67,3.05565e-40
0.82,2.68,7.12818e-27
0.82,2.69,7.55231e-38
0.82,2.7,5.2866e-36
0.82,2.71,4.62758e-34
0.82,2.72,2.27215e-34
0.82,2.73,2.71139e-29
0.82,2.74,3.53091e-27
0.82,2.75,7.39637e-33
0.82,2.76,1.60242e-29
0.82,2.77,4.84738e-41
0.82,2.78,4.17002e-27
0.82,2.79,3.96513e-34
0.82,2.8,2.93873e-36
0.82,2.81,5.84811e-36
0.82,2.82,1.59346e-35
0.82,2.83,5.85529e-27
0.82,2.84,1.99363e-31
0.82,2.85,4.33071e-31
0.82,2.86,4.74283e-34
0.82,2.87,1.54997e-37
0.82,2.88,5.64737e-33
0.82,2.89,8.1435e-29
0.82,2.9,2.2775e-31
0.82,2.91,5.04706e-31
0.82,2.92,5.98263e-33
0.82,2.93,9.76594e-40
0.82,2.94,1.3223e-38
0.82,2.95,3.17669e-40
0.82,2.96,1.79319e-33
0.82,2.97,3.4486e-35
0.82,2.98,5.7918e-35
0.82,2.99,1.1191e-37
0.82,3,7.91139e-30
0.82,3.01,1.4549e-29
0.82,3.02,2.34468e-28
0.82,3.03,4.93777e-27
0.82,3.04,1.13907e-30
0.82,3.05,1.25256e-30
0.82,3.06,6.97495e-38
0.82,3.07,2.00354e-28
0.82,3.08,1.46036e-27
0.82,3.09,1.81211e-35
0.82,3.1,4.62147e-32
0.82,3.11,1.06006e-27
0.82,3.12,1.27559e-32
0.82,3.13,2.47684e-29
0.82,3.14,1.2592e-30
0.82,3.15,1.5573e-34
0.82,3.16,9.46218e-28
0.82,3.17,4.0949e-32
0.82,3.18,9.09572e-30
0.82,3.19,1.22036e-28
0.82,3.2,9.35265e-39
0.82,3.21,1.21189e-26
0.82,3.22,6.6347e-35
0.82,3.23,2.79562e-30
0.82,3.24,4.14309e-31
0.82,3.25,1.38815e-30
0.82,3.26,4.10458e-41
0.82,3.27,2.25655e-35
0.82,3.28,2.17275e-40
0.82,3.29,8.12818e-28
0.82,3.3,1.1275e-29
0.82,3.31,2.50758e-32
0.82,3.32,3.16015e-29
0.82,3.33,3.26703e-34
0.82,3.34,1.26412e-31
0.82,3.35,5.71301e-35
0.82,3.36,3.70014e-28
0.82,3.37,5.86421e-29
0.82,3.38,5.83991e-34
0.82,3.39,1.8541e-28
0.82,3.4,1.22391e-32
0.82,3.41,3.00584e-26
0.82,3.42,4.47518e-30
0.82,3.43,5.9979e-29
0.82,3.44,7.63012e-36
0.82,3.45,2.26187e-30
0.82,3.46,2.63501e-42
0.82,3.47,5.95687e-43
0.82,3.48,1.54559e-33
0.82,3.49,1.39202e-36
0.82,3.5,3.1584e-32
0.82,3.51,3.95357e-30
0.82,3.52,4.47096e-33
0.82,3.53,9.28852e-42
0.82,3.54,2.31549e-26
0.82,3.55,1.90908e-36
0.82,3.56,5.20866e-35
0.82,3.57,7.88459e-30
0.82,3.58,1.09549e-38
0.82,3.59,2.63537e-30
0.82,3.6,3.32227e-35
0.82,3.61,2.68708e-30
0.82,3.62,5.62692e-28
0.82,3.63,2.84092e-33
0.82,3.64,4.81721e-29
0.82,3.65,3.28057e-31
0.82,3.66,6.17598e-31
0.82,3.67,6.38139e-27
0.82,3.68,3.52139e-42
0.82,3.69,5.35478e-32
0.82,3.7,1.45584e-33
0.82,3.71,2.60507e-32
0.82,3.72,1.44541e-26
0.82,3.73,3.513e-29
0.82,3.74,1.98878e-32
0.82,3.75,3.51682e-32
0.82,3.76,6.11764e-29
0.82,3.77,7.41803e-33
0.82,3.78,3.78524e-29
0.82,3.79,3.39026e-43
0.82,3.8,2.12186e-31
0.82,3.81,8.31295e-41
0.82,3.82,1.49793e-37
0.82,3.83,5.62563e-34
0.82,3.84,5.92658e-27
0.82,3.85,1.31307e-41
0.82,3.86,8.45987e-35
0.82,3.87,3.31676e-28
0.82,3.88,8.01211e-31
0.82,3.89,3.90553e-27
0.82,3.9,6.00741e-33
0.82,3.91,2.45142e-37
0.82,3.92,8.82558e-31
0.82,3.93,8.19946e-28
0.82,3.94,3.88162e-37
0.82,3.95,4.77739e-32
0.82,3.96,3.25068e-34
0.82,3.97,4.69637e-28
0.82,3.98,6.62043e-35
0.82,3.99,6.10778e-28
0.82,4,1.87262e-34
0.82,4.01,3.3253e-31
0.82,4.02,2.36075e-33
0.82,4.03,1.24638e-41
0.82,4.04,6.72147e-32
0.82,4.05,2.58239e-27
0.82,4.06,1.54001e-26
0.82,4.07,9.04252e-34
0.82,4.08,1.77409e-33
0.82,4.09,9.21817e-29
0.82,4.1,8.87558e-33
0.82,4.11,5.52347e-35
0.82,4.12,3.3933e-28
0.82,4.13,4.96139e-32
0.82,4.14,8.98423e-28
0.82,4.15,2.57888e-39
0.82,4.16,4.13897e-26
0.82,4.17,2.9783e-37
0.82,4.18,7.69556e-27
0.82,4.19,1.444e-33
0.82,4.2,1.98692e-37
0.82,4.21,6.94688e-28
0.82,4.22,3.51726e-31
0.82,4.23,5.01735e-27
0.82,4.24,1.84865e-30
0.82,4.25,4.51492e-41
0.82,4.26,1.96937e-35
0.82,4.27,9.37699e-30
0.82,4.28,7.4628e-27
0.82,4.29,9.28451e-30
0.82,4.3,7.80788e-27
0.82,4.31,3.3548e-33
0.82,4.32,2.1552e-36
0.82,4.33,1.70234e-30
0.82,4.34,2.85364e-29
0.82,4.35,6.01203e-36
0.82,4.36,2.86775e-42
0.82,4.37,1.52558e-31
0.82,4.38,3.32181e-36
0.82,4.39,4.56001e-30
0.82,4.4,3.12353e-29
0.82,4.41,7.0868e-41
0.82,4.42,1.75692e-33
0.82,4.43,4.45748e-31
0.82,4.44,2.08766e-28
0.82,4.45,3.1883e-34
0.82,4.46,9.61621e-39
0.82,4.47,1.43455e-27
0.82,4.48,1.59632e-33
0.82,4.49,2.16046e-29
0.82,4.5,2.4111e-30
0.82,4.51,7.33727e-29
0.82,4.52,3.5496e-27
0.82,4.53,1.23977e-33
0.82,4.54,2.8328e-30
0.82,4.55,1.98783e-30
0.82,4.56,3.2613e-34
0.82,4.57,4.5624e-33
0.82,4.58,4.69574e-31
0.82,4.59,6.56676e-39
0.82,4.6,3.36118e-37
0.82,4.61,6.28673e-33
0.82,4.62,3.10251e-40
0.82,4.63,1.55997e-27
0.82,4.64,1.30924e-28
0.82,4.65,3.18928e-37
0.82,4.66,5.12323e-30
0.82,4.67,1.85629e-48
0.82,4.68,1.40811e-35
0.82,4.69,7.59479e-35
0.82,4.7,4.1608e-30
0.82,4.71,9.43641e-40
0.82,4.72,1.0748e-36
0.82,4.73,2.27707e-26
0.82,4.74,2.28075e-39
0.82,4.75,2.129e-38
0.82,4.76,3.37511e-30
0.82,4.77,1.17725e-32
0.82,4.78,2.86549e-27
0.82,4.79,2.9164e-36
0.82,4.8,6.67509e-44
0.82,4.81,2.46826e-27
0.82,4.82,6.7197e-45
0.82,4.83,3.29099e-37
0.82,4.84,9.11783e-41
0.82,4.85,3.03491e-32
0.82,4.86,9.11064e-37
0.82,4.87,4.96672e-28
0.82,4.88,8.08161e-29
0.82,4.89,5.92227e-28
0.82,4.9,1.18198e-27
0.82,4.91,1.33176e-35
0.82,4.92,3.01176e-28
0.82,4.93,4.29733e-28
0.82,4.94,1.69105e-27
0.82,4.95,5.33623e-38
0.82,4.96,7.69024e-27
0.82,4.97,2.97088e-28
0.82,4.98,1.55123e-34
0.82,4.99,6.98437e-36
0.82,5,4.11659e-31
0.82,5.01,1.11986e-29
0.82,5.02,4.64379e-28
0.82,5.03,4.35152e-35
0.82,5.04,9.31538e-31
0.82,5.05,1.11159e-36
0.82,5.06,5.233e-33
0.82,5.07,7.62261e-30
0.82,5.08,3.24997e-38
0.82,5.09,1.28467e-30
0.82,5.1,2.8148e-36
0.82,5.11,6.56972e-29
0.82,5.12,2.049e-30
0.82,5.13,9.4098e-29
0.82,5.14,1.77512e-27
0.82,5.15,1.69497e-30
0.82,5.16,3.32173e-39
0.82,5.17,4.11959e-45
0.82,5.18,2.07939e-30
0.82,5.19,1.34444e-44
0.82,5.2,5.28499e-29
0.82,5.21,6.39389e-39
0.82,5.22,2.65471e-26
0.82,5.23,1.80531e-33
0.82,5.24,4.03389e-29
0.82,5.25,1.02612e-41
0.82,5.26,3.60692e-31
0.82,5.27,2.39255e-39
0.82,5.28,1.73614e-35
0.82,5.29,1.70718e-28
0.82,5.3,7.7005e-29
0.82,5.31,4.20629e-39
0.82,5.32,1.27687e-33
0.82,5.33,1.15946e-29
0.82,5.34,2.45849e-28
0.82,5.35,1.68011e-31
0.82,5.36,2.65288e-34
0.82,5.37,8.42429e-39
0.82,5.38,5.19344e-34
0.82,5.39,6.42901e-28
0.82,5.4,7.43185e-30
0.82,5.41,3.48039e-32
0.82,5.42,5.64315e-31
0.82,5.43,6.78186e-44
0.82,5.44,1.35602e-39
0.82,5.45,2.10141e-36
0.82,5.46,2.56759e-28
0.82,5.47,1.71625e-32
0.82,5.48,3.8833e-26
0.82,5.49,6.02824e-30
0.82,5.5,2.60067e-27
0.82,5.51,1.80518e-32
0.82,5.52,8.67011e-37
0.82,5.53,2.42688e-41
0.82,5.54,6.05257e-38
0.82,5.55,1.71003e-27
0.82,5.56,6.31465e-32
0.82,5.57,4.5086e-34
0.82,5.58,8.16552e-32
0.82,5.59,3.17978e-29
0.82,5.6,2.86074e-27
0.82,5.61,4.92085e-28
0.82,5.62,1.06544e-32
0.82,5.63,8.22363e-32
0.82,5.64,2.99718e-28
0.82,5.65,1.04657e-33
0.82,5.66,1.61622e-31
0.82,5.67,6.12968e-34
0.82,5.68,3.66438e-37
0.82,5.69,2.05953e-31
0.82,5.7,9.34693e-39
0.82,5.71,1.55309e-28
0.82,5.72,1.35109e-31
0.82,5.73,4.55401e-32
0.82,5.74,8.0304e-36
0.82,5.75,5.87533e-28
0.82,5.76,1.33193e-43
0.82,5.77,5.94161e-35
0.82,5.78,6.30729e-34
0.82,5.79,1.67791e-28
0.82,5.8,1.33621e-28
0.82,5.81,1.05365e-34
0.82,5.82,4.4796e-38
0.82,5.83,5.02833e-40
0.82,5.84,4.81261e-32
0.82,5.85,1.685e-29
0.82,5.86,1.12012e-28
0.82,5.87,7.13427e-36
0.82,5.88,3.59511e-30
0.82,5.89,3.40397e-34
0.82,5.9,3.66735e-27
0.82,5.91,1.59418e-31
0.82,5.92,7.30999e-37
0.82,5.93,2.29835e-28
0.82,5.94,9.65307e-38
0.82,5.95,6.7262e-40
0.82,5.96,2.03646e-29
0.82,5.97,1.49155e-30
0.82,5.98,7.66476e-28
0.82,5.99,4.27438e-27
0.82,6,1.42266e-34
0.82,6.01,1.78835e-26
0.82,6.02,7.50553e-36
0.82,6.03,3.52453e-27
0.82,6.04,8.3166e-30
0.82,6.05,7.2615e-30
0.82,6.06,4.02799e-34
0.82,6.07,3.87607e-29
0.82,6.08,6.93084e-29
0.82,6.09,3.90244e-30
0.82,6.1,5.23495e-31
0.82,6.11,4.18936e-30
0.82,6.12,1.27756e-32
0.82,6.13,1.46196e-28
0.82,6.14,3.16482e-29
0.82,6.15,5.29627e-32
0.82,6.16,1.06216e-29
0.82,6.17,8.87337e-30
0.82,6.18,9.21199e-27
0.82,6.19,2.23071e-27
0.82,6.2,1.95489e-32
0.82,6.21,2.38614e-46
0.82,6.22,7.64869e-34
0.82,6.23,3.10725e-30
0.82,6.24,7.56191e-36
0.82,6.25,1.33931e-29
0.82,6.26,1.48292e-34
0.82,6.27,2.81886e-47
0.82,6.28,1.12339e-30
0.83,0,3.25147e-22
0.83,0.01,5.56801e-24
0.83,0.02,9.46576e-27
0.83,0.03,3.97872e-24
0.83,0.04,3.7716e-26
0.83,0.05,1.09828e-28
0.83,0.06,1.7952e-20
0.83,0.07,1.25413e-25
0.83,0.08,6.75471e-23
0.83,0.09,1.7302e-22
0.83,0.1,9.24801e-29
0.83,0.11,7.01917e-24
0.83,0.12,2.95967e-23
0.83,0.13,3.17329e-28
0.83,0.14,2.08313e-25
0.83,0.15,4.90868e-24
0.83,0.16,1.98989e-22
0.83,0.17,1.77549e-22
0.83,0.18,1.17658e-21
0.83,0.19,2.31935e-30
0.83,0.2,9.26357e-28
0.83,0.21,1.12309e-22
0.83,0.22,7.43312e-24
0.83,0.23,7.55832e-22
0.83,0.24,9.27965e-22
0.83,0.25,1.39695e-24
0.83,0.26,2.30474e-27
0.83,0.27,6.39812e-32
0.83,0.28,2.34984e-21
0.83,0.29,5.34595e-23
0.83,0.3,6.95364e-23
0.83,0.31,3.70394e-27
0.83,0.32,2.41351e-31
0.83,0.33,1.05404e-30
0.83,0.34,2.94898e-23
0.83,0.35,4.25874e-26
0.83,0.36,8.88258e-26
0.83,0.37,3.65812e-30
0.83,0.38,8.58364e-23
0.83,0.39,2.32777e-28
0.83,0.4,2.59014e-30
0.83,0.41,3.15429e-29
0.83,0.42,1.01262e-22
0.83,0.43,2.5717e-24
0.83,0.44,5.99543e-26
0.83,0.45,5.17216e-23
0.83,0.46,1.74685e-22
0.83,0.47,2.24715e-22
0.83,0.48,3.54544e-23
0.83,0.49,7.95682e-27
0.83,0.5,3.72546e-36
0.83,0.51,4.35396e-35
0.83,0.52,7.39184e-23
0.83,0.53,4.17759e-29
0.83,0.54,1.1299e-22
0.83,0.55,6.97587e-30
0.83,0.56,8.68705e-24
0.83,0.57,1.37651e-25
0.83,0.58,2.57277e-28
0.83,0.59,2.61368e-26
0.83,0.6,2.11085e-22
0.83,0.61,2.55139e-22
0.83,0.62,3.98458e-32
0.83,0.63,2.32083e-21
0.83,0.64,6.75087e-32
0.83,0.65,3.70397e-28
0.83,0.66,9.73061e-28
0.83,0.67,4.63868e-23
0.83,0.68,1.18945e-27
0.83,0.69,6.09773e-24
0.83,0.7,2.10459e-26
0.83,0.71,1.34662e-21
0.83,0.72,1.83999e-25
0.83,0.73,5.62303e-23
0.83,0.74,4.33738e-37
0.83,0.75,5.41021e-23
0.83,0.76,3.6444e-24
0.83,0.77,3.90747e-31
0.83,0.78,1.07024e-20
0.83,0.79,5.08649e-22
0.83,0.8,2.68706e-28
0.83,0.81,1.73292e-25
0.83,0.82,8.80394e-29
0.83,0.83,1.147e-27
0.83,0.84,2.73087e-24
0.83,0.85,2.02613e-24
0.83,0.86,2.22501e-23
0.83,0.87,1.3506e-24
0.83,0.88,4.21357e-26
0.83,0.89,5.72957e-23
0.83,0.9,1.24929e-37
0.83,0.91,8.90376e-22
0.83,0.92,6.14438e-30
0.83,0.93,9.60533e-33
0.83,0.94,3.12757e-20
0.83,0.95,2.91866e-20
0.83,0.96,1.04597e-21
0.83,0.97,4.59282e-26
0.83,0.98,1.75334e-29
0.83,0.99,1.61301e-25
0.83,1,1.49542e-23
0.83,1.01,8.7603e-24
0.83,1.02,3.70786e-25
0.83,1.03,1.52231e-37
0.83,1.04,6.84972e-23
0.83,1.05,5.24479e-22
0.83,1.06,1.06499e-21
0.83,1.07,8.30946e-26
0.83,1.08,1.53652e-23
0.83,1.09,6.32295e-22
0.83,1.1,1.58374e-30
0.83,1.11,3.6792e-25
0.83,1.12,1.84777e-35
0.83,1.13,1.34072e-37
0.83,1.14,1.54497e-22
0.83,1.15,3.04393e-21
0.83,1.16,1.22824e-25
0.83,1.17,6.20026e-22
0.83,1.18,1.16143e-29
0.83,1.19,2.40774e-33
0.83,1.2,9.25455e-37
0.83,1.21,7.38247e-29
0.83,1.22,1.51244e-27
0.83,1.23,8.86844e-24
0.83,1.24,3.33157e-22
0.83,1.25,2.73264e-26
0.83,1.26,3.97233e-29
0.83,1.27,5.87175e-26
0.83,1.28,1.04184e-29
0.83,1.29,3.39795e-31
0.83,1.3,2.4825e-23
0.83,1.31,3.06382e-24
0.83,1.32,2.54199e-25
0.83,1.33,4.71069e-26
0.83,1.34,4.89927e-26
0.83,1.35,1.45731e-29
0.83,1.36,2.6272e-31
0.83,1.37,5.85414e-25
0.83,1.38,8.54035e-23
0.83,1.39,1.62915e-26
0.83,1.4,2.89232e-33
0.83,1.41,4.22603e-26
0.83,1.42,5.69678e-22
0.83,1.43,1.10217e-30
0.83,1.44,1.19713e-34
0.83,1.45,1.04547e-21
0.83,1.46,1.01795e-23
0.83,1.47,5.57223e-28
0.83,1.48,3.00821e-23
0.83,1.49,8.46733e-24
0.83,1.5,6.50995e-27
0.83,1.51,1.1405e-27
0.83,1.52,2.55581e-28
0.83,1.53,4.84921e-25
0.83,1.54,9.03034e-21
0.83,1.55,4.78443e-22
0.83,1.56,7.90918e-27
0.83,1.57,8.11323e-31
0.83,1.58,7.80843e-24
0.83,1.59,2.11312e-23
0.83,1.6,8.51387e-28
0.83,1.61,1.43883e-24
0.83,1.62,3.85025e-26
0.83,1.63,1.1447e-24
0.83,1.64,1.19013e-26
0.83,1.65,5.26179e-22
0.83,1.66,2.55939e-26
0.83,1.67,1.43897e-31
0.83,1.68,3.56351e-24
0.83,1.69,2.54011e-34
0.83,1.7,2.27219e-20
0.83,1.71,5.64937e-34
0.83,1.72,5.6444e-21
0.83,1.73,4.06884e-24
0.83,1.74,4.90461e-28
0.83,1.75,3.32449e-23
0.83,1.76,4.95358e-23
0.83,1.77,3.74364e-22
0.83,1.78,7.54597e-21
0.83,1.79,1.00821e-25
0.83,1.8,2.38067e-23
0.83,1.81,3.2216e-29
0.83,1.82,4.76379e-28
0.83,1.83,1.43017e-24
0.83,1.84,1.61061e-29
0.83,1.85,2.56963e-27
0.83,1.86,5.87245e-33
0.83,1.87,1.75284e-21
0.83,1.88,3.66417e-21
0.83,1.89,7.50424e-22
0.83,1.9,7.70948e-34
0.83,1.91,2.73453e-24
0.83,1.92,1.21699e-31
0.83,1.93,3.23914e-24
0.83,1.94,5.31079e-22
0.83,1.95,7.09319e-24
0.83,1.96,4.73479e-33
0.83,1.97,6.5031e-24
0.83,1.98,3.29177e-26
0.83,1.99,8.31939e-23
0.83,2,4.77814e-22
0.83,2.01,6.06391e-27
0.83,2.02,1.23614e-30
0.83,2.03,2.42778e-22
0.83,2.04,1.34472e-26
0.83,2.05,1.11176e-36
0.83,2.06,1.14051e-26
0.83,2.07,2.62569e-25
0.83,2.08,6.17611e-27
0.83,2.09,4.53894e-22
0.83,2.1,2.50738e-23
0.83,2.11,9.12835e-26
0.83,2.12,7.10776e-23
0.83,2.13,6.30491e-28
0.83,2.14,8.62064e-23
0.83,2.15,1.18309e-29
0.83,2.16,3.07051e-33
0.83,2.17,1.61369e-31
0.83,2.18,1.90014e-25
0.83,2.19,2.43007e-23
0.83,2.2,5.66582e-31
0.83,2.21,4.90828e-24
0.83,2.22,2.21508e-22
0.83,2.23,1.38687e-24
0.83,2.24,5.20487e-29
0.83,2.25,5.1621e-37
0.83,2.26,1.05481e-20
0.83,2.27,2.59593e-20
0.83,2.28,3.04102e-23
0.83,2.29,1.47333e-23
0.83,2.3,1.47809e-22
0.83,2.31,4.19288e-22
0.83,2.32,1.02816e-21
0.83,2.33,3.78716e-29
0.83,2.34,1.60267e-30
0.83,2.35,9.99221e-25
0.83,2.36,5.20515e-26
0.83,2.37,3.79275e-29
0.83,2.38,1.94597e-23
0.83,2.39,1.09136e-21
0.83,2.4,4.24142e-33
0.83,2.41,1.18018e-24
0.83,2.42,4.03403e-23
0.83,2.43,3.10164e-22
0.83,2.44,5.46782e-24
0.83,2.45,3.44373e-23
0.83,2.46,1.04144e-21
0.83,2.47,1.02403e-22
0.83,2.48,7.50851e-24
0.83,2.49,3.92642e-37
0.83,2.5,2.84106e-22
0.83,2.51,3.4059e-35
0.83,2.52,2.32616e-21
0.83,2.53,3.27851e-20
0.83,2.54,6.40919e-26
0.83,2.55,8.20966e-31
0.83,2.56,3.27308e-22
0.83,2.57,1.05059e-22
0.83,2.58,4.59493e-32
0.83,2.59,1.03731e-27
0.83,2.6,1.51759e-30
0.83,2.61,2.44369e-29
0.83,2.62,8.9627e-23
0.83,2.63,2.50433e-22
0.83,2.64,1.61249e-28
0.83,2.65,1.15065e-32
0.83,2.66,8.17974e-28
0.83,2.67,3.26576e-23
0.83,2.68,2.863e-28
0.83,2.69,8.65295e-32
0.83,2.7,1.18003e-26
0.83,2.71,5.54869e-31
0.83,2.72,1.13155e-22
0.83,2.73,8.66151e-36
0.83,2.74,4.13747e-27
0.83,2.75,3.99588e-24
0.83,2.76,1.28057e-25
0.83,2.77,1.02979e-20
0.83,2.78,1.37269e-29
0.83,2.79,6.12002e-24
0.83,2.8,1.01663e-22
0.83,2.81,2.76821e-21
0.83,2.82,1.0768e-23
0.83,2.83,1.99639e-21
0.83,2.84,2.79508e-23
0.83,2.85,2.76087e-22
0.83,2.86,4.76296e-21
0.83,2.87,1.99424e-26
0.83,2.88,3.31986e-27
0.83,2.89,8.48611e-23
0.83,2.9,1.95443e-22
0.83,2.91,2.83675e-22
0.83,2.92,4.22412e-24
0.83,2.93,3.36358e-28
0.83,2.94,4.56517e-23
0.83,2.95,4.9119e-22
0.83,2.96,1.45853e-25
0.83,2.97,1.19709e-36
0.83,2.98,6.0191e-29
0.83,2.99,2.25254e-20
0.83,3,1.43062e-21
0.83,3.01,1.69254e-35
0.83,3.02,6.56091e-28
0.83,3.03,4.59228e-26
0.83,3.04,4.0856e-25
0.83,3.05,9.92054e-30
0.83,3.06,1.05519e-29
0.83,3.07,1.6734e-26
0.83,3.08,4.6752e-25
0.83,3.09,2.02826e-21
0.83,3.1,2.78073e-24
0.83,3.11,6.69392e-21
0.83,3.12,6.1986e-29
0.83,3.13,4.46488e-26
0.83,3.14,1.90903e-28
0.83,3.15,3.21776e-26
0.83,3.16,3.84566e-23
0.83,3.17,5.82644e-28
0.83,3.18,2.51971e-28
0.83,3.19,4.04058e-31
0.83,3.2,7.39968e-27
0.83,3.21,2.9103e-28
0.83,3.22,3.57372e-31
0.83,3.23,2.57474e-26
0.83,3.24,1.10368e-31
0.83,3.25,8.89906e-25
0.83,3.26,6.41969e-21
0.83,3.27,3.00652e-32
0.83,3.28,1.58781e-25
0.83,3.29,5.617e-21
0.83,3.3,5.16227e-22
0.83,3.31,2.4914e-27
0.83,3.32,3.11304e-20
0.83,3.33,2.6035e-25
0.83,3.34,1.00893e-24
0.83,3.35,4.20895e-30
0.83,3.36,9.80363e-23
0.83,3.37,6.68769e-25
0.83,3.38,1.86491e-29
0.83,3.39,1.76534e-26
0.83,3.4,1.37886e-27
0.83,3.41,2.57787e-29
0.83,3.42,6.29416e-23
0.83,3.43,4.66314e-23
0.83,3.44,2.73071e-29
0.83,3.45,5.63319e-22
0.83,3.46,2.32058e-23
0.83,3.47,2.81957e-22
0.83,3.48,3.18105e-21
0.83,3.49,1.71731e-29
0.83,3.5,2.4504e-24
0.83,3.51,1.29274e-29
0.83,3.52,3.03711e-22
0.83,3.53,1.55793e-22
0.83,3.54,5.32737e-21
0.83,3.55,2.66838e-24
0.83,3.56,5.89829e-22
0.83,3.57,2.17361e-41
0.83,3.58,1.21777e-26
0.83,3.59,3.02127e-22
0.83,3.6,6.62001e-22
0.83,3.61,9.03336e-28
0.83,3.62,4.28442e-24
0.83,3.63,9.12996e-24
0.83,3.64,3.59259e-21
0.83,3.65,1.88477e-26
0.83,3.66,1.86946e-34
0.83,3.67,6.05465e-27
0.83,3.68,9.86558e-29
0.83,3.69,3.19495e-28
0.83,3.7,5.69866e-28
0.83,3.71,1.76621e-30
0.83,3.72,1.07951e-22
0.83,3.73,6.08902e-24
0.83,3.74,1.42332e-23
0.83,3.75,6.15936e-33
0.83,3.76,6.7961e-36
0.83,3.77,1.76661e-31
0.83,3.78,3.51219e-27
0.83,3.79,1.48672e-23
0.83,3.8,4.00113e-23
0.83,3.81,5.61986e-22
0.83,3.82,4.83042e-32
0.83,3.83,6.50954e-30
0.83,3.84,7.81949e-22
0.83,3.85,1.06115e-24
0.83,3.86,6.815e-31
0.83,3.87,2.72081e-28
0.83,3.88,2.59395e-26
0.83,3.89,6.83221e-24
0.83,3.9,1.68234e-25
0.83,3.91,2.64852e-22
0.83,3.92,1.76503e-28
0.83,3.93,4.90839e-25
0.83,3.94,2.5291e-32
0.83,3.95,7.08157e-29
0.83,3.96,2.07237e-21
0.83,3.97,1.60663e-28
0.83,3.98,1.32519e-34
0.83,3.99,3.67693e-23
0.83,4,5.78187e-24
0.83,4.01,1.29659e-28
0.83,4.02,3.15447e-25
0.83,4.03,3.84516e-26
0.83,4.04,4.13284e-24
0.83,4.05,3.7255e-44
0.83,4.06,2.19524e-24
0.83,4.07,6.57556e-26
0.83,4.08,6.46648e-27
0.83,4.09,7.1793e-24
0.83,4.1,5.64229e-29
0.83,4.11,1.97419e-21
0.83,4.12,2.20837e-39
0.83,4.13,3.65658e-27
0.83,4.14,1.27888e-24
0.83,4.15,1.44516e-31
0.83,4.16,2.11229e-32
0.83,4.17,2.73684e-20
0.83,4.18,5.68129e-22
0.83,4.19,4.71206e-25
0.83,4.2,3.64841e-24
0.83,4.21,4.8182e-25
0.83,4.22,1.5982e-33
0.83,4.23,1.33189e-22
0.83,4.24,1.3171e-23
0.83,4.25,7.99247e-32
0.83,4.26,1.57742e-20
0.83,4.27,4.58484e-24
0.83,4.28,1.45128e-20
0.83,4.29,2.22313e-22
0.83,4.3,7.64184e-25
0.83,4.31,8.50933e-21
0.83,4.32,1.18454e-28
0.83,4.33,3.87213e-28
0.83,4.34,1.0998e-30
0.83,4.35,7.90039e-23
0.83,4.36,8.64262e-35
0.83,4.37,6.39828e-33
0.83,4.38,1.79647e-28
0.83,4.39,2.63589e-28
0.83,4.4,2.18002e-24
0.83,4.41,3.72388e-22
0.83,4.42,5.22986e-26
0.83,4.43,6.59212e-24
0.83,4.44,2.45717e-27
0.83,4.45,1.32438e-22
0.83,4.46,1.78771e-26
0.83,4.47,1.37073e-24
0.83,4.48,5.97284e-26
0.83,4.49,5.44895e-26
0.83,4.5,3.04957e-26
0.83,4.51,1.07613e-25
0.83,4.52,2.29553e-23
0.83,4.53,1.56246e-25
0.83,4.54,1.75044e-24
0.83,4.55,8.96343e-24
0.83,4.56,2.61072e-30
0.83,4.57,6.24737e-25
0.83,4.58,2.14151e-24
0.83,4.59,3.29473e-22
0.83,4.6,1.15034e-25
0.83,4.61,2.10327e-21
0.83,4.62,4.46831e-24
0.83,4.63,1.54866e-25
0.83,4.64,6.66608e-32
0.83,4.65,1.31178e-26
0.83,4.66,6.06795e-21
0.83,4.67,8.35146e-34
0.83,4.68,1.21229e-29
0.83,4.69,6.3669e-25
0.83,4.7,4.18631e-23
0.83,4.71,6.66964e-26
0.83,4.72,9.96069e-26
0.83,4.73,2.44399e-23
0.83,4.74,8.99715e-29
0.83,4.75,6.5404e-32
0.83,4.76,4.73006e-27
0.83,4.77,2.29619e-21
0.83,4.78,3.19823e-22
0.83,4.79,1.94306e-20
0.83,4.8,1.52258e-30
0.83,4.81,9.38625e-23
0.83,4.82,1.11401e-20
0.83,4.83,9.93992e-31
0.83,4.84,9.73243e-22
0.83,4.85,3.5023e-21
0.83,4.86,3.57824e-22
0.83,4.87,8.77039e-27
0.83,4.88,1.51272e-30
0.83,4.89,8.18923e-28
0.83,4.9,4.66099e-25
0.83,4.91,1.77706e-25
0.83,4.92,1.96519e-26
0.83,4.93,7.45452e-21
0.83,4.94,7.95289e-23
0.83,4.95,2.61016e-20
0.83,4.96,4.73834e-24
0.83,4.97,2.16669e-21
0.83,4.98,1.18993e-32
0.83,4.99,3.9327e-28
0.83,5,6.32053e-23
0.83,5.01,2.59325e-25
0.83,5.02,4.13759e-24
0.83,5.03,3.2139e-27
0.83,5.04,3.54753e-25
0.83,5.05,2.34995e-25
0.83,5.06,2.54804e-29
0.83,5.07,6.05155e-24
0.83,5.08,1.35845e-26
0.83,5.09,8.37507e-30
0.83,5.1,3.12057e-34
0.83,5.11,5.6615e-24
0.83,5.12,2.07691e-26
0.83,5.13,1.07651e-34
0.83,5.14,5.52622e-23
0.83,5.15,8.25541e-24
0.83,5.16,1.26449e-31
0.83,5.17,2.49528e-22
0.83,5.18,7.46004e-24
0.83,5.19,1.3269e-29
0.83,5.2,1.61779e-32
0.83,5.21,3.98342e-26
0.83,5.22,3.23772e-28
0.83,5.23,1.14958e-25
0.83,5.24,1.97546e-29
0.83,5.25,1.6708e-21
0.83,5.26,7.49827e-25
0.83,5.27,7.46384e-24
0.83,5.28,1.65904e-24
0.83,5.29,1.28564e-20
0.83,5.3,2.00872e-22
0.83,5.31,4.71247e-21
0.83,5.32,2.91845e-26
0.83,5.33,1.49746e-32
0.83,5.34,1.78348e-32
0.83,5.35,6.37776e-21
0.83,5.36,6.52756e-23
0.83,5.37,6.50073e-30
0.83,5.38,2.21006e-28
0.83,5.39,9.16745e-40
0.83,5.4,2.05877e-24
0.83,5.41,6.59181e-23
0.83,5.42,9.57026e-26
0.83,5.43,1.31096e-39
0.83,5.44,3.35014e-20
0.83,5.45,1.2715e-30
0.83,5.46,1.12397e-24
0.83,5.47,7.43957e-22
0.83,5.48,6.52541e-24
0.83,5.49,2.19519e-27
0.83,5.5,1.17186e-25
0.83,5.51,1.69682e-29
0.83,5.52,7.23734e-39
0.83,5.53,6.79536e-27
0.83,5.54,6.49733e-24
0.83,5.55,2.05687e-30
0.83,5.56,3.55109e-23
0.83,5.57,7.57191e-21
0.83,5.58,3.17693e-29
0.83,5.59,3.08387e-21
0.83,5.6,1.47186e-21
0.83,5.61,4.77663e-31
0.83,5.62,3.71735e-25
0.83,5.63,3.87526e-26
0.83,5.64,4.31795e-27
0.83,5.65,2.3423e-24
0.83,5.66,1.22631e-20
0.83,5.67,2.57825e-46
0.83,5.68,1.04563e-24
0.83,5.69,2.56237e-34
0.83,5.7,2.19341e-31
0.83,5.71,9.74753e-23
0.83,5.72,1.64648e-33
0.83,5.73,1.13389e-26
0.83,5.74,6.66455e-23
0.83,5.75,1.52856e-36
0.83,5.76,3.80551e-31
0.83,5.77,3.71564e-26
0.83,5.78,4.60105e-30
0.83,5.79,1.04875e-27
0.83,5.8,2.77613e-32
0.83,5.81,8.28009e-21
0.83,5.82,5.65277e-23
0.83,5.83,6.7943e-22
0.83,5.84,3.72825e-23
0.83,5.85,6.19706e-21
0.83,5.86,1.55708e-28
0.83,5.87,9.7248e-29
0.83,5.88,1.54997e-27
0.83,5.89,1.78235e-28
0.83,5.9,7.62005e-25
0.83,5.91,6.78582e-27
0.83,5.92,4.14606e-23
0.83,5.93,3.56859e-29
0.83,5.94,1.73411e-24
0.83,5.95,3.39018e-23
0.83,5.96,7.68926e-25
0.83,5.97,7.12049e-34
0.83,5.98,4.06079e-31
0.83,5.99,1.73047e-25
0.83,6,1.14744e-26
0.83,6.01,2.61794e-25
0.83,6.02,3.91897e-29
0.83,6.03,3.3561e-28
0.83,6.04,1.08321e-27
0.83,6.05,3.51963e-23
0.83,6.06,1.67601e-23
0.83,6.07,9.43233e-28
0.83,6.08,1.19494e-20
0.83,6.09,7.44913e-25
0.83,6.1,1.48447e-28
0.83,6.11,3.17469e-32
0.83,6.12,2.12552e-31
0.83,6.13,1.56093e-25
0.83,6.14,8.56637e-27
0.83,6.15,6.14134e-27
0.83,6.16,6.45696e-25
0.83,6.17,1.07572e-42
0.83,6.18,6.50048e-24
0.83,6.19,3.51142e-21
0.83,6.2,7.07164e-27
0.83,6.21,2.36081e-20
0.83,6.22,8.68835e-23
0.83,6.23,2.13173e-21
0.83,6.24,1.45571e-21
0.83,6.25,3.15584e-30
0.83,6.26,2.35943e-25
0.83,6.27,3.94037e-24
0.83,6.28,3.66262e-20
0.84,0,1.87048e-18
0.84,0.01,3.50462e-16
0.84,0.02,2.62875e-19
0.84,0.03,3.39884e-20
0.84,0.04,8.6025e-16
0.84,0.05,6.6469e-18
0.84,0.06,5.95895e-23
0.84,0.07,1.09926e-17
0.84,0.08,7.8825e-17
0.84,0.09,3.78986e-17
0.84,0.1,2.62322e-17
0.84,0.11,4.66543e-16
0.84,0.12,4.62483e-24
0.84,0.13,5.00019e-17
0.84,0.14,1.39455e-17
0.84,0.15,5.38917e-19
0.84,0.16,5.7824e-16
0.84,0.17,1.01439e-23
0.84,0.18,3.13394e-20
0.84,0.19,5.66011e-23
0.84,0.2,4.51693e-23
0.84,0.21,2.22638e-23
0.84,0.22,2.03322e-25
0.84,0.23,8.70336e-19
0.84,0.24,4.99704e-27
0.84,0.25,2.63875e-16
0.84,0.26,8.6711e-17
0.84,0.27,4.45456e-16
0.84,0.28,4.84255e-27
0.84,0.29,1.58659e-18
0.84,0.3,5.99804e-22
0.84,0.31,3.60136e-21
0.84,0.32,1.57341e-17
0.84,0.33,4.08334e-19
0.84,0.34,9.07827e-19
0.84,0.35,1.95084e-16
0.84,0.36,1.33229e-19
0.84,0.37,8.66304e-18
0.84,0.38,2.46331e-21
0.84,0.39,7.8083e-17
0.84,0.4,4.75615e-17
0.84,0.41,2.6221e-16
0.84,0.42,6.30411e-18
0.84,0.43,1.48038e-18
0.84,0.44,3.10033e-24
0.84,0.45,1.5432e-17
0.84,0.46,9.78803e-16
0.84,0.47,6.50385e-24
0.84,0.48,2.34125e-21
0.84,0.49,4.11168e-21
0.84,0.5,5.81493e-17
0.84,0.51,1.92227e-15
0.84,0.52,2.06847e-21
0.84,0.53,2.57684e-30
0.84,0.54,2.34067e-22
0.84,0.55,4.76084e-24
0.84,0.56,2.71119e-26
0.84,0.57,2.79361e-23
0.84,0.58,7.13099e-16
0.84,0.59,5.15932e-25
0.84,0.6,3.93697e-27
0.84,0.61,1.6782e-21
0.84,0.62,1.27815e-18
0.84,0.63,2.5919e-23
0.84,0.64,3.83533e-22
0.84,0.65,3.75074e-19
0.84,0.66,2.33482e-19
0.84,0.67,5.52855e-16
0.84,0.68,2.19188e-17
0.84,0.69,4.02155e-18
0.84,0.7,8.21993e-18
0.84,0.71,9.87914e-20
0.84,0.72,1.11438e-18
0.84,0.73,1.45945e-19
0.84,0.74,3.97611e-18
0.84,0.75,3.62755e-20
0.84,0.76,2.64334e-20
0.84,0.77,2.0241e-24
0.84,0.78,3.56841e-24
0.84,0.79,6.38741e-20
0.84,0.8,5.48678e-27
0.84,0.81,8.36515e-30
0.84,0.82,1.77606e-27
0.84,0.83,1.76457e-19
0.84,0.84,1.26901e-18
0.84,0.85,7.33013e-20
0.84,0.86,2.37801e-19
0.84,0.87,6.50097e-17
0.84,0.88,2.26731e-16
0.84,0.89,6.33219e-18
0.84,0.9,1.56579e-19
0.84,0.91,7.44982e-16
0.84,0.92,3.29283e-21
0.84,0.93,2.42996e-21
0.84,0.94,1.36679e-25
0.84,0.95,1.05601e-16
0.84,0.96,9.08994e-23
0.84,0.97,1.59207e-33
0.84,0.98,1.62856e-31
0.84,0.99,4.53695e-21
0.84,1,1.12154e-20
0.84,1.01,1.02856e-17
0.84,1.02,1.68642e-21
0.84,1.03,1.48613e-17
0.84,1.04,1.35962e-17
0.84,1.05,8.5382e-19
0.84,1.06,6.62486e-19
0.84,1.07,2.24188e-20
0.84,1.08,1.72043e-17
0.84,1.09,1.20539e-16
0.84,1.1,3.22194e-17
0.84,1.11,5.99378e-18
0.84,1.12,1.00458e-19
0.84,1.13,1.07926e-16
0.84,1.14,3.88681e-23
0.84,1.15,3.12313e-20
0.84,1.16,4.98021e-22
0.84,1.17,2.74903e-17
0.84,1.18,1.36987e-19
0.84,1.19,1.78134e-15
0.84,1.2,2.40383e-23
0.84,1.21,7.10153e-27
0.84,1.22,1.03919e-17
0.84,1.23,1.1286e-20
0.84,1.24,2.6448e-22
0.84,1.25,2.0461e-23
0.84,1.26,1.64902e-18
0.84,1.27,5.44051e-22
0.84,1.28,2.28575e-17
0.84,1.29,7.71014e-18
0.84,1.3,5.17501e-16
0.84,1.31,5.78725e-22
0.84,1.32,3.78577e-20
0.84,1.33,4.88205e-21
0.84,1.34,7.38569e-18
0.84,1.35,5.06464e-21
0.84,1.36,1.14562e-18
0.84,1.37,7.41466e-18
0.84,1.38,1.5105e-20
0.84,1.39,4.53504e-16
0.84,1.4,1.53674e-22
0.84,1.41,2.37905e-20
0.84,1.42,1.13239e-26
0.84,1.43,6.45914e-19
0.84,1.44,7.15682e-21
0.84,1.45,1.73063e-29
0.84,1.46,1.70958e-20
0.84,1.47,1.14044e-19
0.84,1.48,1.86089e-22
0.84,1.49,9.83268e-30
0.84,1.5,3.45057e-29
0.84,1.51,4.20873e-17
0.84,1.52,3.33128e-24
0.84,1.53,1.9081e-18
0.84,1.54,2.77232e-23
0.84,1.55,2.36667e-16
0.84,1.56,1.69002e-19
0.84,1.57,3.96368e-20
0.84,1.58,3.07905e-23
0.84,1.59,7.12195e-21
0.84,1.6,9.26475e-25
0.84,1.61,7.20333e-17
0.84,1.62,3.61593e-16
0.84,1.63,5.06492e-16
0.84,1.64,5.11618e-23
0.84,1.65,1.72129e-16
0.84,1.66,2.81567e-18
0.84,1.67,9.51741e-24
0.84,1.68,1.33735e-20
0.84,1.69,2.35804e-17
0.84,1.7,3.97521e-20
0.84,1.71,4.04999e-23
0.84,1.72,6.95652e-22
0.84,1.73,4.77723e-22
0.84,1.74,2.74523e-17
0.84,1.75,3.24636e-20
0.84,1.76,7.04848e-16
0.84,1.77,1.83382e-16
0.84,1.78,1.07426e-16
0.84,1.79,8.61217e-22
0.84,1.8,2.65393e-21
0.84,1.81,1.10891e-21
0.84,1.82,9.81795e-19
0.84,1.83,1.39815e-20
0.84,1.84,5.54992e-16
0.84,1.85,1.82845e-21
0.84,1.86,9.61336e-21
0.84,1.87,2.91564e-21
0.84,1.88,2.66011e-19
0.84,1.89,1.1362e-21
0.84,1.9,2.63892e-15
0.84,1.91,9.52241e-17
0.84,1.92,1.16063e-16
0.84,1.93,9.83225e-19
0.84,1.94,2.08431e-25
0.84,1.95,3.84973e-16
0.84,1.96,1.10659e-21
0.84,1.97,1.65942e-29
0.84,1.98,3.13902e-20
0.84,1.99,8.92494e-23
0.84,2,3.56043e-17
0.84,2.01,5.41816e-19
0.84,2.02,3.37253e-20
0.84,2.03,8.99569e-17
0.84,2.04,7.92943e-19
0.84,2.05,5.49891e-21
0.84,2.06,1.48945e-16
0.84,2.07,6.83439e-25
0.84,2.08,2.11921e-19
0.84,2.09,2.62488e-20
0.84,2.1,1.93127e-16
0.84,2.11,8.92621e-18
0.84,2.12,1.22047e-21
0.84,2.13,1.41496e-20
0.84,2.14,1.1572e-24
0.84,2.15,3.19063e-17
0.84,2.16,3.06371e-28
0.84,2.17,1.20364e-29
0.84,2.18,5.05799e-19
0.84,2.19,1.93711e-20
0.84,2.2,5.55601e-33
0.84,2.21,6.09842e-19
0.84,2.22,3.11368e-20
0.84,2.23,1.00502e-21
0.84,2.24,7.0289e-18
0.84,2.25,2.49667e-19
0.84,2.26,1.47742e-15
0.84,2.27,5.81398e-28
0.84,2.28,2.50106e-17
0.84,2.29,2.55452e-17
0.84,2.3,5.48151e-35
0.84,2.31,5.70829e-18
0.84,2.32,8.44491e-19
0.84,2.33,5.77196e-20
0.84,2.34,9.54244e-22
0.84,2.35,1.32123e-19
0.84,2.36,9.70249e-17
0.84,2.37,7.95496e-23
0.84,2.38,8.99825e-18
0.84,2.39,9.31147e-17
0.84,2.4,1.35755e-25
0.84,2.41,4.59332e-19
0.84,2.42,2.93554e-18
0.84,2.43,5.16963e-16
0.84,2.44,3.10546e-17
0.84,2.45,1.95725e-17
0.84,2.46,2.81867e-20
0.84,2.47,1.94514e-16
0.84,2.48,4.32531e-21
0.84,2.49,1.17796e-30
0.84,2.5,4.01114e-20
0.84,2.51,2.44549e-18
0.84,2.52,1.82934e-16
0.84,2.53,3.6295e-19
0.84,2.54,1.38922e-21
0.84,2.55,4.11676e-34
0.84,2.56,4.53491e-19
0.84,2.57,1.82552e-17
0.84,2.58,3.98705e-18
0.84,2.59,1.24744e-24
0.84,2.6,3.7172e-29
0.84,2.61,2.75427e-16
0.84,2.62,1.71428e-21
0.84,2.63,1.08439e-23
0.84,2.64,1.38203e-27
0.84,2.65,1.43488e-20
0.84,2.66,1.16003e-18
0.84,2.67,7.04048e-20
0.84,2.68,2.21838e-15
0.84,2.69,1.88155e-17
0.84,2.7,9.8077e-18
0.84,2.71,1.33192e-19
0.84,2.72,1.18668e-17
0.84,2.73,1.19753e-19
0.84,2.74,5.3473e-17
0.84,2.75,6.77114e-22
0.84,2.76,5.75206e-19
0.84,2.77,7.31158e-28
0.84,2.78,2.21989e-23
0.84,2.79,2.03229e-19
0.84,2.8,4.60919e-16
0.84,2.81,9.66941e-21
0.84,2.82,2.84867e-18
0.84,2.83,4.32394e-24
0.84,2.84,2.58663e-15
0.84,2.85,9.1102e-27
0.84,2.86,6.56659e-19
0.84,2.87,1.34663e-18
0.84,2.88,2.79797e-17
0.84,2.89,1.53673e-29
0.84,2.9,6.62367e-25
0.84,2.91,1.06581e-18
0.84,2.92,7.72787e-20
0.84,2.93,3.15409e-20
0.84,2.94,2.63945e-18
0.84,2.95,5.4088e-19
0.84,2.96,5.25239e-17
0.84,2.97,2.10385e-16
0.84,2.98,5.95503e-17
0.84,2.99,5.53808e-16
0.84,3,1.63462e-21
0.84,3.01,1.26508e-19
0.84,3.02,1.0637e-24
0.84,3.03,1.83762e-15
0.84,3.04,1.0817e-22
0.84,3.05,2.33006e-27
0.84,3.06,2.03792e-19
0.84,3.07,1.22925e-17
0.84,3.08,3.61891e-19
0.84,3.09,4.76433e-25
0.84,3.1,6.95921e-19
0.84,3.11,1.12019e-25
0.84,3.12,2.4023e-18
0.84,3.13,2.25553e-18
0.84,3.14,1.41776e-23
0.84,3.15,2.99612e-21
0.84,3.16,1.63711e-21
0.84,3.17,1.28493e-25
0.84,3.18,2.25677e-20
0.84,3.19,3.04052e-21
0.84,3.2,2.29386e-26
0.84,3.21,5.79586e-18
0.84,3.22,5.24089e-16
0.84,3.23,7.20599e-17
0.84,3.24,4.19495e-27
0.84,3.25,3.46041e-21
0.84,3.26,9.25137e-18
0.84,3.27,3.78706e-18
0.84,3.28,2.54545e-26
0.84,3.29,2.98642e-20
0.84,3.3,4.8649e-19
0.84,3.31,4.73026e-17
0.84,3.32,8.94511e-22
0.84,3.33,5.58315e-22
0.84,3.34,5.12837e-23
0.84,3.35,1.58275e-15
0.84,3.36,1.47178e-17
0.84,3.37,2.64303e-22
0.84,3.38,6.99589e-16
0.84,3.39,3.96303e-26
0.84,3.4,5.20747e-17
0.84,3.41,4.85122e-19
0.84,3.42,2.82757e-16
0.84,3.43,2.81835e-18
0.84,3.44,9.21856e-16
0.84,3.45,6.60793e-29
0.84,3.46,1.19146e-18
0.84,3.47,1.3879e-16
0.84,3.48,7.97863e-20
0.84,3.49,2.42192e-15
0.84,3.5,8.15306e-18
0.84,3.51,1.18875e-34
0.84,3.52,2.60291e-27
0.84,3.53,7.7385e-23
0.84,3.54,3.76039e-26
0.84,3.55,3.42642e-27
0.84,3.56,3.20133e-24
0.84,3.57,2.7936e-20
0.84,3.58,1.28494e-16
0.84,3.59,5.58238e-18
0.84,3.6,9.07905e-18
0.84,3.61,3.1512e-26
0.84,3.62,7.37791e-28
0.84,3.63,2.60034e-16
0.84,3.64,3.25772e-26
0.84,3.65,2.93821e-18
0.84,3.66,3.46156e-17
0.84,3.67,6.96536e-23
0.84,3.68,1.54722e-21
0.84,3.69,8.08202e-17
0.84,3.7,4.1746e-20
0.84,3.71,6.17165e-22
0.84,3.72,1.66273e-18
0.84,3.73,8.66019e-16
0.84,3.74,1.43565e-17
0.84,3.75,7.66324e-19
0.84,3.76,1.06747e-19
0.84,3.77,4.35644e-18
0.84,3.78,1.90378e-22
0.84,3.79,5.86736e-21
0.84,3.8,8.1439e-19
0.84,3.81,2.16e-16
0.84,3.82,9.24757e-19
0.84,3.83,2.68105e-24
0.84,3.84,1.22368e-21
0.84,3.85,2.4543e-17
0.84,3.86,1.21121e-19
0.84,3.87,1.24777e-24
0.84,3.88,6.64769e-21
0.84,3.89,3.03947e-20
0.84,3.9,3.33471e-21
0.84,3.91,3.40473e-21
0.84,3.92,2.64726e-18
0.84,3.93,1.94114e-33
0.84,3.94,4.87197e-24
0.84,3.95,8.29721e-30
0.84,3.96,3.77434e-21
0.84,3.97,1.52241e-18
0.84,3.98,3.00353e-16
0.84,3.99,3.76556e-30
0.84,4,6.7503e-19
0.84,4.01,4.81447e-22
0.84,4.02,1.21255e-16
0.84,4.03,5.00752e-17
0.84,4.04,3.18398e-17
0.84,4.05,1.28e-23
0.84,4.06,6.98368e-28
0.84,4.07,2.62673e-28
0.84,4.08,2.11667e-21
0.84,4.09,4.2782e-19
0.84,4.1,2.7591e-20
0.84,4.11,1.89858e-16
0.84,4.12,4.22671e-20
0.84,4.13,2.23079e-21
0.84,4.14,4.33612e-17
0.84,4.15,3.21085e-16
0.84,4.16,6.45635e-17
0.84,4.17,7.12813e-18
0.84,4.18,4.68667e-19
0.84,4.19,7.79168e-20
0.84,4.2,8.76695e-20
0.84,4.21,2.36167e-22
0.84,4.22,2.07506e-20
0.84,4.23,6.77217e-18
0.84,4.24,2.26621e-17
0.84,4.25,8.97595e-25
0.84,4.26,4.55269e-28
0.84,4.27,8.52194e-20
0.84,4.28,3.56259e-24
0.84,4.29,1.02683e-28
0.84,4.3,6.90317e-18
0.84,4.31,1.05e-16
0.84,4.32,3.44177e-23
0.84,4.33,7.63899e-18
0.84,4.34,1.24423e-18
0.84,4.35,3.25673e-19
0.84,4.36,1.06089e-22
0.84,4.37,2.58071e-22
0.84,4.38,3.00668e-19
0.84,4.39,7.10559e-23
0.84,4.4,5.42704e-19
0.84,4.41,1.31227e-16
0.84,4.42,5.08828e-27
0.84,4.43,1.42366e-18
0.84,4.44,1.46248e-28
0.84,4.45,3.7241e-18
0.84,4.46,7.28488e-18
0.84,4.47,4.10604e-17
0.84,4.48,4.62025e-23
0.84,4.49,7.19142e-21
0.84,4.5,1.08249e-36
0.84,4.51,2.35107e-20
0.84,4.52,1.18177e-26
0.84,4.53,8.72244e-18
0.84,4.54,1.55585e-29
0.84,4.55,1.80728e-21
0.84,4.56,1.80223e-18
0.84,4.57,4.52573e-21
0.84,4.58,5.16117e-17
0.84,4.59,1.39922e-16
0.84,4.6,5.16101e-22
0.84,4.61,5.13417e-23
0.84,4.62,1.21881e-21
0.84,4.63,2.75564e-19
0.84,4.64,1.74702e-31
0.84,4.65,2.60655e-15
0.84,4.66,4.70011e-21
0.84,4.67,3.28922e-22
0.84,4.68,5.40634e-17
0.84,4.69,8.24123e-18
0.84,4.7,1.53061e-18
0.84,4.71,4.01554e-15
0.84,4.72,1.1378e-16
0.84,4.73,2.75484e-17
0.84,4.74,7.77069e-18
0.84,4.75,1.42926e-15
0.84,4.76,1.43003e-22
0.84,4.77,6.13043e-17
0.84,4.78,3.10916e-16
0.84,4.79,8.2612e-21
0.84,4.8,5.36914e-22
0.84,4.81,2.13311e-20
0.84,4.82,4.22564e-17
0.84,4.83,4.75593e-24
0.84,4.84,4.37288e-20
0.84,4.85,5.2347e-17
0.84,4.86,2.34051e-31
0.84,4.87,5.19756e-21
0.84,4.88,1.04314e-21
0.84,4.89,5.04179e-16
0.84,4.9,2.40571e-16
0.84,4.91,1.33843e-19
0.84,4.92,6.40219e-24
0.84,4.93,3.90063e-21
0.84,4.94,8.25403e-20
0.84,4.95,2.21331e-20
0.84,4.96,4.02655e-30
0.84,4.97,5.40064e-16
0.84,4.98,8.04922e-21
0.84,4.99,2.74394e-17
0.84,5,1.13217e-25
0.84,5.01,1.24694e-21
0.84,5.02,3.48017e-17
0.84,5.03,7.44787e-23
0.84,5.04,9.26148e-34
0.84,5.05,9.06441e-22
0.84,5.06,3.30355e-22
0.84,5.07,5.24993e-22
0.84,5.08,2.86118e-18
0.84,5.09,1.62695e-18
0.84,5.1,2.44413e-19
0.84,5.11,4.84787e-16
0.84,5.12,1.17154e-18
0.84,5.13,4.75851e-31
0.84,5.14,5.00724e-19
0.84,5.15,3.42617e-26
0.84,5.16,1.60426e-15
0.84,5.17,3.53571e-20
0.84,5.18,1.69294e-20
0.84,5.19,3.84243e-24
0.84,5.2,3.27861e-20
0.84,5.21,2.14658e-15
0.84,5.22,3.42646e-17
0.84,5.23,8.11955e-19
0.84,5.24,2.88441e-25
0.84,5.25,3.87283e-15
0.84,5.26,2.5351e-23
0.84,5.27,3.88794e-22
0.84,5.28,6.19454e-25
0.84,5.29,1.19385e-21
0.84,5.3,9.9016e-16
0.84,5.31,4.1387e-22
0.84,5.32,1.0049e-21
0.84,5.33,1.806e-18
0.84,5.34,1.63838e-22
0.84,5.35,2.91921e-24
0.84,5.36,3.73887e-20
0.84,5.37,2.37616e-25
0.84,5.38,7.55138e-23
0.84,5.39,2.65341e-18
0.84,5.4,1.47869e-20
0.84,5.41,4.5302e-16
0.84,5.42,2.75805e-21
0.84,5.43,3.03199e-26
0.84,5.44,7.15569e-22
0.84,5.45,6.72656e-23
0.84,5.46,2.53216e-20
0.84,5.47,7.39597e-17
0.84,5.48,1.20572e-19
0.84,5.49,6.49163e-19
0.84,5.5,1.78484e-17
0.84,5.51,1.56738e-21
0.84,5.52,1.75032e-16
0.84,5.53,4.64722e-24
0.84,5.54,4.8621e-17
0.84,5.55,2.1807e-16
0.84,5.56,4.86169e-18
0.84,5.57,8.64296e-22
0.84,5.58,8.95189e-19
0.84,5.59,1.42336e-21
0.84,5.6,1.14447e-24
0.84,5.61,1.60244e-18
0.84,5.62,2.293e-17
0.84,5.63,1.37602e-30
0.84,5.64,1.62446e-21
0.84,5.65,2.03091e-17
0.84,5.66,1.01696e-15
0.84,5.67,1.80665e-21
0.84,5.68,2.25646e-16
0.84,5.69,7.50743e-16
0.84,5.7,5.0975e-23
0.84,5.71,3.49486e-22
0.84,5.72,2.3538e-17
0.84,5.73,7.40339e-26
0.84,5.74,3.45811e-17
0.84,5.75,7.94292e-19
0.84,5.76,1.62642e-19
0.84,5.77,4.74107e-32
0.84,5.78,2.5637e-15
0.84,5.79,8.97901e-17
0.84,5.8,8.12499e-30
0.84,5.81,1.46602e-15
0.84,5.82,1.39506e-15
0.84,5.83,4.76351e-17
0.84,5.84,5.8812e-19
0.84,5.85,4.48849e-21
0.84,5.86,1.8461e-17
0.84,5.87,7.3464e-37
0.84,5.88,2.23936e-31
0.84,5.89,2.0682e-23
0.84,5.9,1.25551e-20
0.84,5.91,2.61684e-19
0.84,5.92,3.97442e-25
0.84,5.93,2.24621e-27
0.84,5.94,9.86754e-17
0.84,5.95,3.38364e-22
0.84,5.96,7.88404e-19
0.84,5.97,4.86644e-16
0.84,5.98,1.16137e-20
0.84,5.99,2.73427e-24
0.84,6,7.00032e-26
0.84,6.01,4.60782e-17
0.84,6.02,3.03249e-19
0.84,6.03,6.47507e-24
0.84,6.04,5.56342e-21
0.84,6.05,1.11063e-19
0.84,6.06,5.38548e-17
0.84,6.07,8.29835e-21
0.84,6.08,2.6947e-18
0.84,6.09,2.24691e-20
0.84,6.1,7.52706e-16
0.84,6.11,3.22931e-22
0.84,6.12,1.9861e-16
0.84,6.13,4.83468e-25
0.84,6.14,5.19262e-24
0.84,6.15,1.0902e-18
0.84,6.16,5.05054e-17
0.84,6.17,3.97655e-27
0.84,6.18,7.86577e-19
0.84,6.19,1.44095e-20
0.84,6.2,6.84083e-17
0.84,6.21,5.78753e-24
0.84,6.22,1.98186e-19
0.84,6.23,1.90105e-16
0.84,6.24,9.17076e-16
0.84,6.25,3.70297e-18
0.84,6.26,1.42989e-17
0.84,6.27,1.69895e-18
0.84,6.28,1.83339e-23
0.85,0,1.6831e-24
0.85,0.01,4.3402e-13
0.85,0.02,1.17128e-13
0.85,0.03,2.41215e-16
0.85,0.04,1.01657e-16
0.85,0.05,2.17352e-12
0.85,0.06,3.41372e-16
0.85,0.07,1.58502e-15
0.85,0.08,1.33511e-13
0.85,0.09,1.13663e-13
0.85,0.1,2.60179e-15
0.85,0.11,3.87578e-15
0.85,0.12,1.58559e-15
0.85,0.13,1.24139e-12
0.85,0.14,4.13237e-14
0.85,0.15,3.62598e-15
0.85,0.16,3.40915e-18
0.85,0.17,6.21687e-13
0.85,0.18,9.94799e-15
0.85,0.19,1.00271e-12
0.85,0.2,2.80833e-17
0.85,0.21,5.7332e-16
0.85,0.22,1.86858e-12
0.85,0.23,2.59013e-12
0.85,0.24,2.76455e-14
0.85,0.25,4.05189e-14
0.85,0.26,1.12113e-14
0.85,0.27,1.3201e-12
0.85,0.28,2.30026e-14
0.85,0.29,5.54694e-12
0.85,0.3,5.09271e-20
0.85,0.31,1.51589e-13
0.85,0.32,1.40872e-19
0.85,0.33,1.25927e-11
0.85,0.34,1.09295e-20
0.85,0.35,9.4919e-17
0.85,0.36,7.89096e-14
0.85,0.37,1.23166e-13
0.85,0.38,6.56819e-20
0.85,0.39,3.42378e-16
0.85,0.4,1.67309e-18
0.85,0.41,1.7907e-17
0.85,0.42,2.0262e-12
0.85,0.43,7.77998e-13
0.85,0.44,1.17804e-25
0.85,0.45,2.43041e-11
0.85,0.46,6.49921e-15
0.85,0.47,4.72584e-16
0.85,0.48,4.89265e-18
0.85,0.49,6.79604e-13
0.85,0.5,7.20392e-15
0.85,0.51,5.18613e-16
0.85,0.52,1.80094e-18
0.85,0.53,3.33278e-15
0.85,0.54,1.9674e-18
0.85,0.55,5.37324e-16
0.85,0.56,1.20724e-17
0.85,0.57,9.41004e-14
0.85,0.58,5.66085e-19
0.85,0.59,2.07382e-13
0.85,0.6,2.25547e-16
0.85,0.61,7.51214e-15
0.85,0.62,3.88875e-14
0.85,0.63,2.44662e-14
0.85,0.64,7.57537e-15
0.85,0.65,2.11092e-13
0.85,0.66,1.47701e-12
0.85,0.67,5.46713e-18
0.85,0.68,7.9588e-14
0.85,0.69,9.87799e-18
0.85,0.7,9.18495e-16
0.85,0.71,5.05091e-12
0.85,0.72,4.97814e-16
0.85,0.73,7.90556e-17
0.85,0.74,2.91642e-18
0.85,0.75,4.22448e-13
0.85,0.76,2.492e-19
0.85,0.77,1.18017e-12
0.85,0.78,1.09592e-21
0.85,0.79,6.46805e-13
0.85,0.8,2.90059e-17
0.85,0.81,6.14609e-13
0.85,0.82,7.01352e-13
0.85,0.83,7.52682e-15
0.85,0.84,9.17626e-17
0.85,0.85,1.80684e-13
0.85,0.86,8.03105e-17
0.85,0.87,9.54835e-19
0.85,0.88,2.4237e-14
0.85,0.89,1.67174e-15
0.85,0.9,3.4878e-13
0.85,0.91,2.31094e-16
0.85,0.92,3.24111e-12
0.85,0.93,3.36598e-12
0.85,0.94,4.44512e-12
0.85,0.95,2.9622e-12
0.85,0.96,6.69456e-14
0.85,0.97,1.49434e-21
0.85,0.98,6.96812e-15
0.85,0.99,3.40307e-13
0.85,1,7.92098e-23
0.85,1.01,2.89811e-22
0.85,1.02,1.21664e-22
0.85,1.03,3.50678e-12
0.85,1.04,9.00268e-16
0.85,1.05,4.53136e-12
0.85,1.06,3.25896e-21
0.85,1.07,6.47311e-17
0.85,1.08,5.29571e-11
0.85,1.09,4.34223e-13
0.85,1.1,1.07073e-11
0.85,1.11,1.53413e-15
0.85,1.12,1.00496e-17
0.85,1.13,6.91318e-16
0.85,1.14,6.22927e-14
0.85,1.15,4.32268e-13
0.85,1.16,1.96547e-23
0.85,1.17,1.32305e-19
0.85,1.18,1.55399e-16
0.85,1.19,1.1335e-11
0.85,1.2,1.47911e-19
0.85,1.21,6.6435e-19
0.85,1.22,2.93724e-14
0.85,1.23,4.40439e-15
0.85,1.24,3.19968e-14
0.85,1.25,7.61798e-14
0.85,1.26,6.17333e-13
0.85,1.27,4.22004e-16
0.85,1.28,7.53011e-16
0.85,1.29,1.75041e-11
0.85,1.3,1.69888e-16
0.85,1.31,4.57106e-18
0.85,1.32,3.187e-15
0.85,1.33,1.0482e-13
0.85,1.34,1.59486e-17
0.85,1.35,7.92086e-17
0.85,1.36,7.12276e-19
0.85,1.37,2.56767e-16
0.85,1.38,9.70786e-17
0.85,1.39,3.28354e-19
0.85,1.4,9.0167e-12
0.85,1.41,4.17554e-18
0.85,1.42,4.52023e-14
0.85,1.43,3.55805e-15
0.85,1.44,1.10137e-13
0.85,1.45,3.80798e-23
0.85,1.46,1.57099e-16
0.85,1.47,6.43596e-16
0.85,1.48,1.25023e-15
0.85,1.49,4.21175e-17
0.85,1.5,2.25354e-12
0.85,1.51,1.53137e-19
0.85,1.52,9.87771e-21
0.85,1.53,2.03357e-23
0.85,1.54,1.89671e-12
0.85,1.55,6.1433e-18
0.85,1.56,2.61676e-18
0.85,1.57,2.32398e-13
0.85,1.58,1.29313e-15
0.85,1.59,1.044e-11
0.85,1.6,1.63991e-13
0.85,1.61,1.04343e-24
0.85,1.62,9.24573e-40
0.85,1.63,2.7255e-19
0.85,1.64,1.12409e-17
0.85,1.65,2.19459e-16
0.85,1.66,2.68365e-14
0.85,1.67,1.23556e-13
0.85,1.68,2.13876e-12
0.85,1.69,9.24208e-18
0.85,1.7,2.33186e-14
0.85,1.71,2.43953e-17
0.85,1.72,2.37332e-13
0.85,1.73,1.27237e-15
0.85,1.74,2.10159e-12
0.85,1.75,1.05916e-16
0.85,1.76,1.03846e-16
0.85,1.77,6.22792e-12
0.85,1.78,1.18376e-11
0.85,1.79,2.04259e-13
0.85,1.8,8.20472e-17
0.85,1.81,2.1898e-14
0.85,1.82,3.95053e-14
0.85,1.83,6.88185e-12
0.85,1.84,9.57418e-21
0.85,1.85,1.26004e-16
0.85,1.86,8.60456e-13
0.85,1.87,4.91621e-15
0.85,1.88,1.15373e-20
0.85,1.89,2.01025e-24
0.85,1.9,2.83953e-15
0.85,1.91,8.44368e-14
0.85,1.92,3.24335e-16
0.85,1.93,8.14236e-13
0.85,1.94,3.31246e-27
0.85,1.95,6.05136e-17
0.85,1.96,3.25287e-13
0.85,1.97,1.40058e-12
0.85,1.98,1.05095e-15
0.85,1.99,2.10932e-12
0.85,2,1.02517e-16
0.85,2.01,4.67085e-11
0.85,2.02,3.70592e-21
0.85,2.03,9.97862e-17
0.85,2.04,3.37426e-15
0.85,2.05,8.56789e-13
0.85,2.06,6.95577e-12
0.85,2.07,6.71752e-13
0.85,2.08,1.02262e-25
0.85,2.09,2.2533e-16
0.85,2.1,2.456e-17
0.85,2.11,8.26202e-16
0.85,2.12,3.00106e-20
0.85,2.13,7.42255e-13
0.85,2.14,9.26481e-18
0.85,2.15,1.93435e-22
0.85,2.16,5.23749e-19
0.85,2.17,6.85187e-16
0.85,2.18,1.16118e-13
0.85,2.19,7.17589e-14
0.85,2.2,6.2664e-16
0.85,2.21,4.38099e-13
0.85,2.22,6.47117e-23
0.85,2.23,3.25516e-17
0.85,2.24,5.15093e-22
0.85,2.25,4.1376e-18
0.85,2.26,3.91277e-30
0.85,2.27,2.6661e-14
0.85,2.28,9.77023e-15
0.85,2.29,6.80427e-13
0.85,2.3,1.30953e-13
0.85,2.31,6.24378e-12
0.85,2.32,2.2354e-13
0.85,2.33,1.30658e-13
0.85,2.34,8.18088e-14
0.85,2.35,2.41257e-14
0.85,2.36,1.28284e-11
0.85,2.37,2.84495e-14
0.85,2.38,3.87548e-14
0.85,2.39,2.68022e-13
0.85,2.4,1.28517e-13
0.85,2.41,8.5674e-19
0.85,2.42,5.11385e-15
0.85,2.43,8.70742e-31
0.85,2.44,1.04183e-13
0.85,2.45,4.77385e-12
0.85,2.46,7.39513e-13
0.85,2.47,3.53772e-13
0.85,2.48,4.56936e-14
0.85,2.49,9.17258e-17
0.85,2.5,6.67605e-14
0.85,2.51,1.32005e-14
0.85,2.52,1.32299e-11
0.85,2.53,3.2855e-16
0.85,2.54,5.81881e-13
0.85,2.55,4.15297e-15
0.85,2.56,6.49239e-12
0.85,2.57,5.52146e-15
0.85,2.58,1.14505e-16
0.85,2.59,2.27179e-16
0.85,2.6,2.40046e-13
0.85,2.61,4.79533e-13
0.85,2.62,2.84496e-17
0.85,2.63,1.33612e-19
0.85,2.64,4.43215e-15
0.85,2.65,1.05097e-13
0.85,2.66,6.48364e-17
0.85,2.67,1.20301e-12
0.85,2.68,5.50052e-13
0.85,2.69,1.37533e-14
0.85,2.7,1.9067e-12
0.85,2.71,1.03615e-13
0.85,2.72,2.28557e-11
0.85,2.73,1.11927e-15
0.85,2.74,3.6637e-15
0.85,2.75,1.12386e-13
0.85,2.76,6.87688e-18
0.85,2.77,1.00246e-23
0.85,2.78,3.44264e-18
0.85,2.79,2.15747e-21
0.85,2.8,2.35401e-24
0.85,2.81,6.73736e-19
0.85,2.82,4.06927e-22
0.85,2.83,1.67147e-12
0.85,2.84,5.91204e-16
0.85,2.85,1.53101e-14
0.85,2.86,1.82065e-14
0.85,2.87,6.69438e-24
0.85,2.88,6.01491e-17
0.85,2.89,2.88268e-12
0.85,2.9,4.45032e-19
0.85,2.91,1.03509e-18
0.85,2.92,6.88928e-17
0.85,2.93,1.54547e-12
0.85,2.94,1.10163e-14
0.85,2.95,2.89078e-13
0.85,2.96,1.34947e-16
0.85,2.97,5.28719e-12
0.85,2.98,6.24639e-12
0.85,2.99,4.06471e-18
0.85,3,1.14842e-14
0.85,3.01,1.79885e-16
0.85,3.02,3.95753e-13
0.85,3.03,1.55613e-13
0.85,3.04,5.6891e-14
0.85,3.05,1.57114e-16
0.85,3.06,3.41433e-23
0.85,3.07,1.07977e-11
0.85,3.08,9.10644e-24
0.85,3.09,2.75229e-11
0.85,3.1,2.85456e-14
0.85,3.11,3.57422e-20
0.85,3.12,6.73162e-16
0.85,3.13,1.36708e-16
0.85,3.14,2.31672e-17
0.85,3.15,2.61798e-20
0.85,3.16,1.64508e-12
0.85,3.17,5.43875e-14
0.85,3.18,2.43663e-14
0.85,3.19,1.67941e-16
0.85,3.2,1.33241e-17
0.85,3.21,7.95181e-17
0.85,3.22,3.96704e-13
0.85,3.23,2.69219e-14
0.85,3.24,8.43767e-17
0.85,3.25,1.92307e-17
0.85,3.26,7.41821e-14
0.85,3.27,1.54201e-17
0.85,3.28,2.49637e-20
0.85,3.29,4.835e-14
0.85,3.3,2.91816e-14
0.85,3.31,4.01884e-16
0.85,3.32,8.79922e-14
0.85,3.33,1.66058e-16
0.85,3.34,7.41654e-12
0.85,3.35,2.98093e-24
0.85,3.36,1.80329e-15
0.85,3.37,8.92994e-15
0.85,3.38,6.85549e-12
0.85,3.39,5.00822e-18
0.85,3.4,1.20377e-19
0.85,3.41,2.32386e-12
0.85,3.42,1.50478e-15
0.85,3.43,7.108e-19
0.85,3.44,2.54497e-19
0.85,3.45,2.23337e-13
0.85,3.46,7.12601e-13
0.85,3.47,5.2387e-16
0.85,3.48,1.99906e-15
0.85,3.49,6.29053e-16
0.85,3.5,7.01261e-15
0.85,3.51,2.06864e-17
0.85,3.52,1.81652e-15
0.85,3.53,1.97611e-19
0.85,3.54,7.79893e-21
0.85,3.55,5.50687e-14
0.85,3.56,2.59818e-19
0.85,3.57,1.09563e-11
0.85,3.58,3.9448e-13
0.85,3.59,7.88465e-16
0.85,3.6,3.66436e-14
0.85,3.61,1.02877e-17
0.85,3.62,1.13099e-15
0.85,3.63,3.10809e-19
0.85,3.64,2.07988e-12
0.85,3.65,4.13752e-13
0.85,3.66,2.71392e-15
0.85,3.67,5.69147e-13
0.85,3.68,1.35156e-16
0.85,3.69,2.70804e-13
0.85,3.7,2.31103e-11
0.85,3.71,6.41196e-25
0.85,3.72,9.43709e-23
0.85,3.73,3.0336e-14
0.85,3.74,2.9729e-13
0.85,3.75,1.60608e-19
0.85,3.76,4.58569e-12
0.85,3.77,2.0189e-12
0.85,3.78,1.86681e-13
0.85,3.79,2.99154e-12
0.85,3.8,7.85416e-19
0.85,3.81,5.07921e-19
0.85,3.82,2.32639e-13
0.85,3.83,9.10099e-20
0.85,3.84,1.35454e-13
0.85,3.85,1.15735e-14
0.85,3.86,3.27571e-17
0.85,3.87,1.86142e-13
0.85,3.88,6.62588e-15
0.85,3.89,4.94748e-16
0.85,3.9,1.48587e-18
0.85,3.91,4.59944e-16
0.85,3.92,6.36811e-26
0.85,3.93,1.057e-11
0.85,3.94,4.23024e-13
0.85,3.95,2.57281e-11
0.85,3.96,7.92065e-12
0.85,3.97,4.08769e-13
0.85,3.98,3.48276e-13
0.85,3.99,1.24131e-16
0.85,4,1.99771e-14
0.85,4.01,1.90117e-11
0.85,4.02,2.14931e-13
0.85,4.03,2.6404e-12
0.85,4.04,3.00431e-18
0.85,4.05,2.10684e-11
0.85,4.06,5.67803e-19
0.85,4.07,3.4524e-14
0.85,4.08,2.61502e-20
0.85,4.09,5.57159e-18
0.85,4.1,2.57397e-13
0.85,4.11,2.87598e-14
0.85,4.12,5.33967e-17
0.85,4.13,6.17564e-21
0.85,4.14,2.47802e-13
0.85,4.15,5.80283e-13
0.85,4.16,2.86644e-12
0.85,4.17,8.62017e-17
0.85,4.18,5.66862e-19
0.85,4.19,2.26053e-22
0.85,4.2,2.81169e-21
0.85,4.21,1.37069e-21
0.85,4.22,4.04782e-22
0.85,4.23,5.81847e-13
0.85,4.24,1.37479e-17
0.85,4.25,1.39051e-16
0.85,4.26,9.13482e-12
0.85,4.27,4.01332e-14
0.85,4.28,3.111e-15
0.85,4.29,2.71051e-15
0.85,4.3,1.3745e-16
0.85,4.31,5.32645e-19
0.85,4.32,4.59068e-25
0.85,4.33,3.19617e-15
0.85,4.34,1.30347e-20
0.85,4.35,7.71011e-21
0.85,4.36,8.82783e-16
0.85,4.37,1.84743e-15
0.85,4.38,1.12151e-18
0.85,4.39,2.87056e-16
0.85,4.4,1.72033e-12
0.85,4.41,3.23811e-16
0.85,4.42,1.36464e-17
0.85,4.43,2.1107e-20
0.85,4.44,7.97635e-15
0.85,4.45,8.93885e-17
0.85,4.46,1.87184e-15
0.85,4.47,4.36733e-12
0.85,4.48,9.19282e-18
0.85,4.49,1.53869e-13
0.85,4.5,2.1316e-11
0.85,4.51,1.09062e-12
0.85,4.52,6.17609e-13
0.85,4.53,2.10626e-12
0.85,4.54,1.49283e-19
0.85,4.55,1.24714e-18
0.85,4.56,3.19887e-14
0.85,4.57,5.17627e-16
0.85,4.58,1.44314e-20
0.85,4.59,4.35998e-16
0.85,4.6,4.00141e-17
0.85,4.61,8.01103e-14
0.85,4.62,6.71674e-21
0.85,4.63,1.01292e-19
0.85,4.64,1.28954e-20
0.85,4.65,1.58808e-14
0.85,4.66,5.10997e-17
0.85,4.67,4.47172e-17
0.85,4.68,3.0894e-21
0.85,4.69,3.11181e-26
0.85,4.7,1.75105e-23
0.85,4.71,6.00228e-15
0.85,4.72,1.66396e-14
0.85,4.73,8.92499e-13
0.85,4.74,7.81556e-16
0.85,4.75,1.19881e-15
0.85,4.76,4.26631e-16
0.85,4.77,1.76768e-16
0.85,4.78,3.02717e-13
0.85,4.79,3.73107e-15
0.85,4.8,3.00286e-12
0.85,4.81,2.66317e-15
0.85,4.82,1.38745e-17
0.85,4.83,2.28445e-22
0.85,4.84,1.48605e-14
0.85,4.85,2.28779e-14
0.85,4.86,3.49361e-13
0.85,4.87,7.20454e-13
0.85,4.88,1.48211e-13
0.85,4.89,3.56375e-14
0.85,4.9,2.96005e-15
0.85,4.91,4.09175e-24
0.85,4.92,1.42758e-26
0.85,4.93,6.40189e-13
0.85,4.94,7.23484e-12
0.85,4.95,1.03527e-12
0.85,4.96,8.71817e-12
0.85,4.97,1.54239e-16
0.85,4.98,5.88003e-14
0.85,4.99,1.80272e-12
0.85,5,6.11944e-20
0.85,5.01,5.86072e-13
0.85,5.02,5.80063e-18
0.85,5.03,1.96827e-14
0.85,5.04,1.11234e-19
0.85,5.05,2.12497e-15
0.85,5.06,1.22713e-11
0.85,5.07,7.32245e-14
0.85,5.08,5.24042e-24
0.85,5.09,2.68753e-14
0.85,5.1,2.72835e-11
0.85,5.11,2.45012e-16
0.85,5.12,1.19823e-11
0.85,5.13,1.3775e-17
0.85,5.14,3.12889e-15
0.85,5.15,2.11147e-14
0.85,5.16,1.25139e-11
0.85,5.17,8.12471e-18
0.85,5.18,3.11854e-13
0.85,5.19,3.64993e-25
0.85,5.2,2.88346e-14
0.85,5.21,8.88642e-16
0.85,5.22,1.59495e-21
0.85,5.23,4.96946e-16
0.85,5.24,8.59207e-12
0.85,5.25,1.55153e-11
0.85,5.26,8.24382e-23
0.85,5.27,4.38336e-16
0.85,5.28,6.49013e-30
0.85,5.29,3.44057e-20
0.85,5.3,1.61552e-15
0.85,5.31,6.99096e-15
0.85,5.32,6.41978e-13
0.85,5.33,3.96093e-14
0.85,5.34,1.2634e-12
0.85,5.35,1.92492e-15
0.85,5.36,9.40766e-18
0.85,5.37,3.98775e-16
0.85,5.38,1.05575e-12
0.85,5.39,4.69462e-17
0.85,5.4,4.8567e-12
0.85,5.41,7.36346e-12
0.85,5.42,1.74796e-13
0.85,5.43,3.33775e-12
0.85,5.44,2.42286e-13
0.85,5.45,2.76248e-17
0.85,5.46,1.12718e-13
0.85,5.47,3.01379e-16
0.85,5.48,3.90712e-14
0.85,5.49,3.07591e-17
0.85,5.5,9.00315e-16
0.85,5.51,1.69839e-14
0.85,5.52,1.03685e-19
0.85,5.53,3.15411e-16
0.85,5.54,4.36421e-14
0.85,5.55,2.90916e-18
0.85,5.56,1.46957e-15
0.85,5.57,2.86722e-18
0.85,5.58,4.35361e-13
0.85,5.59,8.17679e-15
0.85,5.6,1.60078e-11
0.85,5.61,3.08487e-19
0.85,5.62,1.25114e-11
0.85,5.63,3.30818e-13
0.85,5.64,5.66364e-17
0.85,5.65,1.83812e-13
0.85,5.66,7.59669e-12
0.85,5.67,9.1118e-13
0.85,5.68,1.60229e-13
0.85,5.69,4.5129e-14
0.85,5.7,1.31268e-18
0.85,5.71,8.34145e-15
0.85,5.72,1.13143e-18
0.85,5.73,3.80388e-14
0.85,5.74,5.95516e-14
0.85,5.75,1.57775e-17
0.85,5.76,7.83907e-16
0.85,5.77,1.40852e-11
0.85,5.78,3.94489e-15
0.85,5.79,4.93833e-17
0.85,5.8,4.2329e-11
0.85,5.81,5.96023e-16
0.85,5.82,1.2815e-21
0.85,5.83,8.98157e-16
0.85,5.84,3.43681e-12
0.85,5.85,3.00548e-15
0.85,5.86,3.45159e-13
0.85,5.87,2.03231e-21
0.85,5.88,1.52026e-16
0.85,5.89,4.71587e-18
0.85,5.9,3.66379e-16
0.85,5.91,1.90267e-16
0.85,5.92,2.07219e-15
0.85,5.93,2.33049e-15
0.85,5.94,2.07624e-17
0.85,5.95,9.86004e-14
0.85,5.96,1.24725e-17
0.85,5.97,1.02144e-13
0.85,5.98,8.83108e-19
0.85,5.99,7.68929e-16
0.85,6,2.33722e-14
0.85,6.01,1.4841e-15
0.85,6.02,1.89792e-14
0.85,6.03,5.46507e-17
0.85,6.04,2.65962e-23
0.85,6.05,6.74972e-15
0.85,6.06,4.67731e-13
0.85,6.07,1.93694e-12
0.85,6.08,4.69853e-13
0.85,6.09,2.22519e-11
0.85,6.1,1.97595e-14
0.85,6.11,5.93398e-17
0.85,6.12,1.04369e-11
0.85,6.13,2.3456e-11
0.85,6.14,1.12695e-15
0.85,6.15,1.72091e-12
0.85,6.16,4.58634e-14
0.85,6.17,4.70539e-16
0.85,6.18,8.45645e-15
0.85,6.19,2.47102e-11
0.85,6.2,8.16108e-18
0.85,6.21,6.01542e-14
0.85,6.22,1.80538e-12
0.85,6.23,2.21438e-12
0.85,6.24,4.06117e-18
0.85,6.25,2.45094e-12
0.85,6.26,8.12955e-13
0.85,6.27,3.33517e-13
0.85,6.28,2.81987e-18
0.86,0,2.15717e-08
0.86,0.01,8.29428e-10
0.86,0.02,6.1883e-10
0.86,0.03,4.08571e-17
0.86,0.04,6.11479e-15
0.86,0.05,2.70248e-08
0.86,0.06,1.91869e-10
0.86,0.07,7.48708e-13
0.86,0.08,2.16412e-13
0.86,0.09,9.49565e-09
0.86,0.1,3.34895e-11
0.86,0.11,7.48573e-10
0.86,0.12,6.10843e-13
0.86,0.13,2.03809e-11
0.86,0.14,8.52125e-14
0.86,0.15,1.85193e-11
0.86,0.16,1.60268e-11
0.86,0.17,2.22657e-26
0.86,0.18,2.314e-13
0.86,0.19,1.67321e-12
0.86,0.2,2.7246e-17
0.86,0.21,2.25352e-15
0.86,0.22,4.08637e-22
0.86,0.23,1.29589e-10
0.86,0.24,6.06034e-09
0.86,0.25,3.0253e-14
0.86,0.26,4.81391e-09
0.86,0.27,2.47929e-12
0.86,0.28,1.02935e-15
0.86,0.29,2.91866e-09
0.86,0.3,2.94636e-10
0.86,0.31,5.05739e-13
0.86,0.32,1.63357e-08
0.86,0.33,2.13088e-14
0.86,0.34,6.81529e-08
0.86,0.35,5.02661e-09
0.86,0.36,6.01732e-12
0.86,0.37,6.56004e-15
0.86,0.38,5.82679e-10
0.86,0.39,2.71156e-14
0.86,0.4,2.47152e-14
0.86,0.41,3.37475e-13
0.86,0.42,2.83918e-14
0.86,0.43,1.30357e-10
0.86,0.44,2.50515e-18
0.86,0.45,6.74028e-13
0.86,0.46,7.14734e-11
0.86,0.47,1.74096e-13
0.86,0.48,1.95268e-08
0.86,0.49,1.11492e-08
0.86,0.5,7.98962e-09
0.86,0.51,1.06689e-09
0.86,0.52,1.70682e-11
0.86,0.53,2.51888e-13
0.86,0.54,2.10109e-16
0.86,0.55,4.3157e-10
0.86,0.56,7.18818e-11
0.86,0.57,2.87494e-10
0.86,0.58,5.88703e-12
0.86,0.59,5.01122e-12
0.86,0.6,8.63794e-11
0.86,0.61,7.72951e-12
0.86,0.62,1.91755e-21
0.86,0.63,2.69005e-15
0.86,0.64,1.79446e-10
0.86,0.65,1.60878e-14
0.86,0.66,3.72967e-17
0.86,0.67,2.90836e-10
0.86,0.68,1.49798e-10
0.86,0.69,2.77072e-09
0.86,0.7,6.28367e-15
0.86,0.71,1.02354e-16
0.86,0.72,2.77331e-14
0.86,0.73,4.49741e-11
0.86,0.74,8.91006e-10
0.86,0.75,3.97107e-15
0.86,0.76,2.89803e-10
0.86,0.77,1.05573e-08
0.86,0.78,7.50008e-17
0.86,0.79,8.67389e-14
0.86,0.8,4.54054e-08
0.86,0.81,4.49677e-12
0.86,0.82,1.11001e-11
0.86,0.83,5.08092e-09
0.86,0.84,7.31718e-16
0.86,0.85,5.80298e-10
0.86,0.86,9.57631e-17
0.86,0.87,3.77057e-11
0.86,0.88,4.25292e-10
0.86,0.89,1.6241e-08
0.86,0.9,5.01328e-10
0.86,0.91,2.68034e-10
0.86,0.92,4.02831e-12
0.86,0.93,1.30877e-18
0.86,0.94,4.44749e-13
0.86,0.95,4.64597e-11
0.86,0.96,5.3741e-11
0.86,0.97,1.45686e-13
0.86,0.98,7.80361e-10
0.86,0.99,1.0916e-08
0.86,1,5.94091e-10
0.86,1.01,1.47928e-08
0.86,1.02,9.92577e-10
0.86,1.03,1.52855e-12
0.86,1.04,3.6534e-09
0.86,1.05,1.90702e-14
0.86,1.06,8.15496e-10
0.86,1.07,1.69303e-10
0.86,1.08,1.71183e-13
0.86,1.09,7.04126e-11
0.86,1.1,2.99578e-14
0.86,1.11,9.93436e-13
0.86,1.12,6.28525e-19
0.86,1.13,1.99416e-13
0.86,1.14,1.13418e-09
0.86,1.15,9.21314e-16
0.86,1.16,5.83018e-11
0.86,1.17,2.42614e-14
0.86,1.18,3.47284e-10
0.86,1.19,3.30043e-08
0.86,1.2,3.23667e-11
0.86,1.21,3.59364e-10
0.86,1.22,3.59383e-13
0.86,1.23,6.09547e-09
0.86,1.24,1.86895e-08
0.86,1.25,1.31823e-08
0.86,1.26,2.27084e-19
0.86,1.27,5.23697e-20
0.86,1.28,1.48465e-16
0.86,1.29,8.62823e-13
0.86,1.3,4.19716e-08
0.86,1.31,4.76142e-14
0.86,1.32,3.81494e-13
0.86,1.33,1.7945e-15
0.86,1.34,1.28517e-12
0.86,1.35,2.789e-10
0.86,1.36,1.37341e-08
0.86,1.37,2.10151e-15
0.86,1.38,1.75824e-09
0.86,1.39,6.76692e-20
0.86,1.4,1.90527e-13
0.86,1.41,5.22893e-16
0.86,1.42,5.16193e-09
0.86,1.43,9.25131e-12
0.86,1.44,1.44924e-10
0.86,1.45,4.92953e-15
0.86,1.46,6.65546e-21
0.86,1.47,6.85284e-11
0.86,1.48,1.43675e-18
0.86,1.49,8.10314e-09
0.86,1.5,3.64646e-11
0.86,1.51,4.63515e-23
0.86,1.52,6.93862e-12
0.86,1.53,7.23071e-09
0.86,1.54,5.02984e-09
0.86,1.55,1.75712e-08
0.86,1.56,7.08691e-18
0.86,1.57,2.26375e-08
0.86,1.58,4.76665e-10
0.86,1.59,3.33124e-12
0.86,1.6,1.38412e-08
0.86,1.61,8.79093e-15
0.86,1.62,3.0068e-09
0.86,1.63,3.17526e-09
0.86,1.64,1.21951e-15
0.86,1.65,2.93188e-12
0.86,1.66,2.32269e-11
0.86,1.67,8.58776e-19
0.86,1.68,3.5105e-12
0.86,1.69,1.65305e-12
0.86,1.7,3.04866e-19
0.86,1.71,3.57291e-08
0.86,1.72,1.86368e-23
0.86,1.73,1.96151e-09
0.86,1.74,7.06723e-13
0.86,1.75,2.52428e-14
0.86,1.76,3.6528e-12
0.86,1.77,2.07256e-11
0.86,1.78,4.74487e-13
0.86,1.79,1.87327e-10
0.86,1.8,1.31908e-10
0.86,1.81,1.39127e-10
0.86,1.82,9.9401e-16
0.86,1.83,4.29642e-13
0.86,1.84,2.75474e-10
0.86,1.85,5.42317e-17
0.86,1.86,1.8665e-16
0.86,1.87,1.54882e-09
0.86,1.88,4.9158e-12
0.86,1.89,2.46635e-09
0.86,1.9,2.73299e-17
0.86,1.91,2.1732e-14
0.86,1.92,6.67436e-12
0.86,1.93,2.22417e-10
0.86,1.94,4.70542e-09
0.86,1.95,3.09511e-16
0.86,1.96,3.98717e-18
0.86,1.97,2.04636e-09
0.86,1.98,1.68015e-11
0.86,1.99,5.46631e-18
0.86,2,7.34005e-10
0.86,2.01,4.06079e-12
0.86,2.02,6.0754e-09
0.86,2.03,7.62783e-10
0.86,2.04,3.44591e-11
0.86,2.05,2.80996e-10
0.86,2.06,7.66396e-09
0.86,2.07,5.76072e-08
0.86,2.08,7.19985e-10
0.86,2.09,1.96226e-09
0.86,2.1,5.34981e-08
0.86,2.11,2.37769e-10
0.86,2.12,2.25409e-14
0.86,2.13,1.39653e-13
0.86,2.14,3.74113e-12
0.86,2.15,5.21835e-09
0.86,2.16,1.18161e-11
0.86,2.17,3.43763e-19
0.86,2.18,7.79098e-11
0.86,2.19,1.36984e-11
0.86,2.2,5.84124e-12
0.86,2.21,1.26264e-15
0.86,2.22,4.82387e-17
0.86,2.23,8.88061e-08
0.86,2.24,9.05103e-10
0.86,2.25,1.33124e-09
0.86,2.26,3.10267e-12
0.86,2.27,3.54914e-09
0.86,2.28,4.66968e-15
0.86,2.29,5.27458e-11
0.86,2.3,3.85444e-10
0.86,2.31,7.42593e-14
0.86,2.32,1.46597e-08
0.86,2.33,6.8381e-10
0.86,2.34,1.44212e-08
0.86,2.35,2.8904e-12
0.86,2.36,2.31106e-10
0.86,2.37,1.66075e-09
0.86,2.38,7.90289e-09
0.86,2.39,1.79514e-08
0.86,2.4,9.7782e-11
0.86,2.41,4.7032e-18
0.86,2.42,1.2995e-10
0.86,2.43,1.90846e-11
0.86,2.44,5.81846e-11
0.86,2.45,5.19611e-13
0.86,2.46,5.30351e-09
0.86,2.47,6.7579e-15
0.86,2.48,3.44434e-11
0.86,2.49,1.18447e-09
0.86,2.5,1.55579e-10
0.86,2.51,6.48783e-10
0.86,2.52,2.0897e-09
0.86,2.53,1.44778e-09
0.86,2.54,1.48842e-12
0.86,2.55,9.95897e-13
0.86,2.56,4.57637e-08
0.86,2.57,1.08253e-09
0.86,2.58,1.57791e-15
0.86,2.59,2.50518e-15
0.86,2.6,1.89078e-11
0.86,2.61,2.10424e-11
0.86,2.62,8.44104e-13
0.86,2.63,5.88848e-22
0.86,2.64,4.27887e-13
0.86,2.65,5.40607e-08
0.86,2.66,2.72922e-11
0.86,2.67,3.47781e-14
0.86,2.68,2.69387e-09
0.86,2.69,8.33143e-10
0.86,2.7,1.40743e-12
0.86,2.71,4.06058e-10
0.86,2.72,5.06399e-14
0.86,2.73,1.09386e-14
0.86,2.74,3.2747e-14
0.86,2.75,1.93831e-12
0.86,2.76,3.03896e-10
0.86,2.77,1.66794e-22
0.86,2.78,1.35135e-09
0.86,2.79,4.68898e-11
0.86,2.8,6.49959e-10
0.86,2.81,2.61037e-08
0.86,2.82,2.78807e-19
0.86,2.83,1.71875e-09
0.86,2.84,8.45876e-11
0.86,2.85,3.67608e-09
0.86,2.86,7.24913e-13
0.86,2.87,4.84932e-14
0.86,2.88,8.82863e-15
0.86,2.89,1.49589e-10
0.86,2.9,1.08452e-12
0.86,2.91,1.40925e-14
0.86,2.92,1.27263e-13
0.86,2.93,4.95814e-08
0.86,2.94,5.93024e-12
0.86,2.95,6.36381e-14
0.86,2.96,1.73314e-12
0.86,2.97,7.90899e-09
0.86,2.98,6.19898e-08
0.86,2.99,1.25067e-11
0.86,3,2.35821e-12
0.86,3.01,1.88226e-09
0.86,3.02,3.06738e-09
0.86,3.03,3.76508e-11
0.86,3.04,8.55647e-09
0.86,3.05,2.45087e-10
0.86,3.06,7.98253e-16
0.86,3.07,1.16802e-14
0.86,3.08,5.95099e-12
0.86,3.09,9.74037e-12
0.86,3.1,3.6951e-12
0.86,3.11,3.572e-10
0.86,3.12,4.61829e-10
0.86,3.13,7.25184e-09
0.86,3.14,7.2507e-12
0.86,3.15,4.78643e-09
0.86,3.16,1.44996e-09
0.86,3.17,3.25488e-12
0.86,3.18,8.04968e-10
0.86,3.19,1.61455e-19
0.86,3.2,6.41122e-10
0.86,3.21,1.51332e-11
0.86,3.22,5.63492e-08
0.86,3.23,2.16741e-10
0.86,3.24,9.65476e-11
0.86,3.25,4.41764e-09
0.86,3.26,4.57327e-08
0.86,3.27,1.24068e-10
0.86,3.28,2.45822e-10
0.86,3.29,3.50149e-10
0.86,3.3,3.4047e-10
0.86,3.31,3.12255e-16
0.86,3.32,1.04728e-11
0.86,3.33,1.039e-19
0.86,3.34,2.88378e-08
0.86,3.35,3.48366e-08
0.86,3.36,4.50964e-09
0.86,3.37,2.45976e-12
0.86,3.38,2.40319e-13
0.86,3.39,7.32965e-10
0.86,3.4,7.20281e-11
0.86,3.41,8.39293e-15
0.86,3.42,7.44891e-09
0.86,3.43,5.60771e-17
0.86,3.44,9.39268e-13
0.86,3.45,1.07602e-12
0.86,3.46,4.05162e-10
0.86,3.47,7.87006e-17
0.86,3.48,3.90884e-08
0.86,3.49,3.35181e-13
0.86,3.5,2.72669e-12
0.86,3.51,1.14748e-08
0.86,3.52,4.00135e-10
0.86,3.53,3.82095e-14
0.86,3.54,7.15779e-13
0.86,3.55,2.00714e-09
0.86,3.56,3.06879e-13
0.86,3.57,8.5209e-13
0.86,3.58,9.79046e-10
0.86,3.59,8.84579e-10
0.86,3.6,5.43515e-11
0.86,3.61,3.01196e-10
0.86,3.62,1.05336e-08
0.86,3.63,2.83995e-14
0.86,3.64,1.82849e-13
0.86,3.65,1.6693e-13
0.86,3.66,7.2278e-18
0.86,3.67,4.43457e-12
0.86,3.68,1.18023e-13
0.86,3.69,1.54481e-10
0.86,3.7,5.01591e-16
0.86,3.71,2.46512e-09
0.86,3.72,2.69508e-16
0.86,3.73,7.49311e-10
0.86,3.74,2.73991e-08
0.86,3.75,3.684e-11
0.86,3.76,4.29451e-09
0.86,3.77,1.96714e-15
0.86,3.78,2.14585e-11
0.86,3.79,7.75974e-21
0.86,3.8,8.64275e-11
0.86,3.81,1.54832e-08
0.86,3.82,4.16189e-13
0.86,3.83,5.96574e-10
0.86,3.84,9.94095e-09
0.86,3.85,2.36533e-16
0.86,3.86,6.06084e-10
0.86,3.87,5.07253e-11
0.86,3.88,1.7703e-10
0.86,3.89,7.04006e-09
0.86,3.9,9.64985e-11
0.86,3.91,2.31126e-08
0.86,3.92,8.91258e-17
0.86,3.93,1.191e-12
0.86,3.94,2.34046e-08
0.86,3.95,2.43339e-09
0.86,3.96,9.27996e-11
0.86,3.97,1.6499e-10
0.86,3.98,5.5527e-17
0.86,3.99,5.87531e-09
0.86,4,1.07825e-17
0.86,4.01,3.34657e-12
0.86,4.02,4.67728e-09
0.86,4.03,4.96053e-15
0.86,4.04,2.51648e-09
0.86,4.05,9.32687e-12
0.86,4.06,1.11832e-09
0.86,4.07,9.81392e-11
0.86,4.08,2.3945e-11
0.86,4.09,1.5041e-08
0.86,4.1,2.13031e-12
0.86,4.11,5.23761e-09
0.86,4.12,7.74868e-08
0.86,4.13,1.14219e-10
0.86,4.14,1.27389e-12
0.86,4.15,5.89809e-16
0.86,4.16,1.53617e-09
0.86,4.17,4.12409e-19
0.86,4.18,3.50164e-11
0.86,4.19,3.93167e-08
0.86,4.2,3.19193e-10
0.86,4.21,9.21754e-11
0.86,4.22,1.40378e-09
0.86,4.23,3.85711e-11
0.86,4.24,1.53304e-09
0.86,4.25,8.47381e-10
0.86,4.26,4.88327e-11
0.86,4.27,4.60863e-20
0.86,4.28,1.23598e-08
0.86,4.29,1.0428e-09
0.86,4.3,4.17497e-10
0.86,4.31,4.56629e-14
0.86,4.32,9.12819e-13
0.86,4.33,7.03562e-13
0.86,4.34,6.39822e-09
0.86,4.35,6.34361e-12
0.86,4.36,1.68308e-10
0.86,4.37,2.74131e-20
0.86,4.38,8.97464e-19
0.86,4.39,1.9893e-17
0.86,4.4,4.15926e-08
0.86,4.41,1.05923e-08
0.86,4.42,7.98363e-12
0.86,4.43,5.49743e-09
0.86,4.44,3.94739e-14
0.86,4.45,3.45461e-09
0.86,4.46,2.79759e-11
0.86,4.47,1.0112e-09
0.86,4.48,2.76535e-17
0.86,4.49,1.26829e-08
0.86,4.5,4.6757e-12
0.86,4.51,1.48373e-11
0.86,4.52,7.9451e-14
0.86,4.53,1.80891e-08
0.86,4.54,1.71301e-08
0.86,4.55,6.55017e-08
0.86,4.56,4.08705e-08
0.86,4.57,6.24933e-13
0.86,4.58,1.16774e-11
0.86,4.59,2.98623e-11
0.86,4.6,4.73739e-15
0.86,4.61,6.19999e-13
0.86,4.62,5.18788e-08
0.86,4.63,6.7719e-09
0.86,4.64,2.01174e-10
0.86,4.65,4.85268e-12
0.86,4.66,3.49862e-11
0.86,4.67,1.12919e-11
0.86,4.68,1.48214e-13
0.86,4.69,5.79168e-08
0.86,4.7,2.36014e-11
0.86,4.71,1.82328e-09
0.86,4.72,2.14388e-11
0.86,4.73,1.01405e-11
0.86,4.74,3.5191e-12
0.86,4.75,4.95666e-09
0.86,4.76,3.52687e-12
0.86,4.77,1.60312e-10
0.86,4.78,6.48333e-10
0.86,4.79,2.14883e-14
0.86,4.8,9.2192e-17
0.86,4.81,3.28997e-09
0.86,4.82,1.5825e-10
0.86,4.83,4.4027e-10
0.86,4.84,1.20686e-11
0.86,4.85,9.855e-15
0.86,4.86,6.53907e-14
0.86,4.87,4.67732e-16
0.86,4.88,1.23995e-08
0.86,4.89,3.56549e-10
0.86,4.9,7.03599e-08
0.86,4.91,9.07072e-15
0.86,4.92,3.79496e-15
0.86,4.93,3.06965e-08
0.86,4.94,8.70429e-12
0.86,4.95,4.47508e-12
0.86,4.96,1.87095e-12
0.86,4.97,1.39079e-17
0.86,4.98,4.87889e-08
0.86,4.99,1.59785e-14
0.86,5,4.59874e-10
0.86,5.01,1.01554e-10
0.86,5.02,1.68116e-10
0.86,5.03,2.10768e-17
0.86,5.04,8.41843e-15
0.86,5.05,8.11671e-10
0.86,5.06,4.54032e-10
0.86,5.07,5.25871e-09
0.86,5.08,5.26559e-13
0.86,5.09,9.6634e-09
0.86,5.1,6.48676e-13
0.86,5.11,2.13236e-10
0.86,5.12,7.67149e-14
0.86,5.13,9.1761e-09
0.86,5.14,1.14268e-14
0.86,5.15,5.96368e-10
0.86,5.16,1.62501e-19
0.86,5.17,2.12229e-08
0.86,5.18,5.6922e-12
0.86,5.19,1.77413e-09
0.86,5.2,5.48038e-11
0.86,5.21,5.74313e-09
0.86,5.22,1.83545e-16
0.86,5.23,2.55622e-08
0.86,5.24,1.86875e-08
0.86,5.25,2.91116e-11
0.86,5.26,6.39914e-10
0.86,5.27,1.13072e-09
0.86,5.28,2.46681e-16
0.86,5.29,1.4804e-09
0.86,5.3,1.36086e-08
0.86,5.31,1.04483e-16
0.86,5.32,4.20076e-09
0.86,5.33,4.95005e-12
0.86,5.34,1.27259e-17
0.86,5.35,5.53885e-14
0.86,5.36,3.09985e-12
0.86,5.37,3.49171e-10
0.86,5.38,6.77714e-15
0.86,5.39,4.64066e-11
0.86,5.4,1.28952e-09
0.86,5.41,2.95198e-11
0.86,5.42,2.43628e-08
0.86,5.43,6.411e-10
0.86,5.44,2.09585e-17
0.86,5.45,2.43172e-12
0.86,5.46,1.34003e-13
0.86,5.47,5.3346e-08
0.86,5.48,5.27151e-09
0.86,5.49,5.01039e-08
0.86,5.5,1.76001e-12
0.86,5.51,2.77129e-09
0.86,5.52,5.83342e-18
0.86,5.53,3.08849e-13
0.86,5.54,3.69304e-10
0.86,5.55,1.45191e-12
0.86,5.56,1.34099e-12
0.86,5.57,4.95527e-10
0.86,5.58,6.05018e-10
0.86,5.59,4.79416e-13
0.86,5.6,1.83264e-14
0.86,5.61,2.62968e-09
0.86,5.62,6.80344e-17
0.86,5.63,1.39012e-13
0.86,5.64,9.75126e-13
0.86,5.65,6.62262e-16
0.86,5.66,9.67312e-12
0.86,5.67,7.45903e-14
0.86,5.68,4.90933e-10
0.86,5.69,4.87297e-09
0.86,5.7,6.40117e-09
0.86,5.71,1.07022e-08
0.86,5.72,2.81589e-11
0.86,5.73,2.44171e-11
0.86,5.74,1.77806e-09
0.86,5.75,2.31026e-11
0.86,5.76,1.67163e-09
0.86,5.77,3.74894e-13
0.86,5.78,1.58419e-13
0.86,5.79,6.02072e-11
0.86,5.8,8.46849e-12
0.86,5.81,1.08211e-09
0.86,5.82,4.91564e-10
0.86,5.83,1.55113e-08
0.86,5.84,2.13441e-09
0.86,5.85,7.29058e-21
0.86,5.86,4.1909e-12
0.86,5.87,1.19194e-11
0.86,5.88,5.32903e-19
0.86,5.89,2.00359e-10
0.86,5.9,9.23744e-13
0.86,5.91,7.55083e-10
0.86,5.92,5.3908e-09
0.86,5.93,3.28131e-14
0.86,5.94,6.74146e-11
0.86,5.95,7.78992e-09
0.86,5.96,1.3171e-14
0.86,5.97,1.00798e-17
0.86,5.98,1.64748e-11
0.86,5.99,2.76172e-08
0.86,6,7.22177e-10
0.86,6.01,2.25376e-20
0.86,6.02,3.14717e-22
0.86,6.03,1.78689e-12
0.86,6.04,1.58246e-10
0.86,6.05,2.64502e-09
0.86,6.06,2.89275e-12
0.86,6.07,2.84104e-11
0.86,6.08,1.51555e-10
0.86,6.09,8.61341e-10
0.86,6.1,2.47156e-17
0.86,6.11,1.06036e-08
0.86,6.12,5.22151e-14
0.86,6.13,1.40305e-14
0.86,6.14,2.76096e-20
0.86,6.15,4.98397e-09
0.86,6.16,3.86204e-11
0.86,6.17,3.87506e-12
0.86,6.18,1.61141e-09
0.86,6.19,7.62561e-09
0.86,6.2,6.19803e-11
0.86,6.21,8.85621e-09
0.86,6.22,4.51234e-14
0.86,6.23,2.49958e-09
0.86,6.24,2.08659e-08
0.86,6.25,1.7962e-09
0.86,6.26,7.05851e-09
0.86,6.27,2.17951e-11
0.86,6.28,8.25886e-15
0.87,0,5.24182e-09
0.87,0.01,1.61405e-07
0.87,0.02,1.25185e-07
0.87,0.03,1.22184e-06
0.87,0.04,1.28511e-10
0.87,0.05,4.60897e-07
0.87,0.06,5.21266e-06
0.87,0.07,5.00916e-07
0.87,0.08,8.27871e-14
0.87,0.09,5.64123e-07
0.87,0.1,2.47217e-11
0.87,0.11,3.1882e-08
0.87,0.12,6.45147e-11
0.87,0.13,2.6507e-09
0.87,0.14,2.21288e-08
0.87,0.15,7.30507e-06
0.87,0.16,1.64004e-14
0.87,0.17,3.40248e-14
0.87,0.18,1.61856e-08
0.87,0.19,1.71217e-06
0.87,0.2,5.40798e-09
0.87,0.21,9.0457e-08
0.87,0.22,1.35067e-07
0.87,0.23,1.74734e-07
0.87,0.24,1.231e-07
0.87,0.25,9.43684e-10
0.87,0.26,4.139e-06
0.87,0.27,6.71305e-08
0.87,0.28,7.5101e-09
0.87,0.29,1.48183e-20
0.87,0.3,4.89369e-06
0.87,0.31,9.43225e-07
0.87,0.32,1.61571e-12
0.87,0.33,8.16629e-09
0.87,0.34,1.43308e-08
0.87,0.35,2.657e-07
0.87,0.36,3.19542e-11
0.87,0.37,5.89889e-08
0.87,0.38,1.55374e-05
0.87,0.39,6.53892e-08
0.87,0.4,2.59076e-08
0.87,0.41,9.7107e-09
0.87,0.42,1.07239e-05
0.87,0.43,1.07321e-08
0.87,0.44,2.07485e-06
0.87,0.45,1.88579e-06
0.87,0.46,3.93696e-09
0.87,0.47,4.99702e-06
0.87,0.48,6.50781e-09
0.87,0.49,1.44053e-05
0.87,0.5,1.65734e-11
0.87,0.51,2.24596e-10
0.87,0.52,1.72427e-07
0.87,0.53,1.58146e-13
0.87,0.54,1.03899e-08
0.87,0.55,6.10631e-11
0.87,0.56,7.80859e-09
0.87,0.57,7.54227e-06
0.87,0.58,4.66011e-14
0.87,0.59,7.01845e-14
0.87,0.6,4.46553e-07
0.87,0.61,2.80263e-09
0.87,0.62,1.6522e-06
0.87,0.63,5.73114e-06
0.87,0.64,8.95924e-10
0.87,0.65,6.09796e-10
0.87,0.66,5.59262e-12
0.87,0.67,1.15014e-07
0.87,0.68,6.16803e-07
0.87,0.69,7.11653e-07
0.87,0.7,1.54081e-07
0.87,0.71,1.94806e-07
0.87,0.72,1.13576e-06
0.87,0.73,5.62642e-07
0.87,0.74,6.54447e-09
0.87,0.75,2.07449e-14
0.87,0.76,1.97924e-07
0.87,0.77,9.49071e-12
0.87,0.78,2.5484e-07
0.87,0.79,1.52416e-09
0.87,0.8,6.30505e-15
0.87,0.81,2.18637e-06
0.87,0.82,1.38873e-08
0.87,0.83,3.40612e-07
0.87,0.84,1.14779e-05
0.87,0.85,1.21008e-11
0.87,0.86,2.07336e-06
0.87,0.87,7.39876e-08
0.87,0.88,1.35207e-05
0.87,0.89,1.08233e-08
0.87,0.9,5.66211e-08
0.87,0.91,7.508e-08
0.87,0.92,7.95136e-11
0.87,0.93,2.77451e-09
0.87,0.94,3.34746e-10
0.87,0.95,2.83492e-06
0.87,0.96,1.20043e-10
0.87,0.97,9.11493e-06
0.87,0.98,2.52137e-11
0.87,0.99,1.24664e-07
0.87,1,1.85835e-10
0.87,1.01,2.0827e-08
0.87,1.02,8.48369e-08
0.87,1.03,3.52138e-08
0.87,1.04,2.28121e-10
0.87,1.05,3.71908e-12
0.87,1.06,6.99721e-06
0.87,1.07,1.1197e-08
0.87,1.08,2.22721e-07
0.87,1.09,2.26077e-10
0.87,1.1,3.51413e-08
0.87,1.11,1.80441e-11
0.87,1.12,2.3526e-07
0.87,1.13,1.94653e-08
0.87,1.14,7.63489e-07
0.87,1.15,3.89162e-07
0.87,1.16,1.43955e-09
0.87,1.17,1.59801e-06
0.87,1.18,4.23824e-09
0.87,1.19,1.30437e-12
0.87,1.2,1.81612e-06
0.87,1.21,1.51528e-08
0.87,1.22,1.52489e-07
0.87,1.23,8.45322e-07
0.87,1.24,9.10112e-09
0.87,1.25,5.30356e-10
0.87,1.26,7.98023e-13
0.87,1.27,5.16406e-07
0.87,1.28,4.43655e-06
0.87,1.29,1.13739e-06
0.87,1.3,1.02802e-06
0.87,1.31,3.94725e-10
0.87,1.32,4.9425e-09
0.87,1.33,1.99025e-11
0.87,1.34,5.3011e-06
0.87,1.35,2.00133e-07
0.87,1.36,9.32179e-06
0.87,1.37,7.00525e-12
0.87,1.38,1.11254e-08
0.87,1.39,5.84613e-11
0.87,1.4,4.30802e-07
0.87,1.41,4.89079e-08
0.87,1.42,4.37014e-09
0.87,1.43,8.00546e-13
0.87,1.44,4.01089e-16
0.87,1.45,1.82898e-08
0.87,1.46,1.51015e-09
0.87,1.47,6.46352e-10
0.87,1.48,7.62935e-08
0.87,1.49,5.3606e-09
0.87,1.5,4.39676e-14
0.87,1.51,1.81176e-11
0.87,1.52,1.41792e-08
0.87,1.53,6.6213e-24
0.87,1.54,7.02483e-08
0.87,1.55,5.4301e-06
0.87,1.56,3.03084e-14
0.87,1.57,6.22438e-10
0.87,1.58,1.24598e-09
0.87,1.59,3.6407e-13
0.87,1.6,1.37664e-06
0.87,1.61,2.84001e-14
0.87,1.62,2.51973e-08
0.87,1.63,3.8993e-09
0.87,1.64,2.96809e-07
0.87,1.65,2.14945e-08
0.87,1.66,1.29202e-07
0.87,1.67,6.86308e-10
0.87,1.68,1.62269e-13
0.87,1.69,4.35118e-06
0.87,1.7,4.63172e-09
0.87,1.71,5.05959e-09
0.87,1.72,3.69822e-19
0.87,1.73,2.34914e-07
0.87,1.74,4.42045e-08
0.87,1.75,9.91564e-08
0.87,1.76,2.52522e-06
0.87,1.77,1.48951e-12
0.87,1.78,5.9485e-09
0.87,1.79,6.93344e-06
0.87,1.8,2.74961e-07
0.87,1.81,4.71931e-06
0.87,1.82,5.80257e-07
0.87,1.83,1.11114e-07
0.87,1.84,6.57478e-06
0.87,1.85,3.45961e-10
0.87,1.86,1.98967e-09
0.87,1.87,1.93792e-07
0.87,1.88,2.1812e-06
0.87,1.89,5.22739e-10
0.87,1.9,3.62241e-09
0.87,1.91,1.47814e-05
0.87,1.92,8.51364e-10
0.87,1.93,4.77373e-07
0.87,1.94,6.73218e-09
0.87,1.95,5.07075e-07
0.87,1.96,7.40445e-08
0.87,1.97,2.60476e-08
0.87,1.98,1.18234e-08
0.87,1.99,1.60718e-08
0.87,2,1.61146e-13
0.87,2.01,1.15189e-07
0.87,2.02,2.05085e-06
0.87,2.03,2.24708e-09
0.87,2.04,4.85326e-11
0.87,2.05,5.54976e-06
0.87,2.06,1.13328e-07
0.87,2.07,1.65026e-07
0.87,2.08,6.44878e-07
0.87,2.09,1.46627e-07
0.87,2.1,3.05559e-07
0.87,2.11,1.0648e-12
0.87,2.12,8.18705e-06
0.87,2.13,3.02427e-08
0.87,2.14,1.32432e-15
0.87,2.15,8.59617e-10
0.87,2.16,2.71086e-12
0.87,2.17,6.41806e-08
0.87,2.18,1.61394e-07
0.87,2.19,3.19037e-07
0.87,2.2,2.95736e-09
0.87,2.21,5.6781e-12
0.87,2.22,2.82029e-06
0.87,2.23,8.76536e-20
0.87,2.24,7.14713e-11
0.87,2.25,2.7071e-14
0.87,2.26,8.06446e-07
0.87,2.27,1.46494e-08
0.87,2.28,8.93743e-11
0.87,2.29,1.2436e-08
0.87,2.3,1.4958e-06
0.87,2.31,2.78241e-08
0.87,2.32,9.77553e-07
0.87,2.33,3.45691e-06
0.87,2.34,9.88968e-07
0.87,2.35,5.21182e-21
0.87,2.36,2.56657e-09
0.87,2.37,3.7189e-09
0.87,2.38,8.15441e-10
0.87,2.39,5.68046e-07
0.87,2.4,2.38684e-11
0.87,2.41,6.63958e-13
0.87,2.42,5.78381e-09
0.87,2.43,3.30984e-08
0.87,2.44,3.33085e-08
0.87,2.45,6.24247e-07
0.87,2.46,3.04894e-07
0.87,2.47,2.31314e-08
0.87,2.48,2.48809e-12
0.87,2.49,2.9614e-12
0.87,2.5,1.71228e-14
0.87,2.51,2.35849e-05
0.87,2.52,1.60257e-06
0.87,2.53,2.61179e-08
0.87,2.54,1.30221e-14
0.87,2.55,2.3476e-06
0.87,2.56,2.28173e-12
0.87,2.57,2.248e-06
0.87,2.58,4.87166e-13
0.87,2.59,1.78519e-08
0.87,2.6,5.5876e-12
0.87,2.61,8.10346e-08
0.87,2.62,1.07263e-10
0.87,2.63,9.26535e-09
0.87,2.64,2.08932e-13
0.87,2.65,3.77581e-06
0.87,2.66,2.16163e-09
0.87,2.67,1.94868e-11
0.87,2.68,6.16793e-08
0.87,2.69,4.56338e-06
0.87,2.7,7.93236e-15
0.87,2.71,1.01677e-09
0.87,2.72,8.53093e-07
0.87,2.73,1.21753e-08
0.87,2.74,4.60524e-06
0.87,2.75,6.67442e-11
0.87,2.76,1.95609e-08
0.87,2.77,3.28773e-06
0.87,2.78,1.81821e-06
0.87,2.79,7.37527e-13
0.87,2.8,5.13071e-10
0.87,2.81,6.56312e-13
0.87,2.82,1.58178e-07
0.87,2.83,1.18428e-07
0.87,2.84,3.19489e-10
0.87,2.85,1.34584e-07
0.87,2.86,3.37436e-09
0.87,2.87,5.90976e-06
0.87,2.88,3.68668e-07
0.87,2.89,6.07759e-07
0.87,2.9,2.66655e-07
0.87,2.91,1.17644e-07
0.87,2.92,1.69358e-10
0.87,2.93,1.6069e-11
0.87,2.94,6.3481e-08
0.87,2.95,1.19079e-06
0.87,2.96,1.33269e-07
0.87,2.97,3.60564e-07
0.87,2.98,1.00021e-05
0.87,2.99,6.9255e-08
0.87,3,3.99725e-08
0.87,3.01,1.0529e-13
0.87,3.02,3.08837e-06
0.87,3.03,1.68819e-10
0.87,3.04,3.18187e-06
0.87,3.05,8.87046e-07
0.87,3.06,2.02592e-06
0.87,3.07,4.34778e-07
0.87,3.08,7.04731e-06
0.87,3.09,1.45148e-09
0.87,3.1,7.56273e-09
0.87,3.11,5.66344e-09
0.87,3.12,8.37507e-07
0.87,3.13,2.45764e-07
0.87,3.14,7.30148e-08
0.87,3.15,7.88788e-06
0.87,3.16,6.84743e-17
0.87,3.17,4.60904e-09
0.87,3.18,1.15676e-12
0.87,3.19,6.57454e-13
0.87,3.2,1.37503e-09
0.87,3.21,1.38331e-10
0.87,3.22,1.15916e-06
0.87,3.23,4.41758e-09
0.87,3.24,2.61385e-07
0.87,3.25,8.24168e-07
0.87,3.26,2.50752e-10
0.87,3.27,2.29077e-08
0.87,3.28,3.5199e-06
0.87,3.29,2.2143e-09
0.87,3.3,1.92419e-08
0.87,3.31,6.56234e-07
0.87,3.32,4.87207e-08
0.87,3.33,1.158e-07
0.87,3.34,1.40751e-08
0.87,3.35,2.72081e-10
0.87,3.36,3.57773e-09
0.87,3.37,2.33747e-14
0.87,3.38,5.70473e-07
0.87,3.39,6.33013e-10
0.87,3.4,2.16937e-08
0.87,3.41,3.49884e-08
0.87,3.42,1.08631e-06
0.87,3.43,1.45876e-06
0.87,3.44,1.93235e-10
0.87,3.45,7.39804e-13
0.87,3.46,7.68235e-08
0.87,3.47,3.83641e-09
0.87,3.48,3.90942e-09
0.87,3.49,1.55237e-15
0.87,3.5,1.52884e-08
0.87,3.51,2.17959e-08
0.87,3.52,2.31155e-17
0.87,3.53,1.9024e-08
0.87,3.54,3.0916e-08
0.87,3.55,1.6516e-07
0.87,3.56,1.94789e-08
0.87,3.57,2.36852e-19
0.87,3.58,1.92606e-08
0.87,3.59,1.68633e-14
0.87,3.6,3.75139e-17
0.87,3.61,5.37158e-07
0.87,3.62,4.24619e-06
0.87,3.63,6.55441e-07
0.87,3.64,1.42949e-10
0.87,3.65,1.30169e-09
0.87,3.66,5.76787e-07
0.87,3.67,1.27215e-06
0.87,3.68,1.67838e-06
0.87,3.69,6.50673e-10
0.87,3.7,1.61513e-07
0.87,3.71,8.07426e-16
0.87,3.72,1.07813e-06
0.87,3.73,3.63611e-08
0.87,3.74,6.8478e-08
0.87,3.75,1.17849e-06
0.87,3.76,1.1453e-07
0.87,3.77,1.37846e-07
0.87,3.78,6.91435e-10
0.87,3.79,3.2934e-11
0.87,3.8,3.56667e-13
0.87,3.81,1.22096e-06
0.87,3.82,4.79534e-09
0.87,3.83,1.92357e-06
0.87,3.84,9.25769e-12
0.87,3.85,9.86365e-11
0.87,3.86,1.38451e-11
0.87,3.87,3.27265e-06
0.87,3.88,6.98399e-09
0.87,3.89,1.76805e-06
0.87,3.9,1.23505e-08
0.87,3.91,1.49708e-07
0.87,3.92,2.10395e-06
0.87,3.93,8.46756e-09
0.87,3.94,3.68057e-09
0.87,3.95,3.77435e-12
0.87,3.96,3.75921e-22
0.87,3.97,1.77889e-06
0.87,3.98,3.23122e-06
0.87,3.99,7.80881e-07
0.87,4,5.31078e-10
0.87,4.01,6.25875e-09
0.87,4.02,4.65515e-10
0.87,4.03,7.76089e-09
0.87,4.04,7.59915e-06
0.87,4.05,9.17456e-10
0.87,4.06,8.35519e-13
0.87,4.07,1.2032e-11
0.87,4.08,1.07049e-07
0.87,4.09,4.40522e-07
0.87,4.1,8.07182e-09
0.87,4.11,2.44136e-11
0.87,4.12,7.48426e-07
0.87,4.13,1.36895e-06
0.87,4.14,3.39225e-11
0.87,4.15,6.08954e-07
0.87,4.16,5.29588e-10
0.87,4.17,1.13425e-05
0.87,4.18,5.87673e-08
0.87,4.19,2.89428e-15
0.87,4.2,1.55243e-15
0.87,4.21,7.26591e-12
0.87,4.22,4.14569e-07
0.87,4.23,6.10858e-07
0.87,4.24,9.25912e-08
0.87,4.25,1.15973e-09
0.87,4.26,6.94739e-11
0.87,4.27,7.12701e-08
0.87,4.28,3.92846e-10
0.87,4.29,8.2759e-09
0.87,4.3,4.21309e-07
0.87,4.31,1.53235e-08
0.87,4.32,4.64426e-08
0.87,4.33,5.40909e-12
0.87,4.34,1.54142e-10
0.87,4.35,3.23528e-06
0.87,4.36,6.71262e-08
0.87,4.37,1.16273e-05
0.87,4.38,6.81826e-12
0.87,4.39,6.57523e-11
0.87,4.4,3.27339e-07
0.87,4.41,1.94078e-10
0.87,4.42,1.08422e-10
0.87,4.43,1.34251e-06
0.87,4.44,2.73585e-06
0.87,4.45,2.213e-07
0.87,4.46,6.00176e-07
0.87,4.47,3.05609e-10
0.87,4.48,1.27315e-10
0.87,4.49,7.87139e-08
0.87,4.5,3.40524e-08
0.87,4.51,1.86517e-13
0.87,4.52,7.61119e-06
0.87,4.53,8.23628e-07
0.87,4.54,1.2973e-15
0.87,4.55,3.09389e-06
0.87,4.56,1.3545e-09
0.87,4.57,4.66515e-08
0.87,4.58,1.75588e-11
0.87,4.59,2.09372e-10
0.87,4.6,1.47621e-06
0.87,4.61,1.96732e-06
0.87,4.62,1.48824e-06
0.87,4.63,2.6136e-08
0.87,4.64,1.14656e-15
0.87,4.65,2.36626e-12
0.87,4.66,3.46124e-10
0.87,4.67,1.04179e-08
0.87,4.68,4.63297e-09
0.87,4.69,3.02052e-11
0.87,4.7,1.10031e-09
0.87,4.71,1.95906e-09
0.87,4.72,8.37116e-10
0.87,4.73,2.53918e-09
0.87,4.74,4.61157e-12
0.87,4.75,2.40956e-08
0.87,4.76,9.96426e-07
0.87,4.77,2.48835e-09
0.87,4.78,1.39354e-13
0.87,4.79,3.31189e-06
0.87,4.8,1.95506e-08
0.87,4.81,5.97224e-09
0.87,4.82,7.2345e-06
0.87,4.83,4.15931e-14
0.87,4.84,2.42909e-08
0.87,4.85,7.56504e-07
0.87,4.86,1.04212e-07
0.87,4.87,1.028e-05
0.87,4.88,1.89922e-23
0.87,4.89,1.68696e-06
0.87,4.9,2.01411e-09
0.87,4.91,4.86279e-11
0.87,4.92,3.76842e-11
0.87,4.93,2.02886e-07
0.87,4.94,1.66837e-06
0.87,4.95,9.50332e-10
0.87,4.96,2.39231e-11
0.87,4.97,6.18852e-07
0.87,4.98,8.78253e-12
0.87,4.99,5.86885e-08
0.87,5,9.32121e-09
0.87,5.01,1.41147e-07
0.87,5.02,1.2679e-10
0.87,5.03,6.51125e-10
0.87,5.04,3.55731e-06
0.87,5.05,5.053e-10
0.87,5.06,6.47465e-10
0.87,5.07,1.96189e-05
0.87,5.08,1.07101e-10
0.87,5.09,6.26518e-08
0.87,5.1,2.8139e-06
0.87,5.11,4.88383e-07
0.87,5.12,2.30636e-08
0.87,5.13,7.79086e-07
0.87,5.14,1.69055e-10
0.87,5.15,9.11266e-06
0.87,5.16,3.88831e-15
0.87,5.17,9.30482e-08
0.87,5.18,1.26352e-05
0.87,5.19,1.17193e-08
0.87,5.2,6.35625e-06
0.87,5.21,4.1651e-09
0.87,5.22,1.18297e-05
0.87,5.23,1.12988e-07
0.87,5.24,1.6464e-07
0.87,5.25,3.66112e-08
0.87,5.26,2.29744e-06
0.87,5.27,4.25868e-07
0.87,5.28,1.60652e-07
0.87,5.29,3.07658e-13
0.87,5.3,1.3222e-05
0.87,5.31,1.95457e-07
0.87,5.32,6.84921e-06
0.87,5.33,1.61556e-08
0.87,5.34,1.71149e-06
0.87,5.35,5.44407e-08
0.87,5.36,1.90927e-06
0.87,5.37,1.09333e-12
0.87,5.38,4.80114e-06
0.87,5.39,6.56799e-09
0.87,5.4,2.57343e-07
0.87,5.41,1.19584e-08
0.87,5.42,1.02291e-06
0.87,5.43,1.86549e-10
0.87,5.44,1.19037e-08
0.87,5.45,2.29409e-10
0.87,5.46,2.61961e-06
0.87,5.47,8.12824e-09
0.87,5.48,3.90628e-06
0.87,5.49,2.54241e-08
0.87,5.5,1.79993e-08
0.87,5.51,1.48371e-07
0.87,5.52,4.53064e-15
0.87,5.53,2.45706e-09
0.87,5.54,7.84556e-06
0.87,5.55,7.51679e-10
0.87,5.56,1.93718e-07
0.87,5.57,8.86598e-10
0.87,5.58,9.02521e-08
0.87,5.59,1.73544e-05
0.87,5.6,7.31124e-07
0.87,5.61,6.88987e-08
0.87,5.62,9.36959e-06
0.87,5.63,1.05284e-05
0.87,5.64,5.67601e-14
0.87,5.65,1.13229e-06
0.87,5.66,2.09769e-08
0.87,5.67,1.03311e-06
0.87,5.68,2.07176e-06
0.87,5.69,3.39314e-06
0.87,5.7,2.98659e-08
0.87,5.71,4.40999e-07
0.87,5.72,2.05706e-10
0.87,5.73,9.08106e-11
0.87,5.74,1.21796e-06
0.87,5.75,1.5075e-08
0.87,5.76,1.30208e-14
0.87,5.77,1.09013e-06
0.87,5.78,1.95615e-09
0.87,5.79,7.00714e-08
0.87,5.8,2.12739e-07
0.87,5.81,1.53471e-08
0.87,5.82,3.51249e-07
0.87,5.83,1.23577e-06
0.87,5.84,1.03282e-06
0.87,5.85,1.6692e-18
0.87,5.86,1.31602e-10
0.87,5.87,3.81552e-10
0.87,5.88,5.71223e-08
0.87,5.89,3.83583e-06
0.87,5.9,3.45691e-09
0.87,5.91,3.14926e-12
0.87,5.92,7.25492e-07
0.87,5.93,3.38076e-07
0.87,5.94,8.55276e-07
0.87,5.95,8.07199e-08
0.87,5.96,3.29534e-06
0.87,5.97,3.04196e-07
0.87,5.98,7.38692e-10
0.87,5.99,1.26021e-09
0.87,6,5.16734e-08
0.87,6.01,1.83825e-08
0.87,6.02,9.82533e-09
0.87,6.03,5.51401e-06
0.87,6.04,3.59689e-11
0.87,6.05,1.3405e-06
0.87,6.06,4.8298e-06
0.87,6.07,1.44884e-09
0.87,6.08,2.26098e-12
0.87,6.09,2.71635e-07
0.87,6.1,8.0455e-09
0.87,6.11,2.04958e-09
0.87,6.12,1.81083e-06
0.87,6.13,1.56826e-10
0.87,6.14,7.00922e-13
0.87,6.15,4.30676e-09
0.87,6.16,1.25386e-13
0.87,6.17,1.47241e-08
0.87,6.18,2.60805e-10
0.87,6.19,6.18751e-11
0.87,6.2,2.55877e-07
0.87,6.21,6.03435e-07
0.87,6.22,9.62154e-10
0.87,6.23,2.3008e-12
0.87,6.24,4.06063e-06
0.87,6.25,4.54899e-07
0.87,6.26,2.86731e-09
0.87,6.27,3.60292e-07
0.87,6.28,8.51668e-06
0.88,0,0.000198642
0.88,0.01,0.000107742
0.88,0.02,2.97468e-05
0.88,0.03,8.19724e-13
0.88,0.04,6.73103e-05
0.88,0.05,7.0947e-06
0.88,0.06,0.000141471
0.88,0.07,0.000155526
0.88,0.08,5.88632e-06
0.88,0.09,5.33266e-05
0.88,0.1,1.1513e-13
0.88,0.11,4.09227e-06
0.88,0.12,5.23459e-09
0.88,0.13,1.10637e-08
0.88,0.14,1.17534e-05
0.88,0.15,1.27376e-06
0.88,0.16,7.09702e-07
0.88,0.17,0.000193724
0.88,0.18,1.73279e-09
0.88,0.19,4.69817e-06
0.88,0.2,1.28779e-05
0.88,0.21,2.36145e-06
0.88,0.22,1.91914e-07
0.88,0.23,3.50147e-05
0.88,0.24,0.000361689
0.88,0.25,3.70809e-08
0.88,0.26,1.04988e-09
0.88,0.27,5.44658e-05
0.88,0.28,0.000162426
0.88,0.29,1.60794e-05
0.88,0.3,8.82039e-07
0.88,0.31,9.53004e-11
0.88,0.32,1.31738e-09
0.88,0.33,3.33288e-05
0.88,0.34,1.24271e-06
0.88,0.35,5.75219e-07
0.88,0.36,2.46384e-06
0.88,0.37,0.000214493
0.88,0.38,3.50721e-08
0.88,0.39,6.62562e-05
0.88,0.4,0.000191327
0.88,0.41,0.000301752
0.88,0.42,0.000104934
0.88,0.43,2.08518e-07
0.88,0.44,4.46828e-06
0.88,0.45,6.0507e-05
0.88,0.46,0.000372788
0.88,0.47,1.17417e-07
0.88,0.48,2.12598e-09
0.88,0.49,6.3061e-08
0.88,0.5,1.76019e-05
0.88,0.51,4.49552e-06
0.88,0.52,3.21167e-09
0.88,0.53,8.68203e-05
0.88,0.54,1.0292e-07
0.88,0.55,3.72804e-08
0.88,0.56,3.57303e-09
0.88,0.57,2.53138e-05
0.88,0.58,0.00015121
0.88,0.59,1.14464e-08
0.88,0.6,6.40388e-06
0.88,0.61,0.00028839
0.88,0.62,6.43157e-08
0.88,0.63,6.33795e-07
0.88,0.64,0.000187977
0.88,0.65,8.29916e-06
0.88,0.66,2.0206e-05
0.88,0.67,1.2513e-07
0.88,0.68,1.78516e-06
0.88,0.69,3.16114e-06
0.88,0.7,3.30814e-06
0.88,0.71,6.90119e-11
0.88,0.72,2.15118e-06
0.88,0.73,9.09627e-05
0.88,0.74,2.20126e-06
0.88,0.75,1.62632e-05
0.88,0.76,0.000118043
0.88,0.77,5.66202e-05
0.88,0.78,2.34189e-09
0.88,0.79,1.03972e-05
0.88,0.8,0.000104776
0.88,0.81,7.36111e-08
0.88,0.82,1.02093e-08
0.88,0.83,1.25531e-08
0.88,0.84,7.70326e-07
0.88,0.85,2.07521e-06
0.88,0.86,3.13818e-09
0.88,0.87,9.41861e-05
0.88,0.88,7.31013e-05
0.88,0.89,0.000117748
0.88,0.9,0.000219878
0.88,0.91,2.73988e-08
0.88,0.92,1.19369e-05
0.88,0.93,8.21342e-10
0.88,0.94,0.000371405
0.88,0.95,5.22135e-05
0.88,0.96,2.49479e-05
0.88,0.97,5.9212e-05
0.88,0.98,1.00821e-12
0.88,0.99,2.15836e-10
0.88,1,8.65343e-05
0.88,1.01,1.2929e-05
0.88,1.02,0.000130532
0.88,1.03,4.5729e-05
0.88,1.04,5.5001e-07
0.88,1.05,8.31295e-05
0.88,1.06,1.14419e-10
0.88,1.07,1.40488e-08
0.88,1.08,0.000112615
0.88,1.09,2.11293e-07
0.88,1.1,0.000227379
0.88,1.11,4.96183e-08
0.88,1.12,3.85817e-11
0.88,1.13,0.000165541
0.88,1.14,1.25901e-07
0.88,1.15,9.40189e-05
0.88,1.16,1.05598e-09
0.88,1.17,9.20282e-09
0.88,1.18,1.53688e-05
0.88,1.19,2.00457e-05
0.88,1.2,2.06991e-05
0.88,1.21,2.25122e-12
0.88,1.22,2.26051e-06
0.88,1.23,1.95087e-09
0.88,1.24,1.08048e-05
0.88,1.25,0.000107317
0.88,1.26,1.08674e-05
0.88,1.27,4.99696e-06
0.88,1.28,1.79587e-05
0.88,1.29,1.48179e-06
0.88,1.3,3.35546e-05
0.88,1.31,2.73248e-10
0.88,1.32,0.00024901
0.88,1.33,1.08667e-05
0.88,1.34,1.90221e-05
0.88,1.35,4.53505e-09
0.88,1.36,0.000169058
0.88,1.37,2.47881e-07
0.88,1.38,2.98065e-06
0.88,1.39,8.15713e-08
0.88,1.4,0.00011376
0.88,1.41,1.05019e-07
0.88,1.42,6.50448e-09
0.88,1.43,4.53459e-05
0.88,1.44,2.71693e-07
0.88,1.45,6.5259e-07
0.88,1.46,5.59166e-06
0.88,1.47,1.53738e-05
0.88,1.48,3.84146e-06
0.88,1.49,5.44226e-06
0.88,1.5,1.3999e-05
0.88,1.51,6.93837e-05
0.88,1.52,3.96302e-05
0.88,1.53,1.45695e-10
0.88,1.54,5.90882e-07
0.88,1.55,1.28011e-05
0.88,1.56,2.28854e-06
0.88,1.57,0.00023741
0.88,1.58,3.21326e-08
0.88,1.59,1.92279e-07
0.88,1.6,1.85514e-05
0.88,1.61,0.000169949
0.88,1.62,1.28873e-10
0.88,1.63,2.15448e-07
0.88,1.64,7.66316e-08
0.88,1.65,3.17208e-05
0.88,1.66,1.80812e-09
0.88,1.67,3.94342e-05
0.88,1.68,0.000326304
0.88,1.69,2.81933e-08
0.88,1.7,3.37544e-05
0.88,1.71,1.0454e-05
0.88,1.72,0.000109013
0.88,1.73,6.42786e-08
0.88,1.74,1.65701e-06
0.88,1.75,2.41874e-10
0.88,1.76,4.64277e-07
0.88,1.77,5.24237e-05
0.88,1.78,3.03354e-07
0.88,1.79,8.28146e-05
0.88,1.8,5.29304e-08
0.88,1.81,3.67903e-06
0.88,1.82,0.000468799
0.88,1.83,0.000147342
0.88,1.84,6.67921e-08
0.88,1.85,6.94275e-07
0.88,1.86,7.27726e-10
0.88,1.87,0.000285739
0.88,1.88,9.53025e-05
0.88,1.89,3.33271e-06
0.88,1.9,5.55471e-07
0.88,1.91,2.02448e-05
0.88,1.92,0.000292309
0.88,1.93,3.93767e-07
0.88,1.94,8.31887e-06
0.88,1.95,3.08411e-06
0.88,1.96,2.07962e-05
0.88,1.97,3.22212e-06
0.88,1.98,7.27023e-07
0.88,1.99,0.00028337
0.88,2,1.38947e-05
0.88,2.01,1.41124e-07
0.88,2.02,2.04154e-06
0.88,2.03,4.35817e-06
0.88,2.04,0.000125412
0.88,2.05,0.000160103
0.88,2.06,1.37863e-09
0.88,2.07,4.54062e-06
0.88,2.08,0.000202162
0.88,2.09,6.9534e-07
0.88,2.1,7.76799e-05
0.88,2.11,3.28353e-06
0.88,2.12,6.4034e-05
0.88,2.13,6.88975e-08
0.88,2.14,2.56311e-07
0.88,2.15,0.000314832
0.88,2.16,3.92563e-06
0.88,2.17,3.45524e-09
0.88,2.18,2.90579e-09
0.88,2.19,9.32405e-07
0.88,2.2,5.86434e-05
0.88,2.21,1.79351e-06
0.88,2.22,1.63641e-07
0.88,2.23,4.70229e-08
0.88,2.24,1.30175e-07
0.88,2.25,3.84233e-06
0.88,2.26,5.19759e-06
0.88,2.27,8.47564e-05
0.88,2.28,0.000167404
0.88,2.29,5.95799e-13
0.88,2.3,6.58695e-05
0.88,2.31,0.000291527
0.88,2.32,1.27281e-09
0.88,2.33,1.52381e-07
0.88,2.34,0.000153909
0.88,2.35,0.000264745
0.88,2.36,5.98657e-05
0.88,2.37,5.89895e-10
0.88,2.38,8.62143e-05
0.88,2.39,2.35132e-07
0.88,2.4,4.1833e-08
0.88,2.41,4.07897e-07
0.88,2.42,1.52282e-05
0.88,2.43,7.64268e-05
0.88,2.44,4.65379e-10
0.88,2.45,7.80207e-08
0.88,2.46,1.29322e-06
0.88,2.47,2.72429e-08
0.88,2.48,1.83358e-06
0.88,2.49,5.32887e-05
0.88,2.5,2.81151e-07
0.88,2.51,1.43355e-08
0.88,2.52,2.14768e-05
0.88,2.53,1.22747e-05
0.88,2.54,3.8463e-07
0.88,2.55,3.55382e-08
0.88,2.56,0.000227748
0.88,2.57,2.58753e-05
0.88,2.58,3.17378e-05
0.88,2.59,8.88043e-06
0.88,2.6,6.49909e-06
0.88,2.61,8.92366e-05
0.88,2.62,2.08964e-11
0.88,2.63,5.69805e-05
0.88,2.64,4.43667e-05
0.88,2.65,0.000198031
0.88,2.66,1.07393e-08
0.88,2.67,7.58546e-07
0.88,2.68,6.82473e-07
0.88,2.69,8.45816e-06
0.88,2.7,0.00020921
0.88,2.71,0.000148253
0.88,2.72,3.0211e-05
0.88,2.73,0.000140702
0.88,2.74,1.86971e-10
0.88,2.75,3.81297e-18
0.88,2.76,1.7877e-05
0.88,2.77,6.85003e-05
0.88,2.78,3.52661e-05
0.88,2.79,3.86488e-05
0.88,2.8,6.66853e-06
0.88,2.81,1.38062e-08
0.88,2.82,1.37166e-07
0.88,2.83,1.50073e-12
0.88,2.84,6.71186e-05
0.88,2.85,2.82006e-05
0.88,2.86,8.47348e-08
0.88,2.87,5.42048e-05
0.88,2.88,6.51244e-07
0.88,2.89,9.14822e-05
0.88,2.9,7.11238e-09
0.88,2.91,0.000185492
0.88,2.92,3.51838e-06
0.88,2.93,1.35812e-09
0.88,2.94,5.43029e-05
0.88,2.95,3.76009e-05
0.88,2.96,5.38604e-05
0.88,2.97,3.31027e-05
0.88,2.98,3.03715e-08
0.88,2.99,4.29376e-05
0.88,3,1.63164e-05
0.88,3.01,6.98599e-06
0.88,3.02,0.000169713
0.88,3.03,4.04751e-07
0.88,3.04,1.88656e-09
0.88,3.05,1.1043e-05
0.88,3.06,6.7585e-06
0.88,3.07,1.71241e-07
0.88,3.08,2.06182e-06
0.88,3.09,1.38768e-05
0.88,3.1,9.27462e-07
0.88,3.11,9.70108e-05
0.88,3.12,5.71917e-09
0.88,3.13,0.000104956
0.88,3.14,3.24485e-05
0.88,3.15,3.47783e-11
0.88,3.16,1.4574e-05
0.88,3.17,0.000159772
0.88,3.18,8.27566e-08
0.88,3.19,3.11619e-08
0.88,3.2,3.61651e-07
0.88,3.21,7.77644e-05
0.88,3.22,3.43816e-07
0.88,3.23,4.21048e-07
0.88,3.24,8.31966e-12
0.88,3.25,3.69707e-07
0.88,3.26,2.34311e-10
0.88,3.27,1.01289e-05
0.88,3.28,7.56435e-07
0.88,3.29,2.63392e-05
0.88,3.3,1.23942e-07
0.88,3.31,0.000112738
0.88,3.32,8.1782e-05
0.88,3.33,1.00846e-07
0.88,3.34,1.33873e-05
0.88,3.35,2.47174e-05
0.88,3.36,4.89173e-06
0.88,3.37,0.000212201
0.88,3.38,7.78277e-07
0.88,3.39,2.11242e-12
0.88,3.4,0.000117714
0.88,3.41,0.000214225
0.88,3.42,0.00016352
0.88,3.43,1.148e-05
0.88,3.44,3.25617e-06
0.88,3.45,1.62124e-06
0.88,3.46,3.76429e-13
0.88,3.47,0.000131805
0.88,3.48,1.43778e-05
0.88,3.49,0.000167667
0.88,3.5,1.06714e-06
0.88,3.51,2.71134e-05
0.88,3.52,4.22861e-07
0.88,3.53,0.000175581
0.88,3.54,2.40284e-05
0.88,3.55,3.10296e-05
0.88,3.56,0.00014969
0.88,3.57,0.00026328
0.88,3.58,0.000277155
0.88,3.59,3.73913e-06
0.88,3.6,3.00354e-07
0.88,3.61,0.000281644
0.88,3.62,6.64567e-09
0.88,3.63,3.93657e-06
0.88,3.64,2.86336e-12
0.88,3.65,0.000202639
0.88,3.66,0.000116252
0.88,3.67,6.52497e-05
0.88,3.68,7.63254e-05
0.88,3.69,0.000132897
0.88,3.7,7.30312e-12
0.88,3.71,9.80093e-05
0.88,3.72,7.14955e-09
0.88,3.73,8.40414e-05
0.88,3.74,0.000268956
0.88,3.75,6.48806e-06
0.88,3.76,6.72058e-05
0.88,3.77,1.17685e-05
0.88,3.78,0.000512198
0.88,3.79,0.000119942
0.88,3.8,8.51693e-09
0.88,3.81,0.000144607
0.88,3.82,2.71359e-09
0.88,3.83,1.35021e-11
0.88,3.84,0.000366498
0.88,3.85,0.000376008
0.88,3.86,6.51451e-09
0.88,3.87,3.04429e-06
0.88,3.88,6.01002e-10
0.88,3.89,4.20616e-14
0.88,3.9,7.75865e-05
0.88,3.91,0.00015706
0.88,3.92,7.96716e-06
0.88,3.93,2.97403e-07
0.88,3.94,2.92621e-07
0.88,3.95,8.2477e-06
0.88,3.96,1.10697e-05
0.88,3.97,1.06763e-10
0.88,3.98,7.62093e-07
0.88,3.99,7.62362e-07
0.88,4,1.63079e-07
0.88,4.01,2.48063e-05
0.88,4.02,9.74098e-06
0.88,4.03,2.51041e-06
0.88,4.04,3.62021e-06
0.88,4.05,9.00453e-07
0.88,4.06,6.01502e-09
0.88,4.07,1.69161e-08
0.88,4.08,3.6863e-09
0.88,4.09,3.86858e-06
0.88,4.1,9.73014e-06
0.88,4.11,3.39022e-05
0.88,4.12,3.47039e-05
0.88,4.13,5.87734e-06
0.88,4.14,2.6261e-11
0.88,4.15,1.20244e-05
0.88,4.16,1.34124e-07
0.88,4.17,1.39432e-05
0.88,4.18,9.81273e-08
0.88,4.19,1.41221e-06
0.88,4.2,0.000172111
0.88,4.21,1.78418e-06
0.88,4.22,4.34169e-06
0.88,4.23,0.000548712
0.88,4.24,4.68281e-05
0.88,4.25,2.54666e-07
0.88,4.26,0.000188961
0.88,4.27,1.39273e-10
0.88,4.28,9.37369e-05
0.88,4.29,3.80992e-07
0.88,4.3,3.21938e-10
0.88,4.31,2.78012e-07
0.88,4.32,0.000311854
0.88,4.33,5.11685e-06
0.88,4.34,0.000300699
0.88,4.35,1.15943e-06
0.88,4.36,0.000196016
0.88,4.37,0.000227665
0.88,4.38,2.30099e-06
0.88,4.39,2.41234e-06
0.88,4.4,1.83108e-05
0.88,4.41,1.13534e-09
0.88,4.42,1.58845e-05
0.88,4.43,0.000437054
0.88,4.44,3.24151e-06
0.88,4.45,0.000112952
0.88,4.46,4.01641e-05
0.88,4.47,1.11827e-09
0.88,4.48,4.26365e-06
0.88,4.49,2.00467e-06
0.88,4.5,0.000344343
0.88,4.51,8.7745e-09
0.88,4.52,8.86544e-06
0.88,4.53,0.000357933
0.88,4.54,4.09447e-07
0.88,4.55,2.71596e-09
0.88,4.56,1.95517e-09
0.88,4.57,3.92677e-06
0.88,4.58,2.93204e-06
0.88,4.59,0.000133806
0.88,4.6,1.81482e-07
0.88,4.61,9.17219e-09
0.88,4.62,5.71411e-05
0.88,4.63,4.93951e-06
0.88,4.64,4.85359e-11
0.88,4.65,9.02259e-08
0.88,4.66,4.38457e-06
0.88,4.67,5.50269e-07
0.88,4.68,1.37865e-14
0.88,4.69,1.64479e-08
0.88,4.7,2.75136e-07
0.88,4.71,1.48574e-05
0.88,4.72,3.98329e-07
0.88,4.73,6.66284e-08
0.88,4.74,1.1036e-07
0.88,4.75,5.31816e-05
0.88,4.76,5.3118e-08
0.88,4.77,3.21155e-06
0.88,4.78,4.40915e-09
0.88,4.79,8.08484e-06
0.88,4.8,2.15492e-08
0.88,4.81,1.67153e-09
0.88,4.82,4.67576e-06
0.88,4.83,1.63444e-05
0.88,4.84,2.05792e-05
0.88,4.85,9.44212e-08
0.88,4.86,0.000100295
0.88,4.87,1.0116e-06
0.88,4.88,0.000350083
0.88,4.89,6.7792e-06
0.88,4.9,1.13616e-05
0.88,4.91,0.000103575
0.88,4.92,0.000140774
0.88,4.93,7.04605e-06
0.88,4.94,1.20806e-05
0.88,4.95,9.70707e-06
0.88,4.96,2.38037e-05
0.88,4.97,3.31491e-06
0.88,4.98,2.17924e-05
0.88,4.99,1.1671e-05
0.88,5,1.36579e-06
0.88,5.01,1.85918e-05
0.88,5.02,0.00019127
0.88,5.03,2.57549e-07
0.88,5.04,7.77468e-09
0.88,5.05,2.80713e-07
0.88,5.06,4.33652e-06
0.88,5.07,1.00347e-08
0.88,5.08,4.60542e-11
0.88,5.09,0.000253379
0.88,5.1,5.53341e-07
0.88,5.11,2.80618e-06
0.88,5.12,5.67467e-07
0.88,5.13,7.17972e-05
0.88,5.14,8.98413e-07
0.88,5.15,9.75692e-08
0.88,5.16,2.81129e-08
0.88,5.17,4.42152e-07
0.88,5.18,0.00013288
0.88,5.19,3.44748e-07
0.88,5.2,3.43961e-05
0.88,5.21,0.000109814
0.88,5.22,1.67271e-05
0.88,5.23,2.29779e-05
0.88,5.24,1.35452e-05
0.88,5.25,0.000192451
0.88,5.26,1.90345e-06
0.88,5.27,2.2722e-06
0.88,5.28,8.04183e-08
0.88,5.29,8.67908e-10
0.88,5.3,7.31634e-05
0.88,5.31,8.40963e-07
0.88,5.32,5.3487e-06
0.88,5.33,9.85942e-10
0.88,5.34,7.19524e-12
0.88,5.35,6.60607e-10
0.88,5.36,1.07194e-05
0.88,5.37,1.99966e-06
0.88,5.38,4.62503e-07
0.88,5.39,5.62313e-05
0.88,5.4,0.000171785
0.88,5.41,2.35065e-06
0.88,5.42,0.000188137
0.88,5.43,5.0342e-08
0.88,5.44,7.85379e-05
0.88,5.45,3.73519e-08
0.88,5.46,0.000134803
0.88,5.47,6.53865e-06
0.88,5.48,1.65134e-06
0.88,5.49,8.27478e-07
0.88,5.5,1.26936e-05
0.88,5.51,1.82246e-06
0.88,5.52,1.24909e-05
0.88,5.53,6.05509e-08
0.88,5.54,2.38172e-06
0.88,5.55,1.04173e-08
0.88,5.56,1.21525e-05
0.88,5.57,5.20558e-05
0.88,5.58,3.79621e-05
0.88,5.59,1.68488e-05
0.88,5.6,0.000207951
0.88,5.61,2.03751e-07
0.88,5.62,1.86603e-05
0.88,5.63,1.84928e-05
0.88,5.64,9.42738e-08
0.88,5.65,2.50426e-06
0.88,5.66,2.64924e-11
0.88,5.67,4.59342e-06
0.88,5.68,2.44517e-06
0.88,5.69,3.96418e-09
0.88,5.7,0.000123773
0.88,5.71,5.60031e-05
0.88,5.72,1.94414e-07
0.88,5.73,4.74702e-07
0.88,5.74,3.70994e-08
0.88,5.75,1.15182e-06
0.88,5.76,1.17127e-07
0.88,5.77,8.14205e-07
0.88,5.78,0.00015511
0.88,5.79,2.2999e-11
0.88,5.8,4.9862e-05
0.88,5.81,0.000286343
0.88,5.82,4.43556e-05
0.88,5.83,1.27717e-11
0.88,5.84,1.91364e-08
0.88,5.85,5.21688e-05
0.88,5.86,2.06139e-05
0.88,5.87,1.42393e-05
0.88,5.88,1.20504e-06
0.88,5.89,0.000168407
0.88,5.9,2.64334e-05
0.88,5.91,0.000158598
0.88,5.92,2.54969e-08
0.88,5.93,2.5807e-05
0.88,5.94,3.56959e-06
0.88,5.95,0.000228104
0.88,5.96,4.00441e-05
0.88,5.97,2.58229e-10
0.88,5.98,7.9558e-06
0.88,5.99,0.000284078
0.88,6,3.31411e-05
0.88,6.01,5.00573e-06
0.88,6.02,6.53424e-07
0.88,6.03,5.49071e-06
0.88,6.04,2.08187e-07
0.88,6.05,6.51208e-09
0.88,6.06,2.3528e-07
0.88,6.07,9.8955e-05
0.88,6.08,9.34485e-05
0.88,6.09,8.35813e-13
0.88,6.1,1.73547e-05
0.88,6.11,2.22899e-05
0.88,6.12,9.80886e-09
0.88,6.13,2.59049e-13
0.88,6.14,2.81098e-10
0.88,6.15,2.19208e-13
0.88,6.16,6.42498e-05
0.88,6.17,3.82014e-06
0.88,6.18,9.32433e-05
0.88,6.19,0.000308337
0.88,6.2,6.56267e-08
0.88,6.21,1.18806e-06
0.88,6.22,1.50403e-09
0.88,6.23,6.10843e-13
0.88,6.24,7.92752e-06
0.88,6.25,0.0002752
0.88,6.26,9.1507e-08
0.88,6.27,8.77807e-08
0.88,6.28,2.01722e-14
0.89,0,0.000648682
0.89,0.01,0.000104959
0.89,0.02,3.10134e-06
0.89,0.03,2.34496e-05
0.89,0.04,0.000102609
0.89,0.05,1.49384e-06
0.89,0.06,2.23897e-13
0.89,0.07,0.000747835
0.89,0.08,0.00025242
0.89,0.09,0.00011708
0.89,0.1,2.2068e-08
0.89,0.11,1.58152e-07
0.89,0.12,6.42852e-06
0.89,0.13,0.000146687
0.89,0.14,8.8889e-05
0.89,0.15,8.52235e-05
0.89,0.16,0.000126721
0.89,0.17,0.00127323
0.89,0.18,2.05487e-08
0.89,0.19,0.000917748
0.89,0.2,9.0585e-07
0.89,0.21,0.000634197
0.89,0.22,0.000377359
0.89,0.23,0.00021564
0.89,0.24,0.000198277
0.89,0.25,0.000301684
0.89,0.26,5.01602e-07
0.89,0.27,0.000433141
0.89,0.28,0.000693067
0.89,0.29,9.33862e-06
0.89,0.3,4.01001e-10
0.89,0.31,0.000614295
0.89,0.32,0.000642216
0.89,0.33,0.000431411
0.89,0.34,2.77323e-05
0.89,0.35,0.000114677
0.89,0.36,0.00063339
0.89,0.37,0.000120681
0.89,0.38,0.000318542
0.89,0.39,1.37711e-06
0.89,0.4,1.18253e-05
0.89,0.41,5.7592e-05
0.89,0.42,3.2722e-07
0.89,0.43,0.000293148
0.89,0.44,8.63765e-10
0.89,0.45,0.000105391
0.89,0.46,1.73067e-05
0.89,0.47,3.8055e-07
0.89,0.48,0.000356362
0.89,0.49,0.000149586
0.89,0.5,0.000200979
0.89,0.51,5.74783e-06
0.89,0.52,1.7182e-05
0.89,0.53,1.00451e-06
0.89,0.54,0.000468684
0.89,0.55,0.000770695
0.89,0.56,0.000148591
0.89,0.57,2.42013e-08
0.89,0.58,0.000530904
0.89,0.59,0.000339048
0.89,0.6,3.05318e-05
0.89,0.61,0.000462302
0.89,0.62,0.000110265
0.89,0.63,0.000784623
0.89,0.64,0.00036326
0.89,0.65,6.13245e-07
0.89,0.66,1.14179e-05
0.89,0.67,0.000812275
0.89,0.68,0.000297111
0.89,0.69,8.82288e-05
0.89,0.7,8.94649e-06
0.89,0.71,9.32857e-08
0.89,0.72,5.30443e-06
0.89,0.73,4.19546e-11
0.89,0.74,0.000432814
0.89,0.75,7.68433e-05
0.89,0.76,3.44569e-06
0.89,0.77,0.000739853
0.89,0.78,9.25362e-05
0.89,0.79,0.000141966
0.89,0.8,0.000114823
0.89,0.81,0.000998974
0.89,0.82,0.000262896
0.89,0.83,0.000531068
0.89,0.84,5.49519e-12
0.89,0.85,2.18187e-06
0.89,0.86,3.55061e-05
0.89,0.87,0.000882307
0.89,0.88,0.00140163
0.89,0.89,7.32462e-06
0.89,0.9,0.000149126
0.89,0.91,0.000829135
0.89,0.92,0.000605814
0.89,0.93,0.00026956
0.89,0.94,1.89979e-09
0.89,0.95,3.12477e-05
0.89,0.96,6.95215e-05
0.89,0.97,0.000232317
0.89,0.98,5.05669e-05
0.89,0.99,6.02372e-06
0.89,1,1.31963e-05
0.89,1.01,2.28687e-05
0.89,1.02,0.000286956
0.89,1.03,0.000107855
0.89,1.04,9.45645e-11
0.89,1.05,0.000177974
0.89,1.06,9.48568e-07
0.89,1.07,9.93141e-07
0.89,1.08,1.1523e-05
0.89,1.09,0.000344811
0.89,1.1,0.000671537
0.89,1.11,0.000130116
0.89,1.12,0.000699485
0.89,1.13,0.000281689
0.89,1.14,2.56054e-05
0.89,1.15,0.000353773
0.89,1.16,0.000483338
0.89,1.17,0.00102612
0.89,1.18,1.3369e-06
0.89,1.19,0.000315414
0.89,1.2,0.000253234
0.89,1.21,0.000116736
0.89,1.22,9.00993e-06
0.89,1.23,0.000226475
0.89,1.24,0.000388329
0.89,1.25,0.000272168
0.89,1.26,0.000228251
0.89,1.27,1.65548e-06
0.89,1.28,0.000487859
0.89,1.29,0.000657275
0.89,1.3,2.38897e-05
0.89,1.31,2.44866e-06
0.89,1.32,0.000593408
0.89,1.33,0.000498897
0.89,1.34,0.000376804
0.89,1.35,0.00062656
0.89,1.36,9.47494e-05
0.89,1.37,4.28461e-06
0.89,1.38,0.000893639
0.89,1.39,0.000300946
0.89,1.4,7.66742e-06
0.89,1.41,0.000252055
0.89,1.42,5.80988e-06
0.89,1.43,0.000745776
0.89,1.44,1.62393e-06
0.89,1.45,4.99541e-06
0.89,1.46,0.000453522
0.89,1.47,0.000248224
0.89,1.48,0.000527601
0.89,1.49,0.000991232
0.89,1.5,1.84291e-05
0.89,1.51,0.000358346
0.89,1.52,9.22543e-07
0.89,1.53,1.03588e-05
0.89,1.54,6.9406e-05
0.89,1.55,0.000293311
0.89,1.56,3.38711e-05
0.89,1.57,7.77122e-06
0.89,1.58,0.000716998
0.89,1.59,5.79609e-05
0.89,1.6,0.000347632
0.89,1.61,3.44008e-08
0.89,1.62,2.54846e-06
0.89,1.63,0.000382957
0.89,1.64,1.94071e-13
0.89,1.65,1.53237e-06
0.89,1.66,0.00122544
0.89,1.67,3.84159e-05
0.89,1.68,2.28373e-06
0.89,1.69,1.403e-06
0.89,1.7,3.60957e-05
0.89,1.71,0.00109217
0.89,1.72,5.42527e-06
0.89,1.73,7.57801e-10
0.89,1.74,2.50307e-07
0.89,1.75,0.000147504
0.89,1.76,7.93332e-06
0.89,1.77,2.47908e-07
0.89,1.78,0.000519027
0.89,1.79,0.00011042
0.89,1.8,9.98206e-05
0.89,1.81,0.000196129
0.89,1.82,3.25606e-05
0.89,1.83,2.97468e-06
0.89,1.84,0.000481768
0.89,1.85,0.000601746
0.89,1.86,0.000536988
0.89,1.87,0.000539555
0.89,1.88,0.00155277
0.89,1.89,0.000457026
0.89,1.9,0.000605003
0.89,1.91,0.000529029
0.89,1.92,0.000447524
0.89,1.93,0.000240289
0.89,1.94,4.8098e-07
0.89,1.95,9.05636e-05
0.89,1.96,9.04269e-05
0.89,1.97,4.53046e-12
0.89,1.98,6.29603e-07
0.89,1.99,0.000115638
0.89,2,2.92388e-06
0.89,2.01,0.00100405
0.89,2.02,3.42075e-05
0.89,2.03,2.40164e-05
0.89,2.04,6.29437e-06
0.89,2.05,1.68243e-05
0.89,2.06,0.000113946
0.89,2.07,2.03605e-06
0.89,2.08,0.00101554
0.89,2.09,0.000543618
0.89,2.1,1.86766e-05
0.89,2.11,0.00047171
0.89,2.12,0.000766523
0.89,2.13,0.000787489
0.89,2.14,0.000543547
0.89,2.15,0.000484991
0.89,2.16,1.91121e-08
0.89,2.17,4.9067e-06
0.89,2.18,1.89876e-11
0.89,2.19,0.000360733
0.89,2.2,0.000741919
0.89,2.21,6.11226e-07
0.89,2.22,2.28455e-06
0.89,2.23,0.000142839
0.89,2.24,0.00031233
0.89,2.25,4.92133e-06
0.89,2.26,0.000652861
0.89,2.27,8.46581e-06
0.89,2.28,0.000305225
0.89,2.29,2.00148e-07
0.89,2.3,2.62163e-12
0.89,2.31,0.000344208
0.89,2.32,0.000720848
0.89,2.33,0.000154477
0.89,2.34,2.8997e-07
0.89,2.35,0.000581131
0.89,2.36,7.19658e-06
0.89,2.37,0.000130833
0.89,2.38,3.72757e-05
0.89,2.39,9.14743e-05
0.89,2.4,8.23326e-06
0.89,2.41,0.000485333
0.89,2.42,1.02544e-07
0.89,2.43,6.37653e-05
0.89,2.44,1.25912e-05
0.89,2.45,0.000108712
0.89,2.46,9.99685e-05
0.89,2.47,0.000173485
0.89,2.48,9.03075e-05
0.89,2.49,3.41482e-06
0.89,2.5,0.000582817
0.89,2.51,0.00106517
0.89,2.52,1.04535e-05
0.89,2.53,0.000484309
0.89,2.54,4.91973e-06
0.89,2.55,2.01229e-06
0.89,2.56,1.03971e-07
0.89,2.57,0.000260324
0.89,2.58,0.000199732
0.89,2.59,0.000148788
0.89,2.6,0.000236027
0.89,2.61,1.34061e-07
0.89,2.62,7.07715e-08
0.89,2.63,0.000102471
0.89,2.64,0.00115025
0.89,2.65,7.39409e-06
0.89,2.66,0.000618065
0.89,2.67,0.000322273
0.89,2.68,9.57894e-05
0.89,2.69,0.000714029
0.89,2.7,1.00474e-10
0.89,2.71,5.75117e-05
0.89,2.72,0.000616693
0.89,2.73,0.000300997
0.89,2.74,6.24101e-09
0.89,2.75,0.000527402
0.89,2.76,1.15758e-07
0.89,2.77,0.000426837
0.89,2.78,2.10064e-06
0.89,2.79,0.000784754
0.89,2.8,2.18542e-05
0.89,2.81,0.000387197
0.89,2.82,0.000493446
0.89,2.83,6.84626e-07
0.89,2.84,9.06741e-06
0.89,2.85,0.000955887
0.89,2.86,0.00139188
0.89,2.87,3.8099e-05
0.89,2.88,0.000526678
0.89,2.89,0.000298201
0.89,2.9,5.08825e-05
0.89,2.91,7.07299e-05
0.89,2.92,0.00119013
0.89,2.93,2.27844e-06
0.89,2.94,0.0004832
0.89,2.95,0.000376425
0.89,2.96,8.94731e-05
0.89,2.97,1.02753e-05
0.89,2.98,2.79679e-09
0.89,2.99,3.22831e-05
0.89,3,0.000390126
0.89,3.01,0.000951826
0.89,3.02,0.000241074
0.89,3.03,7.29729e-05
0.89,3.04,3.26396e-05
0.89,3.05,3.18289e-06
0.89,3.06,0.000273753
0.89,3.07,7.68355e-07
0.89,3.08,3.67788e-06
0.89,3.09,3.38045e-11
0.89,3.1,0.000317125
0.89,3.11,0.000132751
0.89,3.12,7.90099e-05
0.89,3.13,2.81755e-08
0.89,3.14,0.000323475
0.89,3.15,5.7585e-05
0.89,3.16,0.000173061
0.89,3.17,1.12011e-06
0.89,3.18,7.36585e-07
0.89,3.19,0.000782752
0.89,3.2,8.35028e-07
0.89,3.21,0.000343091
0.89,3.22,0.000224675
0.89,3.23,6.24343e-06
0.89,3.24,0.000150566
0.89,3.25,1.93302e-05
0.89,3.26,0.000976184
0.89,3.27,4.45288e-05
0.89,3.28,0.000365551
0.89,3.29,0.000604208
0.89,3.3,1.20628e-07
0.89,3.31,0.000683537
0.89,3.32,0.000979471
0.89,3.33,0.000107507
0.89,3.34,4.64455e-05
0.89,3.35,0.00108728
0.89,3.36,8.04572e-08
0.89,3.37,0.00102557
0.89,3.38,1.47451e-05
0.89,3.39,3.03787e-05
0.89,3.4,4.07887e-06
0.89,3.41,0.00068587
0.89,3.42,0.000660664
0.89,3.43,0.00021246
0.89,3.44,1.39348e-09
0.89,3.45,0.000229
0.89,3.46,0.000817004
0.89,3.47,0.000172411
0.89,3.48,4.60505e-05
0.89,3.49,3.62026e-05
0.89,3.5,4.80167e-10
0.89,3.51,0.000661582
0.89,3.52,1.1887e-07
0.89,3.53,0.000107739
0.89,3.54,0.00056536
0.89,3.55,7.13576e-08
0.89,3.56,0.00074511
0.89,3.57,0.000830019
0.89,3.58,2.50103e-06
0.89,3.59,0.000425584
0.89,3.6,6.11483e-05
0.89,3.61,1.46622e-05
0.89,3.62,5.31475e-08
0.89,3.63,8.96616e-05
0.89,3.64,4.86818e-05
0.89,3.65,0.00092157
0.89,3.66,8.8151e-10
0.89,3.67,0.000280935
0.89,3.68,0.000550528
0.89,3.69,0.00111489
0.89,3.7,0.000626508
0.89,3.71,0.000241915
0.89,3.72,1.13616e-05
0.89,3.73,0.000158905
0.89,3.74,3.85857e-06
0.89,3.75,0.00077196
0.89,3.76,0.000602225
0.89,3.77,3.43955e-06
0.89,3.78,1.6676e-05
0.89,3.79,3.89308e-05
0.89,3.8,5.39961e-05
0.89,3.81,2.18065e-05
0.89,3.82,3.46346e-05
0.89,3.83,6.17401e-05
0.89,3.84,8.30234e-05
0.89,3.85,0.00104832
0.89,3.86,0.000452557
0.89,3.87,1.21829e-07
0.89,3.88,0.000215276
0.89,3.89,0.000576058
0.89,3.9,9.03478e-07
0.89,3.91,4.14984e-07
0.89,3.92,3.87392e-06
0.89,3.93,0.000327293
0.89,3.94,0.000234483
0.89,3.95,0.000408148
0.89,3.96,6.35722e-05
0.89,3.97,0.000905867
0.89,3.98,0.00108497
0.89,3.99,3.64915e-08
0.89,4,0.000729458
0.89,4.01,0.000116726
0.89,4.02,0.000177558
0.89,4.03,0.000415732
0.89,4.04,4.34182e-07
0.89,4.05,0.000107703
0.89,4.06,8.53822e-05
0.89,4.07,0.000321096
0.89,4.08,0.000226752
0.89,4.09,9.1376e-05
0.89,4.1,0.000511338
0.89,4.11,0.000250324
0.89,4.12,2.17481e-08
0.89,4.13,9.85437e-06
0.89,4.14,0.00114568
0.89,4.15,7.90695e-13
0.89,4.16,0.000334394
0.89,4.17,3.03403e-06
0.89,4.18,3.07256e-05
0.89,4.19,2.40009e-07
0.89,4.2,6.9939e-07
0.89,4.21,0.000416464
0.89,4.22,1.63689e-06
0.89,4.23,0.000837985
0.89,4.24,1.95884e-10
0.89,4.25,1.99877e-05
0.89,4.26,0.000519216
0.89,4.27,2.20296e-05
0.89,4.28,0.000244213
0.89,4.29,1.30092e-05
0.89,4.3,2.20298e-05
0.89,4.31,0.000263113
0.89,4.32,4.33114e-05
0.89,4.33,1.54059e-06
0.89,4.34,3.82356e-05
0.89,4.35,1.02026e-06
0.89,4.36,0.000382618
0.89,4.37,9.16895e-05
0.89,4.38,0.000182328
0.89,4.39,8.01222e-07
0.89,4.4,4.44326e-06
0.89,4.41,1.49154e-08
0.89,4.42,7.13557e-07
0.89,4.43,4.16916e-05
0.89,4.44,1.17657e-05
0.89,4.45,9.46106e-05
0.89,4.46,0.000927778
0.89,4.47,7.22759e-08
0.89,4.48,0.000665912
0.89,4.49,3.80765e-07
0.89,4.5,0.0006426
0.89,4.51,0.000524191
0.89,4.52,0.000192224
0.89,4.53,0.000287731
0.89,4.54,7.43046e-10
0.89,4.55,0.000522732
0.89,4.56,6.23641e-05
0.89,4.57,4.79474e-06
0.89,4.58,9.58623e-06
0.89,4.59,1.46683e-05
0.89,4.6,0.000209811
0.89,4.61,0.000372481
0.89,4.62,9.17543e-05
0.89,4.63,0.000546077
0.89,4.64,3.06543e-08
0.89,4.65,0.000160307
0.89,4.66,0.000480937
0.89,4.67,1.43345e-06
0.89,4.68,5.65135e-05
0.89,4.69,0.000248956
0.89,4.7,1.77159e-09
0.89,4.71,8.255e-08
0.89,4.72,2.87493e-05
0.89,4.73,2.66133e-06
0.89,4.74,8.47195e-05
0.89,4.75,1.80436e-09
0.89,4.76,3.60025e-06
0.89,4.77,0.00124418
0.89,4.78,0.000318416
0.89,4.79,8.86084e-06
0.89,4.8,6.76742e-05
0.89,4.81,0.000158293
0.89,4.82,0.000352253
0.89,4.83,0.000255437
0.89,4.84,0.000852339
0.89,4.85,1.45355e-05
0.89,4.86,0.00107175
0.89,4.87,0.000203728
0.89,4.88,3.05424e-07
0.89,4.89,0.000530358
0.89,4.9,2.75729e-05
0.89,4.91,0.000178632
0.89,4.92,1.28518e-06
0.89,4.93,0.00015759
0.89,4.94,7.49649e-09
0.89,4.95,3.44284e-05
0.89,4.96,2.57214e-05
0.89,4.97,6.50456e-05
0.89,4.98,0.000106096
0.89,4.99,0.000353311
0.89,5,0.000119839
0.89,5.01,4.9309e-05
0.89,5.02,1.92108e-05
0.89,5.03,0.000113167
0.89,5.04,0.000145688
0.89,5.05,4.62826e-05
0.89,5.06,0.000651004
0.89,5.07,2.32665e-13
0.89,5.08,1.82992e-05
0.89,5.09,0.000133174
0.89,5.1,0.000672935
0.89,5.11,9.68312e-06
0.89,5.12,0.000295605
0.89,5.13,0.00010438
0.89,5.14,5.8477e-06
0.89,5.15,1.98461e-08
0.89,5.16,3.64915e-05
0.89,5.17,0.000711705
0.89,5.18,6.136e-05
0.89,5.19,0.000164023
0.89,5.2,0.00143585
0.89,5.21,4.12285e-05
0.89,5.22,1.96552e-06
0.89,5.23,4.46703e-07
0.89,5.24,5.2785e-08
0.89,5.25,0.000717083
0.89,5.26,9.5501e-05
0.89,5.27,0.000696231
0.89,5.28,0.000747293
0.89,5.29,0.000189982
0.89,5.3,3.30914e-07
0.89,5.31,0.00100745
0.89,5.32,1.11409e-05
0.89,5.33,0.000648139
0.89,5.34,0.000546247
0.89,5.35,0.000498074
0.89,5.36,6.90402e-05
0.89,5.37,5.9969e-05
0.89,5.38,0.000702749
0.89,5.39,0.00057475
0.89,5.4,7.78839e-05
0.89,5.41,6.62565e-07
0.89,5.42,0.000754757
0.89,5.43,4.31911e-05
0.89,5.44,1.63116e-05
0.89,5.45,1.33098e-08
0.89,5.46,4.10264e-06
0.89,5.47,0.000222439
0.89,5.48,1.5126e-09
0.89,5.49,0.000679417
0.89,5.5,6.7432e-05
0.89,5.51,7.15265e-07
0.89,5.52,9.62211e-11
0.89,5.53,0.000684017
0.89,5.54,2.94211e-05
0.89,5.55,0.000227164
0.89,5.56,0.000202141
0.89,5.57,0.000726401
0.89,5.58,0.000320162
0.89,5.59,2.25912e-09
0.89,5.6,6.36906e-11
0.89,5.61,0.000113622
0.89,5.62,0.000474311
0.89,5.63,0.000672234
0.89,5.64,6.04691e-05
0.89,5.65,0.000238487
0.89,5.66,4.46465e-05
0.89,5.67,0.000248787
0.89,5.68,0.000761679
0.89,5.69,0.000373967
0.89,5.7,0.000119098
0.89,5.71,0.000153988
0.89,5.72,1.30967e-05
0.89,5.73,8.97824e-05
0.89,5.74,5.47972e-05
0.89,5.75,0.000154821
0.89,5.76,0.000446876
0.89,5.77,0.00151157
0.89,5.78,5.65116e-05
0.89,5.79,9.62763e-05
0.89,5.8,5.4162e-05
0.89,5.81,0.000472334
0.89,5.82,0.000357183
0.89,5.83,8.43715e-05
0.89,5.84,5.16259e-08
0.89,5.85,8.36151e-05
0.89,5.86,0.000819618
0.89,5.87,0.000676928
0.89,5.88,2.2503e-06
0.89,5.89,0.000146843
0.89,5.9,7.16079e-09
0.89,5.91,4.43166e-05
0.89,5.92,0.000938404
0.89,5.93,0.000293905
0.89,5.94,1.40112e-08
0.89,5.95,0.00068592
0.89,5.96,8.06848e-07
0.89,5.97,1.74312e-05
0.89,5.98,0.000969685
0.89,5.99,0.000413536
0.89,6,2.75705e-06
0.89,6.01,0.000279441
0.89,6.02,0.000617582
0.89,6.03,0.000828494
0.89,6.04,0.000208973
0.89,6.05,1.67772e-05
0.89,6.06,0.000276932
0.89,6.07,0.000118721
0.89,6.08,0.000170929
0.89,6.09,0.000664032
0.89,6.1,5.74077e-06
0.89,6.11,1.07394e-08
0.89,6.12,7.08472e-05
0.89,6.13,5.72756e-05
0.89,6.14,1.7218e-07
0.89,6.15,7.11313e-05
0.89,6.16,0.00046029
0.89,6.17,2.43025e-06
0.89,6.18,6.26608e-05
0.89,6.19,2.42914e-05
0.89,6.2,0.000980508
0.89,6.21,0.000796665
0.89,6.22,2.00482e-06
0.89,6.23,4.77164e-05
0.89,6.24,1.97312e-05
0.89,6.25,6.14846e-05
0.89,6.26,0.000166148
0.89,6.27,0.000414241
0.89,6.28,4.88251e-06
0.9,0,0.0005473
0.9,0.01,3.37197e-05
0.9,0.02,0.000874543
0.9,0.03,0.000213682
0.9,0.04,2.98412e-06
0.9,0.05,0.000119854
0.9,0.06,0.00122158
0.9,0.07,0.000700478
0.9,0.08,0.00114651
0.9,0.09,0.00125146
0.9,0.1,1.11307e-05
0.9,0.11,0.000710358
0.9,0.12,0.000859066
0.9,0.13,0.00189905
0.9,0.14,0.000210568
0.9,0.15,0.00127461
0.9,0.16,0.000828656
0.9,0.17,0.00159393
0.9,0.18,0.000199144
0.9,0.19,0.000236745
0.9,0.2,0.000860491
0.9,0.21,0.00110799
0.9,0.22,5.0044e-05
0.9,0.23,0.000545869
0.9,0.24,0.000773241
0.9,0.25,4.46526e-05
0.9,0.26,3.91866e-07
0.9,0.27,2.59583e-05
0.9,0.28,4.14862e-05
0.9,0.29,0.000835135
0.9,0.3,0.00102602
0.9,0.31,0.00105789
0.9,0.32,0.000690434
0.9,0.33,2.74813e-07
0.9,0.34,0.000698687
0.9,0.35,0.000233643
0.9,0.36,0.000314595
0.9,0.37,0.000798794
0.9,0.38,0.000369625
0.9,0.39,0.000636864
0.9,0.4,7.29372e-06
0.9,0.41,8.12452e-07
0.9,0.42,0.00123021
0.9,0.43,0.00066751
0.9,0.44,0.00170539
0.9,0.45,0.000123974
0.9,0.46,0.000690011
0.9,0.47,8.03778e-05
0.9,0.48,0.000735893
0.9,0.49,0.00069807
0.9,0.5,0.000793244
0.9,0.51,0.000183192
0.9,0.52,0.00165323
0.9,0.53,0.00182245
0.9,0.54,0.000269978
0.9,0.55,2.47056e-05
0.9,0.56,0.000781412
0.9,0.57,2.63682e-06
0.9,0.58,6.38837e-08
0.9,0.59,9.30183e-08
0.9,0.6,0.000488454
0.9,0.61,0.00203414
0.9,0.62,0.000298037
0.9,0.63,0.00252945
0.9,0.64,1.0731e-07
0.9,0.65,0.000719227
0.9,0.66,0.000367555
0.9,0.67,0.000698965
0.9,0.68,0.00153951
0.9,0.69,0.000439335
0.9,0.7,0.000526529
0.9,0.71,2.14743e-06
0.9,0.72,0.00022027
0.9,0.73,4.74873e-05
0.9,0.74,0.000644399
0.9,0.75,0.000404018
0.9,0.76,6.123e-06
0.9,0.77,0.000743048
0.9,0.78,9.73995e-05
0.9,0.79,0.000993614
0.9,0.8,0.00148864
0.9,0.81,4.22525e-05
0.9,0.82,0.000833679
0.9,0.83,0.000636044
0.9,0.84,8.611e-06
0.9,0.85,3.05879e-05
0.9,0.86,3.74972e-05
0.9,0.87,0.000654431
0.9,0.88,6.23334e-05
0.9,0.89,0.000963313
0.9,0.9,0.00028371
0.9,0.91,0.000398267
0.9,0.92,0.000269772
0.9,0.93,7.25099e-05
0.9,0.94,0.000165429
0.9,0.95,0.00120719
0.9,0.96,0.000863364
0.9,0.97,2.12932e-05
0.9,0.98,0.00100414
0.9,0.99,1.63951e-05
0.9,1,0.00154438
0.9,1.01,0.000953628
0.9,1.02,0.000441
0.9,1.03,0.00103487
0.9,1.04,0.000693358
0.9,1.05,0.00217001
0.9,1.06,0.00054861
0.9,1.07,9.47592e-05
0.9,1.08,0.000539909
0.9,1.09,0.00104201
0.9,1.1,0.000600619
0.9,1.11,0.000308905
0.9,1.12,0.000551583
0.9,1.13,0.00166699
0.9,1.14,0.000707205
0.9,1.15,0.000423529
0.9,1.16,0.000207096
0.9,1.17,0.000671984
0.9,1.18,0.000409664
0.9,1.19,0.000275586
0.9,1.2,0.00137117
0.9,1.21,0.000773928
0.9,1.22,0.000637295
0.9,1.23,6.79113e-06
0.9,1.24,0.000617867
0.9,1.25,0.000454027
0.9,1.26,0.000631887
0.9,1.27,5.36844e-05
0.9,1.28,0.000972604
0.9,1.29,0.000899618
0.9,1.3,0.00129904
0.9,1.31,0.000198068
0.9,1.32,5.87542e-05
0.9,1.33,0.000691744
0.9,1.34,0.00157685
0.9,1.35,0.00060726
0.9,1.36,0.000372276
0.9,1.37,5.56605e-05
0.9,1.38,0.000271186
0.9,1.39,0.00136176
0.9,1.4,0.000606126
0.9,1.41,4.00015e-05
0.9,1.42,0.00107444
0.9,1.43,0.000535878
0.9,1.44,0.000668854
0.9,1.45,0.00126544
0.9,1.46,0.000280392
0.9,1.47,0.00111162
0.9,1.48,0.000302436
0.9,1.49,5.43105e-05
0.9,1.5,0.000186842
0.9,1.51,0.000772581
0.9,1.52,0.000195507
0.9,1.53,1.98198e-07
0.9,1.54,0.0001464
0.9,1.55,0.000276002
0.9,1.56,0.000408794
0.9,1.57,8.69461e-05
0.9,1.58,0.000556973
0.9,1.59,0.000280022
0.9,1.6,0.00127868
0.9,1.61,5.61477e-05
0.9,1.62,0.000334689
0.9,1.63,0.00108366
0.9,1.64,0.000381799
0.9,1.65,0.000695008
0.9,1.66,4.69571e-07
0.9,1.67,0.00027249
0.9,1.68,0.000859734
0.9,1.69,0.000667323
0.9,1.7,0.0021237
0.9,1.71,0.000684355
0.9,1.72,0.000440241
0.9,1.73,0.000599116
0.9,1.74,0.000365064
0.9,1.75,0.000493858
0.9,1.76,3.31577e-06
0.9,1.77,0.00068515
0.9,1.78,0.000144438
0.9,1.79,1.14805e-05
0.9,1.8,0.000210537
0.9,1.81,3.06302e-06
0.9,1.82,0.00012249
0.9,1.83,0.000242271
0.9,1.84,0.000961593
0.9,1.85,0.000671125
0.9,1.86,0.000528245
0.9,1.87,0.00107285
0.9,1.88,0.000880746
0.9,1.89,0.00120058
0.9,1.9,0.000170204
0.9,1.91,0.00167849
0.9,1.92,0.000137603
0.9,1.93,0.000570338
0.9,1.94,0.000204004
0.9,1.95,5.18432e-06
0.9,1.96,0.000333238
0.9,1.97,3.99534e-07
0.9,1.98,0.00151598
0.9,1.99,0.000591001
0.9,2,1.4828e-05
0.9,2.01,7.53386e-05
0.9,2.02,1.27038e-05
0.9,2.03,0.00058265
0.9,2.04,5.11547e-06
0.9,2.05,0.00212191
0.9,2.06,0.00140838
0.9,2.07,0.000712858
0.9,2.08,0.000206318
0.9,2.09,3.34508e-05
0.9,2.1,0.000697971
0.9,2.11,0.000122693
0.9,2.12,0.000575457
0.9,2.13,0.00144331
0.9,2.14,0.00131086
0.9,2.15,3.56134e-05
0.9,2.16,0.000129897
0.9,2.17,0.00126079
0.9,2.18,0.000824736
0.9,2.19,0.00139341
0.9,2.2,0.00191462
0.9,2.21,0.000403302
0.9,2.22,1.95791e-05
0.9,2.23,5.3201e-05
0.9,2.24,0.00163391
0.9,2.25,0.00012021
0.9,2.26,0.000199403
0.9,2.27,0.000484776
0.9,2.28,1.93655e-05
0.9,2.29,0.000542719
0.9,2.3,0.000667733
0.9,2.31,0.000536811
0.9,2.32,0.000770892
0.9,2.33,6.40929e-05
0.9,2.34,0.000382248
0.9,2.35,0.000380041
0.9,2.36,2.61423e-06
0.9,2.37,0.00238079
0.9,2.38,9.58048e-09
0.9,2.39,0.000278094
0.9,2.4,0.00136088
0.9,2.41,0.000310888
0.9,2.42,0.000455189
0.9,2.43,0.000585576
0.9,2.44,0.000910564
0.9,2.45,0.000792806
0.9,2.46,0.000527899
0.9,2.47,8.7608e-05
0.9,2.48,0.000424004
0.9,2.49,0.000409852
0.9,2.5,0.00115382
0.9,2.51,4.95147e-05
0.9,2.52,0.00035851
0.9,2.53,0.000989458
0.9,2.54,5.84531e-05
0.9,2.55,7.61876e-05
0.9,2.56,0.000248871
0.9,2.57,0.000607858
0.9,2.58,0.000863857
0.9,2.59,0.00133564
0.9,2.6,0.000447605
0.9,2.61,2.09407e-10
0.9,2.62,0.00200567
0.9,2.63,0.000120261
0.9,2.64,0.00203862
0.9,2.65,9.16401e-05
0.9,2.66,3.96826e-05
0.9,2.67,0.000562183
0.9,2.68,2.14267e-06
0.9,2.69,0.000387771
0.9,2.7,0.00115708
0.9,2.71,0.00123241
0.9,2.72,0.00073481
0.9,2.73,0.000927058
0.9,2.74,1.09208e-05
0.9,2.75,0.000334007
0.9,2.76,0.000433988
0.9,2.77,0.000155602
0.9,2.78,0.000741015
0.9,2.79,0.000623405
0.9,2.8,0.000754143
0.9,2.81,0.00109302
0.9,2.82,0.000746266
0.9,2.83,0.000966503
0.9,2.84,0.000697707
0.9,2.85,0.00012507
0.9,2.86,0.000360076
0.9,2.87,5.92939e-05
0.9,2.88,5.13433e-06
0.9,2.89,0.00152677
0.9,2.9,0.00110853
0.9,2.91,7.19581e-05
0.9,2.92,0.000388783
0.9,2.93,3.28013e-05
0.9,2.94,3.66939e-05
0.9,2.95,3.73878e-07
0.9,2.96,1.46291e-05
0.9,2.97,4.41756e-07
0.9,2.98,4.27948e-05
0.9,2.99,0.000914606
0.9,3,0.000111227
0.9,3.01,0.00045706
0.9,3.02,0.000441149
0.9,3.03,0.00133641
0.9,3.04,0.000474645
0.9,3.05,0.00195306
0.9,3.06,0.000703071
0.9,3.07,0.000925264
0.9,3.08,0.00069052
0.9,3.09,0.000443999
0.9,3.1,0.000880641
0.9,3.11,1.39005e-05
0.9,3.12,9.97815e-05
0.9,3.13,1.10085e-05
0.9,3.14,3.99171e-06
0.9,3.15,0.000683271
0.9,3.16,1.23682e-06
0.9,3.17,4.63914e-06
0.9,3.18,4.59014e-06
0.9,3.19,0.000956507
0.9,3.2,0.00066374
0.9,3.21,0.00027532
0.9,3.22,0.000905462
0.9,3.23,0.000352598
0.9,3.24,0.000350404
0.9,3.25,0.00144158
0.9,3.26,0.000110031
0.9,3.27,1.00245e-06
0.9,3.28,4.54279e-08
0.9,3.29,0.000682556
0.9,3.3,2.56269e-05
0.9,3.31,1.40997e-06
0.9,3.32,0.000580623
0.9,3.33,0.000556168
0.9,3.34,0.00011443
0.9,3.35,0.00098705
0.9,3.36,0.000750717
0.9,3.37,0.000713262
0.9,3.38,2.02449e-07
0.9,3.39,0.00118582
0.9,3.4,0.000750857
0.9,3.41,0.00131746
0.9,3.42,0.000634818
0.9,3.43,0.000451452
0.9,3.44,0.00155639
0.9,3.45,0.00114164
0.9,3.46,0.000550507
0.9,3.47,0.000597138
0.9,3.48,0.000692744
0.9,3.49,5.71464e-08
0.9,3.5,0.000794631
0.9,3.51,6.51016e-06
0.9,3.52,0.000869264
0.9,3.53,0.000159502
0.9,3.54,0.00211063
0.9,3.55,0.000888645
0.9,3.56,9.10687e-06
0.9,3.57,0.000110819
0.9,3.58,0.000477671
0.9,3.59,0.000664774
0.9,3.6,0.000285576
0.9,3.61,0.000524231
0.9,3.62,0.000523154
0.9,3.63,0.000742383
0.9,3.64,0.000582355
0.9,3.65,0.000211318
0.9,3.66,9.23027e-05
0.9,3.67,0.000787053
0.9,3.68,0.000145909
0.9,3.69,0.000438508
0.9,3.7,0.000567844
0.9,3.71,9.71179e-05
0.9,3.72,0.000643303
0.9,3.73,1.06726e-07
0.9,3.74,0.00155656
0.9,3.75,0.000381478
0.9,3.76,0.000161232
0.9,3.77,0.000955033
0.9,3.78,0.0015888
0.9,3.79,0.000933213
0.9,3.8,0.000105175
0.9,3.81,0.00142594
0.9,3.82,3.39517e-06
0.9,3.83,0.000510583
0.9,3.84,0.000399662
0.9,3.85,0.00164358
0.9,3.86,0.000564419
0.9,3.87,0.000607081
0.9,3.88,0.001425
0.9,3.89,0.000895154
0.9,3.9,0.00074506
0.9,3.91,0.000345051
0.9,3.92,6.27363e-05
0.9,3.93,2.35762e-05
0.9,3.94,0.000230248
0.9,3.95,0.000669478
0.9,3.96,1.12815e-05
0.9,3.97,8.38346e-06
0.9,3.98,0.000432269
0.9,3.99,0.000397551
0.9,4,0.000704273
0.9,4.01,1.19833e-05
0.9,4.02,0.00106036
0.9,4.03,6.87016e-06
0.9,4.04,0.000605644
0.9,4.05,0.000819807
0.9,4.06,9.76682e-07
0.9,4.07,0.000455628
0.9,4.08,0.000481389
0.9,4.09,0.00213712
0.9,4.1,0.0018084
0.9,4.11,0.001395
0.9,4.12,0.000967579
0.9,4.13,0.000818284
0.9,4.14,0.000609547
0.9,4.15,2.27486e-06
0.9,4.16,9.14338e-05
0.9,4.17,0.000966668
0.9,4.18,0.000264843
0.9,4.19,0.000690583
0.9,4.2,0.000213618
0.9,4.21,0.0007595
0.9,4.22,2.18764e-06
0.9,4.23,0.000847198
0.9,4.24,0.00050694
0.9,4.25,0.000830275
0.9,4.26,0.00124002
0.9,4.27,0.000136744
0.9,4.28,0.000988046
0.9,4.29,0.000231857
0.9,4.3,0.000375589
0.9,4.31,0.000108267
0.9,4.32,0.000869485
0.9,4.33,0.000253865
0.9,4.34,6.44842e-05
0.9,4.35,2.70676e-05
0.9,4.36,6.55138e-05
0.9,4.37,0.00129767
0.9,4.38,4.75588e-06
0.9,4.39,0.00263181
0.9,4.4,3.85584e-05
0.9,4.41,2.4058e-05
0.9,4.42,0.000130581
0.9,4.43,0.00117104
0.9,4.44,6.65883e-05
0.9,4.45,6.32427e-06
0.9,4.46,0.00154041
0.9,4.47,0.00161471
0.9,4.48,0.000375152
0.9,4.49,0.00108547
0.9,4.5,0.000876736
0.9,4.51,0.0017535
0.9,4.52,0.000286731
0.9,4.53,0.000312775
0.9,4.54,0.00142374
0.9,4.55,0.0005276
0.9,4.56,0.00110377
0.9,4.57,0.000797732
0.9,4.58,1.97243e-05
0.9,4.59,0.000324684
0.9,4.6,3.57613e-05
0.9,4.61,0.000662575
0.9,4.62,0.000562777
0.9,4.63,1.68044e-07
0.9,4.64,0.000561061
0.9,4.65,0.00016326
0.9,4.66,0.000852171
0.9,4.67,5.26776e-05
0.9,4.68,0.000759022
0.9,4.69,0.000469896
0.9,4.7,5.2149e-05
0.9,4.71,0.000913403
0.9,4.72,0.000851431
0.9,4.73,0.00107155
0.9,4.74,0.00133933
0.9,4.75,0.000339995
0.9,4.76,0.000169502
0.9,4.77,4.56849e-05
0.9,4.78,0.000884017
0.9,4.79,8.88881e-06
0.9,4.8,7.24071e-05
0.9,4.81,0.000256454
0.9,4.82,0.00128564
0.9,4.83,0.00256543
0.9,4.84,0.000671724
0.9,4.85,0.000101035
0.9,4.86,0.00100524
0.9,4.87,0.00032416
0.9,4.88,0.000236643
0.9,4.89,0.000272929
0.9,4.9,3.62461e-05
0.9,4.91,0.00144295
0.9,4.92,0.00104281
0.9,4.93,0.00127408
0.9,4.94,0.000519659
0.9,4.95,0.000542117
0.9,4.96,0.000128982
0.9,4.97,0.00147174
0.9,4.98,0.000765973
0.9,4.99,0.000474962
0.9,5,1.32585e-09
0.9,5.01,8.34443e-08
0.9,5.02,0.000143472
0.9,5.03,3.38743e-06
0.9,5.04,0.000135782
0.9,5.05,0.00015095
0.9,5.06,0.000301387
0.9,5.07,0.000652271
0.9,5.08,0.000365154
0.9,5.09,0.000171013
0.9,5.1,0.00036346
0.9,5.11,0.000789481
0.9,5.12,4.91105e-05
0.9,5.13,0.000459358
0.9,5.14,0.000563345
0.9,5.15,2.84605e-05
0.9,5.16,2.33696e-08
0.9,5.17,0.000188547
0.9,5.18,0.000462541
0.9,5.19,4.7027e-05
0.9,5.2,0.00198012
0.9,5.21,5.45034e-05
0.9,5.22,0.00109645
0.9,5.23,8.61185e-06
0.9,5.24,0.000693293
0.9,5.25,0.000371583
0.9,5.26,4.8827e-05
0.9,5.27,0.000562433
0.9,5.28,0.00185292
0.9,5.29,0.00140268
0.9,5.3,0.00183532
0.9,5.31,5.07444e-06
0.9,5.32,1.0942e-05
0.9,5.33,0.00023964
0.9,5.34,0.000454402
0.9,5.35,1.29583e-09
0.9,5.36,0.000178465
0.9,5.37,0.000573079
0.9,5.38,0.00107901
0.9,5.39,0.000232762
0.9,5.4,0.0013422
0.9,5.41,1.60751e-05
0.9,5.42,7.87011e-06
0.9,5.43,4.63539e-07
0.9,5.44,0.000523603
0.9,5.45,0.00109492
0.9,5.46,0.00090825
0.9,5.47,0.000909539
0.9,5.48,0.00128977
0.9,5.49,0.000216184
0.9,5.5,0.000603198
0.9,5.51,0.000615347
0.9,5.52,0.000766269
0.9,5.53,0.000352953
0.9,5.54,6.83359e-07
0.9,5.55,0.000670847
0.9,5.56,0.000240201
0.9,5.57,0.000518923
0.9,5.58,0.000857639
0.9,5.59,0.000705256
0.9,5.6,0.000605615
0.9,5.61,0.00108168
0.9,5.62,0.000622969
0.9,5.63,0.00114525
0.9,5.64,0.000459908
0.9,5.65,0.00150617
0.9,5.66,7.58678e-05
0.9,5.67,3.6551e-05
0.9,5.68,0.00117869
0.9,5.69,0.000795131
0.9,5.7,5.77832e-06
0.9,5.71,0.00129485
0.9,5.72,0.000313688
0.9,5.73,0.00106987
0.9,5.74,0.000364888
0.9,5.75,0.000154233
0.9,5.76,0.00063833
0.9,5.77,0.000313679
0.9,5.78,0.000843969
0.9,5.79,0.000371729
0.9,5.8,0.00143217
0.9,5.81,0.000257223
0.9,5.82,0.000847203
0.9,5.83,6.82865e-05
0.9,5.84,0.00103554
0.9,5.85,2.15268e-05
0.9,5.86,0.00058645
0.9,5.87,5.76826e-05
0.9,5.88,0.000181003
0.9,5.89,0.00198718
0.9,5.9,6.1092e-07
0.9,5.91,0.00128777
0.9,5.92,1.42569e-05
0.9,5.93,0.000334543
0.9,5.94,0.000576607
0.9,5.95,2.71154e-08
0.9,5.96,0.000730593
0.9,5.97,1.89809e-06
0.9,5.98,0.000622827
0.9,5.99,0.000123236
0.9,6,0.000111318
0.9,6.01,5.12824e-05
0.9,6.02,0.000703911
0.9,6.03,0.000648275
0.9,6.04,0.000186755
0.9,6.05,0.000132637
0.9,6.06,0.0018409
0.9,6.07,0.00211488
0.9,6.08,6.3196e-05
0.9,6.09,0.000452147
0.9,6.1,5.03617e-05
0.9,6.11,1.70156e-06
0.9,6.12,0.00140909
0.9,6.13,0.000821944
0.9,6.14,0.00109867
0.9,6.15,0.000190263
0.9,6.16,0.00047166
0.9,6.17,0.000442028
0.9,6.18,0.00174065
0.9,6.19,5.44269e-05
0.9,6.2,0.00133604
0.9,6.21,0.00026321
0.9,6.22,0.000363731
0.9,6.23,0.00122543
0.9,6.24,0.000575627
0.9,6.25,0.000983501
0.9,6.26,1.22502e-06
0.9,6.27,2.57639e-05
0.9,6.28,0.000635359
0.91,0,0.000664653
0.91,0.01,0.000239893
0.91,0.02,0.000103811
0.91,0.03,0.000378621
0.91,0.04,0.00159416
0.91,0.05,0.000225679
0.91,0.06,0.000530384
0.91,0.07,0.00139294
0.91,0.08,0.000334606
0.91,0.09,0.00111181
0.91,0.1,0.00111684
0.91,0.11,8.8652e-05
0.91,0.12,0.00326508
0.91,0.13,0.00100254
0.91,0.14,0.00013935
0.91,0.15,0.00203748
0.91,0.16,5.91929e-07
0.91,0.17,0.00103096
0.91,0.18,8.35037e-05
0.91,0.19,5.35095e-05
0.91,0.2,0.00108706
0.91,0.21,0.00100957
0.91,0.22,1.93637e-05
0.91,0.23,0.0013168
0.91,0.24,0.000664639
0.91,0.25,0.00153501
0.91,0.26,0.00102548
0.91,0.27,0.000887928
0.91,0.28,0.000230908
0.91,0.29,0.000284505
0.91,0.3,0.000824096
0.91,0.31,0.000309492
0.91,0.32,0.000819182
0.91,0.33,0.0015739
0.91,0.34,0.000945552
0.91,0.35,0.000541999
0.91,0.36,0.00277021
0.91,0.37,0.00104614
0.91,0.38,0.00125559
0.91,0.39,0.000325773
0.91,0.4,0.000446631
0.91,0.41,0.00112
0.91,0.42,0.000724888
0.91,0.43,0.000761373
0.91,0.44,0.00130204
0.91,0.45,0.00113823
0.91,0.46,0.000448291
0.91,0.47,0.00195312
0.91,0.48,0.00130011
0.91,0.49,0.000630148
0.91,0.5,0.00109919
0.91,0.51,0.000688964
0.91,0.52,0.000432784
0.91,0.53,3.70045e-05
0.91,0.54,0.000330638
0.91,0.55,2.46046e-05
0.91,0.56,4.29937e-06
0.91,0.57,0.00137482
0.91,0.58,0.000801141
0.91,0.59,0.00123384
0.91,0.6,0.00179873
0.91,0.61,0.000669268
0.91,0.62,9.609e-05
0.91,0.63,0.00098111
0.91,0.64,0.000697205
0.91,0.65,0.00118635
0.91,0.66,0.000502294
0.91,0.67,0.0014015
0.91,0.68,0.00086868
0.91,0.69,0.000554818
0.91,0.7,0.00031238
0.91,0.71,0.00158777
0.91,0.72,1.03773e-05
0.91,0.73,0.00107263
0.91,0.74,0.000723682
0.91,0.75,0.000426196
0.91,0.76,0.000801362
0.91,0.77,0.000682308
0.91,0.78,0.000369814
0.91,0.79,0.000319711
0.91,0.8,0.00172345
0.91,0.81,0.0023987
0.91,0.82,0.00114291
0.91,0.83,0.000298948
0.91,0.84,0.000239025
0.91,0.85,0.000101968
0.91,0.86,0.000575346
0.91,0.87,0.000181145
0.91,0.88,0.000544276
0.91,0.89,0.000163094
0.91,0.9,0.00241223
0.91,0.91,0.000554865
0.91,0.92,0.00150401
0.91,0.93,6.18505e-05
0.91,0.94,0.00118337
0.91,0.95,0.00195847
0.91,0.96,0.000130358
0.91,0.97,0.000158178
0.91,0.98,0.00141861
0.91,0.99,0.000291365
0.91,1,0.000767745
0.91,1.01,0.00143733
0.91,1.02,0.000796995
0.91,1.03,0.000109278
0.91,1.04,0.00208068
0.91,1.05,1.75755e-06
0.91,1.06,0.00128886
0.91,1.07,0.000882476
0.91,1.08,0.00127882
0.91,1.09,0.000976598
0.91,1.1,0.000151574
0.91,1.11,0.000548531
0.91,1.12,0.000486129
0.91,1.13,1.21794e-05
0.91,1.14,0.000192534
0.91,1.15,0.00129024
0.91,1.16,0.000947145
0.91,1.17,0.00068097
0.91,1.18,0.000449288
0.91,1.19,0.00114779
0.91,1.2,0.000669247
0.91,1.21,0.000536232
0.91,1.22,0.000491043
0.91,1.23,0.00137602
0.91,1.24,0.000550569
0.91,1.25,0.00128184
0.91,1.26,0.000401799
0.91,1.27,0.00128461
0.91,1.28,0.000209326
0.91,1.29,0.000679623
0.91,1.3,8.74016e-05
0.91,1.31,0.00189991
0.91,1.32,0.00296716
0.91,1.33,0.000619409
0.91,1.34,0.000513075
0.91,1.35,0.00116114
0.91,1.36,0.000687167
0.91,1.37,0.000849046
0.91,1.38,0.00117516
0.91,1.39,0.000131833
0.91,1.4,0.000928872
0.91,1.41,6.09356e-05
0.91,1.42,0.000139137
0.91,1.43,0.00033276
0.91,1.44,3.29471e-06
0.91,1.45,0.000376295
0.91,1.46,0.000605735
0.91,1.47,0.00179775
0.91,1.48,5.00822e-06
0.91,1.49,0.000261373
0.91,1.5,0.000657751
0.91,1.51,0.00194159
0.91,1.52,0.00127375
0.91,1.53,9.23522e-07
0.91,1.54,0.00132316
0.91,1.55,0.000856504
0.91,1.56,0.0002114
0.91,1.57,0.000550263
0.91,1.58,0.00234215
0.91,1.59,0.000674497
0.91,1.6,0.00208768
0.91,1.61,0.00190044
0.91,1.62,0.000645563
0.91,1.63,1.78193e-05
0.91,1.64,0.00121904
0.91,1.65,0.000619825
0.91,1.66,0.000970472
0.91,1.67,0.000713587
0.91,1.68,0.000384062
0.91,1.69,0.000154483
0.91,1.7,9.94061e-05
0.91,1.71,0.000719817
0.91,1.72,0.000643526
0.91,1.73,0.000399195
0.91,1.74,0.0023909
0.91,1.75,0.000672127
0.91,1.76,0.00058376
0.91,1.77,3.6729e-05
0.91,1.78,0.000316189
0.91,1.79,0.000267833
0.91,1.8,0.00118536
0.91,1.81,3.07744e-05
0.91,1.82,0.000555947
0.91,1.83,0.00183823
0.91,1.84,0.0011229
0.91,1.85,0.00119046
0.91,1.86,0.000640957
0.91,1.87,0.000472568
0.91,1.88,0.00158117
0.91,1.89,0.000611619
0.91,1.9,0.0013941
0.91,1.91,0.00166343
0.91,1.92,0.000351825
0.91,1.93,0.000740359
0.91,1.94,0.000547732
0.91,1.95,0.000795907
0.91,1.96,0.00102497
0.91,1.97,0.000893139
0.91,1.98,1.6429e-05
0.91,1.99,0.00177127
0.91,2,0.00079987
0.91,2.01,2.51091e-06
0.91,2.02,0.000446571
0.91,2.03,0.00164934
0.91,2.04,0.000796093
0.91,2.05,9.16542e-05
0.91,2.06,0.0014371
0.91,2.07,0.00134349
0.91,2.08,0.00157635
0.91,2.09,0.00240957
0.91,2.1,0.001053
0.91,2.11,0.00104914
0.91,2.12,0.000958674
0.91,2.13,0.000329471
0.91,2.14,3.45862e-05
0.91,2.15,0.000687433
0.91,2.16,0.000626467
0.91,2.17,0.0011874
0.91,2.18,3.28446e-06
0.91,2.19,5.12682e-05
0.91,2.2,0.000639254
0.91,2.21,0.000862181
0.91,2.22,0.00125516
0.91,2.23,0.0012611
0.91,2.24,0.000198938
0.91,2.25,0.000660238
0.91,2.26,0.00129038
0.91,2.27,0.00103303
0.91,2.28,0.00202162
0.91,2.29,0.000834925
0.91,2.3,0.000770847
0.91,2.31,0.000404935
0.91,2.32,0.00137897
0.91,2.33,4.52524e-08
0.91,2.34,0.0004941
0.91,2.35,0.00201536
0.91,2.36,0.0006291
0.91,2.37,0.000718035
0.91,2.38,0.000476783
0.91,2.39,0.000994445
0.91,2.4,4.03552e-07
0.91,2.41,5.57363e-06
0.91,2.42,0.00228235
0.91,2.43,0.000401292
0.91,2.44,0.000640438
0.91,2.45,0.000245883
0.91,2.46,0.00119411
0.91,2.47,0.000311305
0.91,2.48,0.000596689
0.91,2.49,0.000618994
0.91,2.5,0.00078682
0.91,2.51,0.00116135
0.91,2.52,0.000689221
0.91,2.53,0.000706235
0.91,2.54,2.42072e-06
0.91,2.55,0.00072514
0.91,2.56,0.000888283
0.91,2.57,0.0010546
0.91,2.58,0.00217515
0.91,2.59,3.39488e-05
0.91,2.6,0.00111498
0.91,2.61,0.00100251
0.91,2.62,0.00057029
0.91,2.63,0.000424708
0.91,2.64,0.000364228
0.91,2.65,0.00066568
0.91,2.66,0.000712368
0.91,2.67,0.0011648
0.91,2.68,0.000792794
0.91,2.69,8.05766e-05
0.91,2.7,0.000793793
0.91,2.71,0.000702253
0.91,2.72,0.000662531
0.91,2.73,0.000437095
0.91,2.74,0.000467389
0.91,2.75,0.000103959
0.91,2.76,0.000751108
0.91,2.77,0.00140911
0.91,2.78,1.25641e-05
0.91,2.79,0.00130653
0.91,2.8,0.000866253
0.91,2.81,0.000457327
0.91,2.82,0.000303591
0.91,2.83,0.000711114
0.91,2.84,0.00159301
0.91,2.85,0.000479134
0.91,2.86,0.000121275
0.91,2.87,0.000103674
0.91,2.88,0.00115771
0.91,2.89,0.00082944
0.91,2.9,0.000988258
0.91,2.91,0.00136469
0.91,2.92,0.000251759
0.91,2.93,0.00011348
0.91,2.94,0.00118543
0.91,2.95,6.81323e-05
0.91,2.96,0.00031006
0.91,2.97,0.000398319
0.91,2.98,0.000661462
0.91,2.99,0.000883507
0.91,3,0.0013706
0.91,3.01,0.00076473
0.91,3.02,0.000147123
0.91,3.03,5.99055e-05
0.91,3.04,0.000703356
0.91,3.05,0.00084913
0.91,3.06,0.00121422
0.91,3.07,7.00474e-06
0.91,3.08,0.000880055
0.91,3.09,0.000839146
0.91,3.1,0.00132166
0.91,3.11,0.00118312
0.91,3.12,0.000925901
0.91,3.13,0.00140412
0.91,3.14,0.000318297
0.91,3.15,0.0018752
0.91,3.16,1.01213e-07
0.91,3.17,0.00075134
0.91,3.18,0.000504824
0.91,3.19,0.00257686
0.91,3.2,0.000582935
0.91,3.21,0.000594941
0.91,3.22,0.00136864
0.91,3.23,0.000601688
0.91,3.24,0.000530677
0.91,3.25,0.00124053
0.91,3.26,0.000645333
0.91,3.27,0.00108384
0.91,3.28,0.0016265
0.91,3.29,0.000198653
0.91,3.3,0.00162446
0.91,3.31,0.000830271
0.91,3.32,0.000695216
0.91,3.33,0.00180378
0.91,3.34,0.000838404
0.91,3.35,0.00077331
0.91,3.36,0.000581011
0.91,3.37,8.95958e-05
0.91,3.38,8.45857e-07
0.91,3.39,0.00059248
0.91,3.4,0.00131523
0.91,3.41,0.00167391
0.91,3.42,0.000272075
0.91,3.43,0.000470589
0.91,3.44,0.000990477
0.91,3.45,0.000171587
0.91,3.46,0.00218332
0.91,3.47,0.000118582
0.91,3.48,0.000946811
0.91,3.49,0.00178681
0.91,3.5,0.000681356
0.91,3.51,9.48483e-05
0.91,3.52,0.00109707
0.91,3.53,0.00130326
0.91,3.54,0.00182491
0.91,3.55,0.000426039
0.91,3.56,0.00127052
0.91,3.57,1.28035e-05
0.91,3.58,7.69869e-06
0.91,3.59,0.000511103
0.91,3.6,0.00119312
0.91,3.61,0.000179036
0.91,3.62,0.00115568
0.91,3.63,0.00114494
0.91,3.64,4.4842e-05
0.91,3.65,0.00176939
0.91,3.66,0.00148909
0.91,3.67,0.00154349
0.91,3.68,0.000659802
0.91,3.69,0.00028428
0.91,3.7,0.00127294
0.91,3.71,0.000832213
0.91,3.72,0.000385452
0.91,3.73,3.32855e-05
0.91,3.74,0.00119303
0.91,3.75,8.1604e-06
0.91,3.76,0.00104129
0.91,3.77,0.000700107
0.91,3.78,0.000114181
0.91,3.79,0.00112437
0.91,3.8,0.00322898
0.91,3.81,0.000993502
0.91,3.82,0.000285495
0.91,3.83,0.000258993
0.91,3.84,0.000257444
0.91,3.85,2.8175e-08
0.91,3.86,1.41901e-05
0.91,3.87,0.000812166
0.91,3.88,0.00100961
0.91,3.89,0.000734655
0.91,3.9,0.000207988
0.91,3.91,0.000538908
0.91,3.92,0.000667603
0.91,3.93,0.000990915
0.91,3.94,2.71433e-05
0.91,3.95,0.00112881
0.91,3.96,0.000544993
0.91,3.97,0.00209986
0.91,3.98,0.00108848
0.91,3.99,6.28222e-06
0.91,4,0.00116622
0.91,4.01,0.0011967
0.91,4.02,0.000577561
0.91,4.03,0.000197616
0.91,4.04,0.000520556
0.91,4.05,0.000984465
0.91,4.06,4.82293e-05
0.91,4.07,5.84158e-05
0.91,4.08,0.000917896
0.91,4.09,9.65321e-05
0.91,4.1,0.00137624
0.91,4.11,0.000378244
0.91,4.12,0.000546657
0.91,4.13,0.00125988
0.91,4.14,9.129e-05
0.91,4.15,0.000586701
0.91,4.16,0.000450798
0.91,4.17,0.000413324
0.91,4.18,0.00176208
0.91,4.19,0.00148804
0.91,4.2,0.00161052
0.91,4.21,1.16333e-05
0.91,4.22,0.00240579
0.91,4.23,0.000700572
0.91,4.24,0.000207556
0.91,4.25,0.000447647
0.91,4.26,0.00198146
0.91,4.27,0.00134867
0.91,4.28,0.00209445
0.91,4.29,0.000813185
0.91,4.3,0.000163329
0.91,4.31,0.000796952
0.91,4.32,0.0021157
0.91,4.33,0.0014513
0.91,4.34,0.00207144
0.91,4.35,0.000400681
0.91,4.36,0.000672404
0.91,4.37,0.000734797
0.91,4.38,0.00140313
0.91,4.39,0.000330276
0.91,4.4,5.11685e-06
0.91,4.41,7.82306e-06
0.91,4.42,0.00354566
0.91,4.43,0.000628186
0.91,4.44,0.000980676
0.91,4.45,0.000746928
0.91,4.46,0.00168346
0.91,4.47,0.000975302
0.91,4.48,0.000706654
0.91,4.49,0.000341924
0.91,4.5,7.13025e-08
0.91,4.51,0.000403781
0.91,4.52,0.000677559
0.91,4.53,0.000570537
0.91,4.54,5.83927e-07
0.91,4.55,0.000138063
0.91,4.56,0.000934382
0.91,4.57,0.00083605
0.91,4.58,0.00142638
0.91,4.59,0.000554834
0.91,4.6,0.000610731
0.91,4.61,9.04117e-05
0.91,4.62,0.000607485
0.91,4.63,0.000369358
0.91,4.64,0.000429618
0.91,4.65,1.51676e-05
0.91,4.66,0.000324893
0.91,4.67,0.000952246
0.91,4.68,0.00112204
0.91,4.69,0.000581736
0.91,4.7,0.000930405
0.91,4.71,0.0010262
0.91,4.72,0.000934591
0.91,4.73,0.00166848
0.91,4.74,0.000148637
0.91,4.75,0.00150215
0.91,4.76,0.000753575
0.91,4.77,0.00110558
0.91,4.78,0.00081722
0.91,4.79,9.83187e-05
0.91,4.8,0.00177445
0.91,4.81,0.000678074
0.91,4.82,0.000934959
0.91,4.83,0.000166912
0.91,4.84,0.0012504
0.91,4.85,0.00153053
0.91,4.86,0.00144237
0.91,4.87,0.000332842
0.91,4.88,0.00238231
0.91,4.89,0.000766947
0.91,4.9,4.19627e-05
0.91,4.91,0.00244786
0.91,4.92,9.10275e-09
0.91,4.93,0.00123977
0.91,4.94,0.00108628
0.91,4.95,0.00103112
0.91,4.96,0.000266884
0.91,4.97,0.000757045
0.91,4.98,0.00129467
0.91,4.99,0.0025073
0.91,5,0.000559605
0.91,5.01,0.000650383
0.91,5.02,2.94143e-06
0.91,5.03,0.00229971
0.91,5.04,0.000701762
0.91,5.05,0.000521927
0.91,5.06,0.000355433
0.91,5.07,0.00142511
0.91,5.08,9.82083e-06
0.91,5.09,0.00127043
0.91,5.1,0.00217548
0.91,5.11,0.000292128
0.91,5.12,0.0017951
0.91,5.13,0.00109785
0.91,5.14,0.000477161
0.91,5.15,0.000734305
0.91,5.16,0.000568107
0.91,5.17,8.09741e-05
0.91,5.18,0.00136615
0.91,5.19,0.000791996
0.91,5.2,0.000685952
0.91,5.21,0.000304867
0.91,5.22,0.00137789
0.91,5.23,0.000677754
0.91,5.24,2.08735e-05
0.91,5.25,0.00118658
0.91,5.26,0.00139196
0.91,5.27,4.76157e-05
0.91,5.28,7.53632e-05
0.91,5.29,0.000342406
0.91,5.3,0.000694436
0.91,5.31,0.000131017
0.91,5.32,0.000845008
0.91,5.33,0.000558565
0.91,5.34,0.000519138
0.91,5.35,0.00154994
0.91,5.36,0.000573581
0.91,5.37,4.85418e-05
0.91,5.38,0.000275037
0.91,5.39,0.000692251
0.91,5.4,0.00103198
0.91,5.41,2.955e-05
0.91,5.42,0.000359431
0.91,5.43,0.000385943
0.91,5.44,1.82851e-07
0.91,5.45,0.00114996
0.91,5.46,0.000628922
0.91,5.47,8.54468e-05
0.91,5.48,0.000376084
0.91,5.49,2.43052e-05
0.91,5.5,0.000151743
0.91,5.51,0.00141073
0.91,5.52,0.0013457
0.91,5.53,0.00147699
0.91,5.54,0.000904327
0.91,5.55,0.000642673
0.91,5.56,0.00228636
0.91,5.57,0.000824629
0.91,5.58,0.00157057
0.91,5.59,0.00187088
0.91,5.6,0.000965261
0.91,5.61,0.00162871
0.91,5.62,0.0017913
0.91,5.63,0.00172896
0.91,5.64,0.000989308
0.91,5.65,0.000569667
0.91,5.66,0.00110136
0.91,5.67,5.47302e-06
0.91,5.68,0.000919716
0.91,5.69,0.00138183
0.91,5.7,0.0022411
0.91,5.71,0.00022011
0.91,5.72,0.00147509
0.91,5.73,0.000162613
0.91,5.74,6.16328e-05
0.91,5.75,0.000722689
0.91,5.76,0.00107543
0.91,5.77,0.000510963
0.91,5.78,0.000146403
0.91,5.79,0.000211277
0.91,5.8,0.000680346
0.91,5.81,0.000720772
0.91,5.82,0.000129536
0.91,5.83,0.000210323
0.91,5.84,0.000525024
0.91,5.85,0.000544346
0.91,5.86,0.00130853
0.91,5.87,0.000624376
0.91,5.88,0.00010053
0.91,5.89,0.000161005
0.91,5.9,0.000190501
0.91,5.91,0.00152472
0.91,5.92,0.000156155
0.91,5.93,0.00162327
0.91,5.94,0.00148255
0.91,5.95,0.0004167
0.91,5.96,0.000123107
0.91,5.97,0.000781262
0.91,5.98,0.000412687
0.91,5.99,1.05768e-05
0.91,6,0.00110476
0.91,6.01,0.000457285
0.91,6.02,6.9668e-06
0.91,6.03,0.00119194
0.91,6.04,0.00166643
0.91,6.05,0.000719254
0.91,6.06,1.35266e-05
0.91,6.07,0.000382445
0.91,6.08,0.000478263
0.91,6.09,0.00104516
0.91,6.1,0.00103565
0.91,6.11,0.000449616
0.91,6.12,0.000281023
0.91,6.13,0.00180661
0.91,6.14,0.000684633
0.91,6.15,0.000335767
0.91,6.16,0.00103468
0.91,6.17,0.000523375
0.91,6.18,0.00214198
0.91,6.19,0.00137261
0.91,6.2,0.00109426
0.91,6.21,0.000633039
0.91,6.22,0.000612382
0.91,6.23,9.82244e-06
0.91,6.24,0.000124928
0.91,6.25,0.000251058
0.91,6.26,0.000784853
0.91,6.27,0.00164184
0.91,6.28,0.00135864
0.92,0,0.000602553
0.92,0.01,0.000240994
0.92,0.02,0.000518875
0.92,0.03,0.000422614
0.92,0.04,0.000699761
0.92,0.05,1.55446e-07
0.92,0.06,0.00105692
0.92,0.07,0.000697781
0.92,0.08,0.000904297
0.92,0.09,0.000301926
0.92,0.1,0.000337667
0.92,0.11,0.000376672
0.92,0.12,1.38898e-05
0.92,0.13,0.00103196
0.92,0.14,0.00121958
0.92,0.15,0.000966043
0.92,0.16,0.000164845
0.92,0.17,0.000512566
0.92,0.18,0.00115444
0.92,0.19,0.000768614
0.92,0.2,0.000374897
0.92,0.21,0.000260528
0.92,0.22,0.000337913
0.92,0.23,0.00126959
0.92,0.24,0.00101859
0.92,0.25,0.00165885
0.92,0.26,0.000751584
0.92,0.27,0.000516669
0.92,0.28,0.000479847
0.92,0.29,0.000259316
0.92,0.3,0.00120752
0.92,0.31,2.07735e-05
0.92,0.32,0.000360751
0.92,0.33,0.000682274
0.92,0.34,0.000322254
0.92,0.35,0.000103592
0.92,0.36,0.00013428
0.92,0.37,3.52095e-05
0.92,0.38,7.51982e-05
0.92,0.39,1.39456e-05
0.92,0.4,0.000808418
0.92,0.41,0.00147911
0.92,0.42,0.000276151
0.92,0.43,9.51407e-06
0.92,0.44,5.51544e-05
0.92,0.45,0.00124954
0.92,0.46,0.000199763
0.92,0.47,0.000694023
0.92,0.48,0.000262515
0.92,0.49,0.00138124
0.92,0.5,0.000547791
0.92,0.51,0.00036333
0.92,0.52,0.0028132
0.92,0.53,0.00119822
0.92,0.54,0.00108849
0.92,0.55,0.000387412
0.92,0.56,0.0012711
0.92,0.57,2.96987e-07
0.92,0.58,0.00016972
0.92,0.59,0.00101806
0.92,0.6,0.00227094
0.92,0.61,0.00148352
0.92,0.62,0.00295261
0.92,0.63,0.00185036
0.92,0.64,4.06278e-05
0.92,0.65,0.000135205
0.92,0.66,0.00270293
0.92,0.67,0.000760861
0.92,0.68,0.000142225
0.92,0.69,0.000827601
0.92,0.7,0.000140479
0.92,0.71,0.00137836
0.92,0.72,0.000409319
0.92,0.73,0.00147509
0.92,0.74,0.000458606
0.92,0.75,0.00133419
0.92,0.76,0.000428305
0.92,0.77,0.00150378
0.92,0.78,0.000648822
0.92,0.79,9.25443e-07
0.92,0.8,0.000877515
0.92,0.81,0.000542552
0.92,0.82,0.00125252
0.92,0.83,0.00034856
0.92,0.84,0.00135664
0.92,0.85,0.000773886
0.92,0.86,0.00110961
0.92,0.87,0.000487756
0.92,0.88,0.00084332
0.92,0.89,0.000599796
0.92,0.9,1.52438e-05
0.92,0.91,4.48435e-05
0.92,0.92,0.000640007
0.92,0.93,3.8092e-08
0.92,0.94,0.000743819
0.92,0.95,0.000688674
0.92,0.96,0.00187557
0.92,0.97,0.00116037
0.92,0.98,0.000437603
0.92,0.99,0.000225445
0.92,1,0.00108186
0.92,1.01,0.00161826
0.92,1.02,0.00103559
0.92,1.03,0.00170779
0.92,1.04,0.000579251
0.92,1.05,5.46492e-06
0.92,1.06,0.000705534
0.92,1.07,0.000645715
0.92,1.08,0.000338699
0.92,1.09,0.001007
0.92,1.1,0.000364716
0.92,1.11,0.000753435
0.92,1.12,0.000687185
0.92,1.13,0.00154928
0.92,1.14,0.000103968
0.92,1.15,6.79045e-05
0.92,1.16,0.000745673
0.92,1.17,0.00063628
0.92,1.18,0.00156048
0.92,1.19,0.000448847
0.92,1.2,0.000675984
0.92,1.21,0.00221054
0.92,1.22,0.00106027
0.92,1.23,0.000525812
0.92,1.24,3.76707e-05
0.92,1.25,0.00116917
0.92,1.26,0.00042556
0.92,1.27,0.00116963
0.92,1.28,0.000315098
0.92,1.29,0.0016186
0.92,1.3,0.00169784
0.92,1.31,0.00083761
0.92,1.32,0.00132861
0.92,1.33,0.00128014
0.92,1.34,0.00094992
0.92,1.35,0.000331393
0.92,1.36,0.00166353
0.92,1.37,0.00075339
0.92,1.38,0.000111977
0.92,1.39,0.000538321
0.92,1.4,0.000628407
0.92,1.41,0.00123445
0.92,1.42,0.00210645
0.92,1.43,0.000404507
0.92,1.44,2.77921e-06
0.92,1.45,0.000593954
0.92,1.46,0.00144551
0.92,1.47,0.000549981
0.92,1.48,0.000567196
0.92,1.49,0.000994002
0.92,1.5,0.00171939
0.92,1.51,0.00156372
0.92,1.52,0.000809088
0.92,1.53,0.00187465
0.92,1.54,0.000326884
0.92,1.55,2.65918e-05
0.92,1.56,0.00141144
0.92,1.57,0.00112871
0.92,1.58,0.000670527
0.92,1.59,0.00108997
0.92,1.6,0.000484865
0.92,1.61,0.00295472
0.92,1.62,0.000363772
0.92,1.63,0.00215353
0.92,1.64,1.30918e-05
0.92,1.65,0.00014462
0.92,1.66,0.000281405
0.92,1.67,0.000712416
0.92,1.68,0.00120836
0.92,1.69,0.000181963
0.92,1.7,0.000732958
0.92,1.71,0.00144603
0.92,1.72,0.00230108
0.92,1.73,0.000808215
0.92,1.74,0.0015124
0.92,1.75,5.86464e-07
0.92,1.76,0.00114442
0.92,1.77,9.99886e-05
0.92,1.78,0.00202399
0.92,1.79,0.00128914
0.92,1.8,0.000273519
0.92,1.81,0.00158703
0.92,1.82,0.000671642
0.92,1.83,0.001757
0.92,1.84,0.000482319
0.92,1.85,0.00131475
0.92,1.86,0.000820136
0.92,1.87,0.000813372
0.92,1.88,0.000901401
0.92,1.89,0.000489357
0.92,1.9,3.11126e-05
0.92,1.91,0.000617721
0.92,1.92,2.78446e-06
0.92,1.93,0.000838621
0.92,1.94,0.000732235
0.92,1.95,0.000148016
0.92,1.96,0.000846615
0.92,1.97,0.00137894
0.92,1.98,0.00214565
0.92,1.99,0.0010046
0.92,2,0.0005018
0.92,2.01,0.00203639
0.92,2.02,0.000925613
0.92,2.03,0.000323932
0.92,2.04,0.00165635
0.92,2.05,9.61268e-05
0.92,2.06,0.00182814
0.92,2.07,0.000834247
0.92,2.08,0.000340987
0.92,2.09,1.79515e-05
0.92,2.1,0.00114535
0.92,2.11,0.000573413
0.92,2.12,0.000699439
0.92,2.13,0.000994394
0.92,2.14,0.000685798
0.92,2.15,0.000297747
0.92,2.16,0.0013879
0.92,2.17,0.000139581
0.92,2.18,0.000451577
0.92,2.19,0.000803104
0.92,2.2,0.000846206
0.92,2.21,0.000749782
0.92,2.22,0.000679057
0.92,2.23,3.61831e-05
0.92,2.24,0.000523296
0.92,2.25,0.000136431
0.92,2.26,0.000698002
0.92,2.27,0.00113908
0.92,2.28,0.000276595
0.92,2.29,0.000770014
0.92,2.3,0.000865829
0.92,2.31,8.09072e-06
0.92,2.32,0.00241405
0.92,2.33,0.00012663
0.92,2.34,0.000688229
0.92,2.35,0.000546157
0.92,2.36,0.00148153
0.92,2.37,0.000764194
0.92,2.38,0.000947681
0.92,2.39,0.00141061
0.92,2.4,0.000353211
0.92,2.41,0.00071085
0.92,2.42,7.17937e-05
0.92,2.43,0.000901111
0.92,2.44,0.00194435
0.92,2.45,5.4479e-06
0.92,2.46,5.99654e-05
0.92,2.47,0.000701266
0.92,2.48,0.000352165
0.92,2.49,0.00112563
0.92,2.5,0.000784449
0.92,2.51,0.000606684
0.92,2.52,0.000695299
0.92,2.53,0.000819538
0.92,2.54,0.000750068
0.92,2.55,0.00128583
0.92,2.56,0.00123975
0.92,2.57,0.000109169
0.92,2.58,0.0018549
0.92,2.59,0.00251578
0.92,2.6,0.0001688
0.92,2.61,0.00011704
0.92,2.62,0.00127336
0.92,2.63,0.000925944
0.92,2.64,0.000524757
0.92,2.65,0.000261892
0.92,2.66,0.000513028
0.92,2.67,0.000212301
0.92,2.68,0.000867023
0.92,2.69,0.00044481
0.92,2.7,0.000787955
0.92,2.71,0.000751526
0.92,2.72,9.23387e-05
0.92,2.73,2.98346e-05
0.92,2.74,0.00147933
0.92,2.75,0.00136686
0.92,2.76,0.00072017
0.92,2.77,0.000728366
0.92,2.78,3.17629e-05
0.92,2.79,0.0015293
0.92,2.8,0.00104054
0.92,2.81,0.000205129
0.92,2.82,0.00120134
0.92,2.83,0.00149913
0.92,2.84,0.00232336
0.92,2.85,0.00123225
0.92,2.86,0.000374335
0.92,2.87,0.000883925
0.92,2.88,0.000809216
0.92,2.89,0.00160226
0.92,2.9,0.000733615
0.92,2.91,0.000845683
0.92,2.92,0.00154402
0.92,2.93,3.09244e-07
0.92,2.94,0.000669574
0.92,2.95,0.000938445
0.92,2.96,0.000651761
0.92,2.97,4.81666e-06
0.92,2.98,1.25407e-05
0.92,2.99,0.000439783
0.92,3,0.000681952
0.92,3.01,0.00128161
0.92,3.02,0.00068604
0.92,3.03,0.00141884
0.92,3.04,0.000655007
0.92,3.05,0.000227271
0.92,3.06,0.000491232
0.92,3.07,0.000230178
0.92,3.08,0.000540737
0.92,3.09,0.000219664
0.92,3.1,0.000778981
0.92,3.11,0.00188557
0.92,3.12,5.13706e-08
0.92,3.13,0.00122941
0.92,3.14,0.000889796
0.92,3.15,0.000885319
0.92,3.16,0.00122926
0.92,3.17,0.000103012
0.92,3.18,2.99377e-05
0.92,3.19,0.00069219
0.92,3.2,0.000771737
0.92,3.21,2.34364e-05
0.92,3.22,0.000445548
0.92,3.23,0.00125243
0.92,3.24,0.000132218
0.92,3.25,0.000718609
0.92,3.26,0.000950006
0.92,3.27,0.000720547
0.92,3.28,0.00107482
0.92,3.29,0.00109564
0.92,3.3,0.000135788
0.92,3.31,0.000889421
0.92,3.32,0.002579
0.92,3.33,5.34583e-05
0.92,3.34,0.000158843
0.92,3.35,0.000151807
0.92,3.36,0.000998965
0.92,3.37,0.00132103
0.92,3.38,0.000685439
0.92,3.39,0.000694497
0.92,3.4,0.000769742
0.92,3.41,0.000426534
0.92,3.42,0.00186961
0.92,3.43,0.000110457
0.92,3.44,0.000705799
0.92,3.45,0.000197817
0.92,3.46,0.000928876
0.92,3.47,0.00126413
0.92,3.48,0.000143008
0.92,3.49,0.00198177
0.92,3.5,0.00200391
0.92,3.51,0.000534548
0.92,3.52,0.0024187
0.92,3.53,0.00287823
0.92,3.54,0.000776324
0.92,3.55,0.000755195
0.92,3.56,4.11618e-07
0.92,3.57,0.000343847
0.92,3.58,0.000965256
0.92,3.59,0.000438205
0.92,3.6,0.00174418
0.92,3.61,0.000658605
0.92,3.62,0.000803763
0.92,3.63,0.000644503
0.92,3.64,0.000550327
0.92,3.65,0.000136719
0.92,3.66,0.000359277
0.92,3.67,0.000432201
0.92,3.68,0.000227959
0.92,3.69,0.00184254
0.92,3.7,0.00102844
0.92,3.71,0.000459084
0.92,3.72,0.001295
0.92,3.73,0.00120385
0.92,3.74,0.00129771
0.92,3.75,0.000564473
0.92,3.76,0.00121938
0.92,3.77,0.00154977
0.92,3.78,0.00211996
0.92,3.79,0.000147908
0.92,3.8,0.00048899
0.92,3.81,0.00039542
0.92,3.82,0.000925331
0.92,3.83,1.83384e-05
0.92,3.84,0.000847665
0.92,3.85,0.000828517
0.92,3.86,0.000833899
0.92,3.87,0.000790954
0.92,3.88,0.00260934
0.92,3.89,1.89367e-05
0.92,3.9,0.00129189
0.92,3.91,0.000246075
0.92,3.92,0.000818029
0.92,3.93,2.51571e-07
0.92,3.94,0.000986865
0.92,3.95,0.00127204
0.92,3.96,0.000328412
0.92,3.97,0.00125056
0.92,3.98,0.000913444
0.92,3.99,0.000816981
0.92,4,6.72515e-09
0.92,4.01,8.45526e-06
0.92,4.02,1.94072e-05
0.92,4.03,0.000601069
0.92,4.04,0.000244068
0.92,4.05,0.000300241
0.92,4.06,0.0013811
0.92,4.07,0.000661611
0.92,4.08,0.00036167
0.92,4.09,6.289e-05
0.92,4.1,0.000658675
0.92,4.11,0.00126129
0.92,4.12,0.000683998
0.92,4.13,0.00181684
0.92,4.14,0.000768247
0.92,4.15,0.00131646
0.92,4.16,0.000914852
0.92,4.17,0.000339816
0.92,4.18,0.000860619
0.92,4.19,0.00118878
0.92,4.2,0.00182023
0.92,4.21,0.000159385
0.92,4.22,0.000607136
0.92,4.23,0.00210763
0.92,4.24,2.14971e-05
0.92,4.25,5.47726e-05
0.92,4.26,0.00111177
0.92,4.27,0.00103957
0.92,4.28,0.000535293
0.92,4.29,0.00130679
0.92,4.3,0.000505993
0.92,4.31,0.0013391
0.92,4.32,0.000413068
0.92,4.33,0.00133862
0.92,4.34,0.000114932
0.92,4.35,0.00253374
0.92,4.36,0.000197368
0.92,4.37,0.00106535
0.92,4.38,7.78616e-06
0.92,4.39,8.95597e-05
0.92,4.4,0.000721664
0.92,4.41,0.000691313
0.92,4.42,0.000602347
0.92,4.43,0.0011286
0.92,4.44,0.000736719
0.92,4.45,0.000180009
0.92,4.46,0.000978922
0.92,4.47,0.00108275
0.92,4.48,0.000703215
0.92,4.49,0.000592355
0.92,4.5,0.000863874
0.92,4.51,0.000563533
0.92,4.52,0.00113716
0.92,4.53,0.000878266
0.92,4.54,0.00166203
0.92,4.55,0.00184194
0.92,4.56,0.00151345
0.92,4.57,0.0025683
0.92,4.58,0.000869247
0.92,4.59,9.42285e-09
0.92,4.6,4.45802e-05
0.92,4.61,0.000595776
0.92,4.62,0.000891394
0.92,4.63,6.20477e-05
0.92,4.64,5.49573e-06
0.92,4.65,0.000712547
0.92,4.66,0.0025615
0.92,4.67,0.000740303
0.92,4.68,0.00174084
0.92,4.69,7.25447e-05
0.92,4.7,0.00138545
0.92,4.71,0.000267779
0.92,4.72,8.04249e-05
0.92,4.73,2.22835e-05
0.92,4.74,0.000591086
0.92,4.75,0.00176294
0.92,4.76,1.75072e-05
0.92,4.77,0.000500903
0.92,4.78,0.000300485
0.92,4.79,0.000315415
0.92,4.8,0.0007149
0.92,4.81,0.000160671
0.92,4.82,0.00100861
0.92,4.83,1.65772e-05
0.92,4.84,0.00015914
0.92,4.85,0.0007038
0.92,4.86,0.00158214
0.92,4.87,0.000685022
0.92,4.88,0.000882918
0.92,4.89,0.000672237
0.92,4.9,0.000342744
0.92,4.91,0.000555373
0.92,4.92,0.000912251
0.92,4.93,0.000923926
0.92,4.94,0.000311528
0.92,4.95,6.50605e-05
0.92,4.96,0.000946415
0.92,4.97,1.15538e-06
0.92,4.98,0.000775755
0.92,4.99,0.000736106
0.92,5,0.000205024
0.92,5.01,0.000572427
0.92,5.02,0.00111839
0.92,5.03,0.00032067
0.92,5.04,0.000623659
0.92,5.05,0.00072789
0.92,5.06,0.00103774
0.92,5.07,0.00206116
0.92,5.08,2.33779e-07
0.92,5.09,0.000640384
0.92,5.1,0.00112049
0.92,5.11,0.00159927
0.92,5.12,0.000160635
0.92,5.13,0.00245442
0.92,5.14,0.000260539
0.92,5.15,0.000958806
0.92,5.16,0.00147501
0.92,5.17,0.00118083
0.92,5.18,0.00143802
0.92,5.19,0.00202648
0.92,5.2,0.00016178
0.92,5.21,0.00114651
0.92,5.22,0.00130164
0.92,5.23,0.000607757
0.92,5.24,0.00152407
0.92,5.25,0.00150815
0.92,5.26,0.000395927
0.92,5.27,0.000773167
0.92,5.28,0.00071892
0.92,5.29,0.00147887
0.92,5.3,0.00230085
0.92,5.31,0.00069621
0.92,5.32,0.000437696
0.92,5.33,0.00144767
0.92,5.34,0.000250257
0.92,5.35,0.000702243
0.92,5.36,3.62193e-06
0.92,5.37,3.67422e-05
0.92,5.38,1.34029e-05
0.92,5.39,0.000413598
0.92,5.4,0.000423455
0.92,5.41,0.00123347
0.92,5.42,0.00110034
0.92,5.43,0.00108829
0.92,5.44,0.000908483
0.92,5.45,0.000412274
0.92,5.46,0.000424443
0.92,5.47,1.53294e-07
0.92,5.48,0.000513378
0.92,5.49,0.00126163
0.92,5.5,0.00137462
0.92,5.51,0.00100916
0.92,5.52,0.00145871
0.92,5.53,0.00188116
0.92,5.54,0.00291006
0.92,5.55,0.000647794
0.92,5.56,0.000529052
0.92,5.57,0.00058645
0.92,5.58,0.00217277
0.92,5.59,0.000252474
0.92,5.6,0.000171482
0.92,5.61,0.000946953
0.92,5.62,0.00150518
0.92,5.63,0.000154773
0.92,5.64,0.0015136
0.92,5.65,0.00042216
0.92,5.66,0.00135592
0.92,5.67,0.000860184
0.92,5.68,0.00125277
0.92,5.69,0.000718424
0.92,5.7,0.000398301
0.92,5.71,0.00134094
0.92,5.72,0.000745587
0.92,5.73,0.000366557
0.92,5.74,0.00127629
0.92,5.75,0.00154033
0.92,5.76,0.000956768
0.92,5.77,0.00026217
0.92,5.78,0.000872999
0.92,5.79,0.000756849
0.92,5.8,0.00030792
0.92,5.81,0.000603702
0.92,5.82,0.00210675
0.92,5.83,0.00126884
0.92,5.84,0.00124038
0.92,5.85,0.000525476
0.92,5.86,0.000391695
0.92,5.87,0.000272351
0.92,5.88,5.46045e-06
0.92,5.89,0.000308075
0.92,5.9,0.000901624
0.92,5.91,0.00217245
0.92,5.92,0.000409275
0.92,5.93,0.000717281
0.92,5.94,0.00060843
0.92,5.95,0.000636066
0.92,5.96,0.000407328
0.92,5.97,0.000604674
0.92,5.98,0.000129088
0.92,5.99,0.000685861
0.92,6,3.95342e-06
0.92,6.01,0.000680885
0.92,6.02,0.00079027
0.92,6.03,0.000969751
0.92,6.04,0.000233827
0.92,6.05,0.000130905
0.92,6.06,0.000753155
0.92,6.07,0.00120981
0.92,6.08,0.000771536
0.92,6.09,0.0011545
0.92,6.1,0.000219764
0.92,6.11,0.000736715
0.92,6.12,7.63812e-05
0.92,6.13,3.31872e-05
0.92,6.14,0.00014182
0.92,6.15,7.39891e-06
0.92,6.16,0.000364855
0.92,6.17,0.00175207
0.92,6.18,0.000642462
0.92,6.19,0.000220707
0.92,6.2,0.00165788
0.92,6.21,0.00161905
0.92,6.22,0.000648458
0.92,6.23,0.00130299
0.92,6.24,0.00137231
0.92,6.25,0.000508359
0.92,6.26,0.00170061
0.92,6.27,0.00109067
0.92,6.28,0.00199849
0.93,0,0.000114573
0.93,0.01,3.50273e-05
0.93,0.02,2.32899e-05
0.93,0.03,0.000271318
0.93,0.04,0.00134317
0.93,0.05,0.000362529
0.93,0.06,0.00203443
0.93,0.07,0.00120615
0.93,0.08,0.000748475
0.93,0.09,0.000587108
0.93,0.1,0.00031026
0.93,0.11,0.000742174
0.93,0.12,0.000702976
0.93,0.13,6.77142e-05
0.93,0.14,0.000758275
0.93,0.15,0.00120821
0.93,0.16,6.63958e-07
0.93,0.17,0.000926613
0.93,0.18,0.00112717
0.93,0.19,0.001113
0.93,0.2,0.000781736
0.93,0.21,4.15133e-05
0.93,0.22,0.000189097
0.93,0.23,2.74028e-05
0.93,0.24,0.000464014
0.93,0.25,0.00158163
0.93,0.26,0.00050931
0.93,0.27,0.000701431
0.93,0.28,0.000314705
0.93,0.29,0.00131968
0.93,0.3,2.07918e-06
0.93,0.31,0.00058971
0.93,0.32,0.000958952
0.93,0.33,0.000171985
0.93,0.34,0.00198806
0.93,0.35,0.00113113
0.93,0.36,0.000668251
0.93,0.37,0.00106139
0.93,0.38,0.00054585
0.93,0.39,0.00130692
0.93,0.4,0.00108553
0.93,0.41,0.000376345
0.93,0.42,0.000118788
0.93,0.43,0.000776438
0.93,0.44,0.00286508
0.93,0.45,0.000290975
0.93,0.46,0.00059453
0.93,0.47,0.000643652
0.93,0.48,0.000735241
0.93,0.49,0.00106642
0.93,0.5,0.000655552
0.93,0.51,0.000287455
0.93,0.52,0.000802643
0.93,0.53,0.00120802
0.93,0.54,0.000678083
0.93,0.55,0.00114565
0.93,0.56,0.000103772
0.93,0.57,0.000804767
0.93,0.58,0.00107052
0.93,0.59,0.000132022
0.93,0.6,0.000277289
0.93,0.61,0.000483308
0.93,0.62,0.00110171
0.93,0.63,0.000608867
0.93,0.64,0.00015882
0.93,0.65,0.00199105
0.93,0.66,0.000482291
0.93,0.67,0.00110694
0.93,0.68,0.00114243
0.93,0.69,0.000586726
0.93,0.7,3.85225e-05
0.93,0.71,0.00040245
0.93,0.72,0.00176933
0.93,0.73,6.52561e-07
0.93,0.74,0.000327576
0.93,0.75,0.00155105
0.93,0.76,0.000890587
0.93,0.77,0.00143369
0.93,0.78,0.000799159
0.93,0.79,0.000975823
0.93,0.8,0.000960154
0.93,0.81,0.0007808
0.93,0.82,0.00208511
0.93,0.83,0.000810903
0.93,0.84,0.000574963
0.93,0.85,0.000535521
0.93,0.86,0.000600188
0.93,0.87,0.000121588
0.93,0.88,0.000660704
0.93,0.89,0.000105134
0.93,0.9,0.000403527
0.93,0.91,0.000270727
0.93,0.92,0.00115449
0.93,0.93,4.30746e-05
0.93,0.94,0.000678222
0.93,0.95,0.000328559
0.93,0.96,0.00020938
0.93,0.97,0.00177806
0.93,0.98,0.000361599
0.93,0.99,0.000115436
0.93,1,0.000890216
0.93,1.01,0.00237503
0.93,1.02,0.000546077
0.93,1.03,0.00076185
0.93,1.04,0.0016599
0.93,1.05,0.000207326
0.93,1.06,0.000955613
0.93,1.07,0.00168916
0.93,1.08,0.000190577
0.93,1.09,0.000111704
0.93,1.1,0.000948686
0.93,1.11,4.00677e-05
0.93,1.12,4.42259e-05
0.93,1.13,0.000286685
0.93,1.14,0.000547817
0.93,1.15,0.000925
0.93,1.16,0.000764435
0.93,1.17,0.00120426
0.93,1.18,0.000982445
0.93,1.19,0.000713447
0.93,1.2,0.000996822
0.93,1.21,0.000536755
0.93,1.22,0.000431033
0.93,1.23,0.00125589
0.93,1.24,0.00105806
0.93,1.25,0.000592064
0.93,1.26,0.000248619
0.93,1.27,0.000593975
0.93,1.28,9.20025e-06
0.93,1.29,0.00037981
0.93,1.3,0.000895069
0.93,1.31,0.000464657
0.93,1.32,0.000577276
0.93,1.33,0.00080389
0.93,1.34,0.00034445
0.93,1.35,0.000148106
0.93,1.36,0.000176166
0.93,1.37,0.000115014
0.93,1.38,0.00210705
0.93,1.39,0.000770213
0.93,1.4,0.00174623
0.93,1.41,0.000495337
0.93,1.42,0.00020059
0.93,1.43,0.00119404
0.93,1.44,0.000323375
0.93,1.45,0.00112933
0.93,1.46,0.000515895
0.93,1.47,0.000654402
0.93,1.48,8.37284e-06
0.93,1.49,0.000912119
0.93,1.5,0.000488084
0.93,1.51,0.000662842
0.93,1.52,0.000596799
0.93,1.53,0.00169025
0.93,1.54,0.000141446
0.93,1.55,0.000876265
0.93,1.56,0.00164292
0.93,1.57,0.000718691
0.93,1.58,0.000138209
0.93,1.59,0.000123474
0.93,1.6,0.00232221
0.93,1.61,0.000535063
0.93,1.62,0.000756576
0.93,1.63,0.00108708
0.93,1.64,0.000701325
0.93,1.65,0.00114551
0.93,1.66,0.000166052
0.93,1.67,0.000183828
0.93,1.68,4.51601e-05
0.93,1.69,4.03932e-06
0.93,1.7,1.35975e-05
0.93,1.71,0.000140052
0.93,1.72,0.00131734
0.93,1.73,0.00040548
0.93,1.74,0.00139653
0.93,1.75,0.000208494
0.93,1.76,0.00151628
0.93,1.77,0.00115513
0.93,1.78,0.000655434
0.93,1.79,0.00116697
0.93,1.8,0.00183174
0.93,1.81,0.000869892
0.93,1.82,0.00046222
0.93,1.83,0.00154778
0.93,1.84,0.00019263
0.93,1.85,0.0010786
0.93,1.86,0.00141877
0.93,1.87,0.000466798
0.93,1.88,0.00129933
0.93,1.89,0.000745674
0.93,1.9,0.000218121
0.93,1.91,0.00116133
0.93,1.92,0.000104451
0.93,1.93,0.000993646
0.93,1.94,0.00158561
0.93,1.95,0.000245104
0.93,1.96,0.0021735
0.93,1.97,0.00211517
0.93,1.98,0.000139732
0.93,1.99,0.00109229
0.93,2,0.00175634
0.93,2.01,0.0015007
0.93,2.02,0.000613862
0.93,2.03,0.000708061
0.93,2.04,0.000155486
0.93,2.05,0.00211978
0.93,2.06,0.00181054
0.93,2.07,9.50343e-05
0.93,2.08,0.000126808
0.93,2.09,0.00135975
0.93,2.1,0.000969735
0.93,2.11,0.000189608
0.93,2.12,0.00161819
0.93,2.13,0.0020376
0.93,2.14,0.000386097
0.93,2.15,0.000618911
0.93,2.16,0.00171705
0.93,2.17,0.000831651
0.93,2.18,0.00171215
0.93,2.19,5.88064e-06
0.93,2.2,0.000754346
0.93,2.21,0.0002814
0.93,2.22,1.19269e-05
0.93,2.23,0.00122307
0.93,2.24,5.92882e-05
0.93,2.25,0.00114308
0.93,2.26,0.000695212
0.93,2.27,0.000639762
0.93,2.28,0.000477347
0.93,2.29,0.000699078
0.93,2.3,0.000683418
0.93,2.31,0.00117893
0.93,2.32,0.000750372
0.93,2.33,0.000149541
0.93,2.34,0.000630364
0.93,2.35,0.000302666
0.93,2.36,0.000825986
0.93,2.37,0.000573469
0.93,2.38,0.000775132
0.93,2.39,0.0019823
0.93,2.4,0.00076326
0.93,2.41,0.0016461
0.93,2.42,0.00187987
0.93,2.43,0.00210855
0.93,2.44,0.000834636
0.93,2.45,0.00159742
0.93,2.46,0.00162874
0.93,2.47,6.62211e-06
0.93,2.48,0.000153206
0.93,2.49,0.00103905
0.93,2.5,0.0016095
0.93,2.51,0.00119491
0.93,2.52,0.0015844
0.93,2.53,0.000856273
0.93,2.54,0.00112844
0.93,2.55,0.000855175
0.93,2.56,0.00115112
0.93,2.57,0.000503422
0.93,2.58,0.00138021
0.93,2.59,0.00229006
0.93,2.6,0.000203952
0.93,2.61,1.15409e-05
0.93,2.62,0.000778557
0.93,2.63,0.000400539
0.93,2.64,0.00234008
0.93,2.65,0.00111738
0.93,2.66,0.00168886
0.93,2.67,0.000576549
0.93,2.68,0.000928258
0.93,2.69,0.000530539
0.93,2.7,0.00111974
0.93,2.71,0.000840667
0.93,2.72,0.00170868
0.93,2.73,0.00110662
0.93,2.74,0.00077025
0.93,2.75,0.000432899
0.93,2.76,0.00102566
0.93,2.77,0.00140882
0.93,2.78,0.00105963
0.93,2.79,0.000701558
0.93,2.8,0.000868008
0.93,2.81,0.00142625
0.93,2.82,0.000138001
0.93,2.83,0.000844641
0.93,2.84,0.000530259
0.93,2.85,0.00182891
0.93,2.86,0.000733952
0.93,2.87,0.000630001
0.93,2.88,0.0014781
0.93,2.89,0.000187397
0.93,2.9,0.00082232
0.93,2.91,0.000105624
0.93,2.92,0.000990095
0.93,2.93,0.00113595
0.93,2.94,0.00168983
0.93,2.95,0.00120039
0.93,2.96,8.11519e-08
0.93,2.97,0.00115596
0.93,2.98,2.78782e-05
0.93,2.99,0.0010768
0.93,3,0.000292332
0.93,3.01,0.00190704
0.93,3.02,5.20051e-05
0.93,3.03,0.000679654
0.93,3.04,0.000108431
0.93,3.05,0.000165489
0.93,3.06,8.03521e-05
0.93,3.07,0.000344669
0.93,3.08,0.000397766
0.93,3.09,0.000699603
0.93,3.1,0.000420368
0.93,3.11,0.000231864
0.93,3.12,0.000933231
0.93,3.13,0.000128665
0.93,3.14,0.000116293
0.93,3.15,0.0001655
0.93,3.16,0.000219728
0.93,3.17,0.00134176
0.93,3.18,0.000345267
0.93,3.19,1.68254e-05
0.93,3.2,0.000582084
0.93,3.21,0.000695107
0.93,3.22,0.00107403
0.93,3.23,0.0011914
0.93,3.24,0.000673706
0.93,3.25,6.51115e-05
0.93,3.26,0.00121106
0.93,3.27,0.000158587
0.93,3.28,0.000887475
0.93,3.29,0.000617777
0.93,3.3,0.000897609
0.93,3.31,1.43362e-05
0.93,3.32,7.03673e-05
0.93,3.33,0.00058537
0.93,3.34,0.00031812
0.93,3.35,7.88533e-05
0.93,3.36,0.000895461
0.93,3.37,0.00136504
0.93,3.38,0.00034765
0.93,3.39,0.000719268
0.93,3.4,0.00103687
0.93,3.41,0.000898698
0.93,3.42,1.34925e-05
0.93,3.43,0.00255156
0.93,3.44,0.000714637
0.93,3.45,0.000836127
0.93,3.46,0.0010448
0.93,3.47,4.11495e-06
0.93,3.48,0.00139774
0.93,3.49,3.3332e-05
0.93,3.5,0.00081431
0.93,3.51,0.00049376
0.93,3.52,0.000524674
0.93,3.53,0.000795262
0.93,3.54,8.63261e-06
0.93,3.55,0.00124795
0.93,3.56,0.00107672
0.93,3.57,0.00108905
0.93,3.58,0.000399568
0.93,3.59,0.000816728
0.93,3.6,0.000401389
0.93,3.61,0.000315426
0.93,3.62,0.000469296
0.93,3.63,8.53549e-05
0.93,3.64,0.000585024
0.93,3.65,0.000613134
0.93,3.66,9.92544e-07
0.93,3.67,0.000690754
0.93,3.68,0.000769395
0.93,3.69,5.43326e-05
0.93,3.7,0.000320909
0.93,3.71,0.000158174
0.93,3.72,0.0003657
0.93,3.73,0.00116184
0.93,3.74,0.00165426
0.93,3.75,0.00103587
0.93,3.76,0.000684481
0.93,3.77,0.000353557
0.93,3.78,1.52475e-05
0.93,3.79,3.12042e-05
0.93,3.8,0.000938725
0.93,3.81,0.00101652
0.93,3.82,0.000745782
0.93,3.83,0.000995343
0.93,3.84,9.27436e-06
0.93,3.85,0.000260313
0.93,3.86,0.00107307
0.93,3.87,7.79209e-05
0.93,3.88,7.32221e-05
0.93,3.89,0.000566765
0.93,3.9,0.000362574
0.93,3.91,0.000101965
0.93,3.92,0.000511393
0.93,3.93,0.00186921
0.93,3.94,0.000536863
0.93,3.95,0.000115754
0.93,3.96,9.77231e-05
0.93,3.97,0.000966262
0.93,3.98,5.54551e-05
0.93,3.99,0.00198043
0.93,4,0.00174615
0.93,4.01,0.00178544
0.93,4.02,0.000345418
0.93,4.03,6.15896e-06
0.93,4.04,0.00162274
0.93,4.05,0.00132982
0.93,4.06,0.00174087
0.93,4.07,0.00144131
0.93,4.08,0.000714939
0.93,4.09,0.00061359
0.93,4.1,0.000905302
0.93,4.11,0.00238312
0.93,4.12,0.000401134
0.93,4.13,0.0008559
0.93,4.14,0.000103347
0.93,4.15,0.000346108
0.93,4.16,0.000338412
0.93,4.17,0.00158251
0.93,4.18,0.000948169
0.93,4.19,0.000465002
0.93,4.2,0.00217206
0.93,4.21,0.000284128
0.93,4.22,0.000168575
0.93,4.23,0.00126371
0.93,4.24,0.000942872
0.93,4.25,0.000398235
0.93,4.26,0.000138156
0.93,4.27,0.00153446
0.93,4.28,1.53191e-05
0.93,4.29,8.31537e-05
0.93,4.3,0.00173527
0.93,4.31,0.00206441
0.93,4.32,7.28347e-06
0.93,4.33,0.00168928
0.93,4.34,2.03986e-05
0.93,4.35,0.00246706
0.93,4.36,0.000607774
0.93,4.37,0.000560889
0.93,4.38,0.000461906
0.93,4.39,0.00181606
0.93,4.4,0.00131085
0.93,4.41,0.00095283
0.93,4.42,0.00237747
0.93,4.43,0.000143051
0.93,4.44,0.000807031
0.93,4.45,0.000153554
0.93,4.46,0.00015347
0.93,4.47,0.00176091
0.93,4.48,0.000495645
0.93,4.49,0.00135733
0.93,4.5,0.000312547
0.93,4.51,0.00122408
0.93,4.52,0.000621281
0.93,4.53,0.000855749
0.93,4.54,0.000654745
0.93,4.55,0.00131299
0.93,4.56,0.000788597
0.93,4.57,0.000436831
0.93,4.58,1.91322e-05
0.93,4.59,0.000516462
0.93,4.6,0.00156507
0.93,4.61,0.000553777
0.93,4.62,0.000464336
0.93,4.63,5.27257e-06
0.93,4.64,0.000355097
0.93,4.65,0.000557454
0.93,4.66,0.000510929
0.93,4.67,0.000476904
0.93,4.68,0.000680127
0.93,4.69,0.000468831
0.93,4.7,0.00101162
0.93,4.71,0.00129513
0.93,4.72,0.000669613
0.93,4.73,8.4785e-05
0.93,4.74,0.000574929
0.93,4.75,0.000686464
0.93,4.76,0.00104647
0.93,4.77,0.00085109
0.93,4.78,0.000471819
0.93,4.79,0.000288723
0.93,4.8,0.000847083
0.93,4.81,0.00135247
0.93,4.82,0.000944154
0.93,4.83,0.00115967
0.93,4.84,0.000377013
0.93,4.85,1.07368e-07
0.93,4.86,5.46853e-05
0.93,4.87,0.000674744
0.93,4.88,0.00100904
0.93,4.89,0.000639845
0.93,4.9,0.00059047
0.93,4.91,0.000415238
0.93,4.92,0.000494367
0.93,4.93,2.21782e-05
0.93,4.94,3.07323e-06
0.93,4.95,0.000176611
0.93,4.96,3.19253e-06
0.93,4.97,0.00061869
0.93,4.98,0.000917708
0.93,4.99,0.00170479
0.93,5,0.00108922
0.93,5.01,0.000408376
0.93,5.02,0.000794315
0.93,5.03,3.35122e-06
0.93,5.04,0.000776546
0.93,5.05,0.00185921
0.93,5.06,0.00109509
0.93,5.07,0.00012866
0.93,5.08,0.000358892
0.93,5.09,0.00183613
0.93,5.1,6.5041e-05
0.93,5.11,0.000749311
0.93,5.12,9.67679e-05
0.93,5.13,5.13565e-06
0.93,5.14,0.000190836
0.93,5.15,0.000834651
0.93,5.16,0.00126819
0.93,5.17,0.000802955
0.93,5.18,0.000751352
0.93,5.19,0.000933675
0.93,5.2,0.00191512
0.93,5.21,0.000422997
0.93,5.22,0.00144116
0.93,5.23,0.000205634
0.93,5.24,0.00134918
0.93,5.25,0.000345131
0.93,5.26,0.000421174
0.93,5.27,0.00129529
0.93,5.28,0.000641283
0.93,5.29,7.67007e-06
0.93,5.3,0.000867656
0.93,5.31,2.26394e-05
0.93,5.32,0.00118904
0.93,5.33,8.88503e-05
0.93,5.34,0.000916889
0.93,5.35,0.00077478
0.93,5.36,0.000883885
0.93,5.37,7.11951e-06
0.93,5.38,0.00115967
0.93,5.39,0.000462958
0.93,5.4,0.00151415
0.93,5.41,0.000994247
0.93,5.42,0.000605914
0.93,5.43,0.00170062
0.93,5.44,0.000819782
0.93,5.45,0.00152655
0.93,5.46,0.00114907
0.93,5.47,0.000232415
0.93,5.48,0.000700367
0.93,5.49,0.0014504
0.93,5.5,0.000803148
0.93,5.51,0.00108379
0.93,5.52,0.000746325
0.93,5.53,0.000647134
0.93,5.54,0.00055832
0.93,5.55,1.00125e-06
0.93,5.56,0.000616984
0.93,5.57,3.19561e-05
0.93,5.58,0.000486314
0.93,5.59,0.000467251
0.93,5.6,0.00112779
0.93,5.61,0.00201933
0.93,5.62,0.000379605
0.93,5.63,0.00128371
0.93,5.64,0.000940543
0.93,5.65,0.000273178
0.93,5.66,0.00119418
0.93,5.67,0.000914017
0.93,5.68,0.000549611
0.93,5.69,0.000807555
0.93,5.7,0.000407153
0.93,5.71,0.00130713
0.93,5.72,0.0012543
0.93,5.73,0.00263599
0.93,5.74,0.000681455
0.93,5.75,0.00143235
0.93,5.76,0.00133105
0.93,5.77,0.00161936
0.93,5.78,0.000786401
0.93,5.79,0.0003408
0.93,5.8,0.00040002
0.93,5.81,0.00146907
0.93,5.82,0.00111663
0.93,5.83,0.00138657
0.93,5.84,0.0020834
0.93,5.85,0.000541684
0.93,5.86,0.001205
0.93,5.87,0.00170282
0.93,5.88,0.000473661
0.93,5.89,0.000684461
0.93,5.9,0.000101213
0.93,5.91,0.000893741
0.93,5.92,0.000376248
0.93,5.93,0.00122557
0.93,5.94,0.00247693
0.93,5.95,0.000689222
0.93,5.96,0.00103878
0.93,5.97,0.000120635
0.93,5.98,0.00152845
0.93,5.99,0.00109926
0.93,6,0.00117827
0.93,6.01,5.92171e-06
0.93,6.02,0.00114824
0.93,6.03,0.000758629
0.93,6.04,0.000927335
0.93,6.05,0.00152283
0.93,6.06,0.00207077
0.93,6.07,0.000412924
0.93,6.08,0.000721636
0.93,6.09,0.000736446
0.93,6.1,0.00135736
0.93,6.11,0.000614627
0.93,6.12,0.00108334
0.93,6.13,2.38575e-05
0.93,6.14,0.000685183
0.93,6.15,0.000788717
0.93,6.16,0.000584729
0.93,6.17,0.000860973
0.93,6.18,0.00054361
0.93,6.19,0.000661242
0.93,6.2,0.000678385
0.93,6.21,0.000786466
0.93,6.22,0.000210082
0.93,6.23,0.000183533
0.93,6.24,9.43463e-06
0.93,6.25,0.00182194
0.93,6.26,0.000921489
0.93,6.27,5.28919e-05
0.93,6.28,0.00225541
0.94,0,0.000203213
0.94,0.01,0.000549842
0.94,0.02,0.00273043
0.94,0.03,0.000441227
0.94,0.04,7.28945e-05
0.94,0.05,0.002278
0.94,0.06,0.00209674
0.94,0.07,0.00134358
0.94,0.08,0.00272729
0.94,0.09,0.000322116
0.94,0.1,0.000212354
0.94,0.11,0.00204178
0.94,0.12,0.000892471
0.94,0.13,0.000598064
0.94,0.14,0.000934413
0.94,0.15,0.00152003
0.94,0.16,3.02911e-05
0.94,0.17,0.000785383
0.94,0.18,6.69271e-05
0.94,0.19,0.00160308
0.94,0.2,0.000281812
0.94,0.21,0.00091911
0.94,0.22,0.00057433
0.94,0.23,0.00159151
0.94,0.24,0.000642368
0.94,0.25,0.000311305
0.94,0.26,0.00116631
0.94,0.27,0.000377634
0.94,0.28,0.000735115
0.94,0.29,0.0013434
0.94,0.3,0.000116688
0.94,0.31,4.85036e-05
0.94,0.32,0.000200401
0.94,0.33,0.000639303
0.94,0.34,0.000577975
0.94,0.35,0.000942665
0.94,0.36,0.000413215
0.94,0.37,0.000598946
0.94,0.38,0.000539523
0.94,0.39,0.000244801
0.94,0.4,0.00138464
0.94,0.41,0.0022344
0.94,0.42,0.00103159
0.94,0.43,0.000475576
0.94,0.44,0.000524611
0.94,0.45,0.000313701
0.94,0.46,0.0010691
0.94,0.47,0.00117375
0.94,0.48,0.000107371
0.94,0.49,0.00142778
0.94,0.5,0.00130627
0.94,0.51,0.00168004
0.94,0.52,0.00115905
0.94,0.53,0.000253617
0.94,0.54,0.000214813
0.94,0.55,0.00165734
0.94,0.56,0.000986994
0.94,0.57,0.0018418
0.94,0.58,0.00118244
0.94,0.59,0.00192506
0.94,0.6,0.00235697
0.94,0.61,1.60511e-06
0.94,0.62,0.00102029
0.94,0.63,0.00122962
0.94,0.64,0.000674576
0.94,0.65,0.000599139
0.94,0.66,0.000887568
0.94,0.67,0.000466996
0.94,0.68,0.000410349
0.94,0.69,6.83482e-05
0.94,0.7,0.00112806
0.94,0.71,0.000715883
0.94,0.72,0.000120399
0.94,0.73,0.000985872
0.94,0.74,0.000196737
0.94,0.75,0.000675893
0.94,0.76,0.000234683
0.94,0.77,0.000791205
0.94,0.78,0.00140267
0.94,0.79,0.000323745
0.94,0.8,0.00062618
0.94,0.81,0.000335751
0.94,0.82,0.000547917
0.94,0.83,8.34094e-05
0.94,0.84,0.000261083
0.94,0.85,0.000644872
0.94,0.86,0.00119282
0.94,0.87,0.000124078
0.94,0.88,0.000980671
0.94,0.89,0.00175302
0.94,0.9,0.00148925
0.94,0.91,0.000864582
0.94,0.92,0.00239442
0.94,0.93,4.94486e-06
0.94,0.94,0.000728897
0.94,0.95,3.09813e-05
0.94,0.96,0.00110438
0.94,0.97,5.96337e-05
0.94,0.98,0.000151017
0.94,0.99,0.00109228
0.94,1,2.33246e-06
0.94,1.01,0.000129421
0.94,1.02,0.00167748
0.94,1.03,0.00137713
0.94,1.04,0.000741687
0.94,1.05,0.000783857
0.94,1.06,0.000442724
0.94,1.07,0.000964976
0.94,1.08,0.00093091
0.94,1.09,0.000520462
0.94,1.1,0.000938805
0.94,1.11,0.000955756
0.94,1.12,0.00196071
0.94,1.13,0.000132656
0.94,1.14,0.000954968
0.94,1.15,0.0015194
0.94,1.16,0.000150212
0.94,1.17,1.39922e-05
0.94,1.18,0.000654026
0.94,1.19,0.00064002
0.94,1.2,1.74573e-07
0.94,1.21,0.00136982
0.94,1.22,0.000726345
0.94,1.23,0.00135158
0.94,1.24,0.00104867
0.94,1.25,0.000246172
0.94,1.26,0.00171932
0.94,1.27,0.000686748
0.94,1.28,0.000297597
0.94,1.29,0.000619967
0.94,1.3,0.00173701
0.94,1.31,0.00134316
0.94,1.32,0.000283872
0.94,1.33,0.00122285
0.94,1.34,0.00106183
0.94,1.35,0.00068906
0.94,1.36,0.00135909
0.94,1.37,6.41185e-05
0.94,1.38,0.00224314
0.94,1.39,0.00174884
0.94,1.4,5.60935e-05
0.94,1.41,0.00168959
0.94,1.42,0.00076479
0.94,1.43,0.000528275
0.94,1.44,0.00127543
0.94,1.45,0.000662706
0.94,1.46,0.000599283
0.94,1.47,0.000604274
0.94,1.48,0.00179176
0.94,1.49,0.00112501
0.94,1.5,0.000694095
0.94,1.51,0.00183068
0.94,1.52,5.21677e-05
0.94,1.53,0.00119355
0.94,1.54,0.000749839
0.94,1.55,0.000599436
0.94,1.56,0.0001064
0.94,1.57,0.000238309
0.94,1.58,0.000659157
0.94,1.59,0.00259047
0.94,1.6,0.000221855
0.94,1.61,0.00145454
0.94,1.62,0.00113151
0.94,1.63,0.000878211
0.94,1.64,0.000815453
0.94,1.65,5.73663e-05
0.94,1.66,0.0002932
0.94,1.67,0.000520604
0.94,1.68,0.000444964
0.94,1.69,0.000438142
0.94,1.7,0.000847864
0.94,1.71,0.000632491
0.94,1.72,0.00138759
0.94,1.73,0.00181733
0.94,1.74,0.000724592
0.94,1.75,0.00168904
0.94,1.76,0.00162884
0.94,1.77,0.00114366
0.94,1.78,0.000395269
0.94,1.79,0.00114727
0.94,1.8,0.000406274
0.94,1.81,0.00100012
0.94,1.82,4.58638e-05
0.94,1.83,0.00140681
0.94,1.84,0.00135974
0.94,1.85,0.000521738
0.94,1.86,0.000995905
0.94,1.87,0.000894475
0.94,1.88,0.000634306
0.94,1.89,0.0025363
0.94,1.9,7.40882e-05
0.94,1.91,0.000689604
0.94,1.92,1.16137e-05
0.94,1.93,0.00115379
0.94,1.94,0.00181185
0.94,1.95,0.000200406
0.94,1.96,0.00065604
0.94,1.97,0.000803113
0.94,1.98,0.00030677
0.94,1.99,2.49361e-05
0.94,2,3.01152e-05
0.94,2.01,0.00223254
0.94,2.02,0.000603229
0.94,2.03,0.000493772
0.94,2.04,7.45791e-05
0.94,2.05,1.17676e-05
0.94,2.06,0.00170398
0.94,2.07,0.00079803
0.94,2.08,0.00121836
0.94,2.09,0.00203157
0.94,2.1,0.00113711
0.94,2.11,0.000719902
0.94,2.12,0.00110386
0.94,2.13,0.000773224
0.94,2.14,0.00124303
0.94,2.15,0.00282516
0.94,2.16,0.000242151
0.94,2.17,0.0014326
0.94,2.18,0.000493428
0.94,2.19,0.000724459
0.94,2.2,0.000671257
0.94,2.21,0.000234392
0.94,2.22,0.00160854
0.94,2.23,0.000100833
0.94,2.24,1.7845e-05
0.94,2.25,0.000161912
0.94,2.26,0.00240769
0.94,2.27,0.000453918
0.94,2.28,0.00038244
0.94,2.29,0.00111036
0.94,2.3,0.000693859
0.94,2.31,0.00119765
0.94,2.32,0.00151434
0.94,2.33,1.80103e-05
0.94,2.34,0.00105062
0.94,2.35,5.59288e-05
0.94,2.36,0.00145063
0.94,2.37,0.000687279
0.94,2.38,0.000865792
0.94,2.39,0.000660557
0.94,2.4,0.000543911
0.94,2.41,0.000419157
0.94,2.42,0.000452079
0.94,2.43,1.71006e-05
0.94,2.44,0.000851555
0.94,2.45,0.000243146
0.94,2.46,0.00121031
0.94,2.47,8.48905e-07
0.94,2.48,0.000480465
0.94,2.49,0.00161018
0.94,2.5,0.000602101
0.94,2.51,1.42325e-05
0.94,2.52,0.00112258
0.94,2.53,0.000229778
0.94,2.54,0.000695504
0.94,2.55,0.000766141
0.94,2.56,0.000280523
0.94,2.57,0.000120839
0.94,2.58,0.000889265
0.94,2.59,0.000749884
0.94,2.6,0.000247554
0.94,2.61,0.00159873
0.94,2.62,0.0017362
0.94,2.63,0.00231131
0.94,2.64,0.000804495
0.94,2.65,0.0019681
0.94,2.66,1.72881e-05
0.94,2.67,0.000855713
0.94,2.68,0.00125505
0.94,2.69,0.000773065
0.94,2.7,0.00256832
0.94,2.71,0.000909933
0.94,2.72,2.56556e-06
0.94,2.73,0.001085
0.94,2.74,0.000201259
0.94,2.75,0.000962638
0.94,2.76,0.00201155
0.94,2.77,0.00180772
0.94,2.78,0.000545186
0.94,2.79,0.00103927
0.94,2.8,2.13449e-05
0.94,2.81,0.000583106
0.94,2.82,0.000864715
0.94,2.83,0.00023812
0.94,2.84,0.000223874
0.94,2.85,0.00144013
0.94,2.86,0.00163433
0.94,2.87,0.00130291
0.94,2.88,0.000991864
0.94,2.89,0.000202771
0.94,2.9,1.21857e-06
0.94,2.91,0.00251328
0.94,2.92,0.000175666
0.94,2.93,0.00206612
0.94,2.94,0.0019483
0.94,2.95,0.000304002
0.94,2.96,0.00167766
0.94,2.97,0.00110164
0.94,2.98,0.000841778
0.94,2.99,0.00177434
0.94,3,8.44443e-06
0.94,3.01,0.00214694
0.94,3.02,0.00231098
0.94,3.03,0.00177662
0.94,3.04,0.000170577
0.94,3.05,0.000134835
0.94,3.06,0.00146612
0.94,3.07,0.00034372
0.94,3.08,0.00153174
0.94,3.09,0.0010786
0.94,3.1,0.000868068
0.94,3.11,0.00105981
0.94,3.12,0.00114084
0.94,3.13,0.00098926
0.94,3.14,0.00103829
0.94,3.15,0.000775739
0.94,3.16,0.000264054
0.94,3.17,0.00079363
0.94,3.18,0.00115948
0.94,3.19,6.21393e-06
0.94,3.2,0.00223839
0.94,3.21,2.41201e-05
0.94,3.22,0.000769538
0.94,3.23,0.000542026
0.94,3.24,0.000865962
0.94,3.25,0.000308253
0.94,3.26,0.000960119
0.94,3.27,0.000331245
0.94,3.28,0.000546013
0.94,3.29,0.00033855
0.94,3.3,0.000120965
0.94,3.31,0.00152627
0.94,3.32,0.000619202
0.94,3.33,0.000987392
0.94,3.34,0.000922399
0.94,3.35,0.000132234
0.94,3.36,0.000935019
0.94,3.37,0.000162758
0.94,3.38,0.00103234
0.94,3.39,2.21537e-05
0.94,3.4,0.000432108
0.94,3.41,0.000743468
0.94,3.42,0.0015055
0.94,3.43,0.00134529
0.94,3.44,0.00100018
0.94,3.45,0.000587403
0.94,3.46,0.000896398
0.94,3.47,0.0016747
0.94,3.48,0.000183051
0.94,3.49,0.000343545
0.94,3.5,0.00204367
0.94,3.51,0.00053259
0.94,3.52,0.000970071
0.94,3.53,0.00104115
0.94,3.54,0.00194979
0.94,3.55,0.000362389
0.94,3.56,0.0017932
0.94,3.57,1.05806e-05
0.94,3.58,0.00154848
0.94,3.59,0.00150116
0.94,3.6,0.000697275
0.94,3.61,0.000819385
0.94,3.62,0.000728687
0.94,3.63,0.000386965
0.94,3.64,0.00234793
0.94,3.65,3.05995e-05
0.94,3.66,0.000513057
0.94,3.67,0.0041897
0.94,3.68,7.9896e-06
0.94,3.69,0.000701532
0.94,3.7,1.77808e-05
0.94,3.71,0.00109409
0.94,3.72,0.000814368
0.94,3.73,0.000801166
0.94,3.74,0.000540033
0.94,3.75,0.000686427
0.94,3.76,0.000687016
0.94,3.77,0.000813874
0.94,3.78,0.000940918
0.94,3.79,0.00132551
0.94,3.8,0.000295187
0.94,3.81,2.86587e-06
0.94,3.82,0.000644864
0.94,3.83,0.000689536
0.94,3.84,0.00145521
0.94,3.85,0.00153764
0.94,3.86,7.85926e-06
0.94,3.87,0.000335147
0.94,3.88,0.00030963
0.94,3.89,0.00201707
0.94,3.9,3.77016e-05
0.94,3.91,0.00179339
0.94,3.92,3.21536e-05
0.94,3.93,0.00162443
0.94,3.94,0.000892787
0.94,3.95,0.00293186
0.94,3.96,0.00107618
0.94,3.97,0.000415691
0.94,3.98,0.000110061
0.94,3.99,0.000549516
0.94,4,0.00106275
0.94,4.01,0.00150457
0.94,4.02,0.00132298
0.94,4.03,0.00215724
0.94,4.04,0.000793258
0.94,4.05,3.57446e-05
0.94,4.06,0.000263792
0.94,4.07,0.000166511
0.94,4.08,0.000134192
0.94,4.09,0.000319475
0.94,4.1,0.00102971
0.94,4.11,0.000679264
0.94,4.12,0.000885085
0.94,4.13,1.47824e-05
0.94,4.14,0.000825988
0.94,4.15,0.0012576
0.94,4.16,0.00079001
0.94,4.17,6.73508e-07
0.94,4.18,0.000848037
0.94,4.19,0.000782185
0.94,4.2,0.000117826
0.94,4.21,0.00220717
0.94,4.22,0.00100393
0.94,4.23,0.000481404
0.94,4.24,0.000133916
0.94,4.25,0.00206765
0.94,4.26,0.000413016
0.94,4.27,0.000952475
0.94,4.28,0.00121937
0.94,4.29,0.00100144
0.94,4.3,0.00126162
0.94,4.31,0.000483875
0.94,4.32,0.00108843
0.94,4.33,6.39805e-05
0.94,4.34,0.000840677
0.94,4.35,0.000227033
0.94,4.36,0.00140343
0.94,4.37,0.000500113
0.94,4.38,0.00054839
0.94,4.39,0.00102234
0.94,4.4,0.000789658
0.94,4.41,0.000366273
0.94,4.42,0.000664109
0.94,4.43,0.0006799
0.94,4.44,0.000299232
0.94,4.45,0.000822918
0.94,4.46,0.000640041
0.94,4.47,0.000269201
0.94,4.48,0.00158418
0.94,4.49,0.000748843
0.94,4.5,0.00128013
0.94,4.51,0.000597029
0.94,4.52,0.000918165
0.94,4.53,0.00109249
0.94,4.54,0.000518661
0.94,4.55,0.000857085
0.94,4.56,0.00181331
0.94,4.57,0.000691685
0.94,4.58,0.000993263
0.94,4.59,0.000770096
0.94,4.6,0.000710419
0.94,4.61,0.000557106
0.94,4.62,0.00115582
0.94,4.63,0.000246795
0.94,4.64,0.00118114
0.94,4.65,0.000850267
0.94,4.66,0.000397706
0.94,4.67,0.000298847
0.94,4.68,7.04589e-05
0.94,4.69,0.00154221
0.94,4.7,0.00110101
0.94,4.71,0.000658851
0.94,4.72,0.000698795
0.94,4.73,0.00104171
0.94,4.74,0.00197468
0.94,4.75,0.000677037
0.94,4.76,0.00147466
0.94,4.77,0.000797823
0.94,4.78,0.0008902
0.94,4.79,0.00011349
0.94,4.8,6.29767e-05
0.94,4.81,0.000273717
0.94,4.82,0.00122884
0.94,4.83,0.000247279
0.94,4.84,0.000716001
0.94,4.85,0.000202726
0.94,4.86,0.00114665
0.94,4.87,7.97001e-06
0.94,4.88,0.00100077
0.94,4.89,0.00054425
0.94,4.9,0.000610917
0.94,4.91,1.10424e-06
0.94,4.92,0.000964668
0.94,4.93,0.00126147
0.94,4.94,0.00139828
0.94,4.95,0.00174596
0.94,4.96,0.00113676
0.94,4.97,3.43413e-05
0.94,4.98,0.000678188
0.94,4.99,0.000688674
0.94,5,0.000188033
0.94,5.01,0.000237589
0.94,5.02,0.000207784
0.94,5.03,0.00102801
0.94,5.04,0.00133443
0.94,5.05,5.66596e-05
0.94,5.06,0.000972028
0.94,5.07,0.000558661
0.94,5.08,0.000681836
0.94,5.09,0.00137247
0.94,5.1,0.00157915
0.94,5.11,0.0013811
0.94,5.12,0.000343121
0.94,5.13,0.000962847
0.94,5.14,0.000817931
0.94,5.15,0.000463149
0.94,5.16,0.0010424
0.94,5.17,0.00126283
0.94,5.18,0.000792469
0.94,5.19,0.000298644
0.94,5.2,0.00190283
0.94,5.21,0.00159671
0.94,5.22,0.000648298
0.94,5.23,4.04055e-05
0.94,5.24,0.000331304
0.94,5.25,0.000579315
0.94,5.26,0.000289596
0.94,5.27,0.000973294
0.94,5.28,0.000726655
0.94,5.29,0.000761472
0.94,5.3,0.000661015
0.94,5.31,0.000668277
0.94,5.32,0.000644497
0.94,5.33,0.00116866
0.94,5.34,0.000577513
0.94,5.35,1.17846e-06
0.94,5.36,0.000310367
0.94,5.37,0.00079759
0.94,5.38,0.000917322
0.94,5.39,0.000562082
0.94,5.4,7.4772e-05
0.94,5.41,0.000184215
0.94,5.42,1.3267e-05
0.94,5.43,0.00132272
0.94,5.44,0.000794413
0.94,5.45,8.41632e-06
0.94,5.46,2.96083e-05
0.94,5.47,0.00080664
0.94,5.48,0.000675662
0.94,5.49,0.000929951
0.94,5.5,0.000402364
0.94,5.51,0.000909868
0.94,5.52,0.00111926
0.94,5.53,0.000632164
0.94,5.54,0.000490476
0.94,5.55,0.000769409
0.94,5.56,0.00091726
0.94,5.57,2.89434e-06
0.94,5.58,0.000342043
0.94,5.59,0.00106912
0.94,5.6,1.48071e-05
0.94,5.61,0.0021426
0.94,5.62,1.45828e-05
0.94,5.63,0.000630746
0.94,5.64,1.87847e-05
0.94,5.65,0.00119487
0.94,5.66,0.00114586
0.94,5.67,0.00147771
0.94,5.68,0.00107523
0.94,5.69,0.00182493
0.94,5.7,0.00174894
0.94,5.71,0.00179213
0.94,5.72,7.76273e-06
0.94,5.73,7.37986e-05
0.94,5.74,0.00246057
0.94,5.75,0.0014609
0.94,5.76,5.86512e-05
0.94,5.77,0.00120353
0.94,5.78,4.53406e-05
0.94,5.79,0.000139157
0.94,5.8,0.000293155
0.94,5.81,0.000721876
0.94,5.82,0.0012734
0.94,5.83,0.00181426
0.94,5.84,0.000467008
0.94,5.85,0.000885487
0.94,5.86,3.20106e-07
0.94,5.87,0.00150801
0.94,5.88,0.0015929
0.94,5.89,0.000954752
0.94,5.9,0.00247797
0.94,5.91,0.000449558
0.94,5.92,0.000605406
0.94,5.93,0.000834325
0.94,5.94,0.00143802
0.94,5.95,0.000807621
0.94,5.96,0.000763029
0.94,5.97,0.00136946
0.94,5.98,0.000291484
0.94,5.99,0.000599292
0.94,6,0.0016255
0.94,6.01,0.000943255
0.94,6.02,0.00115509
0.94,6.03,0.000580999
0.94,6.04,0.000668867
0.94,6.05,0.000216984
0.94,6.06,0.00101454
0.94,6.07,0.000601049
0.94,6.08,1.30095e-06
0.94,6.09,0.000367867
0.94,6.1,0.0015044
0.94,6.11,0.000753715
0.94,6.12,0.00133269
0.94,6.13,0.00137716
0.94,6.14,0.000348734
0.94,6.15,0.000667094
0.94,6.16,0.000640867
0.94,6.17,0.00185512
0.94,6.18,0.000296948
0.94,6.19,5.54384e-05
0.94,6.2,0.000743776
0.94,6.21,0.000255368
0.94,6.22,0.00112997
0.94,6.23,0.000874642
0.94,6.24,0.000840323
0.94,6.25,0.000699577
0.94,6.26,0.00415153
0.94,6.27,1.40126e-05
0.94,6.28,0.00160456
0.95,0,2.51826e-05
0.95,0.01,0.00134338
0.95,0.02,0.000927265
0.95,0.03,0.000586079
0.95,0.04,0.000845575
0.95,0.05,0.000436794
0.95,0.06,0.000830217
0.95,0.07,0.000460782
0.95,0.08,6.44221e-05
0.95,0.09,0.000570191
0.95,0.1,0.00212743
0.95,0.11,0.00070611
0.95,0.12,0.000190443
0.95,0.13,0.00207429
0.95,0.14,0.000874001
0.95,0.15,0.00122168
0.95,0.16,0.00132196
0.95,0.17,0.00181614
0.95,0.18,0.000223538
0.95,0.19,8.37039e-05
0.95,0.2,0.00140636
0.95,0.21,0.000778374
0.95,0.22,0.000429314
0.95,0.23,0.000301862
0.95,0.24,0.00076508
0.95,0.25,0.000470633
0.95,0.26,0.0017268
0.95,0.27,0.000383141
0.95,0.28,0.000703721
0.95,0.29,4.15805e-05
0.95,0.3,0.00087192
0.95,0.31,0.00127554
0.95,0.32,0.000990052
0.95,0.33,9.59993e-06
0.95,0.34,2.58825e-05
0.95,0.35,0.00064846
0.95,0.36,0.000898013
0.95,0.37,0.00137076
0.95,0.38,0.00207624
0.95,0.39,0.00120724
0.95,0.4,0.00141449
0.95,0.41,0.000167225
0.95,0.42,0.000207888
0.95,0.43,6.52719e-06
0.95,0.44,0.00143686
0.95,0.45,0.00110356
0.95,0.46,0.0012376
0.95,0.47,0.00117547
0.95,0.48,0.000249934
0.95,0.49,0.000501675
0.95,0.5,0.000383259
0.95,0.51,0.000151778
0.95,0.52,0.000346352
0.95,0.53,0.00221841
0.95,0.54,0.00112821
0.95,0.55,4.09056e-07
0.95,0.56,0.000388684
0.95,0.57,0.0017761
0.95,0.58,0.00247903
0.95,0.59,0.00134327
0.95,0.6,0.00148247
0.95,0.61,0.00147012
0.95,0.62,0.00156051
0.95,0.63,0.000613293
0.95,0.64,0.00038521
0.95,0.65,0.000208623
0.95,0.66,0.00108782
0.95,0.67,0.000882532
0.95,0.68,0.000803078
0.95,0.69,2.22787e-05
0.95,0.7,8.27902e-06
0.95,0.71,0.000354476
0.95,0.72,0.00142973
0.95,0.73,0.000503979
0.95,0.74,0.00148789
0.95,0.75,5.69005e-07
0.95,0.76,0.000755538
0.95,0.77,0.000578106
0.95,0.78,0.00178716
0.95,0.79,0.00160762
0.95,0.8,0.000346597
0.95,0.81,0.00136747
0.95,0.82,0.000996706
0.95,0.83,0.000625486
0.95,0.84,0.00134684
0.95,0.85,0.0014257
0.95,0.86,0.00170264
0.95,0.87,0.00124048
0.95,0.88,0.00185282
0.95,0.89,0.000222711
0.95,0.9,0.00201195
0.95,0.91,0.000367482
0.95,0.92,0.000657469
0.95,0.93,0.00132877
0.95,0.94,0.00197247
0.95,0.95,0.000786224
0.95,0.96,0.000688541
0.95,0.97,0.000634298
0.95,0.98,3.2948e-05
0.95,0.99,0.00101111
0.95,1,0.00129183
0.95,1.01,7.87741e-05
0.95,1.02,0.000694454
0.95,1.03,3.87912e-06
0.95,1.04,0.00107987
0.95,1.05,0.00193175
0.95,1.06,0.00136624
0.95,1.07,3.29777e-05
0.95,1.08,0.00154386
0.95,1.09,0.00136738
0.95,1.1,0.00122547
0.95,1.11,0.000819185
0.95,1.12,0.000470473
0.95,1.13,0.000381043
0.95,1.14,4.14508e-05
0.95,1.15,0.000706903
0.95,1.16,0.000422106
0.95,1.17,0.000389344
0.95,1.18,0.00028877
0.95,1.19,0.000821657
0.95,1.2,0.000281409
0.95,1.21,0.000444229
0.95,1.22,0.000880826
0.95,1.23,0.00136154
0.95,1.24,3.57088e-05
0.95,1.25,0.00139883
0.95,1.26,0.00107468
0.95,1.27,0.000930959
0.95,1.28,5.23007e-05
0.95,1.29,0.000256774
0.95,1.3,0.00116362
0.95,1.31,5.37747e-05
0.95,1.32,0.00116236
0.95,1.33,0.000630317
0.95,1.34,0.000315107
0.95,1.35,0.00178205
0.95,1.36,0.00230498
0.95,1.37,0.00128258
0.95,1.38,0.00055158
0.95,1.39,0.000691912
0.95,1.4,0.000955788
0.95,1.41,6.13913e-05
0.95,1.42,0.00147724
0.95,1.43,0.0014991
0.95,1.44,0.000921784
0.95,1.45,0.000192275
0.95,1.46,0.00186846
0.95,1.47,9.52302e-05
0.95,1.48,0.0019562
0.95,1.49,0.000957196
0.95,1.5,0.0011414
0.95,1.51,0.0011683
0.95,1.52,0.000431657
0.95,1.53,0.000453896
0.95,1.54,0.0010749
0.95,1.55,0.000716042
0.95,1.56,0.00091626
0.95,1.57,0.00219218
0.95,1.58,0.000995157
0.95,1.59,0.00106319
0.95,1.6,0.000379343
0.95,1.61,0.00321412
0.95,1.62,0.000269091
0.95,1.63,9.49981e-10
0.95,1.64,5.66747e-05
0.95,1.65,0.000974125
0.95,1.66,0.000914554
0.95,1.67,0.00076728
0.95,1.68,0.000711067
0.95,1.69,0.000382478
0.95,1.7,0.000891255
0.95,1.71,0.000706559
0.95,1.72,0.000676985
0.95,1.73,0.00167505
0.95,1.74,0.00112678
0.95,1.75,0.00070882
0.95,1.76,0.0010241
0.95,1.77,0.00213299
0.95,1.78,2.70038e-05
0.95,1.79,0.000593376
0.95,1.8,0.000938795
0.95,1.81,0.0019207
0.95,1.82,4.20464e-05
0.95,1.83,0.000928527
0.95,1.84,5.12438e-05
0.95,1.85,5.64019e-05
0.95,1.86,0.000332697
0.95,1.87,0.00127467
0.95,1.88,0.000615092
0.95,1.89,0.00264789
0.95,1.9,0.000720482
0.95,1.91,0.0007372
0.95,1.92,0.00129316
0.95,1.93,0.000757826
0.95,1.94,0.00125243
0.95,1.95,0.00140587
0.95,1.96,0.000852988
0.95,1.97,0.000105969
0.95,1.98,0.000174431
0.95,1.99,0.00232168
0.95,2,0.000698762
0.95,2.01,0.000492037
0.95,2.02,4.00317e-05
0.95,2.03,0.000531788
0.95,2.04,0.000487107
0.95,2.05,0.000498896
0.95,2.06,3.13418e-06
0.95,2.07,0.00113413
0.95,2.08,0.00222409
0.95,2.09,0.00184233
0.95,2.1,0.0010561
0.95,2.11,2.59452e-06
0.95,2.12,1.54096e-06
0.95,2.13,0.000247258
0.95,2.14,0.00120031
0.95,2.15,0.000449305
0.95,2.16,0.00167088
0.95,2.17,0.000569941
0.95,2.18,0.00117134
0.95,2.19,0.000566692
0.95,2.2,3.95802e-05
0.95,2.21,0.000581091
0.95,2.22,0.00145908
0.95,2.23,0.00121975
0.95,2.24,3.99087e-05
0.95,2.25,8.16977e-05
0.95,2.26,0.000582273
0.95,2.27,0.00222001
0.95,2.28,8.84113e-06
0.95,2.29,0.000739528
0.95,2.3,0.000216432
0.95,2.31,0.00052711
0.95,2.32,0.00106427
0.95,2.33,0.00143835
0.95,2.34,0.00185268
0.95,2.35,6.01385e-05
0.95,2.36,2.69521e-05
0.95,2.37,0.00279289
0.95,2.38,0.000852723
0.95,2.39,0.00123699
0.95,2.4,0.00132679
0.95,2.41,0.00144976
0.95,2.42,0.000779548
0.95,2.43,0.00024021
0.95,2.44,0.00137932
0.95,2.45,0.000240873
0.95,2.46,0.000714296
0.95,2.47,0.00166773
0.95,2.48,8.61679e-05
0.95,2.49,0.00110923
0.95,2.5,0.000806211
0.95,2.51,0.000581091
0.95,2.52,0.000916481
0.95,2.53,0.000484514
0.95,2.54,0.00035812
0.95,2.55,7.83503e-05
0.95,2.56,0.000251276
0.95,2.57,0.00211125
0.95,2.58,0.00211278
0.95,2.59,0.00174378
0.95,2.6,0.000403585
0.95,2.61,0.0012371
0.95,2.62,0.000738279
0.95,2.63,1.17483e-06
0.95,2.64,5.32487e-06
0.95,2.65,0.000525983
0.95,2.66,0.0026656
0.95,2.67,0.000686171
0.95,2.68,0.000561925
0.95,2.69,0.000499734
0.95,2.7,0.000512613
0.95,2.71,0.000149482
0.95,2.72,0.000395529
0.95,2.73,0.000945995
0.95,2.74,0.000814161
0.95,2.75,0.00316551
0.95,2.76,9.23443e-05
0.95,2.77,0.00227586
0.95,2.78,6.81836e-06
0.95,2.79,0.000650484
0.95,2.8,0.00192867
0.95,2.81,0.000530124
0.95,2.82,0.000430412
0.95,2.83,0.0025925
0.95,2.84,0.00141035
0.95,2.85,0.00125346
0.95,2.86,0.00157821
0.95,2.87,0.00013193
0.95,2.88,0.000160921
0.95,2.89,0.00037743
0.95,2.9,0.00135339
0.95,2.91,0.000352322
0.95,2.92,0.0020556
0.95,2.93,0.00158441
0.95,2.94,1.49593e-07
0.95,2.95,0.000424164
0.95,2.96,0.00145005
0.95,2.97,0.00111308
0.95,2.98,0.00117476
0.95,2.99,9.62453e-05
0.95,3,0.0004488
0.95,3.01,0.000630955
0.95,3.02,0.000244466
0.95,3.03,0.000893111
0.95,3.04,0.000999385
0.95,3.05,0.00159417
0.95,3.06,0.000272933
0.95,3.07,0.000896468
0.95,3.08,3.55012e-05
0.95,3.09,0.000119993
0.95,3.1,0.00162358
0.95,3.11,0.000164863
0.95,3.12,0.000234739
0.95,3.13,0.00145068
0.95,3.14,0.000394511
0.95,3.15,0.00164493
0.95,3.16,0.000722345
0.95,3.17,0.00110256
0.95,3.18,0.000928202
0.95,3.19,0.000975244
0.95,3.2,7.45738e-06
0.95,3.21,0.000697217
0.95,3.22,0.000618744
0.95,3.23,0.00181096
0.95,3.24,0.00157154
0.95,3.25,0.00145106
0.95,3.26,0.00194426
0.95,3.27,1.38976e-05
0.95,3.28,0.000339354
0.95,3.29,0.00145309
0.95,3.3,0.00091477
0.95,3.31,0.00057436
0.95,3.32,0.00197898
0.95,3.33,0.000144774
0.95,3.34,0.000687835
0.95,3.35,0.000513556
0.95,3.36,0.000699581
0.95,3.37,0.00120762
0.95,3.38,0.000459765
0.95,3.39,3.59296e-05
0.95,3.4,0.00201966
0.95,3.41,0.00016226
0.95,3.42,0.00136215
0.95,3.43,0.0012664
0.95,3.44,0.00128686
0.95,3.45,0.00170075
0.95,3.46,0.000969837
0.95,3.47,0.000336201
0.95,3.48,0.000910416
0.95,3.49,0.000453015
0.95,3.5,0.0001917
0.95,3.51,6.68012e-05
0.95,3.52,0.000847721
0.95,3.53,0.00177668
0.95,3.54,0.000200335
0.95,3.55,0.00155621
0.95,3.56,0.000201617
0.95,3.57,0.000784436
0.95,3.58,0.000772427
0.95,3.59,0.000560682
0.95,3.6,0.000121152
0.95,3.61,0.000149271
0.95,3.62,0.00122696
0.95,3.63,0.000629246
0.95,3.64,0.000418513
0.95,3.65,0.00143514
0.95,3.66,0.000139482
0.95,3.67,1.21875e-06
0.95,3.68,7.62435e-06
0.95,3.69,0.000805165
0.95,3.7,0.000104119
0.95,3.71,0.000351185
0.95,3.72,0.000356095
0.95,3.73,0.00211879
0.95,3.74,3.45299e-05
0.95,3.75,0.00136886
0.95,3.76,0.000386017
0.95,3.77,0.00209887
0.95,3.78,0.000391788
0.95,3.79,0.00142768
0.95,3.8,0.000909835
0.95,3.81,0.000661603
0.95,3.82,5.82703e-05
0.95,3.83,0.000749931
0.95,3.84,0.000721267
0.95,3.85,0.00191997
0.95,3.86,0.00163113
0.95,3.87,0.000688505
0.95,3.88,0.000290831
0.95,3.89,0.00193918
0.95,3.9,0.00013202
0.95,3.91,0.00081292
0.95,3.92,0.000895345
0.95,3.93,0.00130796
0.95,3.94,0.000527729
0.95,3.95,0.000228026
0.95,3.96,8.17813e-07
0.95,3.97,0.000617919
0.95,3.98,0.000267431
0.95,3.99,0.00056958
0.95,4,0.000785603
0.95,4.01,0.00235034
0.95,4.02,0.000288485
0.95,4.03,0.00127742
0.95,4.04,0.000675112
0.95,4.05,0.00111918
0.95,4.06,0.00159847
0.95,4.07,0.00127906
0.95,4.08,0.00100312
0.95,4.09,0.000106734
0.95,4.1,9.9154e-06
0.95,4.11,0.00153031
0.95,4.12,0.000467279
0.95,4.13,0.00117533
0.95,4.14,0.0013304
0.95,4.15,0.000984653
0.95,4.16,0.000196303
0.95,4.17,0.000678779
0.95,4.18,2.64424e-05
0.95,4.19,0.00238996
0.95,4.2,0.000696879
0.95,4.21,0.000358224
0.95,4.22,0.000805285
0.95,4.23,0.000586971
0.95,4.24,0.000823837
0.95,4.25,0.000696485
0.95,4.26,0.000238173
0.95,4.27,0.00022178
0.95,4.28,0.00135223
0.95,4.29,0.00118624
0.95,4.3,7.27521e-05
0.95,4.31,0.003051
0.95,4.32,9.06727e-06
0.95,4.33,0.00155555
0.95,4.34,0.000696468
0.95,4.35,8.58881e-06
0.95,4.36,0.00137231
0.95,4.37,0.0012826
0.95,4.38,0.000716765
0.95,4.39,0.000872411
0.95,4.4,0.0019766
0.95,4.41,0.00076964
0.95,4.42,0.00011369
0.95,4.43,0.00107847
0.95,4.44,0.00171938
0.95,4.45,0.000417625
0.95,4.46,0.00035512
0.95,4.47,0.00107668
0.95,4.48,0.00142428
0.95,4.49,1.51445e-05
0.95,4.5,0.00167981
0.95,4.51,0.00063935
0.95,4.52,0.000153413
0.95,4.53,0.000767193
0.95,4.54,0.000818367
0.95,4.55,0.000164768
0.95,4.56,0.000836611
0.95,4.57,0.00154082
0.95,4.58,0.000276198
0.95,4.59,0.00103051
0.95,4.6,0.000243823
0.95,4.61,0.000266434
0.95,4.62,4.59085e-05
0.95,4.63,0.000691179
0.95,4.64,0.000788995
0.95,4.65,0.000429497
0.95,4.66,0.000556128
0.95,4.67,0.000731801
0.95,4.68,8.6367e-06
0.95,4.69,0.00185346
0.95,4.7,0.00091745
0.95,4.71,0.00162043
0.95,4.72,0.000773914
0.95,4.73,0.000741831
0.95,4.74,0.000126043
0.95,4.75,0.0011199
0.95,4.76,0.000655064
0.95,4.77,0.00261126
0.95,4.78,0.000645235
0.95,4.79,0.000703241
0.95,4.8,0.000105951
0.95,4.81,0.000359285
0.95,4.82,0.000618739
0.95,4.83,0.000178608
0.95,4.84,0.000697938
0.95,4.85,0.00152748
0.95,4.86,0.00179786
0.95,4.87,0.000534396
0.95,4.88,0.000441601
0.95,4.89,0.00128141
0.95,4.9,0.000678361
0.95,4.91,0.000590825
0.95,4.92,0.000367971
0.95,4.93,0.00116282
0.95,4.94,0.00230071
0.95,4.95,0.000959047
0.95,4.96,0.00145774
0.95,4.97,0.000450739
0.95,4.98,0.00144555
0.95,4.99,0.00117963
0.95,5,0.000375024
0.95,5.01,0.00127557
0.95,5.02,0.000815205
0.95,5.03,0.0006676
0.95,5.04,9.38266e-05
0.95,5.05,0.0019146
0.95,5.06,0.000950028
0.95,5.07,0.00105904
0.95,5.08,0.000703434
0.95,5.09,0.000677327
0.95,5.1,0.000892782
0.95,5.11,0.000390615
0.95,5.12,0.000727505
0.95,5.13,0.000433682
0.95,5.14,0.00275108
0.95,5.15,0.00126443
0.95,5.16,0.000784052
0.95,5.17,0.00115261
0.95,5.18,0.000898247
0.95,5.19,0.00101103
0.95,5.2,0.000324052
0.95,5.21,0.000627201
0.95,5.22,0.000732742
0.95,5.23,0.00042383
0.95,5.24,0.00055902
0.95,5.25,0.00113572
0.95,5.26,0.00144742
0.95,5.27,0.000551259
0.95,5.28,0.000222236
0.95,5.29,0.00087199
0.95,5.3,2.78835e-05
0.95,5.31,0.00139221
0.95,5.32,0.00114812
0.95,5.33,0.000319048
0.95,5.34,0.0009131
0.95,5.35,0.00069194
0.95,5.36,0.000167325
0.95,5.37,0.00143575
0.95,5.38,0.00288373
0.95,5.39,0.000623621
0.95,5.4,0.000810199
0.95,5.41,0.000334977
0.95,5.42,0.00141535
0.95,5.43,0.00120698
0.95,5.44,0.00282341
0.95,5.45,0.000936207
0.95,5.46,0.000103803
0.95,5.47,7.28581e-05
0.95,5.48,0.00146241
0.95,5.49,0.000602179
0.95,5.5,0.000414345
0.95,5.51,0.00124816
0.95,5.52,0.000706323
0.95,5.53,0.0013236
0.95,5.54,0.0008447
0.95,5.55,0.000467301
0.95,5.56,0.000115644
0.95,5.57,0.000235825
0.95,5.58,0.00156964
0.95,5.59,0.0016266
0.95,5.6,0.0011729
0.95,5.61,0.00134085
0.95,5.62,0.00158813
0.95,5.63,0.000501503
0.95,5.64,0.00112083
0.95,5.65,0.000239509
0.95,5.66,0.00132477
0.95,5.67,0.00020826
0.95,5.68,0.000519401
0.95,5.69,1.19053e-07
0.95,5.7,0.00100164
0.95,5.71,1.62623e-05
0.95,5.72,0.000440391
0.95,5.73,0.000922716
0.95,5.74,0.000920034
0.95,5.75,1.38108e-05
0.95,5.76,0.00140519
0.95,5.77,0.00137727
0.95,5.78,0.00142459
0.95,5.79,0.00110017
0.95,5.8,0.00020099
0.95,5.81,0.000561717
0.95,5.82,0.000685816
0.95,5.83,8.67375e-05
0.95,5.84,0.000414251
0.95,5.85,0.000122204
0.95,5.86,0.000928977
0.95,5.87,0.0013248
0.95,5.88,0.00262487
0.95,5.89,0.00114043
0.95,5.9,0.000296823
0.95,5.91,0.000697235
0.95,5.92,0.00011987
0.95,5.93,0.0020105
0.95,5.94,0.0015451
0.95,5.95,0.00101063
0.95,5.96,0.000188516
0.95,5.97,0.000587822
0.95,5.98,0.00207984
0.95,5.99,0.000320248
0.95,6,0.000187672
0.95,6.01,0.000745482
0.95,6.02,0.000723181
0.95,6.03,0.00136919
0.95,6.04,0.00148635
0.95,6.05,0.000957616
0.95,6.06,0.00068199
0.95,6.07,7.69995e-05
0.95,6.08,0.000206536
0.95,6.09,0.00226642
0.95,6.1,0.00135716
0.95,6.11,0.000317492
0.95,6.12,0.000141228
0.95,6.13,0.00072459
0.95,6.14,0.00117173
0.95,6.15,0.00173588
0.95,6.16,0.00146358
0.95,6.17,0.000415403
0.95,6.18,0.000556019
0.95,6.19,0.00059239
0.95,6.2,0.000917014
0.95,6.21,0.000863578
0.95,6.22,0.000159261
0.95,6.23,0.000707327
0.95,6.24,0.00111573
0.95,6.25,0.00135898
0.95,6.26,0.000535782
0.95,6.27,0.000125976
0.95,6.28,0.00156389
0.96,0,2.60272e-05
0.96,0.01,8.94724e-06
0.96,0.02,0.000418729
0.96,0.03,0.00052216
0.96,0.04,4.81293e-06
0.96,0.05,0.001278
0.96,0.06,0.00125435
0.96,0.07,0.000922918
0.96,0.08,0.000697186
0.96,0.09,0.000612517
0.96,0.1,0.000585266
0.96,0.11,0.00105973
0.96,0.12,4.26633e-05
0.96,0.13,0.000404763
0.96,0.14,8.82981e-05
0.96,0.15,0.00165676
0.96,0.16,0.000571101
0.96,0.17,4.28605e-05
0.96,0.18,0.000789195
0.96,0.19,0.000115583
0.96,0.2,0.00138857
0.96,0.21,0.000653109
0.96,0.22,0.000516238
0.96,0.23,0.000233482
0.96,0.24,0.000639799
0.96,0.25,4.73174e-05
0.96,0.26,0.000229093
0.96,0.27,0.00101669
0.96,0.28,0.000921106
0.96,0.29,0.000779582
0.96,0.3,0.00073526
0.96,0.31,0.00277059
0.96,0.32,0.000595092
0.96,0.33,0.00141334
0.96,0.34,0.000728325
0.96,0.35,0.000167783
0.96,0.36,0.00149343
0.96,0.37,2.00562e-05
0.96,0.38,0.00130615
0.96,0.39,0.00158202
0.96,0.4,0.000641359
0.96,0.41,6.27817e-05
0.96,0.42,0.000524033
0.96,0.43,0.00229894
0.96,0.44,0.000621447
0.96,0.45,0.00115162
0.96,0.46,1.64962e-05
0.96,0.47,0.00120121
0.96,0.48,0.000194558
0.96,0.49,0.00039786
0.96,0.5,0.00190782
0.96,0.51,0.000126917
0.96,0.52,0.000196652
0.96,0.53,0.000334878
0.96,0.54,0.000240512
0.96,0.55,0.00131168
0.96,0.56,0.000474689
0.96,0.57,0.00138477
0.96,0.58,0.000471216
0.96,0.59,0.00117625
0.96,0.6,0.000963614
0.96,0.61,0.000451824
0.96,0.62,0.000684593
0.96,0.63,3.76375e-05
0.96,0.64,0.0019748
0.96,0.65,0.00033682
0.96,0.66,0.00167274
0.96,0.67,0.000428733
0.96,0.68,0.0013728
0.96,0.69,0.00176886
0.96,0.7,0.00122333
0.96,0.71,1.08236e-06
0.96,0.72,0.00200429
0.96,0.73,0.00120706
0.96,0.74,5.27895e-06
0.96,0.75,0.00210712
0.96,0.76,0.00289892
0.96,0.77,1.89328e-05
0.96,0.78,0.000324804
0.96,0.79,0.00082538
0.96,0.8,0.00239044
0.96,0.81,0.00010933
0.96,0.82,1.97438e-06
0.96,0.83,0.000868056
0.96,0.84,0.000191632
0.96,0.85,0.000403812
0.96,0.86,0.00162403
0.96,0.87,0.000761739
0.96,0.88,0.00338113
0.96,0.89,0.000501739
0.96,0.9,0.000650863
0.96,0.91,0.00278652
0.96,0.92,0.000466697
0.96,0.93,1.4979e-08
0.96,0.94,0.000156351
0.96,0.95,0.000395722
0.96,0.96,2.75643e-05
0.96,0.97,0.00100485
0.96,0.98,0.00262257
0.96,0.99,0.000679137
0.96,1,0.00082365
0.96,1.01,0.00115925
0.96,1.02,0.000250491
0.96,1.03,0.000473117
0.96,1.04,0.000855081
0.96,1.05,0.000237792
0.96,1.06,0.00131215
0.96,1.07,0.000286901
0.96,1.08,0.00246023
0.96,1.09,0.00154089
0.96,1.1,0.00125575
0.96,1.11,0.000916465
0.96,1.12,0.000163355
0.96,1.13,0.00198017
0.96,1.14,0.000489299
0.96,1.15,0.000553134
0.96,1.16,0.0010994
0.96,1.17,0.000732446
0.96,1.18,0.000551578
0.96,1.19,0.000622066
0.96,1.2,0.00114186
0.96,1.21,0.00109124
0.96,1.22,0.000189972
0.96,1.23,0.0010921
0.96,1.24,0.00250331
0.96,1.25,0.000509086
0.96,1.26,4.88388e-05
0.96,1.27,0.000782035
0.96,1.28,0.000550379
0.96,1.29,0.000348417
0.96,1.3,0.000413818
0.96,1.31,0.00193564
0.96,1.32,0.000152565
0.96,1.33,0.000514894
0.96,1.34,0.00167233
0.96,1.35,0.000208905
0.96,1.36,5.81126e-06
0.96,1.37,0.000376571
0.96,1.38,0.000822653
0.96,1.39,1.31925e-06
0.96,1.4,0.000640385
0.96,1.41,0.000145973
0.96,1.42,0.00284223
0.96,1.43,0.00091123
0.96,1.44,5.48284e-05
0.96,1.45,0.0018222
0.96,1.46,0.00084665
0.96,1.47,0.000942742
0.96,1.48,0.000669186
0.96,1.49,0.000485917
0.96,1.5,0.000162755
0.96,1.51,0.000584108
0.96,1.52,3.97753e-07
0.96,1.53,0.00189559
0.96,1.54,0.00266146
0.96,1.55,0.00028668
0.96,1.56,6.88539e-06
0.96,1.57,0.000554719
0.96,1.58,0.00038796
0.96,1.59,0.00107056
0.96,1.6,0.000648715
0.96,1.61,0.00102962
0.96,1.62,0.00094916
0.96,1.63,0.00113264
0.96,1.64,3.956e-05
0.96,1.65,0.00100991
0.96,1.66,0.00140345
0.96,1.67,0.00167195
0.96,1.68,7.98964e-06
0.96,1.69,0.000923322
0.96,1.7,0.00187025
0.96,1.71,0.000548981
0.96,1.72,0.00162594
0.96,1.73,0.000760327
0.96,1.74,0.000572974
0.96,1.75,0.000446563
0.96,1.76,0.00145413
0.96,1.77,7.68619e-06
0.96,1.78,0.00125548
0.96,1.79,0.00126765
0.96,1.8,0.00149115
0.96,1.81,0.00176306
0.96,1.82,0.00038125
0.96,1.83,0.00100872
0.96,1.84,0.000761545
0.96,1.85,0.00101777
0.96,1.86,0.000248174
0.96,1.87,0.000973872
0.96,1.88,0.00186849
0.96,1.89,0.000711536
0.96,1.9,0.00015767
0.96,1.91,0.000714747
0.96,1.92,0.00231205
0.96,1.93,0.000678747
0.96,1.94,0.00149538
0.96,1.95,0.0011071
0.96,1.96,0.00071071
0.96,1.97,0.000875929
0.96,1.98,0.000748569
0.96,1.99,0.000688427
0.96,2,0.000617091
0.96,2.01,0.000568588
0.96,2.02,0.00139134
0.96,2.03,0.000365856
0.96,2.04,0.00179295
0.96,2.05,0.000654063
0.96,2.06,0.000575631
0.96,2.07,0.000568341
0.96,2.08,0.000839034
0.96,2.09,0.000374101
0.96,2.1,0.00132481
0.96,2.11,0.000944629
0.96,2.12,0.00081734
0.96,2.13,7.96989e-05
0.96,2.14,0.00129551
0.96,2.15,0.000377361
0.96,2.16,0.00090409
0.96,2.17,0.000562083
0.96,2.18,0.0017784
0.96,2.19,0.000289485
0.96,2.2,0.00220256
0.96,2.21,0.000647887
0.96,2.22,0.000398796
0.96,2.23,0.00176949
0.96,2.24,0.00194491
0.96,2.25,0.000417474
0.96,2.26,0.000659322
0.96,2.27,0.00266989
0.96,2.28,0.000183439
0.96,2.29,0.00111237
0.96,2.3,0.000676222
0.96,2.31,0.000913955
0.96,2.32,0.00219129
0.96,2.33,0.00230795
0.96,2.34,0.00154241
0.96,2.35,0.000103085
0.96,2.36,5.65841e-05
0.96,2.37,0.000735996
0.96,2.38,0.00037911
0.96,2.39,0.000530004
0.96,2.4,0.00132618
0.96,2.41,0.00180631
0.96,2.42,0.000754469
0.96,2.43,0.000776933
0.96,2.44,0.000646623
0.96,2.45,0.00129379
0.96,2.46,0.00200533
0.96,2.47,0.00185421
0.96,2.48,0.000489091
0.96,2.49,0.0011931
0.96,2.5,3.23091e-05
0.96,2.51,0.00162848
0.96,2.52,0.000910715
0.96,2.53,0.00014654
0.96,2.54,0.000794754
0.96,2.55,0.00104843
0.96,2.56,0.000792694
0.96,2.57,0.00084623
0.96,2.58,0.00032602
0.96,2.59,0.000819324
0.96,2.6,0.00138099
0.96,2.61,0.000483584
0.96,2.62,0.0011813
0.96,2.63,0.000223575
0.96,2.64,0.00109093
0.96,2.65,2.37957e-05
0.96,2.66,0.00122309
0.96,2.67,0.000420181
0.96,2.68,0.00118695
0.96,2.69,4.25788e-06
0.96,2.7,7.15488e-05
0.96,2.71,0.00205373
0.96,2.72,0.0014535
0.96,2.73,9.55515e-07
0.96,2.74,0.00104792
0.96,2.75,0.00139616
0.96,2.76,0.00199831
0.96,2.77,0.000999431
0.96,2.78,0.00115041
0.96,2.79,0.000643678
0.96,2.8,0.000567453
0.96,2.81,0.00139051
0.96,2.82,0.000774561
0.96,2.83,0.000745534
0.96,2.84,0.000228108
0.96,2.85,0.00049688
0.96,2.86,0.000955968
0.96,2.87,0.000773773
0.96,2.88,0.000674259
0.96,2.89,0.000907596
0.96,2.9,0.00128562
0.96,2.91,0.00151423
0.96,2.92,0.000291885
0.96,2.93,0.000570077
0.96,2.94,0.000135093
0.96,2.95,0.000423297
0.96,2.96,0.00102653
0.96,2.97,0.000924254
0.96,2.98,0.00219594
0.96,2.99,0.000777403
0.96,3,3.29173e-05
0.96,3.01,0.000451898
0.96,3.02,0.00134614
0.96,3.03,0.00217178
0.96,3.04,0.000290484
0.96,3.05,0.000263992
0.96,3.06,0.000238635
0.96,3.07,0.00149502
0.96,3.08,0.00163342
0.96,3.09,0.000303964
0.96,3.1,0.000544453
0.96,3.11,0.000496409
0.96,3.12,2.26776e-05
0.96,3.13,0.00123856
0.96,3.14,0.0013933
0.96,3.15,0.000777416
0.96,3.16,6.40235e-05
0.96,3.17,0.000926157
0.96,3.18,0.00170396
0.96,3.19,0.000481042
0.96,3.2,0.00178652
0.96,3.21,0.00112948
0.96,3.22,0.000802589
0.96,3.23,0.0010743
0.96,3.24,0.00219901
0.96,3.25,0.00209717
0.96,3.26,2.42159e-05
0.96,3.27,0.000608818
0.96,3.28,2.49871e-05
0.96,3.29,0.000500113
0.96,3.3,0.000882674
0.96,3.31,0.000415224
0.96,3.32,4.02371e-07
0.96,3.33,0.000510031
0.96,3.34,0.000586713
0.96,3.35,0.00036822
0.96,3.36,0.000653045
0.96,3.37,0.00177973
0.96,3.38,0.000417311
0.96,3.39,0.0014131
0.96,3.4,0.00101805
0.96,3.41,0.000159302
0.96,3.42,2.35888e-06
0.96,3.43,0.000146203
0.96,3.44,0.000504589
0.96,3.45,0.000412764
0.96,3.46,0.00113162
0.96,3.47,8.00691e-05
0.96,3.48,2.86903e-07
0.96,3.49,0.000882909
0.96,3.5,0.000937439
0.96,3.51,0.000341012
0.96,3.52,8.39664e-05
0.96,3.53,0.000843758
0.96,3.54,0.00218685
0.96,3.55,0.000329613
0.96,3.56,1.5327e-05
0.96,3.57,0.000548041
0.96,3.58,1.81598e-06
0.96,3.59,0.000400331
0.96,3.6,0.00344172
0.96,3.61,0.00109665
0.96,3.62,0.00272961
0.96,3.63,0.00211225
0.96,3.64,0.00102264
0.96,3.65,3.19667e-05
0.96,3.66,0.000596457
0.96,3.67,0.00136615
0.96,3.68,0.000159048
0.96,3.69,0.000636748
0.96,3.7,0.000140932
0.96,3.71,0.00186622
0.96,3.72,5.38448e-05
0.96,3.73,0.00166009
0.96,3.74,0.000895953
0.96,3.75,0.000838413
0.96,3.76,0.00198551
0.96,3.77,0.000241208
0.96,3.78,0.000239964
0.96,3.79,0.000857545
0.96,3.8,0.00130239
0.96,3.81,0.00090742
0.96,3.82,0.00126847
0.96,3.83,0.00108159
0.96,3.84,0.00129188
0.96,3.85,0.0010589
0.96,3.86,0.000821879
0.96,3.87,0.000954238
0.96,3.88,0.000800541
0.96,3.89,0.000953625
0.96,3.9,0.00141385
0.96,3.91,0.00135706
0.96,3.92,0.00223418
0.96,3.93,0.000641204
0.96,3.94,0.000696082
0.96,3.95,0.000128561
0.96,3.96,0.000616186
0.96,3.97,5.21321e-05
0.96,3.98,0.000271444
0.96,3.99,0.00100573
0.96,4,0.000687733
0.96,4.01,0.000607991
0.96,4.02,0.000552314
0.96,4.03,0.00113258
0.96,4.04,0.000992677
0.96,4.05,0.00207153
0.96,4.06,0.00131599
0.96,4.07,0.000675766
0.96,4.08,0.000749347
0.96,4.09,0.000811898
0.96,4.1,0.00239579
0.96,4.11,0.000103583
0.96,4.12,0.000643991
0.96,4.13,0.00200379
0.96,4.14,6.67013e-07
0.96,4.15,0.00152694
0.96,4.16,8.11656e-06
0.96,4.17,0.0017253
0.96,4.18,0.00143696
0.96,4.19,0.000807203
0.96,4.2,0.000686687
0.96,4.21,0.00141074
0.96,4.22,0.000372714
0.96,4.23,0.00117084
0.96,4.24,0.0010931
0.96,4.25,0.000430362
0.96,4.26,0.0014598
0.96,4.27,0.000462568
0.96,4.28,0.00146158
0.96,4.29,0.000460912
0.96,4.3,0.00116578
0.96,4.31,0.00071156
0.96,4.32,0.000737502
0.96,4.33,3.35147e-05
0.96,4.34,0.00135431
0.96,4.35,0.00125174
0.96,4.36,5.30494e-06
0.96,4.37,0.00031528
0.96,4.38,0.00122574
0.96,4.39,0.00070892
0.96,4.4,0.000632907
0.96,4.41,0.00046715
0.96,4.42,0.000387273
0.96,4.43,0.000681484
0.96,4.44,0.00124971
0.96,4.45,0.000190795
0.96,4.46,0.00171159
0.96,4.47,4.21404e-05
0.96,4.48,1.11669e-05
0.96,4.49,0.000478209
0.96,4.5,0.0016392
0.96,4.51,0.000780838
0.96,4.52,0.00112047
0.96,4.53,2.09295e-05
0.96,4.54,0.000535084
0.96,4.55,8.19813e-07
0.96,4.56,0.000987864
0.96,4.57,0.000983816
0.96,4.58,0.000637825
0.96,4.59,0.000482994
0.96,4.6,0.000268522
0.96,4.61,2.74778e-05
0.96,4.62,0.0001707
0.96,4.63,0.00120292
0.96,4.64,0.00187805
0.96,4.65,0.000562571
0.96,4.66,0.0014302
0.96,4.67,0.000698169
0.96,4.68,8.81639e-05
0.96,4.69,0.00159596
0.96,4.7,0.00169408
0.96,4.71,0.000179078
0.96,4.72,0.000544012
0.96,4.73,0.000766265
0.96,4.74,0.000735347
0.96,4.75,0.000964457
0.96,4.76,0.000730424
0.96,4.77,0.000612048
0.96,4.78,0.000777475
0.96,4.79,0.00301298
0.96,4.8,0.00114692
0.96,4.81,0.000769836
0.96,4.82,0.00112167
0.96,4.83,0.000557349
0.96,4.84,0.000643978
0.96,4.85,0.000462465
0.96,4.86,0.00093702
0.96,4.87,3.81402e-06
0.96,4.88,0.000821547
0.96,4.89,0.000608992
0.96,4.9,0.000176601
0.96,4.91,4.88696e-05
0.96,4.92,0.000381935
0.96,4.93,0.000600491
0.96,4.94,0.00121705
0.96,4.95,0.00103397
0.96,4.96,0.000661199
0.96,4.97,0.000823024
0.96,4.98,0.0010294
0.96,4.99,0.00128941
0.96,5,0.000627556
0.96,5.01,0.00105626
0.96,5.02,0.00212636
0.96,5.03,0.000211144
0.96,5.04,0.00142003
0.96,5.05,0.000805343
0.96,5.06,0.00051859
0.96,5.07,3.15341e-05
0.96,5.08,0.000786707
0.96,5.09,0.00118635
0.96,5.1,7.27026e-05
0.96,5.11,0.000779956
0.96,5.12,0.000594855
0.96,5.13,0.00121802
0.96,5.14,0.000125588
0.96,5.15,6.0488e-06
0.96,5.16,0.00153861
0.96,5.17,5.3803e-05
0.96,5.18,0.00120766
0.96,5.19,0.000687892
0.96,5.2,0.000904981
0.96,5.21,0.000371877
0.96,5.22,0.00154755
0.96,5.23,0.00051873
0.96,5.24,0.000629145
0.96,5.25,0.000839731
0.96,5.26,0.00158733
0.96,5.27,0.000221318
0.96,5.28,0.000452947
0.96,5.29,6.89428e-05
0.96,5.3,0.00120602
0.96,5.31,0.000388504
0.96,5.32,0.000132028
0.96,5.33,0.000709838
0.96,5.34,0.0018624
0.96,5.35,0.0012974
0.96,5.36,0.00054796
0.96,5.37,0.00129515
0.96,5.38,0.000653267
0.96,5.39,0.00327438
0.96,5.4,0.000671582
0.96,5.41,0.00128355
0.96,5.42,0.000598274
0.96,5.43,0.000164035
0.96,5.44,0.000878455
0.96,5.45,0.000277439
0.96,5.46,0.000123695
0.96,5.47,0.000681641
0.96,5.48,9.43631e-05
0.96,5.49,0.000415152
0.96,5.5,0.000163582
0.96,5.51,0.000747642
0.96,5.52,0.00136505
0.96,5.53,0.000590822
0.96,5.54,0.000457397
0.96,5.55,0.00120356
0.96,5.56,0.000727912
0.96,5.57,0.00131886
0.96,5.58,0.000736343
0.96,5.59,0.00102969
0.96,5.6,0.00109128
0.96,5.61,0.000256479
0.96,5.62,0.000282554
0.96,5.63,0.000652651
0.96,5.64,0.0014585
0.96,5.65,0.000689666
0.96,5.66,0.00122238
0.96,5.67,0.000678985
0.96,5.68,0.00105408
0.96,5.69,0.00044059
0.96,5.7,0.0019892
0.96,5.71,0.00110898
0.96,5.72,0.0016145
0.96,5.73,0.00117197
0.96,5.74,0.00133829
0.96,5.75,0.000377543
0.96,5.76,0.00136373
0.96,5.77,0.00192137
0.96,5.78,2.68303e-05
0.96,5.79,0.000331927
0.96,5.8,0.00053894
0.96,5.81,0.000689836
0.96,5.82,0.000110458
0.96,5.83,0.000432856
0.96,5.84,0.000519547
0.96,5.85,0.00102728
0.96,5.86,0.000768478
0.96,5.87,0.000727645
0.96,5.88,0.00048126
0.96,5.89,0.000954498
0.96,5.9,0.00105143
0.96,5.91,0.00080596
0.96,5.92,0.00125091
0.96,5.93,0.000982163
0.96,5.94,0.00180542
0.96,5.95,0.00129024
0.96,5.96,0.000847092
0.96,5.97,0.000615631
0.96,5.98,0.000711206
0.96,5.99,0.000854506
0.96,6,0.00208253
0.96,6.01,0.00119103
0.96,6.02,8.03268e-05
0.96,6.03,0.000724362
0.96,6.04,0.000666101
0.96,6.05,0.00056724
0.96,6.06,0.000296368
0.96,6.07,0.00163931
0.96,6.08,0.000404524
0.96,6.09,1.64227e-06
0.96,6.1,0.00105546
0.96,6.11,0.00212667
0.96,6.12,1.97616e-05
0.96,6.13,0.000598941
0.96,6.14,0.00066686
0.96,6.15,0.000508737
0.96,6.16,0.0010754
0.96,6.17,0.000956429
0.96,6.18,0.000670099
0.96,6.19,0.000237279
0.96,6.2,0.00115084
0.96,6.21,7.48553e-05
0.96,6.22,0.000659456
0.96,6.23,0.0004817
0.96,6.24,0.00147624
0.96,6.25,0.00107289
0.96,6.26,0.000578435
0.96,6.27,1.23164e-06
0.96,6.28,0.000375435
0.97,0,0.000302579
0.97,0.01,0.000929324
0.97,0.02,4.17254e-05
0.97,0.03,0.00096113
0.97,0.04,0.000167692
0.97,0.05,0.00128173
0.97,0.06,0.00116895
0.97,0.07,0.000201659
0.97,0.08,0.000914227
0.97,0.09,0.00102314
0.97,0.1,0.00171993
0.97,0.11,3.9471e-05
0.97,0.12,6.60761e-05
0.97,0.13,0.000201747
0.97,0.14,0.000788929
0.97,0.15,0.00152935
0.97,0.16,0.00147998
0.97,0.17,0.00133279
0.97,0.18,0.000688078
0.97,0.19,0.000286366
0.97,0.2,0.000673773
0.97,0.21,0.00118252
0.97,0.22,0.000519024
0.97,0.23,0.000670751
0.97,0.24,0.000928583
0.97,0.25,0.00121473
0.97,0.26,0.0011148
0.97,0.27,0.000890231
0.97,0.28,0.000989787
0.97,0.29,0.00165635
0.97,0.3,0.000566757
0.97,0.31,1.94741e-06
0.97,0.32,0.00093328
0.97,0.33,1.43007e-05
0.97,0.34,0.00170584
0.97,0.35,0.000763841
0.97,0.36,0.000585875
0.97,0.37,0.00111503
0.97,0.38,0.00162204
0.97,0.39,0.00124535
0.97,0.4,0.000913315
0.97,0.41,5.36473e-05
0.97,0.42,9.91667e-05
0.97,0.43,0.000510153
0.97,0.44,0.000717841
0.97,0.45,0.0010159
0.97,0.46,0.00214522
0.97,0.47,0.000318334
0.97,0.48,0.000312186
0.97,0.49,0.000879315
0.97,0.5,0.000731011
0.97,0.51,0.000199914
0.97,0.52,0.000665242
0.97,0.53,0.00129545
0.97,0.54,0.000513858
0.97,0.55,0.00112618
0.97,0.56,0.000985366
0.97,0.57,0.000419156
0.97,0.58,0.000795699
0.97,0.59,0.000811956
0.97,0.6,0.00154929
0.97,0.61,0.000570501
0.97,0.62,0.000256522
0.97,0.63,0.000335183
0.97,0.64,0.000974126
0.97,0.65,7.15473e-09
0.97,0.66,0.000725332
0.97,0.67,6.28708e-06
0.97,0.68,0.000942419
0.97,0.69,0.00410519
0.97,0.7,0.000249379
0.97,0.71,0.000853653
0.97,0.72,0.00109087
0.97,0.73,0.000113731
0.97,0.74,0.00175981
0.97,0.75,0.00126131
0.97,0.76,0.000223658
0.97,0.77,1.56763e-06
0.97,0.78,0.000867106
0.97,0.79,0.000228387
0.97,0.8,0.00184693
0.97,0.81,0.00279112
0.97,0.82,0.00233187
0.97,0.83,0.000193867
0.97,0.84,0.00213787
0.97,0.85,0.00124306
0.97,0.86,0.0012215
0.97,0.87,0.00111049
0.97,0.88,0.000624185
0.97,0.89,0.00217365
0.97,0.9,0.000598312
0.97,0.91,0.000861538
0.97,0.92,0.0019334
0.97,0.93,8.32647e-05
0.97,0.94,0.000708572
0.97,0.95,0.000763825
0.97,0.96,0.000629302
0.97,0.97,0.000431976
0.97,0.98,0.000717809
0.97,0.99,0.00055774
0.97,1,0.000392857
0.97,1.01,3.17186e-05
0.97,1.02,0.000684349
0.97,1.03,0.00238269
0.97,1.04,0.00113006
0.97,1.05,0.000588036
0.97,1.06,0.000605115
0.97,1.07,0.000528085
0.97,1.08,0.0010099
0.97,1.09,0.00174825
0.97,1.1,0.00137435
0.97,1.11,0.00172651
0.97,1.12,0.000725734
0.97,1.13,8.94374e-05
0.97,1.14,0.000642927
0.97,1.15,0.000146003
0.97,1.16,0.000456728
0.97,1.17,0.00101974
0.97,1.18,2.4597e-05
0.97,1.19,0.00130824
0.97,1.2,0.00081153
0.97,1.21,0.000688426
0.97,1.22,0.000816493
0.97,1.23,0.000667075
0.97,1.24,0.000265493
0.97,1.25,0.000617456
0.97,1.26,0.000823312
0.97,1.27,0.000882327
0.97,1.28,0.000630066
0.97,1.29,0.000673126
0.97,1.3,0.00076095
0.97,1.31,0.000265466
0.97,1.32,0.000366035
0.97,1.33,0.000571069
0.97,1.34,0.000240484
0.97,1.35,0.000264789
0.97,1.36,0.000363366
0.97,1.37,0.00198499
0.97,1.38,0.000215125
0.97,1.39,0.00118454
0.97,1.4,0.000235061
0.97,1.41,0.00075453
0.97,1.42,0.000523402
0.97,1.43,0.000757526
0.97,1.44,0.000594383
0.97,1.45,3.39521e-05
0.97,1.46,0.00097649
0.97,1.47,0.00142627
0.97,1.48,0.00260474
0.97,1.49,0.000831908
0.97,1.5,0.000496974
0.97,1.51,0.000707
0.97,1.52,1.48283e-05
0.97,1.53,7.34868e-05
0.97,1.54,7.14573e-05
0.97,1.55,0.00173007
0.97,1.56,0.00129144
0.97,1.57,0.000320474
0.97,1.58,0.000925051
0.97,1.59,0.0004666
0.97,1.6,0.000532578
0.97,1.61,3.86694e-06
0.97,1.62,0.000440447
0.97,1.63,0.0014829
0.97,1.64,0.000610906
0.97,1.65,0.00061691
0.97,1.66,0.00125244
0.97,1.67,0.000416841
0.97,1.68,0.000671132
0.97,1.69,0.000486716
0.97,1.7,0.000636806
0.97,1.71,0.000496386
0.97,1.72,0.00246683
0.97,1.73,0.00144194
0.97,1.74,0.00133011
0.97,1.75,0.000520912
0.97,1.76,0.000836801
0.97,1.77,0.000611738
0.97,1.78,0.00205667
0.97,1.79,0.00023719
0.97,1.8,0.00106148
0.97,1.81,0.000870505
0.97,1.82,0.000794251
0.97,1.83,0.000970365
0.97,1.84,0.00167512
0.97,1.85,0.000347609
0.97,1.86,0.00336245
0.97,1.87,0.000151377
0.97,1.88,0.000134779
0.97,1.89,0.000864885
0.97,1.9,0.00200997
0.97,1.91,0.00112242
0.97,1.92,0.0010034
0.97,1.93,0.000294568
0.97,1.94,0.00159804
0.97,1.95,0.000473573
0.97,1.96,0.000290203
0.97,1.97,0.00226353
0.97,1.98,0.00120092
0.97,1.99,0.00116839
0.97,2,0.0017708
0.97,2.01,0.000716652
0.97,2.02,0.000142277
0.97,2.03,0.00102508
0.97,2.04,0.00098014
0.97,2.05,0.000448016
0.97,2.06,0.00239304
0.97,2.07,0.000359091
0.97,2.08,0.000862307
0.97,2.09,0.00164897
0.97,2.1,0.000442156
0.97,2.11,0.000711048
0.97,2.12,0.000762456
0.97,2.13,0.00127465
0.97,2.14,0.000376791
0.97,2.15,0.000207938
0.97,2.16,0.000824012
0.97,2.17,0.000359865
0.97,2.18,0.000556984
0.97,2.19,0.00110269
0.97,2.2,0.000902481
0.97,2.21,0.000567112
0.97,2.22,6.41057e-05
0.97,2.23,0.00205589
0.97,2.24,0.000594927
0.97,2.25,0.000667935
0.97,2.26,0.000586695
0.97,2.27,0.0015726
0.97,2.28,0.000254504
0.97,2.29,0.0010572
0.97,2.3,1.77748e-06
0.97,2.31,0.000956821
0.97,2.32,0.000674668
0.97,2.33,0.000759979
0.97,2.34,0.00101976
0.97,2.35,0.00104409
0.97,2.36,0.00167285
0.97,2.37,9.28109e-05
0.97,2.38,0.00124522
0.97,2.39,0.000463558
0.97,2.4,0.00171961
0.97,2.41,0.00100653
0.97,2.42,0.00100199
0.97,2.43,0.000231742
0.97,2.44,0.000727588
0.97,2.45,0.00071838
0.97,2.46,0.000162168
0.97,2.47,0.000957961
0.97,2.48,0.000620155
0.97,2.49,0.000534356
0.97,2.5,0.00175522
0.97,2.51,0.00136624
0.97,2.52,0.00116793
0.97,2.53,0.000270971
0.97,2.54,0.000954745
0.97,2.55,0.00206625
0.97,2.56,0.00197323
0.97,2.57,4.97912e-05
0.97,2.58,0.000595942
0.97,2.59,0.000431565
0.97,2.6,0.00148375
0.97,2.61,0.000378735
0.97,2.62,0.000243193
0.97,2.63,0.00186902
0.97,2.64,0.000146647
0.97,2.65,4.19245e-06
0.97,2.66,0.000889524
0.97,2.67,0.000710285
0.97,2.68,0.00090992
0.97,2.69,0.000821965
0.97,2.7,0.00129116
0.97,2.71,0.00187782
0.97,2.72,0.000858343
0.97,2.73,0.000914179
0.97,2.74,2.00753e-05
0.97,2.75,0.0017955
0.97,2.76,0.000384132
0.97,2.77,0.000677253
0.97,2.78,0.0021035
0.97,2.79,0.00223508
0.97,2.8,0.00162826
0.97,2.81,0.000349531
0.97,2.82,0.000802036
0.97,2.83,0.00171005
0.97,2.84,0.00130563
0.97,2.85,0.000445078
0.97,2.86,0.00174755
0.97,2.87,0.00149034
0.97,2.88,0.000516759
0.97,2.89,0.00111765
0.97,2.9,0.000160025
0.97,2.91,0.000552179
0.97,2.92,0.00140729
0.97,2.93,0.00141043
0.97,2.94,1.95897e-05
0.97,2.95,0.000524337
0.97,2.96,0.00194277
0.97,2.97,0.000871649
0.97,2.98,0.00174198
0.97,2.99,0.000368024
0.97,3,0.00139162
0.97,3.01,8.06987e-06
0.97,3.02,0.00186893
0.97,3.03,5.28985e-05
0.97,3.04,0.000473116
0.97,3.05,0.000445898
0.97,3.06,0.00110643
0.97,3.07,0.000842966
0.97,3.08,0.001274
0.97,3.09,8.85736e-05
0.97,3.1,0.000581425
0.97,3.11,5.55463e-06
0.97,3.12,0.00193788
0.97,3.13,0.000617169
0.97,3.14,0.00133263
0.97,3.15,0.000307695
0.97,3.16,0.000232921
0.97,3.17,0.00197281
0.97,3.18,0.00134994
0.97,3.19,0.0008073
0.97,3.2,0.000175264
0.97,3.21,0.000655388
0.97,3.22,0.00106375
0.97,3.23,0.00172861
0.97,3.24,0.0010975
0.97,3.25,2.13297e-07
0.97,3.26,5.41632e-05
0.97,3.27,0.000834471
0.97,3.28,0.000287851
0.97,3.29,0.000236556
0.97,3.3,0.00137407
0.97,3.31,0.000387396
0.97,3.32,0.000249914
0.97,3.33,6.12655e-05
0.97,3.34,0.000687505
0.97,3.35,0.0006735
0.97,3.36,0.0010889
0.97,3.37,0.000664392
0.97,3.38,0.000515846
0.97,3.39,0.000267658
0.97,3.4,0.000497949
0.97,3.41,0.000732733
0.97,3.42,0.000677614
0.97,3.43,0.0011071
0.97,3.44,0.00216978
0.97,3.45,0.000328033
0.97,3.46,0.00144799
0.97,3.47,0.000359977
0.97,3.48,0.00184821
0.97,3.49,0.000785309
0.97,3.5,0.00103966
0.97,3.51,0.00105737
0.97,3.52,0.000219952
0.97,3.53,0.000670363
0.97,3.54,0.00128297
0.97,3.55,2.92107e-05
0.97,3.56,7.02822e-05
0.97,3.57,0.000339993
0.97,3.58,0.00136647
0.97,3.59,0.000911702
0.97,3.6,0.000464639
0.97,3.61,0.00170106
0.97,3.62,0.000188358
0.97,3.63,0.0011169
0.97,3.64,0.000961408
0.97,3.65,8.146e-05
0.97,3.66,0.000696981
0.97,3.67,0.00146514
0.97,3.68,0.0016642
0.97,3.69,0.00154773
0.97,3.7,0.00213006
0.97,3.71,0.000233282
0.97,3.72,0.000950549
0.97,3.73,0.00041769
0.97,3.74,0.000191795
0.97,3.75,0.00197356
0.97,3.76,0.000277018
0.97,3.77,0.000156326
0.97,3.78,0.000769319
0.97,3.79,0.00209473
0.97,3.8,0.000147194
0.97,3.81,0.00203166
0.97,3.82,0.00116925
0.97,3.83,0.0015553
0.97,3.84,0.000470443
0.97,3.85,0.0001011
0.97,3.86,0.000111786
0.97,3.87,0.000551788
0.97,3.88,0.00041101
0.97,3.89,0.00120023
0.97,3.9,0.00176561
0.97,3.91,0.00158372
0.97,3.92,0.000197201
0.97,3.93,0.00098794
0.97,3.94,0.000911378
0.97,3.95,0.000722009
0.97,3.96,0.00212455
0.97,3.97,0.00062548
0.97,3.98,0.00013856
0.97,3.99,0.000887498
0.97,4,0.000789606
0.97,4.01,0.000398787
0.97,4.02,4.69023e-05
0.97,4.03,0.0002753
0.97,4.04,0.00147377
0.97,4.05,0.000637853
0.97,4.06,0.0003674
0.97,4.07,0.000814294
0.97,4.08,0.00140302
0.97,4.09,0.000530613
0.97,4.1,0.00141039
0.97,4.11,0.000495537
0.97,4.12,0.000184353
0.97,4.13,0.00092917
0.97,4.14,0.000854965
0.97,4.15,0.000232504
0.97,4.16,0.000544365
0.97,4.17,0.00243295
0.97,4.18,0.000342844
0.97,4.19,0.000579264
0.97,4.2,0.00159137
0.97,4.21,0.00143344
0.97,4.22,0.000585044
0.97,4.23,0.000238374
0.97,4.24,0.000352812
0.97,4.25,0.00122451
0.97,4.26,0.000259264
0.97,4.27,0.00181881
0.97,4.28,3.22038e-05
0.97,4.29,0.000530357
0.97,4.3,0.00105951
0.97,4.31,5.56045e-05
0.97,4.32,0.000207546
0.97,4.33,4.73307e-05
0.97,4.34,0.000426426
0.97,4.35,0.00115766
0.97,4.36,0.000634974
0.97,4.37,0.000374584
0.97,4.38,0.00102753
0.97,4.39,0.000981957
0.97,4.4,0.00132766
0.97,4.41,0.00151434
0.97,4.42,0.00108731
0.97,4.43,0.000737078
0.97,4.44,0.00102628
0.97,4.45,0.000430685
0.97,4.46,0.00100212
0.97,4.47,0.000907849
0.97,4.48,0.00136485
0.97,4.49,0.00060402
0.97,4.5,0.000452635
0.97,4.51,0.00168637
0.97,4.52,9.5716e-05
0.97,4.53,0.00113902
0.97,4.54,0.000276315
0.97,4.55,0.00136328
0.97,4.56,2.59538e-05
0.97,4.57,0.00130221
0.97,4.58,0.00137146
0.97,4.59,0.000790297
0.97,4.6,3.26922e-05
0.97,4.61,0.00120833
0.97,4.62,0.001253
0.97,4.63,0.00217885
0.97,4.64,0.00154621
0.97,4.65,0.000113625
0.97,4.66,0.000983812
0.97,4.67,0.000599682
0.97,4.68,0.000355559
0.97,4.69,0.00139258
0.97,4.7,0.000869898
0.97,4.71,0.00101062
0.97,4.72,0.000244773
0.97,4.73,0.000627586
0.97,4.74,0.00147809
0.97,4.75,0.00143149
0.97,4.76,6.2548e-06
0.97,4.77,6.60974e-06
0.97,4.78,0.000374696
0.97,4.79,0.000343714
0.97,4.8,0.00102291
0.97,4.81,0.00208348
0.97,4.82,0.000963462
0.97,4.83,0.000942993
0.97,4.84,0.00178207
0.97,4.85,0.00238019
0.97,4.86,0.000877022
0.97,4.87,0.000163107
0.97,4.88,0.000368471
0.97,4.89,0.000109289
0.97,4.9,0.00169315
0.97,4.91,6.08079e-05
0.97,4.92,0.00319903
0.97,4.93,0.00182907
0.97,4.94,0.000677293
0.97,4.95,0.000965657
0.97,4.96,0.000699822
0.97,4.97,0.000401249
0.97,4.98,0.00144108
0.97,4.99,0.000483119
0.97,5,0.000530546
0.97,5.01,0.000913055
0.97,5.02,0.00104147
0.97,5.03,0.00102855
0.97,5.04,0.00050742
0.97,5.05,0.000885294
0.97,5.06,0.00123372
0.97,5.07,0.000923947
0.97,5.08,0.000346036
0.97,5.09,0.000419436
0.97,5.1,0.000880792
0.97,5.11,0.00053394
0.97,5.12,0.000231409
0.97,5.13,0.000672208
0.97,5.14,0.000269138
0.97,5.15,3.20308e-05
0.97,5.16,3.6249e-05
0.97,5.17,0.00147929
0.97,5.18,0.0014108
0.97,5.19,0.000721248
0.97,5.2,0.000970858
0.97,5.21,0.000304768
0.97,5.22,9.07751e-05
0.97,5.23,1.22452e-05
0.97,5.24,0.00148747
0.97,5.25,0.00191532
0.97,5.26,0.000222862
0.97,5.27,0.000787545
0.97,5.28,0.000768065
0.97,5.29,0.00219737
0.97,5.3,0.00129225
0.97,5.31,0.00211394
0.97,5.32,0.000572063
0.97,5.33,3.23335e-05
0.97,5.34,0.00110073
0.97,5.35,0.00120864
0.97,5.36,0.000960821
0.97,5.37,0.000675786
0.97,5.38,0.00156006
0.97,5.39,0.000801157
0.97,5.4,0.000600722
0.97,5.41,9.10058e-05
0.97,5.42,0.000502385
0.97,5.43,0.00058026
0.97,5.44,7.02801e-05
0.97,5.45,2.5902e-05
0.97,5.46,0.000982078
0.97,5.47,3.59738e-05
0.97,5.48,0.000817033
0.97,5.49,0.000515938
0.97,5.5,0.00144702
0.97,5.51,0.00206254
0.97,5.52,0.000397337
0.97,5.53,0.00115784
0.97,5.54,5.16586e-05
0.97,5.55,0.000140083
0.97,5.56,0.000380023
0.97,5.57,0.000669629
0.97,5.58,0.000216638
0.97,5.59,0.000247096
0.97,5.6,0.000574379
0.97,5.61,0.000536971
0.97,5.62,0.00119199
0.97,5.63,0.000351596
0.97,5.64,0.000792187
0.97,5.65,0.00109154
0.97,5.66,0.000623527
0.97,5.67,0.000585898
0.97,5.68,0.00051478
0.97,5.69,0.00150903
0.97,5.7,2.0581e-05
0.97,5.71,0.0014966
0.97,5.72,0.000965356
0.97,5.73,0.00123773
0.97,5.74,0.000760483
0.97,5.75,0.000215599
0.97,5.76,0.00170613
0.97,5.77,0.00210241
0.97,5.78,0.000747435
0.97,5.79,0.00117152
0.97,5.8,0.000664452
0.97,5.81,0.00061249
0.97,5.82,3.70425e-05
0.97,5.83,0.000334949
0.97,5.84,0.00058118
0.97,5.85,0.000850455
0.97,5.86,0.00108672
0.97,5.87,0.0015616
0.97,5.88,0.000972703
0.97,5.89,0.00117184
0.97,5.9,0.000748549
0.97,5.91,0.000917132
0.97,5.92,0.00156055
0.97,5.93,0.00088865
0.97,5.94,0.000311154
0.97,5.95,0.000611991
0.97,5.96,0.00254253
0.97,5.97,0.000533459
0.97,5.98,0.000704749
0.97,5.99,0.00089716
0.97,6,0.00093432
0.97,6.01,0.000660474
0.97,6.02,0.00019217
0.97,6.03,0.000704431
0.97,6.04,0.0015853
0.97,6.05,0.00105726
0.97,6.06,0.000689641
0.97,6.07,0.000808739
0.97,6.08,0.000380331
0.97,6.09,0.001361
0.97,6.1,0.00198262
0.97,6.11,6.62142e-05
0.97,6.12,1.71667e-05
0.97,6.13,0.000834545
0.97,6.14,0.000374396
0.97,6.15,0.00108225
0.97,6.16,0.00085663
0.97,6.17,0.00047578
0.97,6.18,0.00131825
0.97,6.19,0.000305141
0.97,6.2,0.000422994
0.97,6.21,0.000262049
0.97,6.22,0.000618662
0.97,6.23,0.0006625
0.97,6.24,0.00110265
0.97,6.25,0.000901331
0.97,6.26,0.00167868
0.97,6.27,0.00126156
0.97,6.28,0.000795283
0.98,0,0.000353633
0.98,0.01,0.000877404
0.98,0.02,0.000575804
0.98,0.03,0.000694233
0.98,0.04,0.000490872
0.98,0.05,0.00138616
0.98,0.06,0.00274122
0.98,0.07,0.00125372
0.98,0.08,0.00242278
0.98,0.09,0.000767274
0.98,0.1,0.000826106
0.98,0.11,0.000739365
0.98,0.12,0.000246029
0.98,0.13,7.8911e-05
0.98,0.14,0.00146659
0.98,0.15,0.000211608
0.98,0.16,2.50288e-05
0.98,0.17,0.000255188
0.98,0.18,0.0014977
0.98,0.19,0.000312572
0.98,0.2,0.000741035
0.98,0.21,1.96211e-05
0.98,0.22,0.000188836
0.98,0.23,0.000458175
0.98,0.24,0.00197739
0.98,0.25,0.000778967
0.98,0.26,0.000570254
0.98,0.27,0.000475288
0.98,0.28,0.000868787
0.98,0.29,0.000253762
0.98,0.3,0.000409583
0.98,0.31,0.000952158
0.98,0.32,0.00168617
0.98,0.33,0.000316121
0.98,0.34,0.000556461
0.98,0.35,0.00195868
0.98,0.36,0.00073463
0.98,0.37,0.000460237
0.98,0.38,0.00140882
0.98,0.39,0.00122062
0.98,0.4,5.6346e-06
0.98,0.41,4.73565e-06
0.98,0.42,0.000697335
0.98,0.43,0.000696632
0.98,0.44,0.00151059
0.98,0.45,0.000653816
0.98,0.46,0.000629773
0.98,0.47,0.00246718
0.98,0.48,0.00143046
0.98,0.49,0.00040202
0.98,0.5,0.000270311
0.98,0.51,0.00137714
0.98,0.52,0.00170406
0.98,0.53,2.22075e-06
0.98,0.54,0.000516334
0.98,0.55,0.000782465
0.98,0.56,0.00111921
0.98,0.57,0.00122015
0.98,0.58,0.00176092
0.98,0.59,0.00105809
0.98,0.6,0.000829152
0.98,0.61,0.000159694
0.98,0.62,0.000905562
0.98,0.63,0.00132819
0.98,0.64,0.000552094
0.98,0.65,0.000506769
0.98,0.66,0.000790585
0.98,0.67,0.00119846
0.98,0.68,0.000573755
0.98,0.69,0.000379166
0.98,0.7,0.00133186
0.98,0.71,0.000799045
0.98,0.72,6.24173e-06
0.98,0.73,0.000503891
0.98,0.74,0.00123614
0.98,0.75,0.000351358
0.98,0.76,0.00270418
0.98,0.77,0.00149482
0.98,0.78,0.000632634
0.98,0.79,0.000153893
0.98,0.8,0.00114853
0.98,0.81,0.000899249
0.98,0.82,0.000331208
0.98,0.83,0.000793305
0.98,0.84,0.00173887
0.98,0.85,1.88931e-05
0.98,0.86,0.000213109
0.98,0.87,0.000281742
0.98,0.88,0.000819062
0.98,0.89,0.000150944
0.98,0.9,0.00016796
0.98,0.91,0.00163563
0.98,0.92,0.00132391
0.98,0.93,0.00108327
0.98,0.94,0.000935371
0.98,0.95,0.000556843
0.98,0.96,0.000718092
0.98,0.97,0.0009945
0.98,0.98,8.24283e-05
0.98,0.99,0.00150253
0.98,1,0.000975577
0.98,1.01,0.00134457
0.98,1.02,0.000788711
0.98,1.03,0.000204208
0.98,1.04,0.000782371
0.98,1.05,0.0011455
0.98,1.06,0.00218094
0.98,1.07,0.00102015
0.98,1.08,0.000529937
0.98,1.09,0.00117856
0.98,1.1,0.00142144
0.98,1.11,0.000813728
0.98,1.12,0.00152576
0.98,1.13,3.13483e-06
0.98,1.14,6.43417e-05
0.98,1.15,0.000577618
0.98,1.16,6.60629e-08
0.98,1.17,0.000861226
0.98,1.18,0.000383494
0.98,1.19,0.000520177
0.98,1.2,0.00132986
0.98,1.21,0.00171411
0.98,1.22,3.68971e-05
0.98,1.23,0.00193734
0.98,1.24,0.000879815
0.98,1.25,0.000174652
0.98,1.26,0.000496988
0.98,1.27,0.00100613
0.98,1.28,0.00143767
0.98,1.29,0.0013216
0.98,1.3,0.00237191
0.98,1.31,0.00150251
0.98,1.32,3.86219e-05
0.98,1.33,0.0010082
0.98,1.34,0.00186017
0.98,1.35,0.000567488
0.98,1.36,0.000996248
0.98,1.37,0.000456344
0.98,1.38,0.00136299
0.98,1.39,0.000568285
0.98,1.4,0.000680177
0.98,1.41,0.0010738
0.98,1.42,0.000376801
0.98,1.43,0.000674847
0.98,1.44,0.00274794
0.98,1.45,0.00012701
0.98,1.46,0.000490358
0.98,1.47,0.000991387
0.98,1.48,0.000663369
0.98,1.49,0.000704654
0.98,1.5,3.58486e-05
0.98,1.51,0.000329237
0.98,1.52,0.000130225
0.98,1.53,4.67485e-05
0.98,1.54,0.000945136
0.98,1.55,0.00113916
0.98,1.56,0.000398315
0.98,1.57,0.00186918
0.98,1.58,0.000586871
0.98,1.59,0.000700542
0.98,1.6,0.000745354
0.98,1.61,0.000379608
0.98,1.62,0.00183768
0.98,1.63,0.00120988
0.98,1.64,0.00149529
0.98,1.65,0.00107947
0.98,1.66,2.24037e-05
0.98,1.67,0.000212296
0.98,1.68,0.000620241
0.98,1.69,0.00180256
0.98,1.7,0.000605945
0.98,1.71,0.00107499
0.98,1.72,0.00095618
0.98,1.73,0.00123975
0.98,1.74,0.00027196
0.98,1.75,0.00224151
0.98,1.76,0.00060348
0.98,1.77,0.00243528
0.98,1.78,8.83382e-07
0.98,1.79,0.00136689
0.98,1.8,0.000674626
0.98,1.81,0.000512231
0.98,1.82,2.76372e-05
0.98,1.83,0.000680776
0.98,1.84,0.000965883
0.98,1.85,0.000328188
0.98,1.86,0.000681156
0.98,1.87,0.00108063
0.98,1.88,0.000912599
0.98,1.89,0.000426387
0.98,1.9,0.000268174
0.98,1.91,0.00015254
0.98,1.92,0.00129707
0.98,1.93,0.000686657
0.98,1.94,0.000511656
0.98,1.95,0.000930536
0.98,1.96,0.000864085
0.98,1.97,0.00110419
0.98,1.98,0.000582424
0.98,1.99,0.00128368
0.98,2,0.000661781
0.98,2.01,4.19377e-06
0.98,2.02,0.00275494
0.98,2.03,0.000378868
0.98,2.04,0.000348171
0.98,2.05,0.000887708
0.98,2.06,0.00136204
0.98,2.07,0.00106227
0.98,2.08,0.00207367
0.98,2.09,0.00223835
0.98,2.1,0.00159827
0.98,2.11,0.000754408
0.98,2.12,0.000972268
0.98,2.13,0.000262233
0.98,2.14,4.15278e-05
0.98,2.15,0.00103872
0.98,2.16,0.00101867
0.98,2.17,0.000196932
0.98,2.18,1.01929e-05
0.98,2.19,0.000242041
0.98,2.2,0.00102369
0.98,2.21,0.00158006
0.98,2.22,0.00100133
0.98,2.23,7.82976e-05
0.98,2.24,0.000444795
0.98,2.25,0.000806632
0.98,2.26,0.00152948
0.98,2.27,0.000601476
0.98,2.28,0.000888682
0.98,2.29,0.000167888
0.98,2.3,0.00164693
0.98,2.31,0.00048408
0.98,2.32,0.00223646
0.98,2.33,0.000891768
0.98,2.34,0.00103738
0.98,2.35,0.000898147
0.98,2.36,0.00126723
0.98,2.37,0.00120359
0.98,2.38,5.14495e-06
0.98,2.39,0.00209146
0.98,2.4,0.000733161
0.98,2.41,0.00107784
0.98,2.42,0.000915316
0.98,2.43,0.000468455
0.98,2.44,0.0015461
0.98,2.45,0.000947011
0.98,2.46,3.92246e-06
0.98,2.47,0.00172501
0.98,2.48,0.000877185
0.98,2.49,0.000917937
0.98,2.5,0.00076457
0.98,2.51,0.000445789
0.98,2.52,0.00200098
0.98,2.53,0.000764806
0.98,2.54,0.00129365
0.98,2.55,0.000247415
0.98,2.56,0.000693354
0.98,2.57,0.00101581
0.98,2.58,0.000317254
0.98,2.59,0.000691406
0.98,2.6,0.000461591
0.98,2.61,0.000964345
0.98,2.62,0.00134342
0.98,2.63,0.0015489
0.98,2.64,0.000184573
0.98,2.65,9.94321e-06
0.98,2.66,0.00147028
0.98,2.67,0.000847347
0.98,2.68,0.00165604
0.98,2.69,0.00108077
0.98,2.7,0.00103291
0.98,2.71,0.000157072
0.98,2.72,0.000686842
0.98,2.73,0.00184004
0.98,2.74,0.000662937
0.98,2.75,0.000632532
0.98,2.76,0.00185405
0.98,2.77,0.00141804
0.98,2.78,0.00106558
0.98,2.79,0.000561127
0.98,2.8,0.000743936
0.98,2.81,0.000135236
0.98,2.82,0.00165882
0.98,2.83,0.000436805
0.98,2.84,0.00164569
0.98,2.85,9.21798e-05
0.98,2.86,0.000807488
0.98,2.87,0.000701179
0.98,2.88,0.00109983
0.98,2.89,0.00135249
0.98,2.9,0.000688627
0.98,2.91,0.000113608
0.98,2.92,0.000515086
0.98,2.93,0.000463137
0.98,2.94,0.00123195
0.98,2.95,0.00185763
0.98,2.96,0.00142734
0.98,2.97,2.21866e-08
0.98,2.98,0.00139508
0.98,2.99,0.000324281
0.98,3,0.000553533
0.98,3.01,8.43706e-07
0.98,3.02,0.000217887
0.98,3.03,0.000781209
0.98,3.04,0.00143427
0.98,3.05,0.000124881
0.98,3.06,0.000201677
0.98,3.07,0.000694252
0.98,3.08,0.000116035
0.98,3.09,0.0013466
0.98,3.1,0.000187888
0.98,3.11,0.000749863
0.98,3.12,4.92613e-05
0.98,3.13,0.000556339
0.98,3.14,0.000409124
0.98,3.15,0.000610506
0.98,3.16,0.000242916
0.98,3.17,8.69411e-06
0.98,3.18,0.000344337
0.98,3.19,4.6798e-05
0.98,3.2,0.000396205
0.98,3.21,0.00142128
0.98,3.22,0.00036789
0.98,3.23,0.00119806
0.98,3.24,0.000843
0.98,3.25,0.000604438
0.98,3.26,0.00111767
0.98,3.27,0.000921636
0.98,3.28,0.000919397
0.98,3.29,0.000490327
0.98,3.3,0.000598631
0.98,3.31,0.000146224
0.98,3.32,0.00134425
0.98,3.33,0.000430512
0.98,3.34,0.00237313
0.98,3.35,0.00113207
0.98,3.36,0.000396907
0.98,3.37,1.03357e-05
0.98,3.38,0.00280167
0.98,3.39,0.00119262
0.98,3.4,0.000569564
0.98,3.41,0.000366101
0.98,3.42,0.00117556
0.98,3.43,0.000439582
0.98,3.44,0.00139539
0.98,3.45,3.07407e-07
0.98,3.46,0.00190246
0.98,3.47,0.000267088
0.98,3.48,0.000554872
0.98,3.49,0.00154875
0.98,3.5,0.000662564
0.98,3.51,0.00184861
0.98,3.52,0.000913086
0.98,3.53,0.000499267
0.98,3.54,0.000999949
0.98,3.55,0.000480694
0.98,3.56,0.00203999
0.98,3.57,0.00130017
0.98,3.58,0.000956564
0.98,3.59,0.00101079
0.98,3.6,0.00131288
0.98,3.61,0.00079991
0.98,3.62,0.00100497
0.98,3.63,0.000636153
0.98,3.64,0.000696962
0.98,3.65,0.000743214
0.98,3.66,0.00129608
0.98,3.67,0.000429465
0.98,3.68,0.000113297
0.98,3.69,0.000546267
0.98,3.7,0.000603414
0.98,3.71,0.000288708
0.98,3.72,0.000914328
0.98,3.73,0.000813452
0.98,3.74,0.00107404
0.98,3.75,0.000895448
0.98,3.76,0.00172398
0.98,3.77,0.000248516
0.98,3.78,0.00123017
0.98,3.79,0.00101502
0.98,3.8,0.0014043
0.98,3.81,0.000743158
0.98,3.82,0.000475659
0.98,3.83,0.000929972
0.98,3.84,0.000590555
0.98,3.85,0.0010571
0.98,3.86,0.000911269
0.98,3.87,0.000543592
0.98,3.88,0.00128349
0.98,3.89,0.00097284
0.98,3.9,0.000830918
0.98,3.91,0.0012854
0.98,3.92,0.000703893
0.98,3.93,0.00154845
0.98,3.94,0.00105468
0.98,3.95,0.000894826
0.98,3.96,0.000709228
0.98,3.97,0.00108775
0.98,3.98,0.000870816
0.98,3.99,0.00118164
0.98,4,0.000674962
0.98,4.01,0.00140849
0.98,4.02,0.000757681
0.98,4.03,0.00150361
0.98,4.04,0.000497038
0.98,4.05,3.75803e-05
0.98,4.06,0.000888061
0.98,4.07,0.000628614
0.98,4.08,0.00179556
0.98,4.09,0.00124591
0.98,4.1,0.00159003
0.98,4.11,0.000437653
0.98,4.12,0.000966777
0.98,4.13,0.000196006
0.98,4.14,0.00039483
0.98,4.15,0.000157088
0.98,4.16,0.000229187
0.98,4.17,0.000899883
0.98,4.18,0.000657922
0.98,4.19,0.00258572
0.98,4.2,0.000663637
0.98,4.21,0.000420369
0.98,4.22,0.000334786
0.98,4.23,7.06457e-05
0.98,4.24,0.000532325
0.98,4.25,1.69825e-08
0.98,4.26,0.000536164
0.98,4.27,0.000946414
0.98,4.28,0.00212583
0.98,4.29,0.000503218
0.98,4.3,0.00138182
0.98,4.31,0.00140492
0.98,4.32,0.000136709
0.98,4.33,0.00123991
0.98,4.34,0.000496618
0.98,4.35,0.00123837
0.98,4.36,0.000622496
0.98,4.37,0.00139411
0.98,4.38,0.000298747
0.98,4.39,0.001095
0.98,4.4,0.00218383
0.98,4.41,0.00040573
0.98,4.42,0.000548665
0.98,4.43,3.60376e-10
0.98,4.44,0.000757269
0.98,4.45,0.000529549
0.98,4.46,0.000655835
0.98,4.47,0.000759633
0.98,4.48,0.000228272
0.98,4.49,0.000360221
0.98,4.5,0.00321424
0.98,4.51,0.000130062
0.98,4.52,0.000498704
0.98,4.53,1.01394e-06
0.98,4.54,3.11905e-05
0.98,4.55,0.000975814
0.98,4.56,0.00130608
0.98,4.57,0.00066878
0.98,4.58,0.00140399
0.98,4.59,0.00181337
0.98,4.6,4.31919e-05
0.98,4.61,0.000831071
0.98,4.62,0.000609289
0.98,4.63,0.00102057
0.98,4.64,0.000174401
0.98,4.65,0.000647236
0.98,4.66,0.000868225
0.98,4.67,0.0016693
0.98,4.68,0.000211117
0.98,4.69,0.000315585
0.98,4.7,0.000385305
0.98,4.71,1.18983e-05
0.98,4.72,0.00086269
0.98,4.73,0.00087643
0.98,4.74,0.000745993
0.98,4.75,0.00057269
0.98,4.76,0.000583169
0.98,4.77,0.00101682
0.98,4.78,0.00216656
0.98,4.79,0.000700912
0.98,4.8,0.00165716
0.98,4.81,0.001466
0.98,4.82,0.000129744
0.98,4.83,0.000949378
0.98,4.84,0.0007538
0.98,4.85,0.000961513
0.98,4.86,4.83833e-05
0.98,4.87,0.000177347
0.98,4.88,0.000124533
0.98,4.89,0.000122518
0.98,4.9,0.0019938
0.98,4.91,0.00128384
0.98,4.92,0.00125746
0.98,4.93,0.00127137
0.98,4.94,0.000711136
0.98,4.95,0.000746884
0.98,4.96,0.00162672
0.98,4.97,0.00111065
0.98,4.98,0.000108231
0.98,4.99,0.000691487
0.98,5,3.98972e-05
0.98,5.01,3.31363e-07
0.98,5.02,0.000420631
0.98,5.03,0.000490874
0.98,5.04,0.00108816
0.98,5.05,0.00140158
0.98,5.06,0.00119677
0.98,5.07,0.00147397
0.98,5.08,0.001362
0.98,5.09,0.00180243
0.98,5.1,0.00130874
0.98,5.11,8.11408e-05
0.98,5.12,0.00152312
0.98,5.13,0.00134062
0.98,5.14,0.000971531
0.98,5.15,0.00012871
0.98,5.16,0.0011408
0.98,5.17,0.0014603
0.98,5.18,0.000157983
0.98,5.19,0.00142759
0.98,5.2,0.0009645
0.98,5.21,0.000292083
0.98,5.22,0.000438899
0.98,5.23,0.0013098
0.98,5.24,0.000429534
0.98,5.25,0.00118971
0.98,5.26,0.000741156
0.98,5.27,0.000787616
0.98,5.28,0.000872231
0.98,5.29,0.000989182
0.98,5.3,0.000882766
0.98,5.31,0.000291723
0.98,5.32,0.000117675
0.98,5.33,1.24214e-05
0.98,5.34,0.00128555
0.98,5.35,0.000244595
0.98,5.36,0.0013764
0.98,5.37,0.00148528
0.98,5.38,0.00069715
0.98,5.39,5.72529e-05
0.98,5.4,0.000317191
0.98,5.41,0.000962571
0.98,5.42,0.000573167
0.98,5.43,0.000981769
0.98,5.44,0.00225018
0.98,5.45,0.000550798
0.98,5.46,0.0010497
0.98,5.47,8.80464e-05
0.98,5.48,0.000283014
0.98,5.49,0.000149468
0.98,5.5,0.0025698
0.98,5.51,0.0012482
0.98,5.52,0.000500286
0.98,5.53,0.00149941
0.98,5.54,0.000400552
0.98,5.55,0.00107422
0.98,5.56,0.000158531
0.98,5.57,0.00190085
0.98,5.58,0.000235943
0.98,5.59,0.000566088
0.98,5.6,0.000426787
0.98,5.61,2.8127e-05
0.98,5.62,0.00062602
0.98,5.63,0.000367852
0.98,5.64,0.00072063
0.98,5.65,0.00129521
0.98,5.66,0.000731513
0.98,5.67,0.00159492
0.98,5.68,0.000381787
0.98,5.69,0.00232613
0.98,5.7,0.000124999
0.98,5.71,0.000424241
0.98,5.72,0.00118543
0.98,5.73,0.000431383
0.98,5.74,0.000949557
0.98,5.75,0.000748638
0.98,5.76,0.000151307
0.98,5.77,0.00255276
0.98,5.78,0.00198614
0.98,5.79,5.55751e-05
0.98,5.8,0.000471572
0.98,5.81,0.000746569
0.98,5.82,0.00109833
0.98,5.83,0.00120354
0.98,5.84,0.00111954
0.98,5.85,0.000209471
0.98,5.86,0.000649792
0.98,5.87,0.000872383
0.98,5.88,0.000422949
0.98,5.89,0.000630525
0.98,5.9,3.62405e-05
0.98,5.91,0.0011282
0.98,5.92,0.000540246
0.98,5.93,1.3846e-05
0.98,5.94,0.000225611
0.98,5.95,0.00203357
0.98,5.96,0.00131331
0.98,5.97,0.000150343
0.98,5.98,0.000992323
0.98,5.99,9.31515e-05
0.98,6,0.000848354
0.98,6.01,0.00171285
0.98,6.02,0.00035136
0.98,6.03,2.82941e-05
0.98,6.04,1.86809e-05
0.98,6.05,0.00181512
0.98,6.06,0.00139815
0.98,6.07,0.000381851
0.98,6.08,0.00119458
0.98,6.09,0.000142906
0.98,6.1,0.000505342
0.98,6.11,0.000765908
0.98,6.12,0.000976569
0.98,6.13,2.71045e-05
0.98,6.14,0.00248765
0.98,6.15,0.000141214
0.98,6.16,0.00135992
0.98,6.17,0.001398
0.98,6.18,0.000183008
0.98,6.19,0.00073598
0.98,6.2,0.000358277
0.98,6.21,0.000745331
0.98,6.22,0.000876896
0.98,6.23,9.21354e-05
0.98,6.24,0.000876015
0.98,6.25,0.000612983
0.98,6.26,0.000536628
0.98,6.27,0.00182169
0.98,6.28,0.00145821
0.99,0,0.000647007
0.99,0.01,0.000907965
0.99,0.02,0.000360698
0.99,0.03,9.3816e-05
0.99,0.04,2.90873e-11
0.99,0.05,0.000350774
0.99,0.06,0.000328671
0.99,0.07,0.000538042
0.99,0.08,0.000974951
0.99,0.09,0.00147924
0.99,0.1,0.000839603
0.99,0.11,0.000485665
0.99,0.12,0.000212641
0.99,0.13,0.00143813
0.99,0.14,2.41951e-05
0.99,0.15,3.32509e-10
0.99,0.16,0.000572804
0.99,0.17,0.000183679
0.99,0.18,0.00105656
0.99,0.19,0.000800076
0.99,0.2,2.19945e-05
0.99,0.21,0.000640228
0.99,0.22,0.000535989
0.99,0.23,0.00100227
0.99,0.24,5.81919e-05
0.99,0.25,0.000817639
0.99,0.26,0.00041721
0.99,0.27,0.00241939
0.99,0.28,0.000618972
0.99,0.29,0.000578096
0.99,0.3,0.00215648
0.99,0.31,0.000264094
0.99,0.32,2.59976e-05
0.99,0.33,0.000726352
0.99,0.34,0.000147348
0.99,0.35,0.000767888
0.99,0.36,0.000692118
0.99,0.37,0.000692212
0.99,0.38,0.00067294
0.99,0.39,0.000886302
0.99,0.4,0.000702991
0.99,0.41,0.00171177
0.99,0.42,9.95218e-07
0.99,0.43,0.00123607
0.99,0.44,0.000950144
0.99,0.45,6.56667e-05
0.99,0.46,6.1261e-05
0.99,0.47,0.000434718
0.99,0.48,0.000820487
0.99,0.49,6.18942e-08
0.99,0.5,8.10081e-05
0.99,0.51,0.000594979
0.99,0.52,0.000200534
0.99,0.53,0.000447343
0.99,0.54,1.45461e-08
0.99,0.55,0.000711048
0.99,0.56,0.00131087
0.99,0.57,0.000224743
0.99,0.58,2.5323e-05
0.99,0.59,0.000782478
0.99,0.6,0.000909234
0.99,0.61,0.000254026
0.99,0.62,5.29653e-06
0.99,0.63,2.9237e-05
0.99,0.64,0.00129135
0.99,0.65,0.000694011
0.99,0.66,0.00134574
0.99,0.67,0.000843765
0.99,0.68,0.000471033
0.99,0.69,0.000305601
0.99,0.7,0.00131156
0.99,0.71,0.00171674
0.99,0.72,0.000429997
0.99,0.73,1.04636e-05
0.99,0.74,0.000703956
0.99,0.75,5.25458e-05
0.99,0.76,0.00161045
0.99,0.77,6.35611e-05
0.99,0.78,0.00104542
0.99,0.79,0.000682494
0.99,0.8,0.000648644
0.99,0.81,2.48407e-07
0.99,0.82,2.29895e-07
0.99,0.83,0.00153683
0.99,0.84,0.00122203
0.99,0.85,0.000668795
0.99,0.86,0.000540505
0.99,0.87,0.000549701
0.99,0.88,0.00131784
0.99,0.89,0.000410993
0.99,0.9,0.00014679
0.99,0.91,0.000645842
0.99,0.92,0.000879263
0.99,0.93,0.000147438
0.99,0.94,0.000521153
0.99,0.95,0.000349925
0.99,0.96,0.00016469
0.99,0.97,0.000544725
0.99,0.98,2.83159e-06
0.99,0.99,0.00122127
0.99,1,1.40229e-05
0.99,1.01,1.54475e-07
0.99,1.02,0.00245388
0.99,1.03,0.000442154
0.99,1.04,0.000918367
0.99,1.05,0.00137883
0.99,1.06,0.00038536
0.99,1.07,0.000757174
0.99,1.08,0.000921963
0.99,1.09,0.000873801
0.99,1.1,1.63271e-06
0.99,1.11,0.000916359
0.99,1.12,4.74421e-06
0.99,1.13,0.000758302
0.99,1.14,0.000787325
0.99,1.15,0.000658318
0.99,1.16,0.00243724
0.99,1.17,0.00196187
0.99,1.18,0.000438061
0.99,1.19,0.00112461
0.99,1.2,0.00122218
0.99,1.21,0.00093513
0.99,1.22,7.98018e-06
0.99,1.23,8.88682e-08
0.99,1.24,1.48312e-05
0.99,1.25,1.19329e-05
0.99,1.26,0.000630751
0.99,1.27,0.000768429
0.99,1.28,2.08974e-05
0.99,1.29,7.82562e-05
0.99,1.3,0.00148566
0.99,1.31,0.00064215
0.99,1.32,0.000670212
0.99,1.33,0.00122025
0.99,1.34,0.000748484
0.99,1.35,0.000135805
0.99,1.36,0.0011244
0.99,1.37,0.000680501
0.99,1.38,0.000690132
0.99,1.39,0.00169209
0.99,1.4,0.000713118
0.99,1.41,0.00179103
0.99,1.42,0.000187229
0.99,1.43,0.000906948
0.99,1.44,0.00145259
0.99,1.45,0.00154495
0.99,1.46,0.000692244
0.99,1.47,0.00241471
0.99,1.48,0.000331375
0.99,1.49,0.000264957
0.99,1.5,0.000327845
0.99,1.51,0.000870373
0.99,1.52,0.000637784
0.99,1.53,0.000272806
0.99,1.54,9.91629e-05
0.99,1.55,8.88584e-06
0.99,1.56,0.00091271
0.99,1.57,0.0009195
0.99,1.58,0.00130762
0.99,1.59,0.00117447
0.99,1.6,0.00201431
0.99,1.61,0.000599427
0.99,1.62,0.000887913
0.99,1.63,0.00060545
0.99,1.64,0.00040354
0.99,1.65,0.000163696
0.99,1.66,0.00128009
0.99,1.67,2.07905e-06
0.99,1.68,0.0012675
0.99,1.69,0.000428272
0.99,1.7,0.00233106
0.99,1.71,0.000376829
0.99,1.72,0.000704072
0.99,1.73,0.000372417
0.99,1.74,0.000559314
0.99,1.75,2.22453e-05
0.99,1.76,0.00055904
0.99,1.77,0.000316992
0.99,1.78,0.00129806
0.99,1.79,0.00010902
0.99,1.8,3.0259e-07
0.99,1.81,3.97964e-07
0.99,1.82,0.000249478
0.99,1.83,0.00108559
0.99,1.84,0.000546155
0.99,1.85,0.000598729
0.99,1.86,0.00113464
0.99,1.87,0.000857844
0.99,1.88,0.000719854
0.99,1.89,0.000215239
0.99,1.9,0.000694905
0.99,1.91,4.40629e-11
0.99,1.92,0.000323216
0.99,1.93,0.00100539
0.99,1.94,0.000593055
0.99,1.95,0.000728362
0.99,1.96,0.000819709
0.99,1.97,0.000970903
0.99,1.98,0.000280068
0.99,1.99,0.000868599
0.99,2,0.00123833
0.99,2.01,0.000504292
0.99,2.02,0.000814952
0.99,2.03,1.2123e-06
0.99,2.04,0.00197947
0.99,2.05,8.7005e-05
0.99,2.06,0.00188449
0.99,2.07,1.05395e-05
0.99,2.08,0.00129947
0.99,2.09,0.000114718
0.99,2.1,0.000706925
0.99,2.11,0.00142274
0.99,2.12,0.000636181
0.99,2.13,0.000271404
0.99,2.14,0.000370453
0.99,2.15,0.00125975
0.99,2.16,3.25973e-07
0.99,2.17,3.00325e-07
0.99,2.18,3.54275e-05
0.99,2.19,0.000221491
0.99,2.2,0.00102545
0.99,2.21,4.19015e-05
0.99,2.22,0.00113087
0.99,2.23,0.00041204
0.99,2.24,0.00129194
0.99,2.25,0.00128425
0.99,2.26,8.28481e-08
0.99,2.27,0.000997197
0.99,2.28,2.69462e-06
0.99,2.29,0.000644311
0.99,2.3,2.56407e-05
0.99,2.31,0.000508223
0.99,2.32,0.000731833
0.99,2.33,0.000319278
0.99,2.34,0.000337961
0.99,2.35,4.87394e-06
0.99,2.36,0.000763278
0.99,2.37,0.000858441
0.99,2.38,0.000464975
0.99,2.39,2.17539e-07
0.99,2.4,0.000683678
0.99,2.41,0.000113685
0.99,2.42,0.000766016
0.99,2.43,6.88241e-05
0.99,2.44,0.00122804
0.99,2.45,0.000819527
0.99,2.46,0.000734594
0.99,2.47,0.00131032
0.99,2.48,0.000447999
0.99,2.49,6.4309e-05
0.99,2.5,0.000423186
0.99,2.51,0.000711347
0.99,2.52,6.22205e-05
0.99,2.53,0.00076286
0.99,2.54,0.00104195
0.99,2.55,2.48513e-06
0.99,2.56,0.000846437
0.99,2.57,0.00105092
0.99,2.58,0.000160736
0.99,2.59,0.00058422
0.99,2.6,4.4496e-07
0.99,2.61,7.85486e-05
0.99,2.62,0.000553658
0.99,2.63,0.00116967
0.99,2.64,0.000375111
0.99,2.65,7.48249e-06
0.99,2.66,0.000848589
0.99,2.67,0.000989497
0.99,2.68,0.00035278
0.99,2.69,0.000441076
0.99,2.7,0.000548365
0.99,2.71,9.31896e-05
0.99,2.72,0.000833731
0.99,2.73,0.00138314
0.99,2.74,0.000394936
0.99,2.75,0.000151417
0.99,2.76,0.00182657
0.99,2.77,0.00104431
0.99,2.78,0.000688992
0.99,2.79,0.0006222
0.99,2.8,0.00055956
0.99,2.81,5.10878e-06
0.99,2.82,0.000681503
0.99,2.83,0.000537271
0.99,2.84,3.63867e-09
0.99,2.85,0.000470252
0.99,2.86,0.000857037
0.99,2.87,0.00136918
0.99,2.88,0.000743714
0.99,2.89,0.00109739
0.99,2.9,0.000614295
0.99,2.91,0.0012523
0.99,2.92,0.00178605
0.99,2.93,0.000430719
0.99,2.94,0.001385
0.99,2.95,0.000703127
0.99,2.96,0.000832895
0.99,2.97,0.0006771
0.99,2.98,4.18283e-05
0.99,2.99,2.58022e-05
0.99,3,0.000668028
0.99,3.01,9.71473e-06
0.99,3.02,0.00100276
0.99,3.03,0.00150481
0.99,3.04,0.000384364
0.99,3.05,0.000954063
0.99,3.06,0.000685997
0.99,3.07,0.000662107
0.99,3.08,0.000538698
0.99,3.09,0.000655362
0.99,3.1,0.000650638
0.99,3.11,0.00138879
0.99,3.12,0.000212064
0.99,3.13,0.00149366
0.99,3.14,0.00117156
0.99,3.15,0.000114873
0.99,3.16,1.83657e-06
0.99,3.17,0.00100822
0.99,3.18,0.00124544
0.99,3.19,0.000247875
0.99,3.2,0.000845934
0.99,3.21,0.00110885
0.99,3.22,3.3507e-05
0.99,3.23,9.67696e-05
0.99,3.24,5.52138e-07
0.99,3.25,0.000104474
0.99,3.26,0.000763389
0.99,3.27,7.66232e-05
0.99,3.28,0.000303456
0.99,3.29,0.000563684
0.99,3.3,0.000666091
0.99,3.31,0.00117784
0.99,3.32,0.00175492
0.99,3.33,0.000667612
0.99,3.34,0.000443017
0.99,3.35,0.00104552
0.99,3.36,0.000665034
0.99,3.37,0.000747712
0.99,3.38,6.64334e-05
0.99,3.39,0.000439317
0.99,3.4,0.00138827
0.99,3.41,0.000248335
0.99,3.42,0.0014732
0.99,3.43,0.000857721
0.99,3.44,0.000769444
0.99,3.45,0.00191905
0.99,3.46,8.70306e-05
0.99,3.47,3.09824e-05
0.99,3.48,0.00215186
0.99,3.49,0.00113417
0.99,3.5,0.000161504
0.99,3.51,0.000127396
0.99,3.52,0.000683348
0.99,3.53,0.00112348
0.99,3.54,0.00062914
0.99,3.55,0.00071887
0.99,3.56,0.000790121
0.99,3.57,0.000812298
0.99,3.58,0.00033736
0.99,3.59,4.73382e-06
0.99,3.6,0.00115387
0.99,3.61,0.00082423
0.99,3.62,0.00083751
0.99,3.63,0.000841984
0.99,3.64,0.000592543
0.99,3.65,0.000814866
0.99,3.66,0.000366027
0.99,3.67,0.0012948
0.99,3.68,0.000470265
0.99,3.69,2.17772e-05
0.99,3.7,0.000222808
0.99,3.71,7.784e-05
0.99,3.72,0.00118507
0.99,3.73,0.00157592
0.99,3.74,2.61113e-06
0.99,3.75,0.000444258
0.99,3.76,0.000969405
0.99,3.77,0.000401592
0.99,3.78,0.000710002
0.99,3.79,0.000410723
0.99,3.8,0.00078019
0.99,3.81,0.00106715
0.99,3.82,0.00101101
0.99,3.83,0.00138792
0.99,3.84,0.00180729
0.99,3.85,0.000897241
0.99,3.86,0.000738484
0.99,3.87,0.000844641
0.99,3.88,0.000866259
0.99,3.89,0.000855745
0.99,3.9,0.000156645
0.99,3.91,0.000699617
0.99,3.92,0.00108988
0.99,3.93,0.000701175
0.99,3.94,0.00130991
0.99,3.95,0.000903178
0.99,3.96,0.00129691
0.99,3.97,0.000813664
0.99,3.98,5.2321e-05
0.99,3.99,1.50345e-06
0.99,4,0.000932389
0.99,4.01,0.000274795
0.99,4.02,0.000184223
0.99,4.03,0.00204643
0.99,4.04,0.000824799
0.99,4.05,0.000286951
0.99,4.06,9.93605e-05
0.99,4.07,6.56437e-05
0.99,4.08,0.000688402
0.99,4.09,0.000889284
0.99,4.1,0.000187961
0.99,4.11,3.98339e-07
0.99,4.12,0.000946014
0.99,4.13,2.0196e-05
0.99,4.14,0.000534327
0.99,4.15,0.000866094
0.99,4.16,0.00106322
0.99,4.17,0.00111687
0.99,4.18,0.000687418
0.99,4.19,0.000417515
0.99,4.2,0.00101546
0.99,4.21,0.000414721
0.99,4.22,0.000284694
0.99,4.23,0.000694023
0.99,4.24,1.1558e-06
0.99,4.25,1.22726e-05
0.99,4.26,0.00176692
0.99,4.27,0.000578781
0.99,4.28,0.000861026
0.99,4.29,0.000818887
0.99,4.3,0.000978448
0.99,4.31,6.72316e-05
0.99,4.32,0.00170907
0.99,4.33,5.6429e-05
0.99,4.34,0.000161061
0.99,4.35,0.00107075
0.99,4.36,0.00118192
0.99,4.37,3.77892e-05
0.99,4.38,0.00107158
0.99,4.39,0.00239717
0.99,4.4,0.000406138
0.99,4.41,0.000726551
0.99,4.42,0.000917153
0.99,4.43,0.000979639
0.99,4.44,0.000311625
0.99,4.45,9.81567e-05
0.99,4.46,0.00109585
0.99,4.47,0.00189361
0.99,4.48,0.00023078
0.99,4.49,0.000262534
0.99,4.5,0.00199562
0.99,4.51,7.21356e-06
0.99,4.52,6.95324e-05
0.99,4.53,8.7443e-06
0.99,4.54,0.000496888
0.99,4.55,0.00158637
0.99,4.56,0.000113728
0.99,4.57,0.000592731
0.99,4.58,0.000239418
0.99,4.59,0.00135213
0.99,4.6,0.00129229
0.99,4.61,6.96039e-06
0.99,4.62,0.000117849
0.99,4.63,0.000680139
0.99,4.64,0.000827503
0.99,4.65,0.00160619
0.99,4.66,2.87487e-05
0.99,4.67,0.00150029
0.99,4.68,0.000627387
0.99,4.69,0.0016181
0.99,4.7,0.00050132
0.99,4.71,0.000348565
0.99,4.72,0.000930585
0.99,4.73,0.00031393
0.99,4.74,0.00118432
0.99,4.75,0.000952811
0.99,4.76,0.00100622
0.99,4.77,0.00119776
0.99,4.78,6.23427e-06
0.99,4.79,0.000285005
0.99,4.8,0.000163243
0.99,4.81,0.00223564
0.99,4.82,0.000721627
0.99,4.83,0.000132588
0.99,4.84,0.00103332
0.99,4.85,0.000986868
0.99,4.86,0.000727057
0.99,4.87,0.000632953
0.99,4.88,0.000852505
0.99,4.89,0.000453742
0.99,4.9,0.000472553
0.99,4.91,0.000714713
0.99,4.92,2.59467e-06
0.99,4.93,0.00131282
0.99,4.94,0.00125481
0.99,4.95,0.000153288
0.99,4.96,1.26516e-05
0.99,4.97,0.000567823
0.99,4.98,0.002005
0.99,4.99,0.000553085
0.99,5,0.00107904
0.99,5.01,0.000476754
0.99,5.02,0.001387
0.99,5.03,0.000457203
0.99,5.04,0.00205427
0.99,5.05,0.00117108
0.99,5.06,0.000346283
0.99,5.07,0.000375969
0.99,5.08,0.000523033
0.99,5.09,0.000798215
0.99,5.1,8.52002e-05
0.99,5.11,0.00154855
0.99,5.12,0.000536883
0.99,5.13,0.000596258
0.99,5.14,0.000894143
0.99,5.15,0.0010256
0.99,5.16,0.00161044
0.99,5.17,9.61225e-06
0.99,5.18,0.000493645
0.99,5.19,0.00171881
0.99,5.2,0.000615898
0.99,5.21,1.22159e-05
0.99,5.22,0.000315484
0.99,5.23,0.000101552
0.99,5.24,0.00155439
0.99,5.25,0.00258814
0.99,5.26,0.00040586
0.99,5.27,0.000595374
0.99,5.28,0.000660624
0.99,5.29,0.00172614
0.99,5.3,0.000764324
0.99,5.31,9.01223e-05
0.99,5.32,0.000245741
0.99,5.33,0.00126942
0.99,5.34,0.00177572
0.99,5.35,9.82568e-05
0.99,5.36,0.000978241
0.99,5.37,0.00169985
0.99,5.38,1.73383e-09
0.99,5.39,4.49077e-07
0.99,5.4,0.00142446
0.99,5.41,0.00116502
0.99,5.42,0.000556652
0.99,5.43,2.32468e-09
0.99,5.44,0.00138583
0.99,5.45,0.00032208
0.99,5.46,0.000469693
0.99,5.47,0.00200312
0.99,5.48,0.000739885
0.99,5.49,0.00118081
0.99,5.5,0.00181969
0.99,5.51,0.00049514
0.99,5.52,1.17561e-06
0.99,5.53,0.000139024
0.99,5.54,0.00182897
0.99,5.55,0.00191354
0.99,5.56,0.00053566
0.99,5.57,0.000710133
0.99,5.58,0.000449136
0.99,5.59,0.000121169
0.99,5.6,0.000719933
0.99,5.61,0.00152837
0.99,5.62,1.48092e-05
0.99,5.63,0.000920391
0.99,5.64,3.79313e-05
0.99,5.65,0.000743093
0.99,5.66,0.000934683
0.99,5.67,2.57524e-05
0.99,5.68,4.67424e-06
0.99,5.69,0.000544866
0.99,5.7,0.000361095
0.99,5.71,7.38327e-05
0.99,5.72,0.000565268
0.99,5.73,0.00206468
0.99,5.74,0.000943292
0.99,5.75,0.00137845
0.99,5.76,5.06103e-05
0.99,5.77,0.000642972
0.99,5.78,0.00187527
0.99,5.79,0.000577326
0.99,5.8,8.385e-06
0.99,5.81,8.39125e-08
0.99,5.82,0.000203413
0.99,5.83,2.21571e-06
0.99,5.84,3.50983e-05
0.99,5.85,0.000283598
0.99,5.86,0.000557449
0.99,5.87,2.16256e-05
0.99,5.88,0.000179367
0.99,5.89,0.000878314
0.99,5.9,0.000694352
0.99,5.91,0.000601283
0.99,5.92,0.000606466
0.99,5.93,0.00101627
0.99,5.94,0.00132234
0.99,5.95,0.00126398
0.99,5.96,5.8792e-05
0.99,5.97,0.000230315
0.99,5.98,0.00224953
0.99,5.99,0.000647135
0.99,6,1.05409e-05
0.99,6.01,0.00204465
0.99,6.02,0.00012602
0.99,6.03,0.000698246
0.99,6.04,0.000521092
0.99,6.05,0.00107026
0.99,6.06,0.000547132
0.99,6.07,0.00172816
0.99,6.08,6.74906e-05
0.99,6.09,0.00160289
0.99,6.1,8.18037e-06
0.99,6.11,0.000272653
0.99,6.12,0.000179324
0.99,6.13,0.00172943
0.99,6.14,4.84364e-06
0.99,6.15,5.83041e-05
0.99,6.16,0.001365
0.99,6.17,0.000534525
0.99,6.18,2.14279e-06
0.99,6.19,5.0634e-05
0.99,6.2,0.000838269
0.99,6.21,0.000976838
0.99,6.22,0.00102748
0.99,6.23,0.000304953
0.99,6.24,0.000920752
0.99,6.25,0.000163685
0.99,6.26,3.04066e-07
0.99,6.27,0.000712867
0.99,6.28,0.00101877
