x,y,mass
0,0,0.580625
0,0.01,0.578811
0,0.02,0.578433
0,0.03,0.575882
0,0.04,0.575615
0,0.05,0.573811
0,0.06,0.571175
0,0.07,0.569711
0,0.08,0.569067
0,0.09,0.568112
0,0.1,0.565201
0,0.11,0.564789
0,0.12,0.562841
0,0.13,0.561081
0,0.14,0.559909
0,0.15,0.557918
0,0.16,0.557999
0,0.17,0.555047
0,0.18,0.553299
0,0.19,0.551275
0,0.2,0.550113
0,0.21,0.548644
0,0.22,0.546922
0,0.23,0.545495
0,0.24,0.544691
0,0.25,0.544114
0,0.26,0.542674
0,0.27,0.540878
0,0.28,0.539422
0,0.29,0.538272
0,0.3,0.536585
0,0.31,0.53579
0,0.32,0.535207
0,0.33,0.534759
0,0.34,0.533064
0,0.35,0.531705
0,0.36,0.531556
0,0.37,0.530749
0,0.38,0.528829
0,0.39,0.529059
0,0.4,0.529085
0,0.41,0.52765
0,0.42,0.526936
0,0.43,0.526277
0,0.44,0.526125
0,0.45,0.527211
0,0.46,0.525803
0,0.47,0.525411
0,0.48,0.524349
0,0.49,0.526507
0,0.5,0.525198
0,0.51,0.526316
0,0.52,0.526232
0,0.53,0.52474
0,0.54,0.525418
0,0.55,0.526043
0,0.56,0.526963
0,0.57,0.526757
0,0.58,0.527657
0,0.59,0.527631
0,0.6,0.52867
0,0.61,0.529002
0,0.62,0.529605
0,0.63,0.530086
0,0.64,0.531627
0,0.65,0.531292
0,0.66,0.532638
0,0.67,0.534149
0,0.68,0.534726
0,0.69,0.536956
0,0.7,0.537744
0,0.71,0.538678
0,0.72,0.53997
0,0.73,0.541467
0,0.74,0.541823
0,0.75,0.544252
0,0.76,0.545166
0,0.77,0.547384
0,0.78,0.547014
0,0.79,0.548117
0,0.8,0.55101
0,0.81,0.552183
0,0.82,0.553377
0,0.83,0.554861
0,0.84,0.556655
0,0.85,0.558314
0,0.86,0.55962
0,0.87,0.561108
0,0.88,0.563004
0,0.89,0.563941
0,0.9,0.566074
0,0.91,0.567619
0,0.92,0.569647
0,0.93,0.570678
0,0.94,0.572015
0,0.95,0.574392
0,0.96,0.574944
0,0.97,0.576832
0,0.98,0.576628
0,0.99,0.579629
0.01,0,0.579872
0.01,0.01,0.577813
0.01,0.02,0.576289
0.01,0.03,0.575104
0.01,0.04,0.573601
0.01,0.05,0.572245
0.01,0.06,0.570262
0.01,0.07,0.568841
0.01,0.08,0.567473
0.01,0.09,0.564849
0.01,0.1,0.56429
0.01,0.11,0.562716
0.01,0.12,0.559807
0.01,0.13,0.558495
0.01,0.14,0.558082
0.01,0.15,0.556125
0.01,0.16,0.553404
0.01,0.17,0.551399
0.01,0.18,0.550846
0.01,0.19,0.549244
0.01,0.2,0.548772
0.01,0.21,0.546442
0.01,0.22,0.544181
0.01,0.23,0.542801
0.01,0.24,0.541612
0.01,0.25,0.540278
0.01,0.26,0.538254
0.01,0.27,0.538197
0.01,0.28,0.535917
0.01,0.29,0.534621
0.01,0.3,0.533776
0.01,0.31,0.532951
0.01,0.32,0.53037
0.01,0.33,0.530984
0.01,0.34,0.52839
0.01,0.35,0.528245
0.01,0.36,0.52822
0.01,0.37,0.52608
0.01,0.38,0.525488
0.01,0.39,0.524567
0.01,0.4,0.524382
0.01,0.41,0.524029
0.01,0.42,0.522541
0.01,0.43,0.522444
0.01,0.44,0.522237
0.01,0.45,0.521582
0.01,0.46,0.52177
0.01,0.47,0.521486
0.01,0.48,0.522221
0.01,0.49,0.520165
0.01,0.5,0.521692
0.01,0.51,0.521783
0.01,0.52,0.520611
0.01,0.53,0.519971
0.01,0.54,0.522437
0.01,0.55,0.52243
0.01,0.56,0.521221
0.01,0.57,0.522302
0.01,0.58,0.523035
0.01,0.59,0.523717
0.01,0.6,0.523966
0.01,0.61,0.524058
0.01,0.62,0.526933
0.01,0.63,0.526383
0.01,0.64,0.528057
0.01,0.65,0.528579
0.01,0.66,0.529143
0.01,0.67,0.530384
0.01,0.68,0.530893
0.01,0.69,0.533154
0.01,0.7,0.53387
0.01,0.71,0.534359
0.01,0.72,0.535867
0.01,0.73,0.537118
0.01,0.74,0.538361
0.01,0.75,0.540997
0.01,0.76,0.541962
0.01,0.77,0.543256
0.01,0.78,0.544673
0.01,0.79,0.546342
0.01,0.8,0.547703
0.01,0.81,0.549048
0.01,0.82,0.55107
0.01,0.83,0.552099
0.01,0.84,0.553802
0.01,0.85,0.556445
0.01,0.86,0.557447
0.01,0.87,0.559019
0.01,0.88,0.560951
0.01,0.89,0.562891
0.01,0.9,0.564604
0.01,0.91,0.565492
0.01,0.92,0.567568
0.01,0.93,0.569707
0.01,0.94,0.570105
0.01,0.95,0.572345
0.01,0.96,0.573752
0.01,0.97,0.574275
0.01,0.98,0.576813
0.01,0.99,0.577625
0.02,0,0.578862
0.02,0.01,0.576239
0.02,0.02,0.575916
0.02,0.03,0.573818
0.02,0.04,0.572243
0.02,0.05,0.569839
0.02,0.06,0.568684
0.02,0.07,0.567501
0.02,0.08,0.564679
0.02,0.09,0.563816
0.02,0.1,0.560991
0.02,0.11,0.560156
0.02,0.12,0.557506
0.02,0.13,0.556976
0.02,0.14,0.555419
0.02,0.15,0.553962
0.02,0.16,0.551887
0.02,0.17,0.55009
0.02,0.18,0.548476
0.02,0.19,0.545355
0.02,0.2,0.544161
0.02,0.21,0.543519
0.02,0.22,0.541059
0.02,0.23,0.539607
0.02,0.24,0.537813
0.02,0.25,0.537269
0.02,0.26,0.535619
0.02,0.27,0.533032
0.02,0.28,0.533261
0.02,0.29,0.532045
0.02,0.3,0.530464
0.02,0.31,0.529583
0.02,0.32,0.527619
0.02,0.33,0.526816
0.02,0.34,0.525817
0.02,0.35,0.524688
0.02,0.36,0.522694
0.02,0.37,0.523514
0.02,0.38,0.521582
0.02,0.39,0.520549
0.02,0.4,0.520169
0.02,0.41,0.520689
0.02,0.42,0.519816
0.02,0.43,0.519632
0.02,0.44,0.517536
0.02,0.45,0.518529
0.02,0.46,0.518686
0.02,0.47,0.517558
0.02,0.48,0.516065
0.02,0.49,0.517055
0.02,0.5,0.516892
0.02,0.51,0.517184
0.02,0.52,0.516363
0.02,0.53,0.517657
0.02,0.54,0.517433
0.02,0.55,0.518503
0.02,0.56,0.519049
0.02,0.57,0.519931
0.02,0.58,0.519849
0.02,0.59,0.520161
0.02,0.6,0.520204
0.02,0.61,0.521682
0.02,0.62,0.52295
0.02,0.63,0.522618
0.02,0.64,0.523184
0.02,0.65,0.525277
0.02,0.66,0.525218
0.02,0.67,0.527425
0.02,0.68,0.526849
0.02,0.69,0.527806
0.02,0.7,0.530402
0.02,0.71,0.53126
0.02,0.72,0.532599
0.02,0.73,0.533129
0.02,0.74,0.53542
0.02,0.75,0.536703
0.02,0.76,0.537976
0.02,0.77,0.539748
0.02,0.78,0.541957
0.02,0.79,0.542949
0.02,0.8,0.544619
0.02,0.81,0.546503
0.02,0.82,0.549142
0.02,0.83,0.549084
0.02,0.84,0.550803
0.02,0.85,0.552909
0.02,0.86,0.554813
0.02,0.87,0.555984
0.02,0.88,0.557959
0.02,0.89,0.559971
0.02,0.9,0.562083
0.02,0.91,0.563817
0.02,0.92,0.564493
0.02,0.93,0.566581
0.02,0.94,0.567906
0.02,0.95,0.570966
0.02,0.96,0.57169
0.02,0.97,0.572901
0.02,0.98,0.574799
0.02,0.99,0.576735
0.03,0,0.576225
0.03,0.01,0.575363
0.03,0.02,0.573718
0.03,0.03,0.572209
0.03,0.04,0.570342
0.03,0.05,0.56887
0.03,0.06,0.566521
0.03,0.07,0.564997
0.03,0.08,0.562057
0.03,0.09,0.561847
0.03,0.1,0.559687
0.03,0.11,0.556957
0.03,0.12,0.556183
0.03,0.13,0.555037
0.03,0.14,0.552062
0.03,0.15,0.549836
0.03,0.16,0.548703
0.03,0.17,0.54749
0.03,0.18,0.544375
0.03,0.19,0.544443
0.03,0.2,0.540396
0.03,0.21,0.539692
0.03,0.22,0.537941
0.03,0.23,0.536416
0.03,0.24,0.535017
0.03,0.25,0.534077
0.03,0.26,0.53315
0.03,0.27,0.530579
0.03,0.28,0.529122
0.03,0.29,0.527662
0.03,0.3,0.526628
0.03,0.31,0.524515
0.03,0.32,0.524175
0.03,0.33,0.521604
0.03,0.34,0.521164
0.03,0.35,0.520331
0.03,0.36,0.520839
0.03,0.37,0.519827
0.03,0.38,0.519427
0.03,0.39,0.51735
0.03,0.4,0.516873
0.03,0.41,0.516049
0.03,0.42,0.514274
0.03,0.43,0.514186
0.03,0.44,0.514403
0.03,0.45,0.514266
0.03,0.46,0.513363
0.03,0.47,0.512424
0.03,0.48,0.512861
0.03,0.49,0.512894
0.03,0.5,0.513403
0.03,0.51,0.513538
0.03,0.52,0.513967
0.03,0.53,0.513004
0.03,0.54,0.513593
0.03,0.55,0.514139
0.03,0.56,0.514307
0.03,0.57,0.513748
0.03,0.58,0.515274
0.03,0.59,0.516229
0.03,0.6,0.517065
0.03,0.61,0.517173
0.03,0.62,0.518267
0.03,0.63,0.518102
0.03,0.64,0.51937
0.03,0.65,0.520746
0.03,0.66,0.521646
0.03,0.67,0.521881
0.03,0.68,0.524599
0.03,0.69,0.525306
0.03,0.7,0.525659
0.03,0.71,0.528056
0.03,0.72,0.530274
0.03,0.73,0.531013
0.03,0.74,0.531753
0.03,0.75,0.533454
0.03,0.76,0.533824
0.03,0.77,0.536903
0.03,0.78,0.53733
0.03,0.79,0.540313
0.03,0.8,0.541599
0.03,0.81,0.5429
0.03,0.82,0.545814
0.03,0.83,0.546641
0.03,0.84,0.548107
0.03,0.85,0.550474
0.03,0.86,0.552302
0.03,0.87,0.55475
0.03,0.88,0.556308
0.03,0.89,0.558301
0.03,0.9,0.558067
0.03,0.91,0.561143
0.03,0.92,0.563092
0.03,0.93,0.565272
0.03,0.94,0.567332
0.03,0.95,0.568445
0.03,0.96,0.570461
0.03,0.97,0.572378
0.03,0.98,0.573288
0.03,0.99,0.574345
0.04,0,0.575203
0.04,0.01,0.574471
0.04,0.02,0.571549
0.04,0.03,0.569487
0.04,0.04,0.569037
0.04,0.05,0.566444
0.04,0.06,0.564607
0.04,0.07,0.562632
0.04,0.08,0.560012
0.04,0.09,0.559865
0.04,0.1,0.556678
0.04,0.11,0.554868
0.04,0.12,0.553181
0.04,0.13,0.55214
0.04,0.14,0.549304
0.04,0.15,0.548908
0.04,0.16,0.545227
0.04,0.17,0.54455
0.04,0.18,0.542209
0.04,0.19,0.538275
0.04,0.2,0.537774
0.04,0.21,0.535564
0.04,0.22,0.534927
0.04,0.23,0.53332
0.04,0.24,0.532721
0.04,0.25,0.530043
0.04,0.26,0.529963
0.04,0.27,0.526452
0.04,0.28,0.525774
0.04,0.29,0.524072
0.04,0.3,0.522842
0.04,0.31,0.521785
0.04,0.32,0.521585
0.04,0.33,0.518725
0.04,0.34,0.518652
0.04,0.35,0.516617
0.04,0.36,0.516212
0.04,0.37,0.516011
0.04,0.38,0.514971
0.04,0.39,0.512836
0.04,0.4,0.513481
0.04,0.41,0.511913
0.04,0.42,0.51167
0.04,0.43,0.510771
0.04,0.44,0.510408
0.04,0.45,0.510189
0.04,0.46,0.509088
0.04,0.47,0.509862
0.04,0.48,0.509567
0.04,0.49,0.50869
0.04,0.5,0.508416
0.04,0.51,0.508017
0.04,0.52,0.50974
0.04,0.53,0.508728
0.04,0.54,0.510036
0.04,0.55,0.50988
0.04,0.56,0.510224
0.04,0.57,0.510151
0.04,0.58,0.511373
0.04,0.59,0.512335
0.04,0.6,0.512648
0.04,0.61,0.513903
0.04,0.62,0.514178
0.04,0.63,0.515727
0.04,0.64,0.514947
0.04,0.65,0.517554
0.04,0.66,0.518153
0.04,0.67,0.519663
0.04,0.68,0.520935
0.04,0.69,0.520593
0.04,0.7,0.52348
0.04,0.71,0.524748
0.04,0.72,0.526519
0.04,0.73,0.52735
0.04,0.74,0.529699
0.04,0.75,0.530408
0.04,0.76,0.531205
0.04,0.77,0.533878
0.04,0.78,0.535743
0.04,0.79,0.53661
0.04,0.8,0.537799
0.04,0.81,0.54168
0.04,0.82,0.54278
0.04,0.83,0.544645
0.04,0.84,0.545521
0.04,0.85,0.548099
0.04,0.86,0.549949
0.04,0.87,0.550606
0.04,0.88,0.55242
0.04,0.89,0.555622
0.04,0.9,0.557389
0.04,0.91,0.559626
0.04,0.92,0.560912
0.04,0.93,0.561926
0.04,0.94,0.56427
0.04,0.95,0.566672
0.04,0.96,0.568349
0.04,0.97,0.569918
0.04,0.98,0.571468
0.04,0.99,0.573383
0.05,0,0.574355
0.05,0.01,0.572826
0.05,0.02,0.570667
0.05,0.03,0.568812
0.05,0.04,0.566137
0.05,0.05,0.56518
0.05,0.06,0.562394
0.05,0.07,0.561303
0.05,0.08,0.558435
0.05,0.09,0.556767
0.05,0.1,0.554697
0.05,0.11,0.552464
0.05,0.12,0.550321
0.05,0.13,0.547201
0.05,0.14,0.546817
0.05,0.15,0.544245
0.05,0.16,0.542856
0.05,0.17,0.541348
0.05,0.18,0.539247
0.05,0.19,0.536534
0.05,0.2,0.535917
0.05,0.21,0.533743
0.05,0.22,0.53223
0.05,0.23,0.531145
0.05,0.24,0.527747
0.05,0.25,0.526367
0.05,0.26,0.525816
0.05,0.27,0.522829
0.05,0.28,0.521692
0.05,0.29,0.520902
0.05,0.3,0.519868
0.05,0.31,0.518349
0.05,0.32,0.51675
0.05,0.33,0.514541
0.05,0.34,0.514468
0.05,0.35,0.512995
0.05,0.36,0.512826
0.05,0.37,0.510838
0.05,0.38,0.508647
0.05,0.39,0.50902
0.05,0.4,0.50787
0.05,0.41,0.507569
0.05,0.42,0.507284
0.05,0.43,0.506742
0.05,0.44,0.506654
0.05,0.45,0.504762
0.05,0.46,0.504731
0.05,0.47,0.505521
0.05,0.48,0.504404
0.05,0.49,0.504636
0.05,0.5,0.504198
0.05,0.51,0.504582
0.05,0.52,0.505265
0.05,0.53,0.504921
0.05,0.54,0.50575
0.05,0.55,0.505338
0.05,0.56,0.506069
0.05,0.57,0.507324
0.05,0.58,0.507738
0.05,0.59,0.508459
0.05,0.6,0.508415
0.05,0.61,0.509159
0.05,0.62,0.510833
0.05,0.63,0.511496
0.05,0.64,0.512186
0.05,0.65,0.513148
0.05,0.66,0.514549
0.05,0.67,0.515326
0.05,0.68,0.515046
0.05,0.69,0.518367
0.05,0.7,0.518637
0.05,0.71,0.520863
0.05,0.72,0.521531
0.05,0.73,0.524527
0.05,0.74,0.525249
0.05,0.75,0.527647
0.05,0.76,0.528951
0.05,0.77,0.530683
0.05,0.78,0.532503
0.05,0.79,0.53295
0.05,0.8,0.535122
0.05,0.81,0.537729
0.05,0.82,0.538757
0.05,0.83,0.541261
0.05,0.84,0.542061
0.05,0.85,0.545202
0.05,0.86,0.547463
0.05,0.87,0.548952
0.05,0.88,0.550568
0.05,0.89,0.55251
0.05,0.9,0.555099
0.05,0.91,0.556355
0.05,0.92,0.558235
0.05,0.93,0.56145
0.05,0.94,0.563126
0.05,0.95,0.56441
0.05,0.96,0.566158
0.05,0.97,0.567831
0.05,0.98,0.570235
0.05,0.99,0.572867
0.06,0,0.571625
0.06,0.01,0.570763
0.06,0.02,0.568431
0.06,0.03,0.566414
0.06,0.04,0.564809
0.06,0.05,0.562022
0.06,0.06,0.56063
0.06,0.07,0.558266
0.06,0.08,0.556659
0.06,0.09,0.55411
0.06,0.1,0.552267
0.06,0.11,0.549429
0.06,0.12,0.547855
0.06,0.13,0.547359
0.06,0.14,0.54408
0.06,0.15,0.541342
0.06,0.16,0.540222
0.06,0.17,0.538225
0.06,0.18,0.537068
0.06,0.19,0.533867
0.06,0.2,0.531933
0.06,0.21,0.530778
0.06,0.22,0.529178
0.06,0.23,0.526608
0.06,0.24,0.525185
0.06,0.25,0.523636
0.06,0.26,0.520824
0.06,0.27,0.519425
0.06,0.28,0.51822
0.06,0.29,0.51714
0.06,0.3,0.515646
0.06,0.31,0.51402
0.06,0.32,0.511691
0.06,0.33,0.512918
0.06,0.34,0.510942
0.06,0.35,0.508874
0.06,0.36,0.508654
0.06,0.37,0.508115
0.06,0.38,0.507114
0.06,0.39,0.505541
0.06,0.4,0.50377
0.06,0.41,0.504519
0.06,0.42,0.503885
0.06,0.43,0.502328
0.06,0.44,0.502139
0.06,0.45,0.501206
0.06,0.46,0.50113
0.06,0.47,0.500043
0.06,0.48,0.50115
0.06,0.49,0.501279
0.06,0.5,0.500939
0.06,0.51,0.499268
0.06,0.52,0.500735
0.06,0.53,0.500913
0.06,0.54,0.502451
0.06,0.55,0.50245
0.06,0.56,0.502335
0.06,0.57,0.50313
0.06,0.58,0.502361
0.06,0.59,0.503962
0.06,0.6,0.504096
0.06,0.61,0.505321
0.06,0.62,0.507018
0.06,0.63,0.506927
0.06,0.64,0.508628
0.06,0.65,0.509879
0.06,0.66,0.510308
0.06,0.67,0.51096
0.06,0.68,0.513327
0.06,0.69,0.514059
0.06,0.7,0.515628
0.06,0.71,0.516774
0.06,0.72,0.519095
0.06,0.73,0.520027
0.06,0.74,0.522182
0.06,0.75,0.52384
0.06,0.76,0.525818
0.06,0.77,0.527358
0.06,0.78,0.528073
0.06,0.79,0.529393
0.06,0.8,0.532596
0.06,0.81,0.534198
0.06,0.82,0.536476
0.06,0.83,0.538365
0.06,0.84,0.540735
0.06,0.85,0.542952
0.06,0.86,0.544006
0.06,0.87,0.546372
0.06,0.88,0.547997
0.06,0.89,0.549416
0.06,0.9,0.552595
0.06,0.91,0.555461
0.06,0.92,0.556442
0.06,0.93,0.559259
0.06,0.94,0.561087
0.06,0.95,0.562535
0.06,0.96,0.565683
0.06,0.97,0.566852
0.06,0.98,0.568401
0.06,0.99,0.570038
0.07,0,0.570391
0.07,0.01,0.568262
0.07,0.02,0.567504
0.07,0.03,0.565558
0.07,0.04,0.562923
0.07,0.05,0.561059
0.07,0.06,0.558694
0.07,0.07,0.556661
0.07,0.08,0.554016
0.07,0.09,0.551724
0.07,0.1,0.550937
0.07,0.11,0.546855
0.07,0.12,0.545472
0.07,0.13,0.544139
0.07,0.14,0.54169
0.07,0.15,0.538702
0.07,0.16,0.537295
0.07,0.17,0.53524
0.07,0.18,0.533409
0.07,0.19,0.532401
0.07,0.2,0.52926
0.07,0.21,0.526998
0.07,0.22,0.525861
0.07,0.23,0.523372
0.07,0.24,0.522424
0.07,0.25,0.520321
0.07,0.26,0.518846
0.07,0.27,0.516294
0.07,0.28,0.515635
0.07,0.29,0.513786
0.07,0.3,0.511382
0.07,0.31,0.509504
0.07,0.32,0.50861
0.07,0.33,0.508129
0.07,0.34,0.506285
0.07,0.35,0.506217
0.07,0.36,0.505052
0.07,0.37,0.503107
0.07,0.38,0.502147
0.07,0.39,0.501784
0.07,0.4,0.500934
0.07,0.41,0.499373
0.07,0.42,0.499472
0.07,0.43,0.498622
0.07,0.44,0.497432
0.07,0.45,0.497912
0.07,0.46,0.496752
0.07,0.47,0.496736
0.07,0.48,0.496109
0.07,0.49,0.497169
0.07,0.5,0.49749
0.07,0.51,0.496965
0.07,0.52,0.496763
0.07,0.53,0.496408
0.07,0.54,0.496822
0.07,0.55,0.496882
0.07,0.56,0.498495
0.07,0.57,0.498164
0.07,0.58,0.498894
0.07,0.59,0.500342
0.07,0.6,0.49959
0.07,0.61,0.501105
0.07,0.62,0.503085
0.07,0.63,0.502314
0.07,0.64,0.505615
0.07,0.65,0.505562
0.07,0.66,0.50641
0.07,0.67,0.506807
0.07,0.68,0.509945
0.07,0.69,0.511168
0.07,0.7,0.512059
0.07,0.71,0.513546
0.07,0.72,0.514729
0.07,0.73,0.515931
0.07,0.74,0.51776
0.07,0.75,0.520127
0.07,0.76,0.522318
0.07,0.77,0.523253
0.07,0.78,0.524905
0.07,0.79,0.52723
0.07,0.8,0.528944
0.07,0.81,0.531758
0.07,0.82,0.533584
0.07,0.83,0.535687
0.07,0.84,0.537643
0.07,0.85,0.540002
0.07,0.86,0.541729
0.07,0.87,0.542987
0.07,0.88,0.54554
0.07,0.89,0.547526
0.07,0.9,0.55023
0.07,0.91,0.551793
0.07,0.92,0.553806
0.07,0.93,0.556075
0.07,0.94,0.55842
0.07,0.95,0.560917
0.07,0.96,0.563607
0.07,0.97,0.564538
0.07,0.98,0.566314
0.07,0.99,0.5695
0.08,0,0.568681
0.08,0.01,0.567162
0.08,0.02,0.564905
0.08,0.03,0.562092
0.08,0.04,0.561038
0.08,0.05,0.558315
0.08,0.06,0.555237
0.08,0.07,0.554701
0.08,0.08,0.551719
0.08,0.09,0.55
0.08,0.1,0.548261
0.08,0.11,0.545548
0.08,0.12,0.543603
0.08,0.13,0.541101
0.08,0.14,0.538044
0.08,0.15,0.53591
0.08,0.16,0.533818
0.08,0.17,0.532086
0.08,0.18,0.529475
0.08,0.19,0.527776
0.08,0.2,0.526
0.08,0.21,0.524066
0.08,0.22,0.520697
0.08,0.23,0.519767
0.08,0.24,0.517569
0.08,0.25,0.516791
0.08,0.26,0.514571
0.08,0.27,0.513018
0.08,0.28,0.512435
0.08,0.29,0.509135
0.08,0.3,0.507893
0.08,0.31,0.506346
0.08,0.32,0.50512
0.08,0.33,0.504452
0.08,0.34,0.502206
0.08,0.35,0.501926
0.08,0.36,0.499863
0.08,0.37,0.498732
0.08,0.38,0.498489
0.08,0.39,0.498023
0.08,0.4,0.496705
0.08,0.41,0.495431
0.08,0.42,0.495283
0.08,0.43,0.494064
0.08,0.44,0.49392
0.08,0.45,0.494216
0.08,0.46,0.493115
0.08,0.47,0.49205
0.08,0.48,0.492936
0.08,0.49,0.490874
0.08,0.5,0.492911
0.08,0.51,0.49232
0.08,0.52,0.49394
0.08,0.53,0.492642
0.08,0.54,0.491666
0.08,0.55,0.493895
0.08,0.56,0.494782
0.08,0.57,0.494617
0.08,0.58,0.495266
0.08,0.59,0.495352
0.08,0.6,0.496721
0.08,0.61,0.497573
0.08,0.62,0.498764
0.08,0.63,0.500384
0.08,0.64,0.501397
0.08,0.65,0.502126
0.08,0.66,0.503406
0.08,0.67,0.503358
0.08,0.68,0.50405
0.08,0.69,0.50543
0.08,0.7,0.508878
0.08,0.71,0.509709
0.08,0.72,0.511209
0.08,0.73,0.513422
0.08,0.74,0.514308
0.08,0.75,0.516024
0.08,0.76,0.517838
0.08,0.77,0.521297
0.08,0.78,0.522247
0.08,0.79,0.523014
0.08,0.8,0.525768
0.08,0.81,0.527796
0.08,0.82,0.53104
0.08,0.83,0.531718
0.08,0.84,0.535192
0.08,0.85,0.53676
0.08,0.86,0.538696
0.08,0.87,0.540819
0.08,0.88,0.54168
0.08,0.89,0.545149
0.08,0.9,0.547937
0.08,0.91,0.549961
0.08,0.92,0.552741
0.08,0.93,0.553671
0.08,0.94,0.556067
0.08,0.95,0.559111
0.08,0.96,0.561149
0.08,0.97,0.563425
0.08,0.98,0.565434
0.08,0.99,0.567823
0.09,0,0.567831
0.09,0.01,0.565262
0.09,0.02,0.563118
0.09,0.03,0.561379
0.09,0.04,0.55891
0.09,0.05,0.555776
0.09,0.06,0.555223
0.09,0.07,0.551852
0.09,0.08,0.549836
0.09,0.09,0.547697
0.09,0.1,0.545719
0.09,0.11,0.541683
0.09,0.12,0.540469
0.09,0.13,0.538518
0.09,0.14,0.5365
0.09,0.15,0.534095
0.09,0.16,0.531711
0.09,0.17,0.529657
0.09,0.18,0.527512
0.09,0.19,0.524296
0.09,0.2,0.522583
0.09,0.21,0.520571
0.09,0.22,0.517848
0.09,0.23,0.51677
0.09,0.24,0.514389
0.09,0.25,0.51273
0.09,0.26,0.511454
0.09,0.27,0.509229
0.09,0.28,0.507846
0.09,0.29,0.506382
0.09,0.3,0.505986
0.09,0.31,0.503745
0.09,0.32,0.501934
0.09,0.33,0.500241
0.09,0.34,0.497977
0.09,0.35,0.497797
0.09,0.36,0.496306
0.09,0.37,0.495734
0.09,0.38,0.49419
0.09,0.39,0.492948
0.09,0.4,0.493627
0.09,0.41,0.491483
0.09,0.42,0.491351
0.09,0.43,0.490858
0.09,0.44,0.490255
0.09,0.45,0.488532
0.09,0.46,0.489312
0.09,0.47,0.489042
0.09,0.48,0.488444
0.09,0.49,0.489183
0.09,0.5,0.487065
0.09,0.51,0.487356
0.09,0.52,0.488478
0.09,0.53,0.488293
0.09,0.54,0.489616
0.09,0.55,0.489663
0.09,0.56,0.490433
0.09,0.57,0.490403
0.09,0.58,0.491299
0.09,0.59,0.490967
0.09,0.6,0.492601
0.09,0.61,0.492706
0.09,0.62,0.494973
0.09,0.63,0.495242
0.09,0.64,0.496578
0.09,0.65,0.497462
0.09,0.66,0.498339
0.09,0.67,0.500214
0.09,0.68,0.500159
0.09,0.69,0.503718
0.09,0.7,0.503446
0.09,0.71,0.507097
0.09,0.72,0.507351
0.09,0.73,0.509124
0.09,0.74,0.511675
0.09,0.75,0.513878
0.09,0.76,0.51519
0.09,0.77,0.517727
0.09,0.78,0.518764
0.09,0.79,0.523001
0.09,0.8,0.52308
0.09,0.81,0.524441
0.09,0.82,0.527832
0.09,0.83,0.529284
0.09,0.84,0.53122
0.09,0.85,0.533198
0.09,0.86,0.53564
0.09,0.87,0.538281
0.09,0.88,0.540414
0.09,0.89,0.543069
0.09,0.9,0.545064
0.09,0.91,0.547545
0.09,0.92,0.549939
0.09,0.93,0.552585
0.09,0.94,0.555132
0.09,0.95,0.55701
0.09,0.96,0.558834
0.09,0.97,0.561786
0.09,0.98,0.563143
0.09,0.99,0.566095
0.1,0,0.565734
0.1,0.01,0.564997
0.1,0.02,0.562134
0.1,0.03,0.55958
0.1,0.04,0.556864
0.1,0.05,0.555226
0.1,0.06,0.552094
0.1,0.07,0.550336
0.1,0.08,0.546613
0.1,0.09,0.545291
0.1,0.1,0.543341
0.1,0.11,0.540649
0.1,0.12,0.53825
0.1,0.13,0.536148
0.1,0.14,0.532801
0.1,0.15,0.529927
0.1,0.16,0.528941
0.1,0.17,0.525354
0.1,0.18,0.524223
0.1,0.19,0.521062
0.1,0.2,0.519966
0.1,0.21,0.517683
0.1,0.22,0.515591
0.1,0.23,0.513912
0.1,0.24,0.513041
0.1,0.25,0.509284
0.1,0.26,0.507439
0.1,0.27,0.507734
0.1,0.28,0.503936
0.1,0.29,0.502451
0.1,0.3,0.50025
0.1,0.31,0.499506
0.1,0.32,0.498417
0.1,0.33,0.496277
0.1,0.34,0.495277
0.1,0.35,0.493318
0.1,0.36,0.492013
0.1,0.37,0.492404
0.1,0.38,0.49006
0.1,0.39,0.489723
0.1,0.4,0.489631
0.1,0.41,0.487639
0.1,0.42,0.487407
0.1,0.43,0.486548
0.1,0.44,0.485348
0.1,0.45,0.484858
0.1,0.46,0.484665
0.1,0.47,0.484952
0.1,0.48,0.483728
0.1,0.49,0.484943
0.1,0.5,0.484668
0.1,0.51,0.483449
0.1,0.52,0.483568
0.1,0.53,0.484056
0.1,0.54,0.484274
0.1,0.55,0.484875
0.1,0.56,0.486463
0.1,0.57,0.486211
0.1,0.58,0.487581
0.1,0.59,0.487997
0.1,0.6,0.488517
0.1,0.61,0.489158
0.1,0.62,0.489899
0.1,0.63,0.490614
0.1,0.64,0.493023
0.1,0.65,0.494289
0.1,0.66,0.495861
0.1,0.67,0.495752
0.1,0.68,0.497111
0.1,0.69,0.497777
0.1,0.7,0.501439
0.1,0.71,0.501778
0.1,0.72,0.503557
0.1,0.73,0.504893
0.1,0.74,0.50791
0.1,0.75,0.509432
0.1,0.76,0.510827
0.1,0.77,0.514742
0.1,0.78,0.515729
0.1,0.79,0.517896
0.1,0.8,0.520161
0.1,0.81,0.52225
0.1,0.82,0.523972
0.1,0.83,0.526993
0.1,0.84,0.528925
0.1,0.85,0.530521
0.1,0.86,0.532611
0.1,0.87,0.536141
0.1,0.88,0.538744
0.1,0.89,0.54063
0.1,0.9,0.543883
0.1,0.91,0.546154
0.1,0.92,0.548157
0.1,0.93,0.549838
0.1,0.94,0.552483
0.1,0.95,0.554699
0.1,0.96,0.5566
0.1,0.97,0.558566
0.1,0.98,0.561362
0.1,0.99,0.56328
0.11,0,0.565552
0.11,0.01,0.562195
0.11,0.02,0.559929
0.11,0.03,0.556972
0.11,0.04,0.554957
0.11,0.05,0.552571
0.11,0.06,0.551734
0.11,0.07,0.547327
0.11,0.08,0.545359
0.11,0.09,0.542009
0.11,0.1,0.541707
0.11,0.11,0.537935
0.11,0.12,0.535869
0.11,0.13,0.533185
0.11,0.14,0.530773
0.11,0.15,0.528833
0.11,0.16,0.526729
0.11,0.17,0.524181
0.11,0.18,0.520539
0.11,0.19,0.518938
0.11,0.2,0.517171
0.11,0.21,0.514888
0.11,0.22,0.51276
0.11,0.23,0.5109
0.11,0.24,0.506869
0.11,0.25,0.506483
0.11,0.26,0.504293
0.11,0.27,0.502675
0.11,0.28,0.501724
0.11,0.29,0.499103
0.11,0.3,0.497149
0.11,0.31,0.496801
0.11,0.32,0.494488
0.11,0.33,0.491234
0.11,0.34,0.492422
0.11,0.35,0.489777
0.11,0.36,0.489123
0.11,0.37,0.487701
0.11,0.38,0.485601
0.11,0.39,0.485119
0.11,0.4,0.485375
0.11,0.41,0.483771
0.11,0.42,0.482766
0.11,0.43,0.481276
0.11,0.44,0.481996
0.11,0.45,0.481127
0.11,0.46,0.481224
0.11,0.47,0.480454
0.11,0.48,0.480173
0.11,0.49,0.481223
0.11,0.5,0.480794
0.11,0.51,0.479595
0.11,0.52,0.480407
0.11,0.53,0.481011
0.11,0.54,0.480634
0.11,0.55,0.481923
0.11,0.56,0.482032
0.11,0.57,0.48241
0.11,0.58,0.483672
0.11,0.59,0.483185
0.11,0.6,0.484744
0.11,0.61,0.486104
0.11,0.62,0.486472
0.11,0.63,0.487211
0.11,0.64,0.487552
0.11,0.65,0.488302
0.11,0.66,0.490823
0.11,0.67,0.492627
0.11,0.68,0.494337
0.11,0.69,0.496174
0.11,0.7,0.498719
0.11,0.71,0.498989
0.11,0.72,0.49982
0.11,0.73,0.503745
0.11,0.74,0.503995
0.11,0.75,0.507051
0.11,0.76,0.509244
0.11,0.77,0.511747
0.11,0.78,0.512717
0.11,0.79,0.515183
0.11,0.8,0.517223
0.11,0.81,0.518504
0.11,0.82,0.521525
0.11,0.83,0.523525
0.11,0.84,0.525659
0.11,0.85,0.528755
0.11,0.86,0.531723
0.11,0.87,0.532343
0.11,0.88,0.535724
0.11,0.89,0.537687
0.11,0.9,0.54044
0.11,0.91,0.542786
0.11,0.92,0.545442
0.11,0.93,0.548335
0.11,0.94,0.550652
0.11,0.95,0.55237
0.11,0.96,0.555215
0.11,0.97,0.557488
0.11,0.98,0.559769
0.11,0.99,0.561597
0.12,0,0.562891
0.12,0.01,0.561955
0.12,0.02,0.558741
0.12,0.03,0.555797
0.12,0.04,0.553531
0.12,0.05,0.551466
0.12,0.06,0.549208
0.12,0.07,0.545536
0.12,0.08,0.543237
0.12,0.09,0.541335
0.12,0.1,0.537848
0.12,0.11,0.534671
0.12,0.12,0.53178
0.12,0.13,0.530262
0.12,0.14,0.528638
0.12,0.15,0.525325
0.12,0.16,0.522799
0.12,0.17,0.520634
0.12,0.18,0.517677
0.12,0.19,0.51631
0.12,0.2,0.514647
0.12,0.21,0.511963
0.12,0.22,0.509699
0.12,0.23,0.508297
0.12,0.24,0.504499
0.12,0.25,0.501434
0.12,0.26,0.500452
0.12,0.27,0.49983
0.12,0.28,0.498428
0.12,0.29,0.49549
0.12,0.3,0.494964
0.12,0.31,0.492508
0.12,0.32,0.489962
0.12,0.33,0.489783
0.12,0.34,0.488481
0.12,0.35,0.486612
0.12,0.36,0.484645
0.12,0.37,0.48327
0.12,0.38,0.482009
0.12,0.39,0.481693
0.12,0.4,0.480376
0.12,0.41,0.479642
0.12,0.42,0.479749
0.12,0.43,0.478924
0.12,0.44,0.47699
0.12,0.45,0.475691
0.12,0.46,0.47769
0.12,0.47,0.475646
0.12,0.48,0.477776
0.12,0.49,0.475717
0.12,0.5,0.473918
0.12,0.51,0.476288
0.12,0.52,0.476601
0.12,0.53,0.477199
0.12,0.54,0.476804
0.12,0.55,0.476985
0.12,0.56,0.477623
0.12,0.57,0.4786
0.12,0.58,0.479439
0.12,0.59,0.479414
0.12,0.6,0.480016
0.12,0.61,0.483039
0.12,0.62,0.483345
0.12,0.63,0.483482
0.12,0.64,0.485979
0.12,0.65,0.484682
0.12,0.66,0.486831
0.12,0.67,0.48858
0.12,0.68,0.490645
0.12,0.69,0.492061
0.12,0.7,0.493523
0.12,0.71,0.495762
0.12,0.72,0.496705
0.12,0.73,0.498514
0.12,0.74,0.501049
0.12,0.75,0.502941
0.12,0.76,0.504545
0.12,0.77,0.50697
0.12,0.78,0.509491
0.12,0.79,0.510748
0.12,0.8,0.514251
0.12,0.81,0.517063
0.12,0.82,0.519389
0.12,0.83,0.521213
0.12,0.84,0.523847
0.12,0.85,0.526017
0.12,0.86,0.528467
0.12,0.87,0.529033
0.12,0.88,0.53217
0.12,0.89,0.535777
0.12,0.9,0.539157
0.12,0.91,0.540444
0.12,0.92,0.543597
0.12,0.93,0.546037
0.12,0.94,0.548093
0.12,0.95,0.551208
0.12,0.96,0.553056
0.12,0.97,0.555028
0.12,0.98,0.559013
0.12,0.99,0.561299
0.13,0,0.561596
0.13,0.01,0.559048
0.13,0.02,0.556534
0.13,0.03,0.55409
0.13,0.04,0.551478
0.13,0.05,0.547567
0.13,0.06,0.54538
0.13,0.07,0.544017
0.13,0.08,0.541717
0.13,0.09,0.537932
0.13,0.1,0.53591
0.13,0.11,0.533274
0.13,0.12,0.530159
0.13,0.13,0.528355
0.13,0.14,0.525826
0.13,0.15,0.523141
0.13,0.16,0.519517
0.13,0.17,0.51809
0.13,0.18,0.515966
0.13,0.19,0.512968
0.13,0.2,0.510359
0.13,0.21,0.508263
0.13,0.22,0.505108
0.13,0.23,0.504039
0.13,0.24,0.501708
0.13,0.25,0.499103
0.13,0.26,0.498177
0.13,0.27,0.49638
0.13,0.28,0.494065
0.13,0.29,0.492033
0.13,0.3,0.490316
0.13,0.31,0.488556
0.13,0.32,0.486542
0.13,0.33,0.485525
0.13,0.34,0.484378
0.13,0.35,0.483297
0.13,0.36,0.48111
0.13,0.37,0.479827
0.13,0.38,0.477923
0.13,0.39,0.47715
0.13,0.4,0.476956
0.13,0.41,0.476112
0.13,0.42,0.474139
0.13,0.43,0.473817
0.13,0.44,0.474341
0.13,0.45,0.473755
0.13,0.46,0.473847
0.13,0.47,0.473564
0.13,0.48,0.472054
0.13,0.49,0.472548
0.13,0.5,0.471795
0.13,0.51,0.472147
0.13,0.52,0.472771
0.13,0.53,0.4725
0.13,0.54,0.472747
0.13,0.55,0.473177
0.13,0.56,0.473895
0.13,0.57,0.474876
0.13,0.58,0.47506
0.13,0.59,0.476332
0.13,0.6,0.477495
0.13,0.61,0.477589
0.13,0.62,0.478741
0.13,0.63,0.478948
0.13,0.64,0.480498
0.13,0.65,0.481558
0.13,0.66,0.483603
0.13,0.67,0.485602
0.13,0.68,0.486478
0.13,0.69,0.488537
0.13,0.7,0.49097
0.13,0.71,0.491319
0.13,0.72,0.494412
0.13,0.73,0.49425
0.13,0.74,0.497674
0.13,0.75,0.500022
0.13,0.76,0.502218
0.13,0.77,0.503306
0.13,0.78,0.505846
0.13,0.79,0.508038
0.13,0.8,0.511848
0.13,0.81,0.512647
0.13,0.82,0.515986
0.13,0.83,0.517709
0.13,0.84,0.51934
0.13,0.85,0.522897
0.13,0.86,0.5247
0.13,0.87,0.528649
0.13,0.88,0.531015
0.13,0.89,0.534089
0.13,0.9,0.535651
0.13,0.91,0.537765
0.13,0.92,0.541627
0.13,0.93,0.544046
0.13,0.94,0.54646
0.13,0.95,0.548548
0.13,0.96,0.550791
0.13,0.97,0.553935
0.13,0.98,0.556639
0.13,0.99,0.559763
0.14,0,0.559363
0.14,0.01,0.557248
0.14,0.02,0.55403
0.14,0.03,0.552016
0.14,0.04,0.548796
0.14,0.05,0.546657
0.14,0.06,0.545046
0.14,0.07,0.541125
0.14,0.08,0.539698
0.14,0.09,0.536481
0.14,0.1,0.533815
0.14,0.11,0.530708
0.14,0.12,0.528841
0.14,0.13,0.524607
0.14,0.14,0.523374
0.14,0.15,0.521214
0.14,0.16,0.518579
0.14,0.17,0.515022
0.14,0.18,0.512628
0.14,0.19,0.510377
0.14,0.2,0.507533
0.14,0.21,0.504859
0.14,0.22,0.503205
0.14,0.23,0.500107
0.14,0.24,0.497929
0.14,0.25,0.496598
0.14,0.26,0.494806
0.14,0.27,0.492811
0.14,0.28,0.490898
0.14,0.29,0.487767
0.14,0.3,0.486855
0.14,0.31,0.484268
0.14,0.32,0.483565
0.14,0.33,0.480836
0.14,0.34,0.479615
0.14,0.35,0.478462
0.14,0.36,0.4779
0.14,0.37,0.476293
0.14,0.38,0.474875
0.14,0.39,0.474013
0.14,0.4,0.472524
0.14,0.41,0.472687
0.14,0.42,0.470948
0.14,0.43,0.470122
0.14,0.44,0.469294
0.14,0.45,0.468732
0.14,0.46,0.468553
0.14,0.47,0.467618
0.14,0.48,0.467414
0.14,0.49,0.467573
0.14,0.5,0.468159
0.14,0.51,0.468642
0.14,0.52,0.46718
0.14,0.53,0.468004
0.14,0.54,0.469033
0.14,0.55,0.469875
0.14,0.56,0.469667
0.14,0.57,0.47004
0.14,0.58,0.472253
0.14,0.59,0.472555
0.14,0.6,0.473438
0.14,0.61,0.473764
0.14,0.62,0.474963
0.14,0.63,0.47677
0.14,0.64,0.476399
0.14,0.65,0.479151
0.14,0.66,0.480141
0.14,0.67,0.480175
0.14,0.68,0.483945
0.14,0.69,0.484194
0.14,0.7,0.486761
0.14,0.71,0.488549
0.14,0.72,0.490521
0.14,0.73,0.491867
0.14,0.74,0.492944
0.14,0.75,0.496171
0.14,0.76,0.49904
0.14,0.77,0.500386
0.14,0.78,0.502177
0.14,0.79,0.505049
0.14,0.8,0.508022
0.14,0.81,0.509374
0.14,0.82,0.512307
0.14,0.83,0.514688
0.14,0.84,0.518255
0.14,0.85,0.519338
0.14,0.86,0.522652
0.14,0.87,0.526821
0.14,0.88,0.52789
0.14,0.89,0.531863
0.14,0.9,0.533302
0.14,0.91,0.536385
0.14,0.92,0.537822
0.14,0.93,0.5428
0.14,0.94,0.543915
0.14,0.95,0.547051
0.14,0.96,0.550355
0.14,0.97,0.552788
0.14,0.98,0.554073
0.14,0.99,0.55681
0.15,0,0.558391
0.15,0.01,0.555462
0.15,0.02,0.55343
0.15,0.03,0.549934
0.15,0.04,0.548005
0.15,0.05,0.544837
0.15,0.06,0.541945
0.15,0.07,0.539355
0.15,0.08,0.535905
0.15,0.09,0.533914
0.15,0.1,0.531871
0.15,0.11,0.527776
0.15,0.12,0.526954
0.15,0.13,0.521983
0.15,0.14,0.519626
0.15,0.15,0.518546
0.15,0.16,0.515004
0.15,0.17,0.512274
0.15,0.18,0.510016
0.15,0.19,0.506187
0.15,0.2,0.505444
0.15,0.21,0.501878
0.15,0.22,0.500952
0.15,0.23,0.49694
0.15,0.24,0.494717
0.15,0.25,0.494113
0.15,0.26,0.491432
0.15,0.27,0.487966
0.15,0.28,0.487762
0.15,0.29,0.484739
0.15,0.3,0.483758
0.15,0.31,0.479844
0.15,0.32,0.479857
0.15,0.33,0.477923
0.15,0.34,0.475938
0.15,0.35,0.474855
0.15,0.36,0.473196
0.15,0.37,0.471705
0.15,0.38,0.470957
0.15,0.39,0.469778
0.15,0.4,0.469057
0.15,0.41,0.467731
0.15,0.42,0.467548
0.15,0.43,0.466296
0.15,0.44,0.46627
0.15,0.45,0.465322
0.15,0.46,0.465248
0.15,0.47,0.464276
0.15,0.48,0.463674
0.15,0.49,0.463124
0.15,0.5,0.464048
0.15,0.51,0.463838
0.15,0.52,0.464375
0.15,0.53,0.465254
0.15,0.54,0.464065
0.15,0.55,0.466029
0.15,0.56,0.465442
0.15,0.57,0.466741
0.15,0.58,0.467267
0.15,0.59,0.468003
0.15,0.6,0.467667
0.15,0.61,0.470074
0.15,0.62,0.47119
0.15,0.63,0.47276
0.15,0.64,0.473222
0.15,0.65,0.474974
0.15,0.66,0.475998
0.15,0.67,0.478514
0.15,0.68,0.479993
0.15,0.69,0.481153
0.15,0.7,0.482771
0.15,0.71,0.484952
0.15,0.72,0.486446
0.15,0.73,0.488572
0.15,0.74,0.491694
0.15,0.75,0.493891
0.15,0.76,0.495216
0.15,0.77,0.497459
0.15,0.78,0.500531
0.15,0.79,0.501826
0.15,0.8,0.503828
0.15,0.81,0.508141
0.15,0.82,0.51012
0.15,0.83,0.51294
0.15,0.84,0.515653
0.15,0.85,0.516884
0.15,0.86,0.520127
0.15,0.87,0.522066
0.15,0.88,0.525437
0.15,0.89,0.528333
0.15,0.9,0.531482
0.15,0.91,0.534458
0.15,0.92,0.535943
0.15,0.93,0.539188
0.15,0.94,0.542072
0.15,0.95,0.544725
0.15,0.96,0.547351
0.15,0.97,0.550207
0.15,0.98,0.554331
0.15,0.99,0.555653
0.16,0,0.55591
0.16,0.01,0.552942
0.16,0.02,0.551498
0.16,0.03,0.548617
0.16,0.04,0.545595
0.16,0.05,0.543595
0.16,0.06,0.540519
0.16,0.07,0.536736
0.16,0.08,0.534221
0.16,0.09,0.53186
0.16,0.1,0.528987
0.16,0.11,0.525979
0.16,0.12,0.523724
0.16,0.13,0.520295
0.16,0.14,0.518161
0.16,0.15,0.514284
0.16,0.16,0.512548
0.16,0.17,0.50863
0.16,0.18,0.507529
0.16,0.19,0.504047
0.16,0.2,0.500932
0.16,0.21,0.499226
0.16,0.22,0.49707
0.16,0.23,0.494031
0.16,0.24,0.49296
0.16,0.25,0.490274
0.16,0.26,0.487555
0.16,0.27,0.485947
0.16,0.28,0.48248
0.16,0.29,0.482035
0.16,0.3,0.479947
0.16,0.31,0.477675
0.16,0.32,0.476446
0.16,0.33,0.474566
0.16,0.34,0.472363
0.16,0.35,0.470852
0.16,0.36,0.468284
0.16,0.37,0.469024
0.16,0.38,0.467182
0.16,0.39,0.46758
0.16,0.4,0.465499
0.16,0.41,0.463965
0.16,0.42,0.463361
0.16,0.43,0.462489
0.16,0.44,0.462517
0.16,0.45,0.461589
0.16,0.46,0.462024
0.16,0.47,0.460943
0.16,0.48,0.460598
0.16,0.49,0.459253
0.16,0.5,0.461094
0.16,0.51,0.459115
0.16,0.52,0.459661
0.16,0.53,0.460849
0.16,0.54,0.461908
0.16,0.55,0.4608
0.16,0.56,0.462565
0.16,0.57,0.463093
0.16,0.58,0.46292
0.16,0.59,0.463738
0.16,0.6,0.465222
0.16,0.61,0.465528
0.16,0.62,0.467528
0.16,0.63,0.469238
0.16,0.64,0.470713
0.16,0.65,0.471553
0.16,0.66,0.471986
0.16,0.67,0.475266
0.16,0.68,0.475843
0.16,0.69,0.477852
0.16,0.7,0.479886
0.16,0.71,0.482914
0.16,0.72,0.482529
0.16,0.73,0.485519
0.16,0.74,0.487645
0.16,0.75,0.489726
0.16,0.76,0.492077
0.16,0.77,0.495211
0.16,0.78,0.496108
0.16,0.79,0.499182
0.16,0.8,0.502362
0.16,0.81,0.503778
0.16,0.82,0.506918
0.16,0.83,0.509841
0.16,0.84,0.51223
0.16,0.85,0.51505
0.16,0.86,0.517538
0.16,0.87,0.51996
0.16,0.88,0.523604
0.16,0.89,0.525819
0.16,0.9,0.527323
0.16,0.91,0.531882
0.16,0.92,0.534989
0.16,0.93,0.537951
0.16,0.94,0.540459
0.16,0.95,0.543058
0.16,0.96,0.546205
0.16,0.97,0.548153
0.16,0.98,0.552244
0.16,0.99,0.553282
0.17,0,0.553953
0.17,0.01,0.552554
0.17,0.02,0.551227
0.17,0.03,0.547014
0.17,0.04,0.542845
0.17,0.05,0.540351
0.17,0.06,0.53794
0.17,0.07,0.535702
0.17,0.08,0.531768
0.17,0.09,0.528882
0.17,0.1,0.527454
0.17,0.11,0.524351
0.17,0.12,0.520854
0.17,0.13,0.517173
0.17,0.14,0.51602
0.17,0.15,0.513128
0.17,0.16,0.509152
0.17,0.17,0.507173
0.17,0.18,0.505119
0.17,0.19,0.501644
0.17,0.2,0.498818
0.17,0.21,0.496235
0.17,0.22,0.492463
0.17,0.23,0.490741
0.17,0.24,0.488628
0.17,0.25,0.486114
0.17,0.26,0.483107
0.17,0.27,0.481717
0.17,0.28,0.480412
0.17,0.29,0.479077
0.17,0.3,0.475485
0.17,0.31,0.474871
0.17,0.32,0.47228
0.17,0.33,0.470005
0.17,0.34,0.468193
0.17,0.35,0.467245
0.17,0.36,0.466264
0.17,0.37,0.464114
0.17,0.38,0.464698
0.17,0.39,0.462281
0.17,0.4,0.461769
0.17,0.41,0.460436
0.17,0.42,0.458628
0.17,0.43,0.459122
0.17,0.44,0.45804
0.17,0.45,0.457165
0.17,0.46,0.456343
0.17,0.47,0.457267
0.17,0.48,0.457477
0.17,0.49,0.45653
0.17,0.5,0.456595
0.17,0.51,0.456987
0.17,0.52,0.455416
0.17,0.53,0.457184
0.17,0.54,0.457161
0.17,0.55,0.457177
0.17,0.56,0.457622
0.17,0.57,0.45938
0.17,0.58,0.458382
0.17,0.59,0.460033
0.17,0.6,0.462743
0.17,0.61,0.46197
0.17,0.62,0.463094
0.17,0.63,0.465543
0.17,0.64,0.46652
0.17,0.65,0.467557
0.17,0.66,0.469932
0.17,0.67,0.470383
0.17,0.68,0.473149
0.17,0.69,0.473929
0.17,0.7,0.476568
0.17,0.71,0.476855
0.17,0.72,0.479743
0.17,0.73,0.483271
0.17,0.74,0.485309
0.17,0.75,0.486484
0.17,0.76,0.489444
0.17,0.77,0.491128
0.17,0.78,0.494664
0.17,0.79,0.49595
0.17,0.8,0.499857
0.17,0.81,0.501747
0.17,0.82,0.504199
0.17,0.83,0.507076
0.17,0.84,0.507783
0.17,0.85,0.51262
0.17,0.86,0.5157
0.17,0.87,0.517197
0.17,0.88,0.520989
0.17,0.89,0.522823
0.17,0.9,0.526549
0.17,0.91,0.529348
0.17,0.92,0.532149
0.17,0.93,0.535926
0.17,0.94,0.538548
0.17,0.95,0.541644
0.17,0.96,0.544272
0.17,0.97,0.546899
0.17,0.98,0.550736
0.17,0.99,0.552891
0.18,0,0.554004
0.18,0.01,0.550803
0.18,0.02,0.54788
0.18,0.03,0.545807
0.18,0.04,0.541456
0.18,0.05,0.538647
0.18,0.06,0.536804
0.18,0.07,0.532878
0.18,0.08,0.530723
0.18,0.09,0.527912
0.18,0.1,0.523969
0.18,0.11,0.52243
0.18,0.12,0.517053
0.18,0.13,0.515663
0.18,0.14,0.512878
0.18,0.15,0.509803
0.18,0.16,0.507054
0.18,0.17,0.504247
0.18,0.18,0.501972
0.18,0.19,0.499029
0.18,0.2,0.495427
0.18,0.21,0.493348
0.18,0.22,0.491432
0.18,0.23,0.487652
0.18,0.24,0.486407
0.18,0.25,0.482578
0.18,0.26,0.481225
0.18,0.27,0.478812
0.18,0.28,0.477018
0.18,0.29,0.47459
0.18,0.3,0.473151
0.18,0.31,0.469838
0.18,0.32,0.468278
0.18,0.33,0.467847
0.18,0.34,0.466433
0.18,0.35,0.464156
0.18,0.36,0.462819
0.18,0.37,0.462141
0.18,0.38,0.460122
0.18,0.39,0.459934
0.18,0.4,0.458208
0.18,0.41,0.456837
0.18,0.42,0.456345
0.18,0.43,0.455683
0.18,0.44,0.455421
0.18,0.45,0.45463
0.18,0.46,0.454196
0.18,0.47,0.452932
0.18,0.48,0.45284
0.18,0.49,0.453275
0.18,0.5,0.452521
0.18,0.51,0.452657
0.18,0.52,0.453199
0.18,0.53,0.453158
0.18,0.54,0.453
0.18,0.55,0.453633
0.18,0.56,0.455509
0.18,0.57,0.455182
0.18,0.58,0.456793
0.18,0.59,0.456519
0.18,0.6,0.457973
0.18,0.61,0.459575
0.18,0.62,0.460619
0.18,0.63,0.461
0.18,0.64,0.461818
0.18,0.65,0.464594
0.18,0.66,0.465615
0.18,0.67,0.466958
0.18,0.68,0.469901
0.18,0.69,0.471081
0.18,0.7,0.472696
0.18,0.71,0.475051
0.18,0.72,0.476219
0.18,0.73,0.47911
0.18,0.74,0.481756
0.18,0.75,0.483302
0.18,0.76,0.48635
0.18,0.77,0.488849
0.18,0.78,0.490077
0.18,0.79,0.492853
0.18,0.8,0.496092
0.18,0.81,0.498545
0.18,0.82,0.501099
0.18,0.83,0.504458
0.18,0.84,0.506694
0.18,0.85,0.508813
0.18,0.86,0.514203
0.18,0.87,0.515832
0.18,0.88,0.518074
0.18,0.89,0.521352
0.18,0.9,0.524158
0.18,0.91,0.527003
0.18,0.92,0.530048
0.18,0.93,0.533117
0.18,0.94,0.536382
0.18,0.95,0.53952
0.18,0.96,0.54212
0.18,0.97,0.545476
0.18,0.98,0.548461
0.18,0.99,0.551794
0.19,0,0.552606
0.19,0.01,0.549168
0.19,0.02,0.546783
0.19,0.03,0.543224
0.19,0.04,0.53968
0.19,0.05,0.537977
0.19,0.06,0.533876
0.19,0.07,0.532005
0.19,0.08,0.526935
0.19,0.09,0.524414
0.19,0.1,0.522376
0.19,0.11,0.519089
0.19,0.12,0.514895
0.19,0.13,0.513069
0.19,0.14,0.511104
0.19,0.15,0.507039
0.19,0.16,0.504484
0.19,0.17,0.501262
0.19,0.18,0.497513
0.19,0.19,0.495922
0.19,0.2,0.493624
0.19,0.21,0.491194
0.19,0.22,0.487985
0.19,0.23,0.486654
0.19,0.24,0.482427
0.19,0.25,0.480021
0.19,0.26,0.478418
0.19,0.27,0.476248
0.19,0.28,0.474208
0.19,0.29,0.470318
0.19,0.3,0.470731
0.19,0.31,0.468273
0.19,0.32,0.464558
0.19,0.33,0.463915
0.19,0.34,0.462706
0.19,0.35,0.460113
0.19,0.36,0.459
0.19,0.37,0.457985
0.19,0.38,0.456058
0.19,0.39,0.454808
0.19,0.4,0.453583
0.19,0.41,0.452972
0.19,0.42,0.452435
0.19,0.43,0.451255
0.19,0.44,0.450762
0.19,0.45,0.449691
0.19,0.46,0.449306
0.19,0.47,0.448858
0.19,0.48,0.448644
0.19,0.49,0.44786
0.19,0.5,0.448929
0.19,0.51,0.448831
0.19,0.52,0.449425
0.19,0.53,0.449294
0.19,0.54,0.449912
0.19,0.55,0.449389
0.19,0.56,0.450673
0.19,0.57,0.452012
0.19,0.58,0.452935
0.19,0.59,0.453082
0.19,0.6,0.453379
0.19,0.61,0.453985
0.19,0.62,0.456319
0.19,0.63,0.457753
0.19,0.64,0.460213
0.19,0.65,0.460687
0.19,0.66,0.463387
0.19,0.67,0.464779
0.19,0.68,0.466071
0.19,0.69,0.467265
0.19,0.7,0.468883
0.19,0.71,0.471874
0.19,0.72,0.473761
0.19,0.73,0.476582
0.19,0.74,0.47823
0.19,0.75,0.480285
0.19,0.76,0.483539
0.19,0.77,0.485381
0.19,0.78,0.48669
0.19,0.79,0.490323
0.19,0.8,0.492135
0.19,0.81,0.496086
0.19,0.82,0.498696
0.19,0.83,0.500236
0.19,0.84,0.504552
0.19,0.85,0.507703
0.19,0.86,0.509997
0.19,0.87,0.513527
0.19,0.88,0.514625
0.19,0.89,0.519005
0.19,0.9,0.52238
0.19,0.91,0.525161
0.19,0.92,0.52924
0.19,0.93,0.531165
0.19,0.94,0.533824
0.19,0.95,0.537885
0.19,0.96,0.540326
0.19,0.97,0.543494
0.19,0.98,0.545953
0.19,0.99,0.549517
0.2,0,0.551631
0.2,0.01,0.548653
0.2,0.02,0.544963
0.2,0.03,0.540903
0.2,0.04,0.538711
0.2,0.05,0.534916
0.2,0.06,0.532769
0.2,0.07,0.529522
0.2,0.08,0.526057
0.2,0.09,0.523278
0.2,0.1,0.518948
0.2,0.11,0.515614
0.2,0.12,0.51448
0.2,0.13,0.510442
0.2,0.14,0.506538
0.2,0.15,0.503925
0.2,0.16,0.501634
0.2,0.17,0.498977
0.2,0.18,0.494831
0.2,0.19,0.49301
0.2,0.2,0.490058
0.2,0.21,0.487365
0.2,0.22,0.484483
0.2,0.23,0.482486
0.2,0.24,0.478479
0.2,0.25,0.477633
0.2,0.26,0.475836
0.2,0.27,0.473733
0.2,0.28,0.470435
0.2,0.29,0.468335
0.2,0.3,0.466218
0.2,0.31,0.464629
0.2,0.32,0.462359
0.2,0.33,0.460318
0.2,0.34,0.45839
0.2,0.35,0.456542
0.2,0.36,0.45639
0.2,0.37,0.454254
0.2,0.38,0.453666
0.2,0.39,0.451227
0.2,0.4,0.450941
0.2,0.41,0.450181
0.2,0.42,0.448556
0.2,0.43,0.44725
0.2,0.44,0.447738
0.2,0.45,0.446828
0.2,0.46,0.445711
0.2,0.47,0.446134
0.2,0.48,0.445953
0.2,0.49,0.446154
0.2,0.5,0.44532
0.2,0.51,0.44489
0.2,0.52,0.445185
0.2,0.53,0.445955
0.2,0.54,0.446577
0.2,0.55,0.447879
0.2,0.56,0.446871
0.2,0.57,0.448069
0.2,0.58,0.449511
0.2,0.59,0.450379
0.2,0.6,0.450183
0.2,0.61,0.450994
0.2,0.62,0.454677
0.2,0.63,0.453697
0.2,0.64,0.455917
0.2,0.65,0.458205
0.2,0.66,0.4581
0.2,0.67,0.460719
0.2,0.68,0.462624
0.2,0.69,0.464573
0.2,0.7,0.465771
0.2,0.71,0.467673
0.2,0.72,0.47129
0.2,0.73,0.47221
0.2,0.74,0.474618
0.2,0.75,0.478567
0.2,0.76,0.479358
0.2,0.77,0.483083
0.2,0.78,0.484424
0.2,0.79,0.488406
0.2,0.8,0.489767
0.2,0.81,0.493933
0.2,0.82,0.494848
0.2,0.83,0.498353
0.2,0.84,0.501955
0.2,0.85,0.504877
0.2,0.86,0.508044
0.2,0.87,0.510024
0.2,0.88,0.513558
0.2,0.89,0.517437
0.2,0.9,0.520067
0.2,0.91,0.522848
0.2,0.92,0.525623
0.2,0.93,0.529325
0.2,0.94,0.532693
0.2,0.95,0.535809
0.2,0.96,0.538235
0.2,0.97,0.542208
0.2,0.98,0.545293
0.2,0.99,0.547329
0.21,0,0.549079
0.21,0.01,0.546227
0.21,0.02,0.543184
0.21,0.03,0.540693
0.21,0.04,0.536652
0.21,0.05,0.533717
0.21,0.06,0.530417
0.21,0.07,0.527473
0.21,0.08,0.523947
0.21,0.09,0.520185
0.21,0.1,0.517609
0.21,0.11,0.515109
0.21,0.12,0.511189
0.21,0.13,0.507973
0.21,0.14,0.505272
0.21,0.15,0.503523
0.21,0.16,0.49934
0.21,0.17,0.496935
0.21,0.18,0.493387
0.21,0.19,0.490171
0.21,0.2,0.48909
0.21,0.21,0.484056
0.21,0.22,0.482884
0.21,0.23,0.480536
0.21,0.24,0.476846
0.21,0.25,0.474756
0.21,0.26,0.472517
0.21,0.27,0.470273
0.21,0.28,0.467381
0.21,0.29,0.465919
0.21,0.3,0.462739
0.21,0.31,0.460918
0.21,0.32,0.458452
0.21,0.33,0.456554
0.21,0.34,0.455508
0.21,0.35,0.453915
0.21,0.36,0.452741
0.21,0.37,0.451028
0.21,0.38,0.450001
0.21,0.39,0.449457
0.21,0.4,0.447651
0.21,0.41,0.447385
0.21,0.42,0.445088
0.21,0.43,0.444151
0.21,0.44,0.443675
0.21,0.45,0.443709
0.21,0.46,0.443027
0.21,0.47,0.443004
0.21,0.48,0.441624
0.21,0.49,0.441719
0.21,0.5,0.442019
0.21,0.51,0.442063
0.21,0.52,0.441986
0.21,0.53,0.441765
0.21,0.54,0.442781
0.21,0.55,0.443005
0.21,0.56,0.443443
0.21,0.57,0.444905
0.21,0.58,0.445387
0.21,0.59,0.446985
0.21,0.6,0.447952
0.21,0.61,0.448355
0.21,0.62,0.449835
0.21,0.63,0.451637
0.21,0.64,0.452721
0.21,0.65,0.454375
0.21,0.66,0.454827
0.21,0.67,0.456917
0.21,0.68,0.459418
0.21,0.69,0.460148
0.21,0.7,0.464336
0.21,0.71,0.46444
0.21,0.72,0.466719
0.21,0.73,0.469447
0.21,0.74,0.471566
0.21,0.75,0.474242
0.21,0.76,0.477619
0.21,0.77,0.480832
0.21,0.78,0.48181
0.21,0.79,0.485755
0.21,0.8,0.487946
0.21,0.81,0.490417
0.21,0.82,0.493838
0.21,0.83,0.495505
0.21,0.84,0.499166
0.21,0.85,0.502569
0.21,0.86,0.50505
0.21,0.87,0.508088
0.21,0.88,0.513014
0.21,0.89,0.514168
0.21,0.9,0.516814
0.21,0.91,0.522748
0.21,0.92,0.525777
0.21,0.93,0.527074
0.21,0.94,0.530763
0.21,0.95,0.533195
0.21,0.96,0.537347
0.21,0.97,0.540764
0.21,0.98,0.542638
0.21,0.99,0.545625
0.22,0,0.54785
0.22,0.01,0.544393
0.22,0.02,0.5416
0.22,0.03,0.538411
0.22,0.04,0.535512
0.22,0.05,0.531546
0.22,0.06,0.528722
0.22,0.07,0.525018
0.22,0.08,0.521183
0.22,0.09,0.517457
0.22,0.1,0.514686
0.22,0.11,0.512732
0.22,0.12,0.509539
0.22,0.13,0.505779
0.22,0.14,0.503569
0.22,0.15,0.499962
0.22,0.16,0.496463
0.22,0.17,0.493883
0.22,0.18,0.491297
0.22,0.19,0.487072
0.22,0.2,0.485065
0.22,0.21,0.483086
0.22,0.22,0.47963
0.22,0.23,0.476285
0.22,0.24,0.475152
0.22,0.25,0.472214
0.22,0.26,0.468332
0.22,0.27,0.467294
0.22,0.28,0.464121
0.22,0.29,0.463273
0.22,0.3,0.459275
0.22,0.31,0.458119
0.22,0.32,0.455738
0.22,0.33,0.454177
0.22,0.34,0.452199
0.22,0.35,0.451006
0.22,0.36,0.44912
0.22,0.37,0.447271
0.22,0.38,0.445687
0.22,0.39,0.445775
0.22,0.4,0.443048
0.22,0.41,0.442916
0.22,0.42,0.442601
0.22,0.43,0.440392
0.22,0.44,0.440632
0.22,0.45,0.440169
0.22,0.46,0.439217
0.22,0.47,0.439331
0.22,0.48,0.439004
0.22,0.49,0.438344
0.22,0.5,0.439247
0.22,0.51,0.438867
0.22,0.52,0.438715
0.22,0.53,0.438856
0.22,0.54,0.439572
0.22,0.55,0.441072
0.22,0.56,0.440088
0.22,0.57,0.440837
0.22,0.58,0.440223
0.22,0.59,0.443498
0.22,0.6,0.443548
0.22,0.61,0.445852
0.22,0.62,0.445023
0.22,0.63,0.447754
0.22,0.64,0.448552
0.22,0.65,0.451293
0.22,0.66,0.452963
0.22,0.67,0.454287
0.22,0.68,0.456512
0.22,0.69,0.457614
0.22,0.7,0.459367
0.22,0.71,0.462547
0.22,0.72,0.464708
0.22,0.73,0.465993
0.22,0.74,0.470042
0.22,0.75,0.471186
0.22,0.76,0.474266
0.22,0.77,0.476539
0.22,0.78,0.478964
0.22,0.79,0.483326
0.22,0.8,0.48418
0.22,0.81,0.487885
0.22,0.82,0.490885
0.22,0.83,0.493259
0.22,0.84,0.496772
0.22,0.85,0.500524
0.22,0.86,0.502853
0.22,0.87,0.506927
0.22,0.88,0.509477
0.22,0.89,0.512377
0.22,0.9,0.515903
0.22,0.91,0.518784
0.22,0.92,0.522995
0.22,0.93,0.525396
0.22,0.94,0.528002
0.22,0.95,0.53195
0.22,0.96,0.535771
0.22,0.97,0.538348
0.22,0.98,0.542967
0.22,0.99,0.544198
0.23,0,0.544923
0.23,0.01,0.543482
0.23,0.02,0.539006
0.23,0.03,0.536761
0.23,0.04,0.532921
0.23,0.05,0.530845
0.23,0.06,0.52738
0.23,0.07,0.52476
0.23,0.08,0.519581
0.23,0.09,0.516918
0.23,0.1,0.513136
0.23,0.11,0.510581
0.23,0.12,0.506532
0.23,0.13,0.50489
0.23,0.14,0.50037
0.23,0.15,0.497876
0.23,0.16,0.494076
0.23,0.17,0.491194
0.23,0.18,0.48835
0.23,0.19,0.485095
0.23,0.2,0.481471
0.23,0.21,0.479727
0.23,0.22,0.47765
0.23,0.23,0.474099
0.23,0.24,0.470749
0.23,0.25,0.468647
0.23,0.26,0.46549
0.23,0.27,0.463742
0.23,0.28,0.462473
0.23,0.29,0.459086
0.23,0.3,0.456882
0.23,0.31,0.455596
0.23,0.32,0.452994
0.23,0.33,0.45208
0.23,0.34,0.449313
0.23,0.35,0.447529
0.23,0.36,0.446545
0.23,0.37,0.445228
0.23,0.38,0.443322
0.23,0.39,0.442383
0.23,0.4,0.440268
0.23,0.41,0.440346
0.23,0.42,0.43807
0.23,0.43,0.43848
0.23,0.44,0.437029
0.23,0.45,0.435594
0.23,0.46,0.435627
0.23,0.47,0.436308
0.23,0.48,0.434787
0.23,0.49,0.434555
0.23,0.5,0.434728
0.23,0.51,0.435171
0.23,0.52,0.434537
0.23,0.53,0.435782
0.23,0.54,0.436046
0.23,0.55,0.435688
0.23,0.56,0.437554
0.23,0.57,0.438561
0.23,0.58,0.437997
0.23,0.59,0.439867
0.23,0.6,0.43956
0.23,0.61,0.442725
0.23,0.62,0.442093
0.23,0.63,0.44473
0.23,0.64,0.446019
0.23,0.65,0.447692
0.23,0.66,0.449228
0.23,0.67,0.450837
0.23,0.68,0.452638
0.23,0.69,0.455901
0.23,0.7,0.456818
0.23,0.71,0.459728
0.23,0.72,0.4627
0.23,0.73,0.462916
0.23,0.74,0.465099
0.23,0.75,0.470032
0.23,0.76,0.470724
0.23,0.77,0.47469
0.23,0.78,0.476195
0.23,0.79,0.479962
0.23,0.8,0.483489
0.23,0.81,0.484668
0.23,0.82,0.487958
0.23,0.83,0.491341
0.23,0.84,0.49357
0.23,0.85,0.498064
0.23,0.86,0.501747
0.23,0.87,0.503668
0.23,0.88,0.507864
0.23,0.89,0.510096
0.23,0.9,0.514289
0.23,0.91,0.516816
0.23,0.92,0.520307
0.23,0.93,0.523791
0.23,0.94,0.527892
0.23,0.95,0.530527
0.23,0.96,0.533652
0.23,0.97,0.536418
0.23,0.98,0.539449
0.23,0.99,0.544119
0.24,0,0.544929
0.24,0.01,0.541456
0.24,0.02,0.537873
0.24,0.03,0.534323
0.24,0.04,0.531795
0.24,0.05,0.528239
0.24,0.06,0.52468
0.24,0.07,0.522012
0.24,0.08,0.518557
0.24,0.09,0.515158
0.24,0.1,0.511681
0.24,0.11,0.508507
0.24,0.12,0.505602
0.24,0.13,0.502167
0.24,0.14,0.497889
0.24,0.15,0.494859
0.24,0.16,0.491152
0.24,0.17,0.489131
0.24,0.18,0.485254
0.24,0.19,0.48335
0.24,0.2,0.480581
0.24,0.21,0.475683
0.24,0.22,0.475025
0.24,0.23,0.472226
0.24,0.24,0.468733
0.24,0.25,0.466404
0.24,0.26,0.463672
0.24,0.27,0.461588
0.24,0.28,0.458887
0.24,0.29,0.456446
0.24,0.3,0.455483
0.24,0.31,0.452579
0.24,0.32,0.449986
0.24,0.33,0.448479
0.24,0.34,0.445983
0.24,0.35,0.443772
0.24,0.36,0.443121
0.24,0.37,0.442415
0.24,0.38,0.439916
0.24,0.39,0.438688
0.24,0.4,0.437263
0.24,0.41,0.437385
0.24,0.42,0.435305
0.24,0.43,0.436143
0.24,0.44,0.433162
0.24,0.45,0.433805
0.24,0.46,0.432912
0.24,0.47,0.432675
0.24,0.48,0.432726
0.24,0.49,0.432259
0.24,0.5,0.431431
0.24,0.51,0.431469
0.24,0.52,0.432718
0.24,0.53,0.431881
0.24,0.54,0.433045
0.24,0.55,0.432363
0.24,0.56,0.433987
0.24,0.57,0.434417
0.24,0.58,0.435346
0.24,0.59,0.43602
0.24,0.6,0.437686
0.24,0.61,0.438158
0.24,0.62,0.438711
0.24,0.63,0.442306
0.24,0.64,0.44239
0.24,0.65,0.444365
0.24,0.66,0.446109
0.24,0.67,0.448715
0.24,0.68,0.449977
0.24,0.69,0.452872
0.24,0.7,0.453415
0.24,0.71,0.458075
0.24,0.72,0.458177
0.24,0.73,0.460567
0.24,0.74,0.463667
0.24,0.75,0.466512
0.24,0.76,0.4688
0.24,0.77,0.470913
0.24,0.78,0.474853
0.24,0.79,0.477398
0.24,0.8,0.47977
0.24,0.81,0.481963
0.24,0.82,0.485431
0.24,0.83,0.488764
0.24,0.84,0.492474
0.24,0.85,0.495945
0.24,0.86,0.49778
0.24,0.87,0.502357
0.24,0.88,0.50596
0.24,0.89,0.508914
0.24,0.9,0.511128
0.24,0.91,0.515514
0.24,0.92,0.518134
0.24,0.93,0.521049
0.24,0.94,0.526677
0.24,0.95,0.5281
0.24,0.96,0.531636
0.24,0.97,0.535783
0.24,0.98,0.537992
0.24,0.99,0.542432
0.25,0,0.543161
0.25,0.01,0.540241
0.25,0.02,0.536431
0.25,0.03,0.533737
0.25,0.04,0.52898
0.25,0.05,0.525871
0.25,0.06,0.524042
0.25,0.07,0.51946
0.25,0.08,0.51584
0.25,0.09,0.512995
0.25,0.1,0.510533
0.25,0.11,0.506368
0.25,0.12,0.503913
0.25,0.13,0.498993
0.25,0.14,0.495377
0.25,0.15,0.493686
0.25,0.16,0.490359
0.25,0.17,0.486717
0.25,0.18,0.483235
0.25,0.19,0.480668
0.25,0.2,0.477538
0.25,0.21,0.472301
0.25,0.22,0.47142
0.25,0.23,0.46923
0.25,0.24,0.466071
0.25,0.25,0.465167
0.25,0.26,0.460837
0.25,0.27,0.458531
0.25,0.28,0.456632
0.25,0.29,0.453611
0.25,0.3,0.451547
0.25,0.31,0.44948
0.25,0.32,0.446991
0.25,0.33,0.445798
0.25,0.34,0.443449
0.25,0.35,0.441369
0.25,0.36,0.44095
0.25,0.37,0.438667
0.25,0.38,0.437224
0.25,0.39,0.43532
0.25,0.4,0.434493
0.25,0.41,0.432979
0.25,0.42,0.430991
0.25,0.43,0.430683
0.25,0.44,0.430803
0.25,0.45,0.43025
0.25,0.46,0.42939
0.25,0.47,0.429417
0.25,0.48,0.429933
0.25,0.49,0.428854
0.25,0.5,0.428671
0.25,0.51,0.428263
0.25,0.52,0.428922
0.25,0.53,0.429121
0.25,0.54,0.429983
0.25,0.55,0.43056
0.25,0.56,0.430719
0.25,0.57,0.431081
0.25,0.58,0.432984
0.25,0.59,0.43317
0.25,0.6,0.433944
0.25,0.61,0.43669
0.25,0.62,0.438143
0.25,0.63,0.438042
0.25,0.64,0.441028
0.25,0.65,0.440991
0.25,0.66,0.443691
0.25,0.67,0.445706
0.25,0.68,0.447157
0.25,0.69,0.449941
0.25,0.7,0.450985
0.25,0.71,0.454082
0.25,0.72,0.455574
0.25,0.73,0.45882
0.25,0.74,0.460595
0.25,0.75,0.464348
0.25,0.76,0.465807
0.25,0.77,0.469237
0.25,0.78,0.471418
0.25,0.79,0.474638
0.25,0.8,0.476898
0.25,0.81,0.480687
0.25,0.82,0.481666
0.25,0.83,0.486867
0.25,0.84,0.489271
0.25,0.85,0.491811
0.25,0.86,0.495885
0.25,0.87,0.499101
0.25,0.88,0.50342
0.25,0.89,0.506236
0.25,0.9,0.509974
0.25,0.91,0.512385
0.25,0.92,0.515854
0.25,0.93,0.519227
0.25,0.94,0.52228
0.25,0.95,0.527786
0.25,0.96,0.530393
0.25,0.97,0.533855
0.25,0.98,0.535878
0.25,0.99,0.540705
0.26,0,0.542714
0.26,0.01,0.538134
0.26,0.02,0.535927
0.26,0.03,0.533181
0.26,0.04,0.52869
0.26,0.05,0.524993
0.26,0.06,0.521514
0.26,0.07,0.520596
0.26,0.08,0.515035
0.26,0.09,0.511894
0.26,0.1,0.507803
0.26,0.11,0.503734
0.26,0.12,0.501688
0.26,0.13,0.498473
0.26,0.14,0.493515
0.26,0.15,0.491438
0.26,0.16,0.487285
0.26,0.17,0.48371
0.26,0.18,0.481644
0.26,0.19,0.477952
0.26,0.2,0.475729
0.26,0.21,0.472382
0.26,0.22,0.468065
0.26,0.23,0.464969
0.26,0.24,0.463788
0.26,0.25,0.461399
0.26,0.26,0.458196
0.26,0.27,0.455159
0.26,0.28,0.453289
0.26,0.29,0.450747
0.26,0.3,0.448357
0.26,0.31,0.444804
0.26,0.32,0.443878
0.26,0.33,0.442189
0.26,0.34,0.439846
0.26,0.35,0.439459
0.26,0.36,0.436086
0.26,0.37,0.435118
0.26,0.38,0.43377
0.26,0.39,0.432763
0.26,0.4,0.432282
0.26,0.41,0.430157
0.26,0.42,0.428919
0.26,0.43,0.429671
0.26,0.44,0.428221
0.26,0.45,0.427493
0.26,0.46,0.425742
0.26,0.47,0.426351
0.26,0.48,0.425653
0.26,0.49,0.425231
0.26,0.5,0.42554
0.26,0.51,0.425473
0.26,0.52,0.425649
0.26,0.53,0.426151
0.26,0.54,0.426969
0.26,0.55,0.426343
0.26,0.56,0.427455
0.26,0.57,0.427313
0.26,0.58,0.429235
0.26,0.59,0.431451
0.26,0.6,0.432242
0.26,0.61,0.432373
0.26,0.62,0.434011
0.26,0.63,0.435308
0.26,0.64,0.436901
0.26,0.65,0.43895
0.26,0.66,0.441036
0.26,0.67,0.441158
0.26,0.68,0.443379
0.26,0.69,0.446392
0.26,0.7,0.44795
0.26,0.71,0.449898
0.26,0.72,0.452792
0.26,0.73,0.454999
0.26,0.74,0.458158
0.26,0.75,0.461033
0.26,0.76,0.463663
0.26,0.77,0.467025
0.26,0.78,0.470351
0.26,0.79,0.471173
0.26,0.8,0.475501
0.26,0.81,0.477184
0.26,0.82,0.481989
0.26,0.83,0.485836
0.26,0.84,0.487516
0.26,0.85,0.490138
0.26,0.86,0.494545
0.26,0.87,0.498001
0.26,0.88,0.500971
0.26,0.89,0.504312
0.26,0.9,0.507188
0.26,0.91,0.511801
0.26,0.92,0.514675
0.26,0.93,0.516804
0.26,0.94,0.521831
0.26,0.95,0.524683
0.26,0.96,0.528119
0.26,0.97,0.532665
0.26,0.98,0.535506
0.26,0.99,0.538842
0.27,0,0.541443
0.27,0.01,0.538299
0.27,0.02,0.535167
0.27,0.03,0.530144
0.27,0.04,0.526659
0.27,0.05,0.522729
0.27,0.06,0.519573
0.27,0.07,0.515956
0.27,0.08,0.512918
0.27,0.09,0.509006
0.27,0.1,0.505349
0.27,0.11,0.502293
0.27,0.12,0.499336
0.27,0.13,0.496065
0.27,0.14,0.492722
0.27,0.15,0.48872
0.27,0.16,0.48684
0.27,0.17,0.482002
0.27,0.18,0.477788
0.27,0.19,0.475878
0.27,0.2,0.473032
0.27,0.21,0.469495
0.27,0.22,0.465761
0.27,0.23,0.463326
0.27,0.24,0.460883
0.27,0.25,0.457873
0.27,0.26,0.455728
0.27,0.27,0.45351
0.27,0.28,0.451406
0.27,0.29,0.448459
0.27,0.3,0.445634
0.27,0.31,0.444622
0.27,0.32,0.440802
0.27,0.33,0.439348
0.27,0.34,0.438276
0.27,0.35,0.436298
0.27,0.36,0.435445
0.27,0.37,0.432733
0.27,0.38,0.43098
0.27,0.39,0.43077
0.27,0.4,0.428254
0.27,0.41,0.427368
0.27,0.42,0.42536
0.27,0.43,0.426072
0.27,0.44,0.424753
0.27,0.45,0.424423
0.27,0.46,0.42332
0.27,0.47,0.423624
0.27,0.48,0.423106
0.27,0.49,0.421993
0.27,0.5,0.421994
0.27,0.51,0.421818
0.27,0.52,0.422471
0.27,0.53,0.422409
0.27,0.54,0.423514
0.27,0.55,0.424376
0.27,0.56,0.424189
0.27,0.57,0.426213
0.27,0.58,0.426043
0.27,0.59,0.42751
0.27,0.6,0.42789
0.27,0.61,0.429887
0.27,0.62,0.431949
0.27,0.63,0.431569
0.27,0.64,0.434527
0.27,0.65,0.436345
0.27,0.66,0.438134
0.27,0.67,0.440059
0.27,0.68,0.4426
0.27,0.69,0.443337
0.27,0.7,0.44668
0.27,0.71,0.448657
0.27,0.72,0.450407
0.27,0.73,0.453035
0.27,0.74,0.456395
0.27,0.75,0.458139
0.27,0.76,0.460644
0.27,0.77,0.464022
0.27,0.78,0.465292
0.27,0.79,0.469213
0.27,0.8,0.472284
0.27,0.81,0.474759
0.27,0.82,0.479299
0.27,0.83,0.481819
0.27,0.84,0.486458
0.27,0.85,0.489566
0.27,0.86,0.492481
0.27,0.87,0.496474
0.27,0.88,0.49876
0.27,0.89,0.503587
0.27,0.9,0.50665
0.27,0.91,0.510204
0.27,0.92,0.512522
0.27,0.93,0.516007
0.27,0.94,0.520928
0.27,0.95,0.524005
0.27,0.96,0.526685
0.27,0.97,0.531294
0.27,0.98,0.533937
0.27,0.99,0.537289
0.28,0,0.539835
0.28,0.01,0.536064
0.28,0.02,0.532592
0.28,0.03,0.529779
0.28,0.04,0.525719
0.28,0.05,0.521756
0.28,0.06,0.518411
0.28,0.07,0.516243
0.28,0.08,0.511804
0.28,0.09,0.506293
0.28,0.1,0.504342
0.28,0.11,0.499794
0.28,0.12,0.496791
0.28,0.13,0.493884
0.28,0.14,0.489978
0.28,0.15,0.487189
0.28,0.16,0.48316
0.28,0.17,0.480588
0.28,0.18,0.477414
0.28,0.19,0.47315
0.28,0.2,0.471205
0.28,0.21,0.46674
0.28,0.22,0.464383
0.28,0.23,0.461351
0.28,0.24,0.460532
0.28,0.25,0.456001
0.28,0.26,0.452978
0.28,0.27,0.45071
0.28,0.28,0.448228
0.28,0.29,0.44461
0.28,0.3,0.443264
0.28,0.31,0.441251
0.28,0.32,0.439332
0.28,0.33,0.436441
0.28,0.34,0.43482
0.28,0.35,0.433308
0.28,0.36,0.431758
0.28,0.37,0.430269
0.28,0.38,0.429302
0.28,0.39,0.426535
0.28,0.4,0.426272
0.28,0.41,0.424641
0.28,0.42,0.424384
0.28,0.43,0.42338
0.28,0.44,0.421319
0.28,0.45,0.420204
0.28,0.46,0.420152
0.28,0.47,0.41999
0.28,0.48,0.419881
0.28,0.49,0.419764
0.28,0.5,0.41938
0.28,0.51,0.420548
0.28,0.52,0.421371
0.28,0.53,0.419327
0.28,0.54,0.420194
0.28,0.55,0.421045
0.28,0.56,0.422474
0.28,0.57,0.42395
0.28,0.58,0.422813
0.28,0.59,0.424458
0.28,0.6,0.42506
0.28,0.61,0.426923
0.28,0.62,0.427217
0.28,0.63,0.429313
0.28,0.64,0.431059
0.28,0.65,0.433485
0.28,0.66,0.435254
0.28,0.67,0.436498
0.28,0.68,0.43854
0.28,0.69,0.441124
0.28,0.7,0.442331
0.28,0.71,0.446494
0.28,0.72,0.44822
0.28,0.73,0.45048
0.28,0.74,0.452645
0.28,0.75,0.456757
0.28,0.76,0.458838
0.28,0.77,0.462409
0.28,0.78,0.465135
0.28,0.79,0.467188
0.28,0.8,0.469871
0.28,0.81,0.473998
0.28,0.82,0.477464
0.28,0.83,0.479849
0.28,0.84,0.483588
0.28,0.85,0.486451
0.28,0.86,0.490503
0.28,0.87,0.494982
0.28,0.88,0.497433
0.28,0.89,0.500934
0.28,0.9,0.504381
0.28,0.91,0.507788
0.28,0.92,0.511379
0.28,0.93,0.51515
0.28,0.94,0.518479
0.28,0.95,0.521358
0.28,0.96,0.525201
0.28,0.97,0.528747
0.28,0.98,0.533249
0.28,0.99,0.536279
0.29,0,0.538331
0.29,0.01,0.535185
0.29,0.02,0.531894
0.29,0.03,0.527227
0.29,0.04,0.524436
0.29,0.05,0.520729
0.29,0.06,0.517857
0.29,0.07,0.513983
0.29,0.08,0.509496
0.29,0.09,0.505831
0.29,0.1,0.503116
0.29,0.11,0.498579
0.29,0.12,0.495355
0.29,0.13,0.493148
0.29,0.14,0.488253
0.29,0.15,0.4839
0.29,0.16,0.482528
0.29,0.17,0.478282
0.29,0.18,0.47541
0.29,0.19,0.470312
0.29,0.2,0.467535
0.29,0.21,0.464825
0.29,0.22,0.462248
0.29,0.23,0.459218
0.29,0.24,0.456571
0.29,0.25,0.454148
0.29,0.26,0.450963
0.29,0.27,0.448018
0.29,0.28,0.444838
0.29,0.29,0.443166
0.29,0.3,0.440991
0.29,0.31,0.439147
0.29,0.32,0.434956
0.29,0.33,0.433998
0.29,0.34,0.431342
0.29,0.35,0.43024
0.29,0.36,0.429161
0.29,0.37,0.426855
0.29,0.38,0.42612
0.29,0.39,0.424544
0.29,0.4,0.422701
0.29,0.41,0.422193
0.29,0.42,0.420533
0.29,0.43,0.419971
0.29,0.44,0.420015
0.29,0.45,0.418559
0.29,0.46,0.418579
0.29,0.47,0.417226
0.29,0.48,0.417187
0.29,0.49,0.4161
0.29,0.5,0.416305
0.29,0.51,0.416786
0.29,0.52,0.418192
0.29,0.53,0.418194
0.29,0.54,0.417931
0.29,0.55,0.419353
0.29,0.56,0.419445
0.29,0.57,0.420226
0.29,0.58,0.421335
0.29,0.59,0.421065
0.29,0.6,0.424176
0.29,0.61,0.424859
0.29,0.62,0.427165
0.29,0.63,0.426469
0.29,0.64,0.428856
0.29,0.65,0.430419
0.29,0.66,0.432915
0.29,0.67,0.434228
0.29,0.68,0.436844
0.29,0.69,0.437922
0.29,0.7,0.439343
0.29,0.71,0.444568
0.29,0.72,0.446784
0.29,0.73,0.448895
0.29,0.74,0.450485
0.29,0.75,0.453646
0.29,0.76,0.457081
0.29,0.77,0.459323
0.29,0.78,0.461696
0.29,0.79,0.464387
0.29,0.8,0.468214
0.29,0.81,0.47243
0.29,0.82,0.474352
0.29,0.83,0.47793
0.29,0.84,0.481907
0.29,0.85,0.484708
0.29,0.86,0.489307
0.29,0.87,0.491118
0.29,0.88,0.494812
0.29,0.89,0.499089
0.29,0.9,0.501613
0.29,0.91,0.505813
0.29,0.92,0.509067
0.29,0.93,0.513409
0.29,0.94,0.516793
0.29,0.95,0.519961
0.29,0.96,0.524051
0.29,0.97,0.528104
0.29,0.98,0.531771
0.29,0.99,0.535336
0.3,0,0.536867
0.3,0.01,0.533816
0.3,0.02,0.530317
0.3,0.03,0.526471
0.3,0.04,0.522929
0.3,0.05,0.519575
0.3,0.06,0.515481
0.3,0.07,0.511607
0.3,0.08,0.509224
0.3,0.09,0.504206
0.3,0.1,0.501215
0.3,0.11,0.496995
0.3,0.12,0.493126
0.3,0.13,0.490681
0.3,0.14,0.486689
0.3,0.15,0.482127
0.3,0.16,0.479147
0.3,0.17,0.475638
0.3,0.18,0.472981
0.3,0.19,0.470669
0.3,0.2,0.467013
0.3,0.21,0.462705
0.3,0.22,0.460276
0.3,0.23,0.455661
0.3,0.24,0.454971
0.3,0.25,0.452362
0.3,0.26,0.449421
0.3,0.27,0.44563
0.3,0.28,0.442998
0.3,0.29,0.440239
0.3,0.3,0.437899
0.3,0.31,0.436639
0.3,0.32,0.433838
0.3,0.33,0.432005
0.3,0.34,0.430859
0.3,0.35,0.427844
0.3,0.36,0.425712
0.3,0.37,0.426343
0.3,0.38,0.4237
0.3,0.39,0.423899
0.3,0.4,0.420421
0.3,0.41,0.419824
0.3,0.42,0.418051
0.3,0.43,0.416818
0.3,0.44,0.416272
0.3,0.45,0.415406
0.3,0.46,0.415508
0.3,0.47,0.41472
0.3,0.48,0.413916
0.3,0.49,0.415022
0.3,0.5,0.4144
0.3,0.51,0.414486
0.3,0.52,0.414851
0.3,0.53,0.414375
0.3,0.54,0.415113
0.3,0.55,0.416655
0.3,0.56,0.416157
0.3,0.57,0.417792
0.3,0.58,0.418759
0.3,0.59,0.419339
0.3,0.6,0.4204
0.3,0.61,0.423
0.3,0.62,0.424074
0.3,0.63,0.425521
0.3,0.64,0.426987
0.3,0.65,0.428522
0.3,0.66,0.429289
0.3,0.67,0.432006
0.3,0.68,0.43478
0.3,0.69,0.435413
0.3,0.7,0.439074
0.3,0.71,0.442306
0.3,0.72,0.444516
0.3,0.73,0.445455
0.3,0.74,0.448028
0.3,0.75,0.452742
0.3,0.76,0.455282
0.3,0.77,0.456705
0.3,0.78,0.460397
0.3,0.79,0.463573
0.3,0.8,0.467153
0.3,0.81,0.46869
0.3,0.82,0.473623
0.3,0.83,0.476484
0.3,0.84,0.479433
0.3,0.85,0.483082
0.3,0.86,0.487108
0.3,0.87,0.489965
0.3,0.88,0.493823
0.3,0.89,0.496706
0.3,0.9,0.500639
0.3,0.91,0.504573
0.3,0.92,0.508524
0.3,0.93,0.511897
0.3,0.94,0.516023
0.3,0.95,0.519706
0.3,0.96,0.522935
0.3,0.97,0.526517
0.3,0.98,0.530159
0.3,0.99,0.533133
0.31,0,0.53572
0.31,0.01,0.531166
0.31,0.02,0.529146
0.31,0.03,0.526384
0.31,0.04,0.522187
0.31,0.05,0.51813
0.31,0.06,0.514318
0.31,0.07,0.511318
0.31,0.08,0.509178
0.31,0.09,0.503175
0.31,0.1,0.499117
0.31,0.11,0.495522
0.31,0.12,0.49178
0.31,0.13,0.489738
0.31,0.14,0.484749
0.31,0.15,0.480795
0.31,0.16,0.476357
0.31,0.17,0.474969
0.31,0.18,0.471362
0.31,0.19,0.468169
0.31,0.2,0.464571
0.31,0.21,0.460845
0.31,0.22,0.456759
0.31,0.23,0.454748
0.31,0.24,0.452007
0.31,0.25,0.45031
0.31,0.26,0.44714
0.31,0.27,0.444824
0.31,0.28,0.441869
0.31,0.29,0.437784
0.31,0.3,0.435544
0.31,0.31,0.434114
0.31,0.32,0.431998
0.31,0.33,0.428696
0.31,0.34,0.427826
0.31,0.35,0.426166
0.31,0.36,0.423231
0.31,0.37,0.422902
0.31,0.38,0.421416
0.31,0.39,0.419976
0.31,0.4,0.417634
0.31,0.41,0.417014
0.31,0.42,0.415087
0.31,0.43,0.414809
0.31,0.44,0.413983
0.31,0.45,0.41328
0.31,0.46,0.412619
0.31,0.47,0.41262
0.31,0.48,0.412058
0.31,0.49,0.412538
0.31,0.5,0.412031
0.31,0.51,0.411239
0.31,0.52,0.412039
0.31,0.53,0.412815
0.31,0.54,0.413498
0.31,0.55,0.412934
0.31,0.56,0.41356
0.31,0.57,0.415545
0.31,0.58,0.415081
0.31,0.59,0.417165
0.31,0.6,0.418176
0.31,0.61,0.419079
0.31,0.62,0.421325
0.31,0.63,0.422207
0.31,0.64,0.424565
0.31,0.65,0.425229
0.31,0.66,0.428339
0.31,0.67,0.429824
0.31,0.68,0.430791
0.31,0.69,0.433454
0.31,0.7,0.437102
0.31,0.71,0.438286
0.31,0.72,0.441971
0.31,0.73,0.445336
0.31,0.74,0.447246
0.31,0.75,0.448925
0.31,0.76,0.451599
0.31,0.77,0.454719
0.31,0.78,0.456688
0.31,0.79,0.460689
0.31,0.8,0.462801
0.31,0.81,0.467694
0.31,0.82,0.471135
0.31,0.83,0.474031
0.31,0.84,0.477938
0.31,0.85,0.481073
0.31,0.86,0.483695
0.31,0.87,0.488854
0.31,0.88,0.490684
0.31,0.89,0.495661
0.31,0.9,0.498421
0.31,0.91,0.503169
0.31,0.92,0.506163
0.31,0.93,0.509025
0.31,0.94,0.515484
0.31,0.95,0.517483
0.31,0.96,0.520787
0.31,0.97,0.524508
0.31,0.98,0.529051
0.31,0.99,0.53232
0.32,0,0.534626
0.32,0.01,0.531608
0.32,0.02,0.528167
0.32,0.03,0.524208
0.32,0.04,0.520343
0.32,0.05,0.518368
0.32,0.06,0.512362
0.32,0.07,0.509282
0.32,0.08,0.504852
0.32,0.09,0.501714
0.32,0.1,0.498262
0.32,0.11,0.494795
0.32,0.12,0.48996
0.32,0.13,0.486846
0.32,0.14,0.484565
0.32,0.15,0.479498
0.32,0.16,0.476022
0.32,0.17,0.471683
0.32,0.18,0.469251
0.32,0.19,0.465066
0.32,0.2,0.462436
0.32,0.21,0.459006
0.32,0.22,0.456135
0.32,0.23,0.453438
0.32,0.24,0.449579
0.32,0.25,0.446574
0.32,0.26,0.44539
0.32,0.27,0.439996
0.32,0.28,0.438308
0.32,0.29,0.435834
0.32,0.3,0.433804
0.32,0.31,0.431598
0.32,0.32,0.429525
0.32,0.33,0.427051
0.32,0.34,0.425018
0.32,0.35,0.42312
0.32,0.36,0.421634
0.32,0.37,0.420686
0.32,0.38,0.418451
0.32,0.39,0.41644
0.32,0.4,0.416075
0.32,0.41,0.415275
0.32,0.42,0.412467
0.32,0.43,0.412911
0.32,0.44,0.411544
0.32,0.45,0.410996
0.32,0.46,0.411298
0.32,0.47,0.409269
0.32,0.48,0.410609
0.32,0.49,0.409834
0.32,0.5,0.409569
0.32,0.51,0.408927
0.32,0.52,0.409667
0.32,0.53,0.410286
0.32,0.54,0.410286
0.32,0.55,0.411518
0.32,0.56,0.412144
0.32,0.57,0.41294
0.32,0.58,0.413015
0.32,0.59,0.414542
0.32,0.6,0.415969
0.32,0.61,0.416552
0.32,0.62,0.417955
0.32,0.63,0.418352
0.32,0.64,0.422317
0.32,0.65,0.423314
0.32,0.66,0.425468
0.32,0.67,0.428454
0.32,0.68,0.428689
0.32,0.69,0.432016
0.32,0.7,0.434656
0.32,0.71,0.435348
0.32,0.72,0.438572
0.32,0.73,0.441237
0.32,0.74,0.444182
0.32,0.75,0.44546
0.32,0.76,0.449263
0.32,0.77,0.453039
0.32,0.78,0.455527
0.32,0.79,0.460018
0.32,0.8,0.462545
0.32,0.81,0.466149
0.32,0.82,0.469036
0.32,0.83,0.473084
0.32,0.84,0.475255
0.32,0.85,0.48014
0.32,0.86,0.483083
0.32,0.87,0.486464
0.32,0.88,0.49058
0.32,0.89,0.492898
0.32,0.9,0.498031
0.32,0.91,0.502352
0.32,0.92,0.504322
0.32,0.93,0.509344
0.32,0.94,0.51362
0.32,0.95,0.51718
0.32,0.96,0.520647
0.32,0.97,0.523422
0.32,0.98,0.527626
0.32,0.99,0.530929
0.33,0,0.534374
0.33,0.01,0.530665
0.33,0.02,0.526087
0.33,0.03,0.522831
0.33,0.04,0.51997
0.33,0.05,0.51533
0.33,0.06,0.511043
0.33,0.07,0.508182
0.33,0.08,0.503912
0.33,0.09,0.499087
0.33,0.1,0.497112
0.33,0.11,0.492896
0.33,0.12,0.4887
0.33,0.13,0.485742
0.33,0.14,0.480858
0.33,0.15,0.478503
0.33,0.16,0.475173
0.33,0.17,0.471326
0.33,0.18,0.467483
0.33,0.19,0.465204
0.33,0.2,0.460472
0.33,0.21,0.456491
0.33,0.22,0.452201
0.33,0.23,0.450073
0.33,0.24,0.448947
0.33,0.25,0.445012
0.33,0.26,0.442727
0.33,0.27,0.439462
0.33,0.28,0.436279
0.33,0.29,0.433397
0.33,0.3,0.43259
0.33,0.31,0.429103
0.33,0.32,0.426315
0.33,0.33,0.425776
0.33,0.34,0.423328
0.33,0.35,0.421064
0.33,0.36,0.418594
0.33,0.37,0.417574
0.33,0.38,0.415589
0.33,0.39,0.41358
0.33,0.4,0.412763
0.33,0.41,0.412767
0.33,0.42,0.41129
0.33,0.43,0.409743
0.33,0.44,0.40824
0.33,0.45,0.409317
0.33,0.46,0.40799
0.33,0.47,0.406668
0.33,0.48,0.408327
0.33,0.49,0.406958
0.33,0.5,0.407074
0.33,0.51,0.407657
0.33,0.52,0.40753
0.33,0.53,0.407033
0.33,0.54,0.407865
0.33,0.55,0.409246
0.33,0.56,0.409363
0.33,0.57,0.409948
0.33,0.58,0.411028
0.33,0.59,0.411956
0.33,0.6,0.413048
0.33,0.61,0.415289
0.33,0.62,0.416341
0.33,0.63,0.417569
0.33,0.64,0.420052
0.33,0.65,0.420489
0.33,0.66,0.423264
0.33,0.67,0.424866
0.33,0.68,0.428034
0.33,0.69,0.429293
0.33,0.7,0.432284
0.33,0.71,0.433783
0.33,0.72,0.436753
0.33,0.73,0.438917
0.33,0.74,0.442551
0.33,0.75,0.445349
0.33,0.76,0.449091
0.33,0.77,0.45085
0.33,0.78,0.454454
0.33,0.79,0.455642
0.33,0.8,0.460784
0.33,0.81,0.463884
0.33,0.82,0.467333
0.33,0.83,0.470588
0.33,0.84,0.473867
0.33,0.85,0.476703
0.33,0.86,0.481328
0.33,0.87,0.486295
0.33,0.88,0.488753
0.33,0.89,0.492904
0.33,0.9,0.497446
0.33,0.91,0.500748
0.33,0.92,0.503943
0.33,0.93,0.506663
0.33,0.94,0.510996
0.33,0.95,0.515295
0.33,0.96,0.518976
0.33,0.97,0.522492
0.33,0.98,0.527515
0.33,0.99,0.530428
0.34,0,0.532205
0.34,0.01,0.529757
0.34,0.02,0.525513
0.34,0.03,0.521303
0.34,0.04,0.519313
0.34,0.05,0.514556
0.34,0.06,0.511894
0.34,0.07,0.50654
0.34,0.08,0.502262
0.34,0.09,0.499814
0.34,0.1,0.495095
0.34,0.11,0.490718
0.34,0.12,0.486996
0.34,0.13,0.483868
0.34,0.14,0.480162
0.34,0.15,0.47718
0.34,0.16,0.472255
0.34,0.17,0.470651
0.34,0.18,0.465525
0.34,0.19,0.461146
0.34,0.2,0.459142
0.34,0.21,0.455196
0.34,0.22,0.452754
0.34,0.23,0.449404
0.34,0.24,0.446833
0.34,0.25,0.443094
0.34,0.26,0.44038
0.34,0.27,0.437364
0.34,0.28,0.435884
0.34,0.29,0.432331
0.34,0.3,0.429976
0.34,0.31,0.427339
0.34,0.32,0.425554
0.34,0.33,0.423081
0.34,0.34,0.421014
0.34,0.35,0.419714
0.34,0.36,0.417552
0.34,0.37,0.415498
0.34,0.38,0.413395
0.34,0.39,0.413152
0.34,0.4,0.412129
0.34,0.41,0.410738
0.34,0.42,0.409675
0.34,0.43,0.409243
0.34,0.44,0.40706
0.34,0.45,0.405597
0.34,0.46,0.405165
0.34,0.47,0.405983
0.34,0.48,0.405156
0.34,0.49,0.404393
0.34,0.5,0.405518
0.34,0.51,0.405024
0.34,0.52,0.405504
0.34,0.53,0.404837
0.34,0.54,0.406679
0.34,0.55,0.405386
0.34,0.56,0.406834
0.34,0.57,0.408144
0.34,0.58,0.410041
0.34,0.59,0.409541
0.34,0.6,0.411285
0.34,0.61,0.412463
0.34,0.62,0.413473
0.34,0.63,0.416156
0.34,0.64,0.417897
0.34,0.65,0.418587
0.34,0.66,0.421903
0.34,0.67,0.423183
0.34,0.68,0.42503
0.34,0.69,0.42743
0.34,0.7,0.428881
0.34,0.71,0.433133
0.34,0.72,0.434034
0.34,0.73,0.438004
0.34,0.74,0.440569
0.34,0.75,0.443656
0.34,0.76,0.446435
0.34,0.77,0.449298
0.34,0.78,0.453112
0.34,0.79,0.45558
0.34,0.8,0.458586
0.34,0.81,0.462512
0.34,0.82,0.46638
0.34,0.83,0.468634
0.34,0.84,0.473172
0.34,0.85,0.477047
0.34,0.86,0.480919
0.34,0.87,0.483623
0.34,0.88,0.48705
0.34,0.89,0.490149
0.34,0.9,0.495489
0.34,0.91,0.499138
0.34,0.92,0.502993
0.34,0.93,0.506564
0.34,0.94,0.509305
0.34,0.95,0.514022
0.34,0.96,0.519044
0.34,0.97,0.521331
0.34,0.98,0.526105
0.34,0.99,0.529243
0.35,0,0.532104
0.35,0.01,0.529426
0.35,0.02,0.524921
0.35,0.03,0.520701
0.35,0.04,0.517446
0.35,0.05,0.511757
0.35,0.06,0.508543
0.35,0.07,0.505584
0.35,0.08,0.502256
0.35,0.09,0.498669
0.35,0.1,0.493902
0.35,0.11,0.488933
0.35,0.12,0.486464
0.35,0.13,0.481884
0.35,0.14,0.478017
0.35,0.15,0.475429
0.35,0.16,0.471093
0.35,0.17,0.467562
0.35,0.18,0.464153
0.35,0.19,0.461711
0.35,0.2,0.457951
0.35,0.21,0.453982
0.35,0.22,0.450512
0.35,0.23,0.447761
0.35,0.24,0.44489
0.35,0.25,0.441195
0.35,0.26,0.438259
0.35,0.27,0.436145
0.35,0.28,0.433582
0.35,0.29,0.431147
0.35,0.3,0.428427
0.35,0.31,0.425952
0.35,0.32,0.423599
0.35,0.33,0.42135
0.35,0.34,0.418875
0.35,0.35,0.4158
0.35,0.36,0.415199
0.35,0.37,0.41417
0.35,0.38,0.411387
0.35,0.39,0.410547
0.35,0.4,0.409022
0.35,0.41,0.407636
0.35,0.42,0.407435
0.35,0.43,0.405851
0.35,0.44,0.404826
0.35,0.45,0.405254
0.35,0.46,0.403944
0.35,0.47,0.403834
0.35,0.48,0.403147
0.35,0.49,0.402747
0.35,0.5,0.402658
0.35,0.51,0.402647
0.35,0.52,0.401927
0.35,0.53,0.403179
0.35,0.54,0.403279
0.35,0.55,0.404433
0.35,0.56,0.405627
0.35,0.57,0.404541
0.35,0.58,0.407237
0.35,0.59,0.407999
0.35,0.6,0.408373
0.35,0.61,0.410189
0.35,0.62,0.411618
0.35,0.63,0.413278
0.35,0.64,0.414377
0.35,0.65,0.416712
0.35,0.66,0.418502
0.35,0.67,0.421591
0.35,0.68,0.42374
0.35,0.69,0.425107
0.35,0.7,0.427943
0.35,0.71,0.4299
0.35,0.72,0.432351
0.35,0.73,0.435583
0.35,0.74,0.438511
0.35,0.75,0.441894
0.35,0.76,0.444181
0.35,0.77,0.447833
0.35,0.78,0.450366
0.35,0.79,0.454549
0.35,0.8,0.456422
0.35,0.81,0.461458
0.35,0.82,0.464382
0.35,0.83,0.467476
0.35,0.84,0.470888
0.35,0.85,0.473865
0.35,0.86,0.478483
0.35,0.87,0.481723
0.35,0.88,0.485984
0.35,0.89,0.490699
0.35,0.9,0.493516
0.35,0.91,0.497015
0.35,0.92,0.502392
0.35,0.93,0.506447
0.35,0.94,0.50723
0.35,0.95,0.512091
0.35,0.96,0.51767
0.35,0.97,0.520769
0.35,0.98,0.523844
0.35,0.99,0.529668
0.36,0,0.531602
0.36,0.01,0.527725
0.36,0.02,0.523931
0.36,0.03,0.519052
0.36,0.04,0.516611
0.36,0.05,0.511512
0.36,0.06,0.507376
0.36,0.07,0.505183
0.36,0.08,0.500296
0.36,0.09,0.496777
0.36,0.1,0.492523
0.36,0.11,0.489159
0.36,0.12,0.48642
0.36,0.13,0.481597
0.36,0.14,0.476663
0.36,0.15,0.472962
0.36,0.16,0.470777
0.36,0.17,0.467026
0.36,0.18,0.462261
0.36,0.19,0.459101
0.36,0.2,0.455674
0.36,0.21,0.452929
0.36,0.22,0.449304
0.36,0.23,0.446121
0.36,0.24,0.442708
0.36,0.25,0.440283
0.36,0.26,0.436773
0.36,0.27,0.434705
0.36,0.28,0.431975
0.36,0.29,0.428578
0.36,0.3,0.42726
0.36,0.31,0.424705
0.36,0.32,0.422191
0.36,0.33,0.418798
0.36,0.34,0.41772
0.36,0.35,0.415022
0.36,0.36,0.413254
0.36,0.37,0.411768
0.36,0.38,0.410844
0.36,0.39,0.40832
0.36,0.4,0.405735
0.36,0.41,0.405903
0.36,0.42,0.404943
0.36,0.43,0.404331
0.36,0.44,0.403069
0.36,0.45,0.401374
0.36,0.46,0.401772
0.36,0.47,0.401603
0.36,0.48,0.401241
0.36,0.49,0.401368
0.36,0.5,0.400129
0.36,0.51,0.401505
0.36,0.52,0.40177
0.36,0.53,0.40107
0.36,0.54,0.400853
0.36,0.55,0.401721
0.36,0.56,0.402586
0.36,0.57,0.403619
0.36,0.58,0.406101
0.36,0.59,0.406571
0.36,0.6,0.406874
0.36,0.61,0.410346
0.36,0.62,0.411049
0.36,0.63,0.412702
0.36,0.64,0.41325
0.36,0.65,0.414621
0.36,0.66,0.418443
0.36,0.67,0.419463
0.36,0.68,0.421835
0.36,0.69,0.423614
0.36,0.7,0.427139
0.36,0.71,0.427358
0.36,0.72,0.431467
0.36,0.73,0.435209
0.36,0.74,0.438163
0.36,0.75,0.439917
0.36,0.76,0.44304
0.36,0.77,0.446698
0.36,0.78,0.450517
0.36,0.79,0.451654
0.36,0.8,0.455251
0.36,0.81,0.459045
0.36,0.82,0.463909
0.36,0.83,0.466189
0.36,0.84,0.469067
0.36,0.85,0.473594
0.36,0.86,0.477321
0.36,0.87,0.481667
0.36,0.88,0.484871
0.36,0.89,0.488133
0.36,0.9,0.491396
0.36,0.91,0.496188
0.36,0.92,0.499401
0.36,0.93,0.505179
0.36,0.94,0.5094
0.36,0.95,0.511324
0.36,0.96,0.515084
0.36,0.97,0.520409
0.36,0.98,0.523572
0.36,0.99,0.527748
0.37,0,0.531209
0.37,0.01,0.527057
0.37,0.02,0.522329
0.37,0.03,0.519397
0.37,0.04,0.515791
0.37,0.05,0.511206
0.37,0.06,0.506753
0.37,0.07,0.504683
0.37,0.08,0.499056
0.37,0.09,0.49547
0.37,0.1,0.490914
0.37,0.11,0.486391
0.37,0.12,0.48372
0.37,0.13,0.480087
0.37,0.14,0.475781
0.37,0.15,0.472562
0.37,0.16,0.469112
0.37,0.17,0.464549
0.37,0.18,0.460634
0.37,0.19,0.45835
0.37,0.2,0.454313
0.37,0.21,0.450915
0.37,0.22,0.448511
0.37,0.23,0.445574
0.37,0.24,0.441985
0.37,0.25,0.438487
0.37,0.26,0.434787
0.37,0.27,0.433772
0.37,0.28,0.430269
0.37,0.29,0.427911
0.37,0.3,0.424115
0.37,0.31,0.422393
0.37,0.32,0.419614
0.37,0.33,0.417296
0.37,0.34,0.415045
0.37,0.35,0.41421
0.37,0.36,0.411564
0.37,0.37,0.410273
0.37,0.38,0.407948
0.37,0.39,0.406373
0.37,0.4,0.405671
0.37,0.41,0.403154
0.37,0.42,0.403497
0.37,0.43,0.40273
0.37,0.44,0.400785
0.37,0.45,0.400564
0.37,0.46,0.399125
0.37,0.47,0.399598
0.37,0.48,0.399204
0.37,0.49,0.398882
0.37,0.5,0.399228
0.37,0.51,0.399316
0.37,0.52,0.399134
0.37,0.53,0.40029
0.37,0.54,0.399885
0.37,0.55,0.400104
0.37,0.56,0.40046
0.37,0.57,0.401912
0.37,0.58,0.403556
0.37,0.59,0.403729
0.37,0.6,0.406048
0.37,0.61,0.407049
0.37,0.62,0.409533
0.37,0.63,0.411087
0.37,0.64,0.410059
0.37,0.65,0.414364
0.37,0.66,0.415362
0.37,0.67,0.416662
0.37,0.68,0.42057
0.37,0.69,0.42132
0.37,0.7,0.424809
0.37,0.71,0.426792
0.37,0.72,0.428876
0.37,0.73,0.432756
0.37,0.74,0.434712
0.37,0.75,0.438274
0.37,0.76,0.442107
0.37,0.77,0.445079
0.37,0.78,0.447948
0.37,0.79,0.451452
0.37,0.8,0.455643
0.37,0.81,0.456588
0.37,0.82,0.461025
0.37,0.83,0.465555
0.37,0.84,0.469335
0.37,0.85,0.472085
0.37,0.86,0.475055
0.37,0.87,0.480085
0.37,0.88,0.484104
0.37,0.89,0.486659
0.37,0.9,0.491217
0.37,0.91,0.495205
0.37,0.92,0.499561
0.37,0.93,0.503081
0.37,0.94,0.506054
0.37,0.95,0.509953
0.37,0.96,0.514593
0.37,0.97,0.517808
0.37,0.98,0.523189
0.37,0.99,0.526928
0.38,0,0.529928
0.38,0.01,0.525289
0.38,0.02,0.521726
0.38,0.03,0.518433
0.38,0.04,0.514474
0.38,0.05,0.509557
0.38,0.06,0.505666
0.38,0.07,0.502323
0.38,0.08,0.498933
0.38,0.09,0.494143
0.38,0.1,0.490694
0.38,0.11,0.486112
0.38,0.12,0.482956
0.38,0.13,0.478573
0.38,0.14,0.474454
0.38,0.15,0.470241
0.38,0.16,0.467741
0.38,0.17,0.464862
0.38,0.18,0.459591
0.38,0.19,0.457725
0.38,0.2,0.452343
0.38,0.21,0.44974
0.38,0.22,0.44538
0.38,0.23,0.443252
0.38,0.24,0.440406
0.38,0.25,0.436946
0.38,0.26,0.434339
0.38,0.27,0.431043
0.38,0.28,0.428017
0.38,0.29,0.425029
0.38,0.3,0.423956
0.38,0.31,0.420464
0.38,0.32,0.418811
0.38,0.33,0.415866
0.38,0.34,0.414006
0.38,0.35,0.411798
0.38,0.36,0.410015
0.38,0.37,0.408268
0.38,0.38,0.407338
0.38,0.39,0.405108
0.38,0.4,0.404587
0.38,0.41,0.403368
0.38,0.42,0.401977
0.38,0.43,0.399814
0.38,0.44,0.399911
0.38,0.45,0.398704
0.38,0.46,0.398229
0.38,0.47,0.397661
0.38,0.48,0.398603
0.38,0.49,0.397899
0.38,0.5,0.397493
0.38,0.51,0.397065
0.38,0.52,0.396462
0.38,0.53,0.396725
0.38,0.54,0.397801
0.38,0.55,0.39912
0.38,0.56,0.399258
0.38,0.57,0.400704
0.38,0.58,0.402768
0.38,0.59,0.402458
0.38,0.6,0.402981
0.38,0.61,0.405811
0.38,0.62,0.406711
0.38,0.63,0.409375
0.38,0.64,0.410064
0.38,0.65,0.412078
0.38,0.66,0.413779
0.38,0.67,0.417497
0.38,0.68,0.417516
0.38,0.69,0.421132
0.38,0.7,0.423934
0.38,0.71,0.425333
0.38,0.72,0.429024
0.38,0.73,0.43244
0.38,0.74,0.433516
0.38,0.75,0.436809
0.38,0.76,0.440447
0.38,0.77,0.443473
0.38,0.78,0.446534
0.38,0.79,0.450753
0.38,0.8,0.453042
0.38,0.81,0.457442
0.38,0.82,0.45869
0.38,0.83,0.463534
0.38,0.84,0.46677
0.38,0.85,0.470618
0.38,0.86,0.473332
0.38,0.87,0.478194
0.38,0.88,0.483707
0.38,0.89,0.485587
0.38,0.9,0.49057
0.38,0.91,0.494248
0.38,0.92,0.497227
0.38,0.93,0.501304
0.38,0.94,0.506585
0.38,0.95,0.510607
0.38,0.96,0.51409
0.38,0.97,0.517351
0.38,0.98,0.520873
0.38,0.99,0.526009
0.39,0,0.528837
0.39,0.01,0.525479
0.39,0.02,0.522214
0.39,0.03,0.517349
0.39,0.04,0.51327
0.39,0.05,0.508584
0.39,0.06,0.505591
0.39,0.07,0.501134
0.39,0.08,0.497073
0.39,0.09,0.494515
0.39,0.1,0.489281
0.39,0.11,0.48498
0.39,0.12,0.481296
0.39,0.13,0.478844
0.39,0.14,0.473511
0.39,0.15,0.469869
0.39,0.16,0.465763
0.39,0.17,0.462484
0.39,0.18,0.459321
0.39,0.19,0.455135
0.39,0.2,0.451174
0.39,0.21,0.448527
0.39,0.22,0.444891
0.39,0.23,0.442043
0.39,0.24,0.438219
0.39,0.25,0.435026
0.39,0.26,0.432411
0.39,0.27,0.43024
0.39,0.28,0.427555
0.39,0.29,0.423879
0.39,0.3,0.42219
0.39,0.31,0.41949
0.39,0.32,0.417795
0.39,0.33,0.415509
0.39,0.34,0.412024
0.39,0.35,0.410223
0.39,0.36,0.407869
0.39,0.37,0.406693
0.39,0.38,0.404559
0.39,0.39,0.402871
0.39,0.4,0.401861
0.39,0.41,0.400615
0.39,0.42,0.399815
0.39,0.43,0.398609
0.39,0.44,0.398635
0.39,0.45,0.39709
0.39,0.46,0.397567
0.39,0.47,0.396225
0.39,0.48,0.396213
0.39,0.49,0.394917
0.39,0.5,0.395296
0.39,0.51,0.396013
0.39,0.52,0.39528
0.39,0.53,0.39586
0.39,0.54,0.397203
0.39,0.55,0.396987
0.39,0.56,0.39826
0.39,0.57,0.399119
0.39,0.58,0.400244
0.39,0.59,0.400876
0.39,0.6,0.402029
0.39,0.61,0.403666
0.39,0.62,0.405657
0.39,0.63,0.4069
0.39,0.64,0.40856
0.39,0.65,0.409829
0.39,0.66,0.413691
0.39,0.67,0.413939
0.39,0.68,0.417173
0.39,0.69,0.419407
0.39,0.7,0.421892
0.39,0.71,0.423888
0.39,0.72,0.426683
0.39,0.73,0.429156
0.39,0.74,0.432112
0.39,0.75,0.434577
0.39,0.76,0.437848
0.39,0.77,0.441803
0.39,0.78,0.44531
0.39,0.79,0.448069
0.39,0.8,0.452105
0.39,0.81,0.456892
0.39,0.82,0.459189
0.39,0.83,0.463286
0.39,0.84,0.465673
0.39,0.85,0.47004
0.39,0.86,0.474834
0.39,0.87,0.478855
0.39,0.88,0.481549
0.39,0.89,0.485201
0.39,0.9,0.490115
0.39,0.91,0.492999
0.39,0.92,0.497791
0.39,0.93,0.501477
0.39,0.94,0.504605
0.39,0.95,0.509033
0.39,0.96,0.512575
0.39,0.97,0.516995
0.39,0.98,0.522131
0.39,0.99,0.524516
0.4,0,0.528439
0.4,0.01,0.524216
0.4,0.02,0.52075
0.4,0.03,0.516694
0.4,0.04,0.512222
0.4,0.05,0.507643
0.4,0.06,0.50501
0.4,0.07,0.499864
0.4,0.08,0.496126
0.4,0.09,0.493021
0.4,0.1,0.48931
0.4,0.11,0.484804
0.4,0.12,0.480489
0.4,0.13,0.47729
0.4,0.14,0.471987
0.4,0.15,0.468205
0.4,0.16,0.465246
0.4,0.17,0.462301
0.4,0.18,0.458405
0.4,0.19,0.454919
0.4,0.2,0.450956
0.4,0.21,0.44776
0.4,0.22,0.443652
0.4,0.23,0.440656
0.4,0.24,0.437506
0.4,0.25,0.435098
0.4,0.26,0.431217
0.4,0.27,0.428387
0.4,0.28,0.425381
0.4,0.29,0.423282
0.4,0.3,0.421533
0.4,0.31,0.418187
0.4,0.32,0.415458
0.4,0.33,0.41374
0.4,0.34,0.410937
0.4,0.35,0.409145
0.4,0.36,0.408283
0.4,0.37,0.405224
0.4,0.38,0.404796
0.4,0.39,0.402696
0.4,0.4,0.400878
0.4,0.41,0.399735
0.4,0.42,0.398994
0.4,0.43,0.398074
0.4,0.44,0.397046
0.4,0.45,0.396509
0.4,0.46,0.395056
0.4,0.47,0.39527
0.4,0.48,0.394208
0.4,0.49,0.393984
0.4,0.5,0.395212
0.4,0.51,0.394517
0.4,0.52,0.395043
0.4,0.53,0.393916
0.4,0.54,0.395166
0.4,0.55,0.395856
0.4,0.56,0.396959
0.4,0.57,0.396086
0.4,0.58,0.398404
0.4,0.59,0.399679
0.4,0.6,0.40163
0.4,0.61,0.401963
0.4,0.62,0.403712
0.4,0.63,0.40483
0.4,0.64,0.406705
0.4,0.65,0.408918
0.4,0.66,0.411375
0.4,0.67,0.413565
0.4,0.68,0.415347
0.4,0.69,0.417858
0.4,0.7,0.41925
0.4,0.71,0.423234
0.4,0.72,0.425855
0.4,0.73,0.428232
0.4,0.74,0.431545
0.4,0.75,0.43351
0.4,0.76,0.43845
0.4,0.77,0.440176
0.4,0.78,0.443984
0.4,0.79,0.44747
0.4,0.8,0.451196
0.4,0.81,0.45391
0.4,0.82,0.458589
0.4,0.83,0.461158
0.4,0.84,0.465314
0.4,0.85,0.469058
0.4,0.86,0.473114
0.4,0.87,0.476334
0.4,0.88,0.481395
0.4,0.89,0.485143
0.4,0.9,0.488914
0.4,0.91,0.492377
0.4,0.92,0.495647
0.4,0.93,0.499689
0.4,0.94,0.504114
0.4,0.95,0.508632
0.4,0.96,0.513004
0.4,0.97,0.516536
0.4,0.98,0.520038
0.4,0.99,0.523868
0.41,0,0.528543
0.41,0.01,0.523521
0.41,0.02,0.519488
0.41,0.03,0.516197
0.41,0.04,0.511798
0.41,0.05,0.508736
0.41,0.06,0.503985
0.41,0.07,0.499686
0.41,0.08,0.495489
0.41,0.09,0.490029
0.41,0.1,0.487126
0.41,0.11,0.484433
0.41,0.12,0.480057
0.41,0.13,0.475295
0.41,0.14,0.472405
0.41,0.15,0.468342
0.41,0.16,0.464205
0.41,0.17,0.461636
0.41,0.18,0.456657
0.41,0.19,0.452966
0.41,0.2,0.44925
0.41,0.21,0.446011
0.41,0.22,0.44279
0.41,0.23,0.439483
0.41,0.24,0.436235
0.41,0.25,0.433762
0.41,0.26,0.428949
0.41,0.27,0.426851
0.41,0.28,0.424797
0.41,0.29,0.420926
0.41,0.3,0.419107
0.41,0.31,0.417004
0.41,0.32,0.413849
0.41,0.33,0.411468
0.41,0.34,0.410794
0.41,0.35,0.408545
0.41,0.36,0.406026
0.41,0.37,0.40452
0.41,0.38,0.402878
0.41,0.39,0.401348
0.41,0.4,0.399896
0.41,0.41,0.397729
0.41,0.42,0.39845
0.41,0.43,0.395392
0.41,0.44,0.395257
0.41,0.45,0.394048
0.41,0.46,0.393829
0.41,0.47,0.393522
0.41,0.48,0.39321
0.41,0.49,0.392554
0.41,0.5,0.393353
0.41,0.51,0.393323
0.41,0.52,0.392692
0.41,0.53,0.394214
0.41,0.54,0.394258
0.41,0.55,0.39366
0.41,0.56,0.396591
0.41,0.57,0.397267
0.41,0.58,0.397238
0.41,0.59,0.399091
0.41,0.6,0.39976
0.41,0.61,0.400721
0.41,0.62,0.40308
0.41,0.63,0.404595
0.41,0.64,0.406769
0.41,0.65,0.408094
0.41,0.66,0.409973
0.41,0.67,0.412226
0.41,0.68,0.413891
0.41,0.69,0.415916
0.41,0.7,0.42012
0.41,0.71,0.42152
0.41,0.72,0.424131
0.41,0.73,0.428716
0.41,0.74,0.430452
0.41,0.75,0.433946
0.41,0.76,0.437153
0.41,0.77,0.438547
0.41,0.78,0.442208
0.41,0.79,0.445582
0.41,0.8,0.450297
0.41,0.81,0.453423
0.41,0.82,0.456832
0.41,0.83,0.459407
0.41,0.84,0.464419
0.41,0.85,0.46711
0.41,0.86,0.47179
0.41,0.87,0.475991
0.41,0.88,0.480038
0.41,0.89,0.484573
0.41,0.9,0.486728
0.41,0.91,0.491096
0.41,0.92,0.496178
0.41,0.93,0.499567
0.41,0.94,0.503579
0.41,0.95,0.50856
0.41,0.96,0.511812
0.41,0.97,0.516571
0.41,0.98,0.519061
0.41,0.99,0.523224
0.42,0,0.527036
0.42,0.01,0.524195
0.42,0.02,0.519945
0.42,0.03,0.514482
0.42,0.04,0.511239
0.42,0.05,0.506882
0.42,0.06,0.503316
0.42,0.07,0.499032
0.42,0.08,0.494309
0.42,0.09,0.490268
0.42,0.1,0.487175
0.42,0.11,0.482462
0.42,0.12,0.478304
0.42,0.13,0.476103
0.42,0.14,0.471427
0.42,0.15,0.467007
0.42,0.16,0.46393
0.42,0.17,0.459829
0.42,0.18,0.455826
0.42,0.19,0.45288
0.42,0.2,0.449187
0.42,0.21,0.446116
0.42,0.22,0.44097
0.42,0.23,0.437919
0.42,0.24,0.43592
0.42,0.25,0.432887
0.42,0.26,0.429733
0.42,0.27,0.427439
0.42,0.28,0.423382
0.42,0.29,0.42237
0.42,0.3,0.41906
0.42,0.31,0.417096
0.42,0.32,0.414089
0.42,0.33,0.411198
0.42,0.34,0.40823
0.42,0.35,0.407883
0.42,0.36,0.405082
0.42,0.37,0.404171
0.42,0.38,0.401835
0.42,0.39,0.400512
0.42,0.4,0.398988
0.42,0.41,0.397472
0.42,0.42,0.396875
0.42,0.43,0.394194
0.42,0.44,0.39416
0.42,0.45,0.393642
0.42,0.46,0.394204
0.42,0.47,0.391588
0.42,0.48,0.392693
0.42,0.49,0.391861
0.42,0.5,0.391703
0.42,0.51,0.391929
0.42,0.52,0.391537
0.42,0.53,0.391919
0.42,0.54,0.392735
0.42,0.55,0.394361
0.42,0.56,0.39395
0.42,0.57,0.395056
0.42,0.58,0.396419
0.42,0.59,0.398241
0.42,0.6,0.398445
0.42,0.61,0.399915
0.42,0.62,0.400987
0.42,0.63,0.403169
0.42,0.64,0.403659
0.42,0.65,0.406963
0.42,0.66,0.408463
0.42,0.67,0.411103
0.42,0.68,0.412298
0.42,0.69,0.415838
0.42,0.7,0.41861
0.42,0.71,0.420483
0.42,0.72,0.42488
0.42,0.73,0.426833
0.42,0.74,0.428894
0.42,0.75,0.432215
0.42,0.76,0.435626
0.42,0.77,0.439442
0.42,0.78,0.441889
0.42,0.79,0.445312
0.42,0.8,0.449004
0.42,0.81,0.452877
0.42,0.82,0.45566
0.42,0.83,0.459706
0.42,0.84,0.464852
0.42,0.85,0.467958
0.42,0.86,0.470411
0.42,0.87,0.474108
0.42,0.88,0.478186
0.42,0.89,0.482661
0.42,0.9,0.487621
0.42,0.91,0.490354
0.42,0.92,0.494677
0.42,0.93,0.499991
0.42,0.94,0.503173
0.42,0.95,0.507245
0.42,0.96,0.51085
0.42,0.97,0.515871
0.42,0.98,0.519375
0.42,0.99,0.524364
0.43,0,0.526656
0.43,0.01,0.521959
0.43,0.02,0.51936
0.43,0.03,0.515228
0.43,0.04,0.511089
0.43,0.05,0.50717
0.43,0.06,0.502532
0.43,0.07,0.499001
0.43,0.08,0.493617
0.43,0.09,0.490813
0.43,0.1,0.486088
0.43,0.11,0.481868
0.43,0.12,0.478337
0.43,0.13,0.474096
0.43,0.14,0.469693
0.43,0.15,0.466521
0.43,0.16,0.462536
0.43,0.17,0.458853
0.43,0.18,0.45594
0.43,0.19,0.45259
0.43,0.2,0.448599
0.43,0.21,0.444446
0.43,0.22,0.440246
0.43,0.23,0.437407
0.43,0.24,0.435081
0.43,0.25,0.431172
0.43,0.26,0.42898
0.43,0.27,0.424996
0.43,0.28,0.422109
0.43,0.29,0.421397
0.43,0.3,0.417773
0.43,0.31,0.415611
0.43,0.32,0.412772
0.43,0.33,0.409779
0.43,0.34,0.407601
0.43,0.35,0.405749
0.43,0.36,0.404267
0.43,0.37,0.401756
0.43,0.38,0.399889
0.43,0.39,0.399236
0.43,0.4,0.396832
0.43,0.41,0.39602
0.43,0.42,0.396246
0.43,0.43,0.393893
0.43,0.44,0.392692
0.43,0.45,0.392718
0.43,0.46,0.392309
0.43,0.47,0.391277
0.43,0.48,0.391444
0.43,0.49,0.390827
0.43,0.5,0.391451
0.43,0.51,0.390114
0.43,0.52,0.390949
0.43,0.53,0.391358
0.43,0.54,0.392162
0.43,0.55,0.392348
0.43,0.56,0.39361
0.43,0.57,0.39344
0.43,0.58,0.394725
0.43,0.59,0.395891
0.43,0.6,0.397647
0.43,0.61,0.399744
0.43,0.62,0.401373
0.43,0.63,0.402682
0.43,0.64,0.403878
0.43,0.65,0.407313
0.43,0.66,0.409574
0.43,0.67,0.41054
0.43,0.68,0.412055
0.43,0.69,0.414672
0.43,0.7,0.417476
0.43,0.71,0.42024
0.43,0.72,0.421713
0.43,0.73,0.42522
0.43,0.74,0.429474
0.43,0.75,0.432136
0.43,0.76,0.43501
0.43,0.77,0.439377
0.43,0.78,0.441077
0.43,0.79,0.444258
0.43,0.8,0.449098
0.43,0.81,0.452007
0.43,0.82,0.456073
0.43,0.83,0.459067
0.43,0.84,0.462336
0.43,0.85,0.466013
0.43,0.86,0.470974
0.43,0.87,0.474798
0.43,0.88,0.478483
0.43,0.89,0.482432
0.43,0.9,0.487126
0.43,0.91,0.490246
0.43,0.92,0.493672
0.43,0.93,0.49734
0.43,0.94,0.502453
0.43,0.95,0.507543
0.43,0.96,0.51063
0.43,0.97,0.514042
0.43,0.98,0.518989
0.43,0.99,0.523111
0.44,0,0.527004
0.44,0.01,0.522729
0.44,0.02,0.518599
0.44,0.03,0.514024
0.44,0.04,0.510294
0.44,0.05,0.507006
0.44,0.06,0.501092
0.44,0.07,0.498193
0.44,0.08,0.4929
0.44,0.09,0.489713
0.44,0.1,0.486341
0.44,0.11,0.482693
0.44,0.12,0.47666
0.44,0.13,0.473981
0.44,0.14,0.469331
0.44,0.15,0.466415
0.44,0.16,0.460955
0.44,0.17,0.458608
0.44,0.18,0.453715
0.44,0.19,0.449552
0.44,0.2,0.44768
0.44,0.21,0.443041
0.44,0.22,0.441053
0.44,0.23,0.437501
0.44,0.24,0.434805
0.44,0.25,0.430088
0.44,0.26,0.427398
0.44,0.27,0.424554
0.44,0.28,0.420893
0.44,0.29,0.418695
0.44,0.3,0.41503
0.44,0.31,0.413293
0.44,0.32,0.410674
0.44,0.33,0.409086
0.44,0.34,0.406517
0.44,0.35,0.403984
0.44,0.36,0.402585
0.44,0.37,0.400484
0.44,0.38,0.400056
0.44,0.39,0.397257
0.44,0.4,0.397026
0.44,0.41,0.395671
0.44,0.42,0.393477
0.44,0.43,0.39251
0.44,0.44,0.392134
0.44,0.45,0.39103
0.44,0.46,0.391195
0.44,0.47,0.390511
0.44,0.48,0.39131
0.44,0.49,0.389837
0.44,0.5,0.388828
0.44,0.51,0.390289
0.44,0.52,0.390467
0.44,0.53,0.389893
0.44,0.54,0.390565
0.44,0.55,0.391387
0.44,0.56,0.392702
0.44,0.57,0.392225
0.44,0.58,0.394771
0.44,0.59,0.396096
0.44,0.6,0.395476
0.44,0.61,0.398359
0.44,0.62,0.399522
0.44,0.63,0.401484
0.44,0.64,0.401744
0.44,0.65,0.404407
0.44,0.66,0.406984
0.44,0.67,0.409909
0.44,0.68,0.410408
0.44,0.69,0.414515
0.44,0.7,0.416574
0.44,0.71,0.41845
0.44,0.72,0.422185
0.44,0.73,0.424133
0.44,0.74,0.42774
0.44,0.75,0.431117
0.44,0.76,0.433781
0.44,0.77,0.437279
0.44,0.78,0.440457
0.44,0.79,0.44293
0.44,0.8,0.447625
0.44,0.81,0.450896
0.44,0.82,0.454192
0.44,0.83,0.459486
0.44,0.84,0.462414
0.44,0.85,0.46572
0.44,0.86,0.469716
0.44,0.87,0.473486
0.44,0.88,0.477613
0.44,0.89,0.47969
0.44,0.9,0.486152
0.44,0.91,0.489437
0.44,0.92,0.494337
0.44,0.93,0.498225
0.44,0.94,0.502599
0.44,0.95,0.506026
0.44,0.96,0.509518
0.44,0.97,0.514424
0.44,0.98,0.518446
0.44,0.99,0.522499
0.45,0,0.527065
0.45,0.01,0.522142
0.45,0.02,0.517562
0.45,0.03,0.512877
0.45,0.04,0.509748
0.45,0.05,0.506435
0.45,0.06,0.501147
0.45,0.07,0.49807
0.45,0.08,0.492898
0.45,0.09,0.489176
0.45,0.1,0.485742
0.45,0.11,0.480963
0.45,0.12,0.477558
0.45,0.13,0.473597
0.45,0.14,0.467946
0.45,0.15,0.465488
0.45,0.16,0.460611
0.45,0.17,0.458195
0.45,0.18,0.454218
0.45,0.19,0.449839
0.45,0.2,0.447586
0.45,0.21,0.443478
0.45,0.22,0.439764
0.45,0.23,0.43564
0.45,0.24,0.432412
0.45,0.25,0.429955
0.45,0.26,0.426655
0.45,0.27,0.424155
0.45,0.28,0.421152
0.45,0.29,0.419276
0.45,0.3,0.416587
0.45,0.31,0.413224
0.45,0.32,0.410087
0.45,0.33,0.408446
0.45,0.34,0.406119
0.45,0.35,0.404107
0.45,0.36,0.402213
0.45,0.37,0.400242
0.45,0.38,0.398398
0.45,0.39,0.397891
0.45,0.4,0.396573
0.45,0.41,0.394949
0.45,0.42,0.393455
0.45,0.43,0.391913
0.45,0.44,0.392
0.45,0.45,0.390462
0.45,0.46,0.390401
0.45,0.47,0.390026
0.45,0.48,0.38878
0.45,0.49,0.390134
0.45,0.5,0.388871
0.45,0.51,0.388925
0.45,0.52,0.388806
0.45,0.53,0.390081
0.45,0.54,0.389837
0.45,0.55,0.391686
0.45,0.56,0.391379
0.45,0.57,0.39302
0.45,0.58,0.392947
0.45,0.59,0.395335
0.45,0.6,0.394656
0.45,0.61,0.397871
0.45,0.62,0.39997
0.45,0.63,0.400737
0.45,0.64,0.401547
0.45,0.65,0.404566
0.45,0.66,0.405728
0.45,0.67,0.407841
0.45,0.68,0.412121
0.45,0.69,0.413101
0.45,0.7,0.416265
0.45,0.71,0.418463
0.45,0.72,0.421623
0.45,0.73,0.424872
0.45,0.74,0.426127
0.45,0.75,0.429716
0.45,0.76,0.43312
0.45,0.77,0.435778
0.45,0.78,0.439004
0.45,0.79,0.443454
0.45,0.8,0.447874
0.45,0.81,0.450274
0.45,0.82,0.452975
0.45,0.83,0.458843
0.45,0.84,0.461405
0.45,0.85,0.464625
0.45,0.86,0.470424
0.45,0.87,0.473693
0.45,0.88,0.477404
0.45,0.89,0.482919
0.45,0.9,0.486694
0.45,0.91,0.489236
0.45,0.92,0.493871
0.45,0.93,0.496613
0.45,0.94,0.50268
0.45,0.95,0.50485
0.45,0.96,0.510528
0.45,0.97,0.512702
0.45,0.98,0.517403
0.45,0.99,0.523271
0.46,0,0.526743
0.46,0.01,0.521619
0.46,0.02,0.517514
0.46,0.03,0.514339
0.46,0.04,0.509399
0.46,0.05,0.505794
0.46,0.06,0.502064
0.46,0.07,0.49696
0.46,0.08,0.493805
0.46,0.09,0.489452
0.46,0.1,0.484501
0.46,0.11,0.480805
0.46,0.12,0.477366
0.46,0.13,0.471863
0.46,0.14,0.470321
0.46,0.15,0.46472
0.46,0.16,0.459826
0.46,0.17,0.457338
0.46,0.18,0.452413
0.46,0.19,0.450539
0.46,0.2,0.445508
0.46,0.21,0.442978
0.46,0.22,0.440289
0.46,0.23,0.434858
0.46,0.24,0.43317
0.46,0.25,0.429678
0.46,0.26,0.426085
0.46,0.27,0.423684
0.46,0.28,0.420208
0.46,0.29,0.418986
0.46,0.3,0.416117
0.46,0.31,0.412212
0.46,0.32,0.410575
0.46,0.33,0.407814
0.46,0.34,0.40592
0.46,0.35,0.403334
0.46,0.36,0.402641
0.46,0.37,0.398826
0.46,0.38,0.398183
0.46,0.39,0.396787
0.46,0.4,0.395294
0.46,0.41,0.394787
0.46,0.42,0.393256
0.46,0.43,0.39241
0.46,0.44,0.391011
0.46,0.45,0.390426
0.46,0.46,0.389809
0.46,0.47,0.388782
0.46,0.48,0.388169
0.46,0.49,0.388759
0.46,0.5,0.387965
0.46,0.51,0.388532
0.46,0.52,0.388407
0.46,0.53,0.388335
0.46,0.54,0.389593
0.46,0.55,0.388978
0.46,0.56,0.390206
0.46,0.57,0.391799
0.46,0.58,0.392902
0.46,0.59,0.393588
0.46,0.6,0.394877
0.46,0.61,0.396553
0.46,0.62,0.397896
0.46,0.63,0.400706
0.46,0.64,0.401106
0.46,0.65,0.403277
0.46,0.66,0.405094
0.46,0.67,0.408365
0.46,0.68,0.41061
0.46,0.69,0.41331
0.46,0.7,0.414985
0.46,0.71,0.417541
0.46,0.72,0.420975
0.46,0.73,0.424266
0.46,0.74,0.425398
0.46,0.75,0.430979
0.46,0.76,0.433996
0.46,0.77,0.436685
0.46,0.78,0.439302
0.46,0.79,0.442346
0.46,0.8,0.446022
0.46,0.81,0.45114
0.46,0.82,0.452219
0.46,0.83,0.457942
0.46,0.84,0.459817
0.46,0.85,0.465042
0.46,0.86,0.469041
0.46,0.87,0.473729
0.46,0.88,0.476544
0.46,0.89,0.481449
0.46,0.9,0.484655
0.46,0.91,0.48992
0.46,0.92,0.493703
0.46,0.93,0.497657
0.46,0.94,0.500684
0.46,0.95,0.504636
0.46,0.96,0.50906
0.46,0.97,0.514
0.46,0.98,0.517455
0.46,0.99,0.522275
0.47,0,0.526203
0.47,0.01,0.521534
0.47,0.02,0.516789
0.47,0.03,0.513206
0.47,0.04,0.508985
0.47,0.05,0.504345
0.47,0.06,0.502142
0.47,0.07,0.497496
0.47,0.08,0.492537
0.47,0.09,0.489213
0.47,0.1,0.4849
0.47,0.11,0.480096
0.47,0.12,0.477392
0.47,0.13,0.47243
0.47,0.14,0.468891
0.47,0.15,0.464938
0.47,0.16,0.460846
0.47,0.17,0.456875
0.47,0.18,0.454125
0.47,0.19,0.449534
0.47,0.2,0.446904
0.47,0.21,0.442409
0.47,0.22,0.439075
0.47,0.23,0.435725
0.47,0.24,0.430847
0.47,0.25,0.430032
0.47,0.26,0.425358
0.47,0.27,0.423821
0.47,0.28,0.420861
0.47,0.29,0.417107
0.47,0.3,0.415533
0.47,0.31,0.413395
0.47,0.32,0.409716
0.47,0.33,0.40738
0.47,0.34,0.405198
0.47,0.35,0.403803
0.47,0.36,0.401967
0.47,0.37,0.400313
0.47,0.38,0.398531
0.47,0.39,0.396315
0.47,0.4,0.394447
0.47,0.41,0.394155
0.47,0.42,0.391981
0.47,0.43,0.390865
0.47,0.44,0.390188
0.47,0.45,0.390037
0.47,0.46,0.389373
0.47,0.47,0.388324
0.47,0.48,0.38809
0.47,0.49,0.387487
0.47,0.5,0.387396
0.47,0.51,0.388166
0.47,0.52,0.389045
0.47,0.53,0.388535
0.47,0.54,0.389153
0.47,0.55,0.389451
0.47,0.56,0.390651
0.47,0.57,0.391393
0.47,0.58,0.393188
0.47,0.59,0.393756
0.47,0.6,0.395626
0.47,0.61,0.396411
0.47,0.62,0.39803
0.47,0.63,0.400247
0.47,0.64,0.402293
0.47,0.65,0.402703
0.47,0.66,0.405757
0.47,0.67,0.409192
0.47,0.68,0.409834
0.47,0.69,0.412385
0.47,0.7,0.41474
0.47,0.71,0.41775
0.47,0.72,0.420898
0.47,0.73,0.423059
0.47,0.74,0.425069
0.47,0.75,0.428183
0.47,0.76,0.432842
0.47,0.77,0.436105
0.47,0.78,0.437935
0.47,0.79,0.441449
0.47,0.8,0.446017
0.47,0.81,0.449562
0.47,0.82,0.452498
0.47,0.83,0.45543
0.47,0.84,0.461043
0.47,0.85,0.46435
0.47,0.86,0.467395
0.47,0.87,0.472909
0.47,0.88,0.475769
0.47,0.89,0.479673
0.47,0.9,0.484858
0.47,0.91,0.487627
0.47,0.92,0.493138
0.47,0.93,0.498393
0.47,0.94,0.501014
0.47,0.95,0.503922
0.47,0.96,0.508752
0.47,0.97,0.513708
0.47,0.98,0.517494
0.47,0.99,0.521931
0.48,0,0.52545
0.48,0.01,0.520403
0.48,0.02,0.516952
0.48,0.03,0.513452
0.48,0.04,0.508544
0.48,0.05,0.505136
0.48,0.06,0.500307
0.48,0.07,0.495586
0.48,0.08,0.493042
0.48,0.09,0.487693
0.48,0.1,0.485146
0.48,0.11,0.479713
0.48,0.12,0.47587
0.48,0.13,0.472402
0.48,0.14,0.46932
0.48,0.15,0.464871
0.48,0.16,0.460421
0.48,0.17,0.456406
0.48,0.18,0.452496
0.48,0.19,0.449949
0.48,0.2,0.445275
0.48,0.21,0.442266
0.48,0.22,0.437642
0.48,0.23,0.435372
0.48,0.24,0.431375
0.48,0.25,0.42865
0.48,0.26,0.425217
0.48,0.27,0.42213
0.48,0.28,0.420821
0.48,0.29,0.417116
0.48,0.3,0.414514
0.48,0.31,0.411466
0.48,0.32,0.410637
0.48,0.33,0.407923
0.48,0.34,0.406607
0.48,0.35,0.403209
0.48,0.36,0.400661
0.48,0.37,0.398877
0.48,0.38,0.397487
0.48,0.39,0.395339
0.48,0.4,0.394405
0.48,0.41,0.393955
0.48,0.42,0.392038
0.48,0.43,0.392099
0.48,0.44,0.390308
0.48,0.45,0.389986
0.48,0.46,0.388411
0.48,0.47,0.388314
0.48,0.48,0.386653
0.48,0.49,0.387769
0.48,0.5,0.387814
0.48,0.51,0.38858
0.48,0.52,0.38787
0.48,0.53,0.387535
0.48,0.54,0.3882
0.48,0.55,0.388288
0.48,0.56,0.389529
0.48,0.57,0.390436
0.48,0.58,0.39143
0.48,0.59,0.393164
0.48,0.6,0.394768
0.48,0.61,0.395828
0.48,0.62,0.398572
0.48,0.63,0.398743
0.48,0.64,0.400565
0.48,0.65,0.403151
0.48,0.66,0.403642
0.48,0.67,0.407044
0.48,0.68,0.408046
0.48,0.69,0.41248
0.48,0.7,0.414969
0.48,0.71,0.4168
0.48,0.72,0.418799
0.48,0.73,0.423353
0.48,0.74,0.425881
0.48,0.75,0.428905
0.48,0.76,0.431937
0.48,0.77,0.436665
0.48,0.78,0.438146
0.48,0.79,0.442363
0.48,0.8,0.444943
0.48,0.81,0.450557
0.48,0.82,0.452269
0.48,0.83,0.456469
0.48,0.84,0.460791
0.48,0.85,0.463121
0.48,0.86,0.469852
0.48,0.87,0.473347
0.48,0.88,0.475747
0.48,0.89,0.480475
0.48,0.9,0.484431
0.48,0.91,0.487758
0.48,0.92,0.493771
0.48,0.93,0.496202
0.48,0.94,0.500264
0.48,0.95,0.504348
0.48,0.96,0.509226
0.48,0.97,0.513214
0.48,0.98,0.516475
0.48,0.99,0.521049
0.49,0,0.525736
0.49,0.01,0.52162
0.49,0.02,0.518231
0.49,0.03,0.513163
0.49,0.04,0.508489
0.49,0.05,0.50586
0.49,0.06,0.500103
0.49,0.07,0.497059
0.49,0.08,0.491754
0.49,0.09,0.488351
0.49,0.1,0.485371
0.49,0.11,0.480668
0.49,0.12,0.476281
0.49,0.13,0.472455
0.49,0.14,0.469357
0.49,0.15,0.464909
0.49,0.16,0.45935
0.49,0.17,0.456153
0.49,0.18,0.452449
0.49,0.19,0.449098
0.49,0.2,0.445042
0.49,0.21,0.442005
0.49,0.22,0.437803
0.49,0.23,0.43406
0.49,0.24,0.430544
0.49,0.25,0.428488
0.49,0.26,0.425685
0.49,0.27,0.423113
0.49,0.28,0.418289
0.49,0.29,0.416802
0.49,0.3,0.414246
0.49,0.31,0.410796
0.49,0.32,0.408556
0.49,0.33,0.406881
0.49,0.34,0.405252
0.49,0.35,0.402458
0.49,0.36,0.399722
0.49,0.37,0.399805
0.49,0.38,0.397156
0.49,0.39,0.396548
0.49,0.4,0.393824
0.49,0.41,0.392548
0.49,0.42,0.391693
0.49,0.43,0.391124
0.49,0.44,0.389405
0.49,0.45,0.389209
0.49,0.46,0.388864
0.49,0.47,0.387802
0.49,0.48,0.387913
0.49,0.49,0.387786
0.49,0.5,0.386988
0.49,0.51,0.387197
0.49,0.52,0.387829
0.49,0.53,0.387424
0.49,0.54,0.388373
0.49,0.55,0.390054
0.49,0.56,0.38949
0.49,0.57,0.390774
0.49,0.58,0.39201
0.49,0.59,0.394155
0.49,0.6,0.39391
0.49,0.61,0.394737
0.49,0.62,0.397072
0.49,0.63,0.399824
0.49,0.64,0.400766
0.49,0.65,0.402983
0.49,0.66,0.404584
0.49,0.67,0.407187
0.49,0.68,0.410354
0.49,0.69,0.410852
0.49,0.7,0.414333
0.49,0.71,0.417431
0.49,0.72,0.420503
0.49,0.73,0.422213
0.49,0.74,0.426071
0.49,0.75,0.429507
0.49,0.76,0.432498
0.49,0.77,0.436534
0.49,0.78,0.438389
0.49,0.79,0.441894
0.49,0.8,0.446724
0.49,0.81,0.449413
0.49,0.82,0.452476
0.49,0.83,0.456628
0.49,0.84,0.460047
0.49,0.85,0.464381
0.49,0.86,0.468102
0.49,0.87,0.472081
0.49,0.88,0.475794
0.49,0.89,0.480125
0.49,0.9,0.484176
0.49,0.91,0.488086
0.49,0.92,0.492727
0.49,0.93,0.497456
0.49,0.94,0.499667
0.49,0.95,0.50481
0.49,0.96,0.508554
0.49,0.97,0.513539
0.49,0.98,0.518158
0.49,0.99,0.521574
0.5,0,0.525263
0.5,0.01,0.52142
0.5,0.02,0.517485
0.5,0.03,0.513279
0.5,0.04,0.509153
0.5,0.05,0.505244
0.5,0.06,0.500417
0.5,0.07,0.495916
0.5,0.08,0.493303
0.5,0.09,0.489245
0.5,0.1,0.484232
0.5,0.11,0.479739
0.5,0.12,0.476365
0.5,0.13,0.472619
0.5,0.14,0.468333
0.5,0.15,0.464737
0.5,0.16,0.459451
0.5,0.17,0.457163
0.5,0.18,0.45195
0.5,0.19,0.448729
0.5,0.2,0.445549
0.5,0.21,0.441526
0.5,0.22,0.438657
0.5,0.23,0.434726
0.5,0.24,0.432616
0.5,0.25,0.428873
0.5,0.26,0.425313
0.5,0.27,0.422874
0.5,0.28,0.419745
0.5,0.29,0.416797
0.5,0.3,0.413535
0.5,0.31,0.411814
0.5,0.32,0.409738
0.5,0.33,0.406694
0.5,0.34,0.406279
0.5,0.35,0.402672
0.5,0.36,0.400689
0.5,0.37,0.398164
0.5,0.38,0.397028
0.5,0.39,0.395193
0.5,0.4,0.393722
0.5,0.41,0.393309
0.5,0.42,0.392164
0.5,0.43,0.391098
0.5,0.44,0.389384
0.5,0.45,0.388483
0.5,0.46,0.38921
0.5,0.47,0.387577
0.5,0.48,0.388455
0.5,0.49,0.388134
0.5,0.5,0.387946
0.5,0.51,0.38787
0.5,0.52,0.388102
0.5,0.53,0.388385
0.5,0.54,0.387816
0.5,0.55,0.389092
0.5,0.56,0.389769
0.5,0.57,0.390235
0.5,0.58,0.392209
0.5,0.59,0.392854
0.5,0.6,0.393937
0.5,0.61,0.394741
0.5,0.62,0.396669
0.5,0.63,0.398037
0.5,0.64,0.400872
0.5,0.65,0.401386
0.5,0.66,0.404118
0.5,0.67,0.4066
0.5,0.68,0.409465
0.5,0.69,0.412341
0.5,0.7,0.414007
0.5,0.71,0.415238
0.5,0.72,0.419757
0.5,0.73,0.422673
0.5,0.74,0.424611
0.5,0.75,0.42882
0.5,0.76,0.432102
0.5,0.77,0.434751
0.5,0.78,0.438738
0.5,0.79,0.441504
0.5,0.8,0.445082
0.5,0.81,0.448893
0.5,0.82,0.452468
0.5,0.83,0.455692
0.5,0.84,0.4596
0.5,0.85,0.464393
0.5,0.86,0.467544
0.5,0.87,0.471993
0.5,0.88,0.475487
0.5,0.89,0.480454
0.5,0.9,0.484134
0.5,0.91,0.488412
0.5,0.92,0.492482
0.5,0.93,0.494756
0.5,0.94,0.499272
0.5,0.95,0.504699
0.5,0.96,0.508834
0.5,0.97,0.5137
0.5,0.98,0.517857
0.5,0.99,0.521815
0.51,0,0.524262
0.51,0.01,0.521206
0.51,0.02,0.517309
0.51,0.03,0.512659
0.51,0.04,0.508811
0.51,0.05,0.504655
0.51,0.06,0.501126
0.51,0.07,0.496461
0.51,0.08,0.492343
0.51,0.09,0.489176
0.51,0.1,0.484092
0.51,0.11,0.481092
0.51,0.12,0.476549
0.51,0.13,0.472554
0.51,0.14,0.46906
0.51,0.15,0.464743
0.51,0.16,0.460097
0.51,0.17,0.455889
0.51,0.18,0.4538
0.51,0.19,0.449127
0.51,0.2,0.444902
0.51,0.21,0.441279
0.51,0.22,0.439039
0.51,0.23,0.435416
0.51,0.24,0.431565
0.51,0.25,0.428267
0.51,0.26,0.426042
0.51,0.27,0.421864
0.51,0.28,0.419273
0.51,0.29,0.417106
0.51,0.3,0.415365
0.51,0.31,0.4113
0.51,0.32,0.408937
0.51,0.33,0.406855
0.51,0.34,0.404696
0.51,0.35,0.402854
0.51,0.36,0.400757
0.51,0.37,0.399666
0.51,0.38,0.396585
0.51,0.39,0.395852
0.51,0.4,0.394505
0.51,0.41,0.392867
0.51,0.42,0.391478
0.51,0.43,0.390592
0.51,0.44,0.389986
0.51,0.45,0.389591
0.51,0.46,0.389189
0.51,0.47,0.388587
0.51,0.48,0.387381
0.51,0.49,0.387452
0.51,0.5,0.386321
0.51,0.51,0.388626
0.51,0.52,0.386455
0.51,0.53,0.387597
0.51,0.54,0.38893
0.51,0.55,0.389915
0.51,0.56,0.389629
0.51,0.57,0.390859
0.51,0.58,0.391991
0.51,0.59,0.393445
0.51,0.6,0.394564
0.51,0.61,0.39553
0.51,0.62,0.396819
0.51,0.63,0.397546
0.51,0.64,0.401024
0.51,0.65,0.402918
0.51,0.66,0.404402
0.51,0.67,0.406974
0.51,0.68,0.409619
0.51,0.69,0.413076
0.51,0.7,0.415495
0.51,0.71,0.417626
0.51,0.72,0.419808
0.51,0.73,0.423186
0.51,0.74,0.425662
0.51,0.75,0.428636
0.51,0.76,0.432341
0.51,0.77,0.434602
0.51,0.78,0.438913
0.51,0.79,0.441601
0.51,0.8,0.44534
0.51,0.81,0.449076
0.51,0.82,0.452521
0.51,0.83,0.4566
0.51,0.84,0.460015
0.51,0.85,0.463661
0.51,0.86,0.468338
0.51,0.87,0.472817
0.51,0.88,0.476738
0.51,0.89,0.480668
0.51,0.9,0.484098
0.51,0.91,0.488238
0.51,0.92,0.492588
0.51,0.93,0.496713
0.51,0.94,0.499636
0.51,0.95,0.504689
0.51,0.96,0.508424
0.51,0.97,0.513336
0.51,0.98,0.517071
0.51,0.99,0.521338
0.52,0,0.525599
0.52,0.01,0.521153
0.52,0.02,0.51782
0.52,0.03,0.51299
0.52,0.04,0.508771
0.52,0.05,0.50526
0.52,0.06,0.501428
0.52,0.07,0.495997
0.52,0.08,0.492154
0.52,0.09,0.488272
0.52,0.1,0.484248
0.52,0.11,0.48017
0.52,0.12,0.475385
0.52,0.13,0.471876
0.52,0.14,0.468965
0.52,0.15,0.463631
0.52,0.16,0.460345
0.52,0.17,0.456644
0.52,0.18,0.453149
0.52,0.19,0.448516
0.52,0.2,0.445471
0.52,0.21,0.442425
0.52,0.22,0.438622
0.52,0.23,0.435286
0.52,0.24,0.432365
0.52,0.25,0.428578
0.52,0.26,0.426189
0.52,0.27,0.423066
0.52,0.28,0.419147
0.52,0.29,0.416619
0.52,0.3,0.415371
0.52,0.31,0.411088
0.52,0.32,0.409759
0.52,0.33,0.4073
0.52,0.34,0.404652
0.52,0.35,0.402862
0.52,0.36,0.402258
0.52,0.37,0.399158
0.52,0.38,0.397345
0.52,0.39,0.395104
0.52,0.4,0.393817
0.52,0.41,0.393804
0.52,0.42,0.391774
0.52,0.43,0.390823
0.52,0.44,0.390635
0.52,0.45,0.388713
0.52,0.46,0.388702
0.52,0.47,0.388481
0.52,0.48,0.387801
0.52,0.49,0.386985
0.52,0.5,0.38672
0.52,0.51,0.387584
0.52,0.52,0.388183
0.52,0.53,0.388199
0.52,0.54,0.387477
0.52,0.55,0.389213
0.52,0.56,0.389693
0.52,0.57,0.390383
0.52,0.58,0.392359
0.52,0.59,0.393088
0.52,0.6,0.394262
0.52,0.61,0.395268
0.52,0.62,0.397708
0.52,0.63,0.398379
0.52,0.64,0.401424
0.52,0.65,0.402665
0.52,0.66,0.404608
0.52,0.67,0.407158
0.52,0.68,0.409895
0.52,0.69,0.412215
0.52,0.7,0.414412
0.52,0.71,0.417257
0.52,0.72,0.420097
0.52,0.73,0.423868
0.52,0.74,0.425966
0.52,0.75,0.429449
0.52,0.76,0.431698
0.52,0.77,0.435293
0.52,0.78,0.438941
0.52,0.79,0.442212
0.52,0.8,0.445721
0.52,0.81,0.449559
0.52,0.82,0.452892
0.52,0.83,0.456651
0.52,0.84,0.459761
0.52,0.85,0.463932
0.52,0.86,0.468559
0.52,0.87,0.470839
0.52,0.88,0.475511
0.52,0.89,0.480046
0.52,0.9,0.484442
0.52,0.91,0.48809
0.52,0.92,0.491729
0.52,0.93,0.497398
0.52,0.94,0.500653
0.52,0.95,0.504279
0.52,0.96,0.509735
0.52,0.97,0.513536
0.52,0.98,0.518197
0.52,0.99,0.521482
0.53,0,0.525464
0.53,0.01,0.521025
0.53,0.02,0.517405
0.53,0.03,0.514153
0.53,0.04,0.509438
0.53,0.05,0.504864
0.53,0.06,0.500903
0.53,0.07,0.497544
0.53,0.08,0.493532
0.53,0.09,0.488318
0.53,0.1,0.483938
0.53,0.11,0.480666
0.53,0.12,0.476237
0.53,0.13,0.472667
0.53,0.14,0.467844
0.53,0.15,0.465675
0.53,0.16,0.460609
0.53,0.17,0.457882
0.53,0.18,0.453332
0.53,0.19,0.44935
0.53,0.2,0.445836
0.53,0.21,0.442514
0.53,0.22,0.438918
0.53,0.23,0.436248
0.53,0.24,0.432355
0.53,0.25,0.42858
0.53,0.26,0.426848
0.53,0.27,0.42376
0.53,0.28,0.421039
0.53,0.29,0.417784
0.53,0.3,0.415285
0.53,0.31,0.411898
0.53,0.32,0.410085
0.53,0.33,0.406837
0.53,0.34,0.405806
0.53,0.35,0.404289
0.53,0.36,0.40129
0.53,0.37,0.399843
0.53,0.38,0.397683
0.53,0.39,0.396168
0.53,0.4,0.394297
0.53,0.41,0.394156
0.53,0.42,0.391997
0.53,0.43,0.392159
0.53,0.44,0.390565
0.53,0.45,0.390274
0.53,0.46,0.389349
0.53,0.47,0.388065
0.53,0.48,0.38891
0.53,0.49,0.388596
0.53,0.5,0.388393
0.53,0.51,0.38808
0.53,0.52,0.387627
0.53,0.53,0.388684
0.53,0.54,0.388532
0.53,0.55,0.389685
0.53,0.56,0.389958
0.53,0.57,0.391732
0.53,0.58,0.392393
0.53,0.59,0.393192
0.53,0.6,0.394808
0.53,0.61,0.397119
0.53,0.62,0.397343
0.53,0.63,0.398191
0.53,0.64,0.402079
0.53,0.65,0.403107
0.53,0.66,0.405066
0.53,0.67,0.407415
0.53,0.68,0.409901
0.53,0.69,0.411045
0.53,0.7,0.415139
0.53,0.71,0.417625
0.53,0.72,0.419602
0.53,0.73,0.423457
0.53,0.74,0.426355
0.53,0.75,0.429189
0.53,0.76,0.433203
0.53,0.77,0.436471
0.53,0.78,0.439407
0.53,0.79,0.442497
0.53,0.8,0.44612
0.53,0.81,0.448312
0.53,0.82,0.453739
0.53,0.83,0.457841
0.53,0.84,0.460015
0.53,0.85,0.46422
0.53,0.86,0.468008
0.53,0.87,0.471721
0.53,0.88,0.476784
0.53,0.89,0.479998
0.53,0.9,0.485144
0.53,0.91,0.488621
0.53,0.92,0.49292
0.53,0.93,0.495841
0.53,0.94,0.501036
0.53,0.95,0.505022
0.53,0.96,0.507758
0.53,0.97,0.513131
0.53,0.98,0.51803
0.53,0.99,0.523419
0.54,0,0.525502
0.54,0.01,0.522643
0.54,0.02,0.518451
0.54,0.03,0.514112
0.54,0.04,0.510612
0.54,0.05,0.505092
0.54,0.06,0.501019
0.54,0.07,0.496456
0.54,0.08,0.492939
0.54,0.09,0.489028
0.54,0.1,0.485173
0.54,0.11,0.480058
0.54,0.12,0.477103
0.54,0.13,0.472565
0.54,0.14,0.469907
0.54,0.15,0.464916
0.54,0.16,0.462295
0.54,0.17,0.45793
0.54,0.18,0.453157
0.54,0.19,0.449823
0.54,0.2,0.446017
0.54,0.21,0.443783
0.54,0.22,0.44006
0.54,0.23,0.436314
0.54,0.24,0.432633
0.54,0.25,0.429415
0.54,0.26,0.426137
0.54,0.27,0.423596
0.54,0.28,0.419975
0.54,0.29,0.418443
0.54,0.3,0.414225
0.54,0.31,0.412569
0.54,0.32,0.40954
0.54,0.33,0.408445
0.54,0.34,0.404964
0.54,0.35,0.403737
0.54,0.36,0.402485
0.54,0.37,0.400029
0.54,0.38,0.397241
0.54,0.39,0.395657
0.54,0.4,0.395047
0.54,0.41,0.393979
0.54,0.42,0.392259
0.54,0.43,0.392579
0.54,0.44,0.391721
0.54,0.45,0.390394
0.54,0.46,0.388787
0.54,0.47,0.388298
0.54,0.48,0.388335
0.54,0.49,0.388794
0.54,0.5,0.388936
0.54,0.51,0.38695
0.54,0.52,0.38756
0.54,0.53,0.388458
0.54,0.54,0.389539
0.54,0.55,0.389852
0.54,0.56,0.391294
0.54,0.57,0.391221
0.54,0.58,0.392408
0.54,0.59,0.394668
0.54,0.6,0.39527
0.54,0.61,0.395541
0.54,0.62,0.398075
0.54,0.63,0.400166
0.54,0.64,0.403073
0.54,0.65,0.404038
0.54,0.66,0.406089
0.54,0.67,0.408107
0.54,0.68,0.410393
0.54,0.69,0.413081
0.54,0.7,0.414086
0.54,0.71,0.418087
0.54,0.72,0.420963
0.54,0.73,0.424055
0.54,0.74,0.425414
0.54,0.75,0.429466
0.54,0.76,0.431713
0.54,0.77,0.435913
0.54,0.78,0.439846
0.54,0.79,0.443374
0.54,0.8,0.44615
0.54,0.81,0.450254
0.54,0.82,0.454334
0.54,0.83,0.457903
0.54,0.84,0.461901
0.54,0.85,0.464916
0.54,0.86,0.469109
0.54,0.87,0.473855
0.54,0.88,0.477236
0.54,0.89,0.480256
0.54,0.9,0.485939
0.54,0.91,0.489121
0.54,0.92,0.492011
0.54,0.93,0.497065
0.54,0.94,0.500442
0.54,0.95,0.504177
0.54,0.96,0.509026
0.54,0.97,0.514118
0.54,0.98,0.51914
0.54,0.99,0.521863
0.55,0,0.525155
0.55,0.01,0.522159
0.55,0.02,0.51883
0.55,0.03,0.51368
0.55,0.04,0.511069
0.55,0.05,0.505082
0.55,0.06,0.502484
0.55,0.07,0.496717
0.55,0.08,0.494483
0.55,0.09,0.488919
0.55,0.1,0.485699
0.55,0.11,0.480109
0.55,0.12,0.477622
0.55,0.13,0.473117
0.55,0.14,0.470099
0.55,0.15,0.46685
0.55,0.16,0.461344
0.55,0.17,0.458227
0.55,0.18,0.453907
0.55,0.19,0.450462
0.55,0.2,0.447617
0.55,0.21,0.442648
0.55,0.22,0.440365
0.55,0.23,0.437567
0.55,0.24,0.433472
0.55,0.25,0.429642
0.55,0.26,0.425937
0.55,0.27,0.424882
0.55,0.28,0.421295
0.55,0.29,0.417898
0.55,0.3,0.416355
0.55,0.31,0.414565
0.55,0.32,0.409489
0.55,0.33,0.409196
0.55,0.34,0.405562
0.55,0.35,0.40291
0.55,0.36,0.402617
0.55,0.37,0.400234
0.55,0.38,0.398741
0.55,0.39,0.396427
0.55,0.4,0.39619
0.55,0.41,0.394323
0.55,0.42,0.39353
0.55,0.43,0.392914
0.55,0.44,0.390996
0.55,0.45,0.390684
0.55,0.46,0.390375
0.55,0.47,0.389642
0.55,0.48,0.389384
0.55,0.49,0.389687
0.55,0.5,0.389621
0.55,0.51,0.389182
0.55,0.52,0.389533
0.55,0.53,0.389596
0.55,0.54,0.389737
0.55,0.55,0.39057
0.55,0.56,0.392552
0.55,0.57,0.392852
0.55,0.58,0.393951
0.55,0.59,0.395119
0.55,0.6,0.396142
0.55,0.61,0.396987
0.55,0.62,0.398902
0.55,0.63,0.399537
0.55,0.64,0.401905
0.55,0.65,0.40403
0.55,0.66,0.406937
0.55,0.67,0.408216
0.55,0.68,0.410758
0.55,0.69,0.41343
0.55,0.7,0.416325
0.55,0.71,0.417564
0.55,0.72,0.420233
0.55,0.73,0.42395
0.55,0.74,0.427433
0.55,0.75,0.430667
0.55,0.76,0.434208
0.55,0.77,0.437591
0.55,0.78,0.440284
0.55,0.79,0.443987
0.55,0.8,0.446132
0.55,0.81,0.449815
0.55,0.82,0.454558
0.55,0.83,0.458325
0.55,0.84,0.462196
0.55,0.85,0.464902
0.55,0.86,0.46934
0.55,0.87,0.473898
0.55,0.88,0.47728
0.55,0.89,0.481197
0.55,0.9,0.48377
0.55,0.91,0.488417
0.55,0.92,0.493118
0.55,0.93,0.496928
0.55,0.94,0.501828
0.55,0.95,0.505252
0.55,0.96,0.510479
0.55,0.97,0.514645
0.55,0.98,0.517531
0.55,0.99,0.521844
0.56,0,0.526074
0.56,0.01,0.521654
0.56,0.02,0.51819
0.56,0.03,0.515452
0.56,0.04,0.509139
0.56,0.05,0.505998
0.56,0.06,0.501408
0.56,0.07,0.49845
0.56,0.08,0.493459
0.56,0.09,0.489644
0.56,0.1,0.486845
0.56,0.11,0.480977
0.56,0.12,0.478266
0.56,0.13,0.47306
0.56,0.14,0.468966
0.56,0.15,0.465702
0.56,0.16,0.462156
0.56,0.17,0.457586
0.56,0.18,0.453922
0.56,0.19,0.450846
0.56,0.2,0.447826
0.56,0.21,0.443172
0.56,0.22,0.440151
0.56,0.23,0.436952
0.56,0.24,0.434087
0.56,0.25,0.42969
0.56,0.26,0.427513
0.56,0.27,0.424566
0.56,0.28,0.422282
0.56,0.29,0.418801
0.56,0.3,0.415806
0.56,0.31,0.414115
0.56,0.32,0.411257
0.56,0.33,0.409101
0.56,0.34,0.407742
0.56,0.35,0.404778
0.56,0.36,0.403106
0.56,0.37,0.400353
0.56,0.38,0.400472
0.56,0.39,0.398434
0.56,0.4,0.396369
0.56,0.41,0.395632
0.56,0.42,0.395247
0.56,0.43,0.394157
0.56,0.44,0.393184
0.56,0.45,0.391781
0.56,0.46,0.39093
0.56,0.47,0.389667
0.56,0.48,0.388832
0.56,0.49,0.390066
0.56,0.5,0.388877
0.56,0.51,0.389645
0.56,0.52,0.390698
0.56,0.53,0.390659
0.56,0.54,0.391331
0.56,0.55,0.390332
0.56,0.56,0.392975
0.56,0.57,0.393704
0.56,0.58,0.393412
0.56,0.59,0.395442
0.56,0.6,0.396072
0.56,0.61,0.398259
0.56,0.62,0.399557
0.56,0.63,0.401253
0.56,0.64,0.402516
0.56,0.65,0.405084
0.56,0.66,0.407494
0.56,0.67,0.409667
0.56,0.68,0.411581
0.56,0.69,0.413414
0.56,0.7,0.4155
0.56,0.71,0.419464
0.56,0.72,0.421603
0.56,0.73,0.42452
0.56,0.74,0.428253
0.56,0.75,0.430463
0.56,0.76,0.433432
0.56,0.77,0.436812
0.56,0.78,0.440765
0.56,0.79,0.443999
0.56,0.8,0.447947
0.56,0.81,0.451314
0.56,0.82,0.454791
0.56,0.83,0.458299
0.56,0.84,0.461429
0.56,0.85,0.46609
0.56,0.86,0.469422
0.56,0.87,0.473771
0.56,0.88,0.477554
0.56,0.89,0.480802
0.56,0.9,0.48603
0.56,0.91,0.489283
0.56,0.92,0.494073
0.56,0.93,0.49734
0.56,0.94,0.501276
0.56,0.95,0.505928
0.56,0.96,0.509823
0.56,0.97,0.514126
0.56,0.98,0.517603
0.56,0.99,0.522629
0.57,0,0.526911
0.57,0.01,0.522377
0.57,0.02,0.517918
0.57,0.03,0.514691
0.57,0.04,0.510245
0.57,0.05,0.505828
0.57,0.06,0.502442
0.57,0.07,0.498053
0.57,0.08,0.494629
0.57,0.09,0.489853
0.57,0.1,0.485951
0.57,0.11,0.482715
0.57,0.12,0.477709
0.57,0.13,0.473373
0.57,0.14,0.470357
0.57,0.15,0.467824
0.57,0.16,0.462649
0.57,0.17,0.458771
0.57,0.18,0.455052
0.57,0.19,0.452573
0.57,0.2,0.448692
0.57,0.21,0.444859
0.57,0.22,0.44127
0.57,0.23,0.438386
0.57,0.24,0.435095
0.57,0.25,0.431979
0.57,0.26,0.42811
0.57,0.27,0.42489
0.57,0.28,0.422446
0.57,0.29,0.419843
0.57,0.3,0.417225
0.57,0.31,0.41404
0.57,0.32,0.413083
0.57,0.33,0.409849
0.57,0.34,0.408497
0.57,0.35,0.40668
0.57,0.36,0.404556
0.57,0.37,0.401101
0.57,0.38,0.400302
0.57,0.39,0.398684
0.57,0.4,0.397318
0.57,0.41,0.395047
0.57,0.42,0.394918
0.57,0.43,0.393988
0.57,0.44,0.393074
0.57,0.45,0.392313
0.57,0.46,0.391427
0.57,0.47,0.390884
0.57,0.48,0.391369
0.57,0.49,0.390444
0.57,0.5,0.389728
0.57,0.51,0.390631
0.57,0.52,0.391406
0.57,0.53,0.390986
0.57,0.54,0.392732
0.57,0.55,0.392742
0.57,0.56,0.393499
0.57,0.57,0.395387
0.57,0.58,0.395186
0.57,0.59,0.396986
0.57,0.6,0.397012
0.57,0.61,0.398583
0.57,0.62,0.39993
0.57,0.63,0.402654
0.57,0.64,0.40376
0.57,0.65,0.406513
0.57,0.66,0.408328
0.57,0.67,0.410228
0.57,0.68,0.413257
0.57,0.69,0.413941
0.57,0.7,0.418202
0.57,0.71,0.419768
0.57,0.72,0.423027
0.57,0.73,0.425703
0.57,0.74,0.427112
0.57,0.75,0.431853
0.57,0.76,0.434491
0.57,0.77,0.438462
0.57,0.78,0.441432
0.57,0.79,0.444422
0.57,0.8,0.448104
0.57,0.81,0.452074
0.57,0.82,0.454538
0.57,0.83,0.458899
0.57,0.84,0.462332
0.57,0.85,0.467064
0.57,0.86,0.470273
0.57,0.87,0.475203
0.57,0.88,0.477682
0.57,0.89,0.481492
0.57,0.9,0.486153
0.57,0.91,0.490288
0.57,0.92,0.49423
0.57,0.93,0.497474
0.57,0.94,0.501986
0.57,0.95,0.50633
0.57,0.96,0.510554
0.57,0.97,0.515344
0.57,0.98,0.518755
0.57,0.99,0.522505
0.58,0,0.527367
0.58,0.01,0.522968
0.58,0.02,0.519794
0.58,0.03,0.514964
0.58,0.04,0.51212
0.58,0.05,0.507828
0.58,0.06,0.502661
0.58,0.07,0.498803
0.58,0.08,0.495446
0.58,0.09,0.491219
0.58,0.1,0.486199
0.58,0.11,0.482666
0.58,0.12,0.480925
0.58,0.13,0.473503
0.58,0.14,0.472051
0.58,0.15,0.467402
0.58,0.16,0.46431
0.58,0.17,0.459251
0.58,0.18,0.455514
0.58,0.19,0.451905
0.58,0.2,0.448027
0.58,0.21,0.444535
0.58,0.22,0.442809
0.58,0.23,0.439878
0.58,0.24,0.435022
0.58,0.25,0.431954
0.58,0.26,0.429807
0.58,0.27,0.425574
0.58,0.28,0.423508
0.58,0.29,0.420857
0.58,0.3,0.419112
0.58,0.31,0.415721
0.58,0.32,0.413206
0.58,0.33,0.41165
0.58,0.34,0.40783
0.58,0.35,0.40722
0.58,0.36,0.405227
0.58,0.37,0.40227
0.58,0.38,0.400825
0.58,0.39,0.399902
0.58,0.4,0.398649
0.58,0.41,0.397426
0.58,0.42,0.396032
0.58,0.43,0.395805
0.58,0.44,0.393831
0.58,0.45,0.394184
0.58,0.46,0.392197
0.58,0.47,0.392498
0.58,0.48,0.391999
0.58,0.49,0.391515
0.58,0.5,0.392188
0.58,0.51,0.39202
0.58,0.52,0.392509
0.58,0.53,0.393204
0.58,0.54,0.392714
0.58,0.55,0.393061
0.58,0.56,0.394781
0.58,0.57,0.395198
0.58,0.58,0.395765
0.58,0.59,0.397828
0.58,0.6,0.399069
0.58,0.61,0.39976
0.58,0.62,0.40177
0.58,0.63,0.40251
0.58,0.64,0.403922
0.58,0.65,0.406632
0.58,0.66,0.409027
0.58,0.67,0.410288
0.58,0.68,0.4143
0.58,0.69,0.415313
0.58,0.7,0.418978
0.58,0.71,0.421562
0.58,0.72,0.423079
0.58,0.73,0.42595
0.58,0.74,0.429964
0.58,0.75,0.433564
0.58,0.76,0.435251
0.58,0.77,0.437814
0.58,0.78,0.440832
0.58,0.79,0.446303
0.58,0.8,0.449498
0.58,0.81,0.452529
0.58,0.82,0.456185
0.58,0.83,0.460252
0.58,0.84,0.464437
0.58,0.85,0.467961
0.58,0.86,0.470943
0.58,0.87,0.47423
0.58,0.88,0.478247
0.58,0.89,0.483998
0.58,0.9,0.487197
0.58,0.91,0.492056
0.58,0.92,0.495298
0.58,0.93,0.499224
0.58,0.94,0.502704
0.58,0.95,0.507499
0.58,0.96,0.511895
0.58,0.97,0.515839
0.58,0.98,0.518785
0.58,0.99,0.523785
0.59,0,0.527293
0.59,0.01,0.52365
0.59,0.02,0.519424
0.59,0.03,0.5159
0.59,0.04,0.511286
0.59,0.05,0.506896
0.59,0.06,0.502984
0.59,0.07,0.499995
0.59,0.08,0.496037
0.59,0.09,0.492236
0.59,0.1,0.487639
0.59,0.11,0.483509
0.59,0.12,0.479484
0.59,0.13,0.475253
0.59,0.14,0.471735
0.59,0.15,0.46836
0.59,0.16,0.463714
0.59,0.17,0.460661
0.59,0.18,0.456683
0.59,0.19,0.454115
0.59,0.2,0.450755
0.59,0.21,0.446124
0.59,0.22,0.441831
0.59,0.23,0.440723
0.59,0.24,0.436044
0.59,0.25,0.433127
0.59,0.26,0.43088
0.59,0.27,0.42828
0.59,0.28,0.424697
0.59,0.29,0.422831
0.59,0.3,0.419261
0.59,0.31,0.416683
0.59,0.32,0.413898
0.59,0.33,0.412624
0.59,0.34,0.410524
0.59,0.35,0.40848
0.59,0.36,0.405926
0.59,0.37,0.404332
0.59,0.38,0.402155
0.59,0.39,0.401881
0.59,0.4,0.399326
0.59,0.41,0.398757
0.59,0.42,0.397139
0.59,0.43,0.396507
0.59,0.44,0.395716
0.59,0.45,0.394592
0.59,0.46,0.392674
0.59,0.47,0.393057
0.59,0.48,0.393253
0.59,0.49,0.393023
0.59,0.5,0.392941
0.59,0.51,0.392311
0.59,0.52,0.393137
0.59,0.53,0.393337
0.59,0.54,0.394275
0.59,0.55,0.395188
0.59,0.56,0.394729
0.59,0.57,0.396825
0.59,0.58,0.396828
0.59,0.59,0.398188
0.59,0.6,0.399335
0.59,0.61,0.40137
0.59,0.62,0.402859
0.59,0.63,0.404021
0.59,0.64,0.406133
0.59,0.65,0.408254
0.59,0.66,0.410206
0.59,0.67,0.412151
0.59,0.68,0.41406
0.59,0.69,0.416621
0.59,0.7,0.41984
0.59,0.71,0.421178
0.59,0.72,0.424668
0.59,0.73,0.4275
0.59,0.74,0.428723
0.59,0.75,0.433343
0.59,0.76,0.436455
0.59,0.77,0.43877
0.59,0.78,0.442716
0.59,0.79,0.445327
0.59,0.8,0.449229
0.59,0.81,0.453551
0.59,0.82,0.455426
0.59,0.83,0.460195
0.59,0.84,0.464499
0.59,0.85,0.46878
0.59,0.86,0.472556
0.59,0.87,0.477115
0.59,0.88,0.479676
0.59,0.89,0.483388
0.59,0.9,0.48727
0.59,0.91,0.492627
0.59,0.92,0.495677
0.59,0.93,0.50021
0.59,0.94,0.50377
0.59,0.95,0.506966
0.59,0.96,0.511696
0.59,0.97,0.516192
0.59,0.98,0.519346
0.59,0.99,0.523614
0.6,0,0.529175
0.6,0.01,0.524837
0.6,0.02,0.52
0.6,0.03,0.516977
0.6,0.04,0.512684
0.6,0.05,0.50981
0.6,0.06,0.505844
0.6,0.07,0.500354
0.6,0.08,0.497857
0.6,0.09,0.492753
0.6,0.1,0.487072
0.6,0.11,0.484863
0.6,0.12,0.480595
0.6,0.13,0.476794
0.6,0.14,0.472991
0.6,0.15,0.469912
0.6,0.16,0.464981
0.6,0.17,0.461717
0.6,0.18,0.457608
0.6,0.19,0.454526
0.6,0.2,0.450495
0.6,0.21,0.447959
0.6,0.22,0.445003
0.6,0.23,0.441573
0.6,0.24,0.437364
0.6,0.25,0.434566
0.6,0.26,0.431062
0.6,0.27,0.428764
0.6,0.28,0.426115
0.6,0.29,0.423274
0.6,0.3,0.420817
0.6,0.31,0.416815
0.6,0.32,0.415809
0.6,0.33,0.414028
0.6,0.34,0.410845
0.6,0.35,0.409628
0.6,0.36,0.407376
0.6,0.37,0.405299
0.6,0.38,0.40323
0.6,0.39,0.402298
0.6,0.4,0.401206
0.6,0.41,0.40019
0.6,0.42,0.398193
0.6,0.43,0.397856
0.6,0.44,0.396556
0.6,0.45,0.396574
0.6,0.46,0.394092
0.6,0.47,0.394533
0.6,0.48,0.393993
0.6,0.49,0.394879
0.6,0.5,0.393776
0.6,0.51,0.395039
0.6,0.52,0.393841
0.6,0.53,0.394988
0.6,0.54,0.395123
0.6,0.55,0.396118
0.6,0.56,0.397121
0.6,0.57,0.39717
0.6,0.58,0.398518
0.6,0.59,0.399679
0.6,0.6,0.401334
0.6,0.61,0.4014
0.6,0.62,0.403028
0.6,0.63,0.405162
0.6,0.64,0.406769
0.6,0.65,0.409835
0.6,0.66,0.411763
0.6,0.67,0.413685
0.6,0.68,0.414716
0.6,0.69,0.417998
0.6,0.7,0.420794
0.6,0.71,0.42211
0.6,0.72,0.424218
0.6,0.73,0.428929
0.6,0.74,0.430128
0.6,0.75,0.435402
0.6,0.76,0.4374
0.6,0.77,0.441113
0.6,0.78,0.445222
0.6,0.79,0.447277
0.6,0.8,0.450499
0.6,0.81,0.453618
0.6,0.82,0.45814
0.6,0.83,0.461023
0.6,0.84,0.466051
0.6,0.85,0.469349
0.6,0.86,0.472022
0.6,0.87,0.476145
0.6,0.88,0.481113
0.6,0.89,0.484074
0.6,0.9,0.488813
0.6,0.91,0.49239
0.6,0.92,0.495724
0.6,0.93,0.502187
0.6,0.94,0.503805
0.6,0.95,0.508427
0.6,0.96,0.512906
0.6,0.97,0.51744
0.6,0.98,0.521216
0.6,0.99,0.525892
0.61,0,0.529131
0.61,0.01,0.525391
0.61,0.02,0.520322
0.61,0.03,0.517749
0.61,0.04,0.513211
0.61,0.05,0.509075
0.61,0.06,0.505198
0.61,0.07,0.501087
0.61,0.08,0.49696
0.61,0.09,0.492868
0.61,0.1,0.490069
0.61,0.11,0.486043
0.61,0.12,0.482051
0.61,0.13,0.477929
0.61,0.14,0.474821
0.61,0.15,0.46976
0.61,0.16,0.466931
0.61,0.17,0.462072
0.61,0.18,0.458894
0.61,0.19,0.455314
0.61,0.2,0.451413
0.61,0.21,0.448541
0.61,0.22,0.444859
0.61,0.23,0.441257
0.61,0.24,0.438695
0.61,0.25,0.435516
0.61,0.26,0.432591
0.61,0.27,0.430263
0.61,0.28,0.427101
0.61,0.29,0.424312
0.61,0.3,0.421382
0.61,0.31,0.418067
0.61,0.32,0.417363
0.61,0.33,0.414372
0.61,0.34,0.412719
0.61,0.35,0.409979
0.61,0.36,0.408583
0.61,0.37,0.406937
0.61,0.38,0.405039
0.61,0.39,0.404104
0.61,0.4,0.402691
0.61,0.41,0.401179
0.61,0.42,0.400086
0.61,0.43,0.398627
0.61,0.44,0.39811
0.61,0.45,0.39766
0.61,0.46,0.396254
0.61,0.47,0.397038
0.61,0.48,0.395985
0.61,0.49,0.394897
0.61,0.5,0.396109
0.61,0.51,0.396265
0.61,0.52,0.395572
0.61,0.53,0.397185
0.61,0.54,0.396727
0.61,0.55,0.396861
0.61,0.56,0.397092
0.61,0.57,0.399523
0.61,0.58,0.399982
0.61,0.59,0.400805
0.61,0.6,0.40244
0.61,0.61,0.403681
0.61,0.62,0.405722
0.61,0.63,0.406748
0.61,0.64,0.407928
0.61,0.65,0.410108
0.61,0.66,0.412557
0.61,0.67,0.414838
0.61,0.68,0.416343
0.61,0.69,0.420178
0.61,0.7,0.422605
0.61,0.71,0.424122
0.61,0.72,0.426979
0.61,0.73,0.429853
0.61,0.74,0.432758
0.61,0.75,0.435839
0.61,0.76,0.43877
0.61,0.77,0.441898
0.61,0.78,0.444102
0.61,0.79,0.448647
0.61,0.8,0.45236
0.61,0.81,0.455169
0.61,0.82,0.458713
0.61,0.83,0.462888
0.61,0.84,0.466838
0.61,0.85,0.470666
0.61,0.86,0.473784
0.61,0.87,0.477716
0.61,0.88,0.481429
0.61,0.89,0.485162
0.61,0.9,0.488799
0.61,0.91,0.49346
0.61,0.92,0.497056
0.61,0.93,0.501318
0.61,0.94,0.505607
0.61,0.95,0.508756
0.61,0.96,0.514056
0.61,0.97,0.518209
0.61,0.98,0.52004
0.61,0.99,0.52482
0.62,0,0.529298
0.62,0.01,0.525487
0.62,0.02,0.522028
0.62,0.03,0.518717
0.62,0.04,0.514356
0.62,0.05,0.511006
0.62,0.06,0.507428
0.62,0.07,0.502359
0.62,0.08,0.498876
0.62,0.09,0.494123
0.62,0.1,0.490617
0.62,0.11,0.486926
0.62,0.12,0.483223
0.62,0.13,0.478624
0.62,0.14,0.475647
0.62,0.15,0.471873
0.62,0.16,0.467931
0.62,0.17,0.463901
0.62,0.18,0.460835
0.62,0.19,0.457053
0.62,0.2,0.452709
0.62,0.21,0.450425
0.62,0.22,0.44727
0.62,0.23,0.442847
0.62,0.24,0.440505
0.62,0.25,0.436875
0.62,0.26,0.433802
0.62,0.27,0.429639
0.62,0.28,0.427861
0.62,0.29,0.426208
0.62,0.3,0.423188
0.62,0.31,0.42095
0.62,0.32,0.418776
0.62,0.33,0.415777
0.62,0.34,0.414187
0.62,0.35,0.412635
0.62,0.36,0.410643
0.62,0.37,0.408163
0.62,0.38,0.406742
0.62,0.39,0.405429
0.62,0.4,0.404242
0.62,0.41,0.402495
0.62,0.42,0.400551
0.62,0.43,0.401027
0.62,0.44,0.39966
0.62,0.45,0.399438
0.62,0.46,0.398542
0.62,0.47,0.398284
0.62,0.48,0.396718
0.62,0.49,0.397678
0.62,0.5,0.397125
0.62,0.51,0.397078
0.62,0.52,0.397319
0.62,0.53,0.397407
0.62,0.54,0.398099
0.62,0.55,0.397956
0.62,0.56,0.398724
0.62,0.57,0.400316
0.62,0.58,0.400474
0.62,0.59,0.403159
0.62,0.6,0.404559
0.62,0.61,0.405793
0.62,0.62,0.407507
0.62,0.63,0.406791
0.62,0.64,0.409999
0.62,0.65,0.41352
0.62,0.66,0.41439
0.62,0.67,0.418107
0.62,0.68,0.419012
0.62,0.69,0.419406
0.62,0.7,0.423509
0.62,0.71,0.425828
0.62,0.72,0.428785
0.62,0.73,0.430812
0.62,0.74,0.434723
0.62,0.75,0.436408
0.62,0.76,0.440015
0.62,0.77,0.442519
0.62,0.78,0.446148
0.62,0.79,0.450528
0.62,0.8,0.453163
0.62,0.81,0.456763
0.62,0.82,0.460015
0.62,0.83,0.464178
0.62,0.84,0.467673
0.62,0.85,0.472308
0.62,0.86,0.475045
0.62,0.87,0.478653
0.62,0.88,0.481199
0.62,0.89,0.4867
0.62,0.9,0.489125
0.62,0.91,0.495766
0.62,0.92,0.498064
0.62,0.93,0.501962
0.62,0.94,0.506221
0.62,0.95,0.509377
0.62,0.96,0.514169
0.62,0.97,0.518099
0.62,0.98,0.520962
0.62,0.99,0.525768
0.63,0,0.530211
0.63,0.01,0.52638
0.63,0.02,0.522124
0.63,0.03,0.519766
0.63,0.04,0.514928
0.63,0.05,0.510675
0.63,0.06,0.50699
0.63,0.07,0.503272
0.63,0.08,0.498419
0.63,0.09,0.495129
0.63,0.1,0.491854
0.63,0.11,0.487671
0.63,0.12,0.484108
0.63,0.13,0.479822
0.63,0.14,0.475881
0.63,0.15,0.471565
0.63,0.16,0.469839
0.63,0.17,0.465208
0.63,0.18,0.461285
0.63,0.19,0.45812
0.63,0.2,0.453804
0.63,0.21,0.450845
0.63,0.22,0.447489
0.63,0.23,0.444684
0.63,0.24,0.440997
0.63,0.25,0.437785
0.63,0.26,0.435673
0.63,0.27,0.433082
0.63,0.28,0.429536
0.63,0.29,0.427327
0.63,0.3,0.42539
0.63,0.31,0.421472
0.63,0.32,0.420346
0.63,0.33,0.418324
0.63,0.34,0.415305
0.63,0.35,0.414627
0.63,0.36,0.412447
0.63,0.37,0.410137
0.63,0.38,0.407724
0.63,0.39,0.406198
0.63,0.4,0.40697
0.63,0.41,0.403474
0.63,0.42,0.403091
0.63,0.43,0.402543
0.63,0.44,0.402088
0.63,0.45,0.400139
0.63,0.46,0.400322
0.63,0.47,0.400359
0.63,0.48,0.40032
0.63,0.49,0.398831
0.63,0.5,0.399672
0.63,0.51,0.398531
0.63,0.52,0.39858
0.63,0.53,0.399863
0.63,0.54,0.400708
0.63,0.55,0.400613
0.63,0.56,0.401611
0.63,0.57,0.401511
0.63,0.58,0.403315
0.63,0.59,0.404145
0.63,0.6,0.405645
0.63,0.61,0.406706
0.63,0.62,0.407655
0.63,0.63,0.409914
0.63,0.64,0.412907
0.63,0.65,0.413577
0.63,0.66,0.41645
0.63,0.67,0.417574
0.63,0.68,0.41919
0.63,0.69,0.422735
0.63,0.7,0.424962
0.63,0.71,0.427306
0.63,0.72,0.429594
0.63,0.73,0.432786
0.63,0.74,0.436208
0.63,0.75,0.438659
0.63,0.76,0.442305
0.63,0.77,0.444288
0.63,0.78,0.447247
0.63,0.79,0.451221
0.63,0.8,0.454262
0.63,0.81,0.457247
0.63,0.82,0.461835
0.63,0.83,0.465237
0.63,0.84,0.468388
0.63,0.85,0.471971
0.63,0.86,0.476209
0.63,0.87,0.479204
0.63,0.88,0.483015
0.63,0.89,0.487851
0.63,0.9,0.491449
0.63,0.91,0.495475
0.63,0.92,0.498659
0.63,0.93,0.503706
0.63,0.94,0.506753
0.63,0.95,0.510781
0.63,0.96,0.514403
0.63,0.97,0.518995
0.63,0.98,0.522494
0.63,0.99,0.526624
0.64,0,0.530471
0.64,0.01,0.527686
0.64,0.02,0.52381
0.64,0.03,0.519576
0.64,0.04,0.516102
0.64,0.05,0.512182
0.64,0.06,0.507748
0.64,0.07,0.503864
0.64,0.08,0.499739
0.64,0.09,0.495873
0.64,0.1,0.493228
0.64,0.11,0.488237
0.64,0.12,0.485101
0.64,0.13,0.481307
0.64,0.14,0.476667
0.64,0.15,0.47424
0.64,0.16,0.469142
0.64,0.17,0.465498
0.64,0.18,0.461916
0.64,0.19,0.458449
0.64,0.2,0.454732
0.64,0.21,0.452293
0.64,0.22,0.449181
0.64,0.23,0.446203
0.64,0.24,0.441186
0.64,0.25,0.440119
0.64,0.26,0.437052
0.64,0.27,0.433698
0.64,0.28,0.430366
0.64,0.29,0.428122
0.64,0.3,0.425983
0.64,0.31,0.422374
0.64,0.32,0.421692
0.64,0.33,0.419925
0.64,0.34,0.417273
0.64,0.35,0.415129
0.64,0.36,0.414114
0.64,0.37,0.411356
0.64,0.38,0.409871
0.64,0.39,0.408768
0.64,0.4,0.407812
0.64,0.41,0.40591
0.64,0.42,0.405366
0.64,0.43,0.404357
0.64,0.44,0.402719
0.64,0.45,0.401741
0.64,0.46,0.4016
0.64,0.47,0.402047
0.64,0.48,0.401484
0.64,0.49,0.401196
0.64,0.5,0.400335
0.64,0.51,0.400223
0.64,0.52,0.401162
0.64,0.53,0.40212
0.64,0.54,0.400876
0.64,0.55,0.402737
0.64,0.56,0.402575
0.64,0.57,0.403219
0.64,0.58,0.405439
0.64,0.59,0.406155
0.64,0.6,0.40767
0.64,0.61,0.407529
0.64,0.62,0.409374
0.64,0.63,0.411693
0.64,0.64,0.41344
0.64,0.65,0.415853
0.64,0.66,0.418027
0.64,0.67,0.419447
0.64,0.68,0.423106
0.64,0.69,0.424317
0.64,0.7,0.427488
0.64,0.71,0.427309
0.64,0.72,0.432123
0.64,0.73,0.434647
0.64,0.74,0.43699
0.64,0.75,0.44003
0.64,0.76,0.442669
0.64,0.77,0.445858
0.64,0.78,0.449493
0.64,0.79,0.453486
0.64,0.8,0.455243
0.64,0.81,0.458509
0.64,0.82,0.463604
0.64,0.83,0.46612
0.64,0.84,0.46892
0.64,0.85,0.473846
0.64,0.86,0.477383
0.64,0.87,0.480919
0.64,0.88,0.485287
0.64,0.89,0.487465
0.64,0.9,0.492647
0.64,0.91,0.496263
0.64,0.92,0.500189
0.64,0.93,0.503749
0.64,0.94,0.508174
0.64,0.95,0.510533
0.64,0.96,0.516343
0.64,0.97,0.519794
0.64,0.98,0.523785
0.64,0.99,0.527437
0.65,0,0.531249
0.65,0.01,0.528564
0.65,0.02,0.524843
0.65,0.03,0.521282
0.65,0.04,0.517395
0.65,0.05,0.513442
0.65,0.06,0.509153
0.65,0.07,0.50478
0.65,0.08,0.501996
0.65,0.09,0.497391
0.65,0.1,0.494717
0.65,0.11,0.490274
0.65,0.12,0.486104
0.65,0.13,0.482617
0.65,0.14,0.47924
0.65,0.15,0.473987
0.65,0.16,0.47246
0.65,0.17,0.468502
0.65,0.18,0.464498
0.65,0.19,0.46006
0.65,0.2,0.457747
0.65,0.21,0.454032
0.65,0.22,0.4499
0.65,0.23,0.447492
0.65,0.24,0.444239
0.65,0.25,0.441639
0.65,0.26,0.438856
0.65,0.27,0.435614
0.65,0.28,0.432852
0.65,0.29,0.430568
0.65,0.3,0.428501
0.65,0.31,0.425692
0.65,0.32,0.423966
0.65,0.33,0.420875
0.65,0.34,0.418995
0.65,0.35,0.417772
0.65,0.36,0.41483
0.65,0.37,0.414118
0.65,0.38,0.411998
0.65,0.39,0.409261
0.65,0.4,0.408224
0.65,0.41,0.407742
0.65,0.42,0.406031
0.65,0.43,0.406347
0.65,0.44,0.404381
0.65,0.45,0.403552
0.65,0.46,0.403628
0.65,0.47,0.402504
0.65,0.48,0.402418
0.65,0.49,0.402775
0.65,0.5,0.402754
0.65,0.51,0.403996
0.65,0.52,0.403689
0.65,0.53,0.402631
0.65,0.54,0.404834
0.65,0.55,0.403563
0.65,0.56,0.404933
0.65,0.57,0.405701
0.65,0.58,0.406511
0.65,0.59,0.408302
0.65,0.6,0.4086
0.65,0.61,0.410581
0.65,0.62,0.41091
0.65,0.63,0.413744
0.65,0.64,0.415322
0.65,0.65,0.417895
0.65,0.66,0.418641
0.65,0.67,0.420067
0.65,0.68,0.424001
0.65,0.69,0.425683
0.65,0.7,0.428139
0.65,0.71,0.430665
0.65,0.72,0.432134
0.65,0.73,0.435518
0.65,0.74,0.438161
0.65,0.75,0.441342
0.65,0.76,0.443997
0.65,0.77,0.448638
0.65,0.78,0.450765
0.65,0.79,0.454045
0.65,0.8,0.457278
0.65,0.81,0.461218
0.65,0.82,0.465892
0.65,0.83,0.468146
0.65,0.84,0.47158
0.65,0.85,0.47462
0.65,0.86,0.478058
0.65,0.87,0.481623
0.65,0.88,0.485996
0.65,0.89,0.490495
0.65,0.9,0.493669
0.65,0.91,0.497678
0.65,0.92,0.500824
0.65,0.93,0.50619
0.65,0.94,0.51012
0.65,0.95,0.513039
0.65,0.96,0.516429
0.65,0.97,0.521274
0.65,0.98,0.525507
0.65,0.99,0.528205
0.66,0,0.53237
0.66,0.01,0.530077
0.66,0.02,0.524936
0.66,0.03,0.521443
0.66,0.04,0.518553
0.66,0.05,0.513085
0.66,0.06,0.510386
0.66,0.07,0.506474
0.66,0.08,0.503558
0.66,0.09,0.498681
0.66,0.1,0.495261
0.66,0.11,0.491741
0.66,0.12,0.488415
0.66,0.13,0.483329
0.66,0.14,0.479788
0.66,0.15,0.476064
0.66,0.16,0.473236
0.66,0.17,0.468567
0.66,0.18,0.464131
0.66,0.19,0.461054
0.66,0.2,0.459274
0.66,0.21,0.455531
0.66,0.22,0.452083
0.66,0.23,0.449899
0.66,0.24,0.447408
0.66,0.25,0.4439
0.66,0.26,0.440061
0.66,0.27,0.436979
0.66,0.28,0.435494
0.66,0.29,0.432861
0.66,0.3,0.429194
0.66,0.31,0.427429
0.66,0.32,0.425609
0.66,0.33,0.422014
0.66,0.34,0.422137
0.66,0.35,0.419848
0.66,0.36,0.416391
0.66,0.37,0.416252
0.66,0.38,0.414554
0.66,0.39,0.412922
0.66,0.4,0.411387
0.66,0.41,0.410483
0.66,0.42,0.408528
0.66,0.43,0.407947
0.66,0.44,0.407415
0.66,0.45,0.405986
0.66,0.46,0.405664
0.66,0.47,0.405358
0.66,0.48,0.404553
0.66,0.49,0.405155
0.66,0.5,0.405208
0.66,0.51,0.404988
0.66,0.52,0.405111
0.66,0.53,0.404652
0.66,0.54,0.406157
0.66,0.55,0.40665
0.66,0.56,0.407824
0.66,0.57,0.408197
0.66,0.58,0.408437
0.66,0.59,0.41031
0.66,0.6,0.410418
0.66,0.61,0.412759
0.66,0.62,0.414646
0.66,0.63,0.416532
0.66,0.64,0.41737
0.66,0.65,0.419257
0.66,0.66,0.421391
0.66,0.67,0.422875
0.66,0.68,0.425648
0.66,0.69,0.42669
0.66,0.7,0.430638
0.66,0.71,0.433393
0.66,0.72,0.434761
0.66,0.73,0.438585
0.66,0.74,0.440033
0.66,0.75,0.443498
0.66,0.76,0.446306
0.66,0.77,0.448978
0.66,0.78,0.452761
0.66,0.79,0.455661
0.66,0.8,0.459198
0.66,0.81,0.461884
0.66,0.82,0.465334
0.66,0.83,0.469306
0.66,0.84,0.472926
0.66,0.85,0.476653
0.66,0.86,0.478791
0.66,0.87,0.483482
0.66,0.88,0.487319
0.66,0.89,0.49107
0.66,0.9,0.493919
0.66,0.91,0.499603
0.66,0.92,0.502542
0.66,0.93,0.507163
0.66,0.94,0.511823
0.66,0.95,0.513902
0.66,0.96,0.517971
0.66,0.97,0.522271
0.66,0.98,0.525366
0.66,0.99,0.528601
0.67,0,0.535292
0.67,0.01,0.530142
0.67,0.02,0.5271
0.67,0.03,0.522872
0.67,0.04,0.518931
0.67,0.05,0.515251
0.67,0.06,0.511218
0.67,0.07,0.507239
0.67,0.08,0.503162
0.67,0.09,0.500823
0.67,0.1,0.496385
0.67,0.11,0.49337
0.67,0.12,0.489674
0.67,0.13,0.484198
0.67,0.14,0.482377
0.67,0.15,0.47832
0.67,0.16,0.47421
0.67,0.17,0.470175
0.67,0.18,0.467486
0.67,0.19,0.463411
0.67,0.2,0.461103
0.67,0.21,0.45679
0.67,0.22,0.455876
0.67,0.23,0.451012
0.67,0.24,0.449041
0.67,0.25,0.446196
0.67,0.26,0.441104
0.67,0.27,0.440729
0.67,0.28,0.436685
0.67,0.29,0.434596
0.67,0.3,0.431278
0.67,0.31,0.430238
0.67,0.32,0.427355
0.67,0.33,0.425015
0.67,0.34,0.422442
0.67,0.35,0.42139
0.67,0.36,0.419117
0.67,0.37,0.418592
0.67,0.38,0.41627
0.67,0.39,0.414495
0.67,0.4,0.412863
0.67,0.41,0.412152
0.67,0.42,0.41109
0.67,0.43,0.409741
0.67,0.44,0.408626
0.67,0.45,0.407723
0.67,0.46,0.408208
0.67,0.47,0.407919
0.67,0.48,0.407523
0.67,0.49,0.407278
0.67,0.5,0.407304
0.67,0.51,0.406694
0.67,0.52,0.407466
0.67,0.53,0.40788
0.67,0.54,0.408311
0.67,0.55,0.40837
0.67,0.56,0.408686
0.67,0.57,0.410039
0.67,0.58,0.410201
0.67,0.59,0.411769
0.67,0.6,0.413031
0.67,0.61,0.414506
0.67,0.62,0.415148
0.67,0.63,0.417815
0.67,0.64,0.4192
0.67,0.65,0.421875
0.67,0.66,0.423709
0.67,0.67,0.425424
0.67,0.68,0.427692
0.67,0.69,0.431488
0.67,0.7,0.431977
0.67,0.71,0.435058
0.67,0.72,0.437306
0.67,0.73,0.440773
0.67,0.74,0.442886
0.67,0.75,0.445381
0.67,0.76,0.448461
0.67,0.77,0.450835
0.67,0.78,0.453334
0.67,0.79,0.457716
0.67,0.8,0.460737
0.67,0.81,0.465001
0.67,0.82,0.467476
0.67,0.83,0.471028
0.67,0.84,0.474576
0.67,0.85,0.477215
0.67,0.86,0.481332
0.67,0.87,0.485437
0.67,0.88,0.488843
0.67,0.89,0.493445
0.67,0.9,0.495477
0.67,0.91,0.500466
0.67,0.92,0.504239
0.67,0.93,0.507019
0.67,0.94,0.511995
0.67,0.95,0.515916
0.67,0.96,0.519018
0.67,0.97,0.522915
0.67,0.98,0.526726
0.67,0.99,0.530342
0.68,0,0.53521
0.68,0.01,0.531755
0.68,0.02,0.528196
0.68,0.03,0.523275
0.68,0.04,0.520345
0.68,0.05,0.517692
0.68,0.06,0.514012
0.68,0.07,0.508831
0.68,0.08,0.505395
0.68,0.09,0.501953
0.68,0.1,0.497389
0.68,0.11,0.494473
0.68,0.12,0.491204
0.68,0.13,0.487543
0.68,0.14,0.481968
0.68,0.15,0.479584
0.68,0.16,0.476726
0.68,0.17,0.472918
0.68,0.18,0.468616
0.68,0.19,0.464998
0.68,0.2,0.462623
0.68,0.21,0.459644
0.68,0.22,0.457196
0.68,0.23,0.453405
0.68,0.24,0.450259
0.68,0.25,0.447963
0.68,0.26,0.444459
0.68,0.27,0.44145
0.68,0.28,0.438507
0.68,0.29,0.436192
0.68,0.3,0.433471
0.68,0.31,0.431879
0.68,0.32,0.428644
0.68,0.33,0.427713
0.68,0.34,0.425712
0.68,0.35,0.422834
0.68,0.36,0.421846
0.68,0.37,0.420198
0.68,0.38,0.418262
0.68,0.39,0.416472
0.68,0.4,0.415666
0.68,0.41,0.415055
0.68,0.42,0.412568
0.68,0.43,0.412586
0.68,0.44,0.411203
0.68,0.45,0.410816
0.68,0.46,0.409699
0.68,0.47,0.410283
0.68,0.48,0.409386
0.68,0.49,0.409871
0.68,0.5,0.409551
0.68,0.51,0.40885
0.68,0.52,0.409406
0.68,0.53,0.410894
0.68,0.54,0.41021
0.68,0.55,0.411248
0.68,0.56,0.411012
0.68,0.57,0.412443
0.68,0.58,0.413507
0.68,0.59,0.414977
0.68,0.6,0.415483
0.68,0.61,0.416893
0.68,0.62,0.417447
0.68,0.63,0.420404
0.68,0.64,0.4219
0.68,0.65,0.423718
0.68,0.66,0.424402
0.68,0.67,0.428117
0.68,0.68,0.428527
0.68,0.69,0.432308
0.68,0.7,0.434258
0.68,0.71,0.437142
0.68,0.72,0.439405
0.68,0.73,0.441009
0.68,0.74,0.444034
0.68,0.75,0.447367
0.68,0.76,0.449978
0.68,0.77,0.454378
0.68,0.78,0.457171
0.68,0.79,0.459019
0.68,0.8,0.463438
0.68,0.81,0.465216
0.68,0.82,0.468167
0.68,0.83,0.473428
0.68,0.84,0.474616
0.68,0.85,0.478759
0.68,0.86,0.484835
0.68,0.87,0.486225
0.68,0.88,0.490575
0.68,0.89,0.4926
0.68,0.9,0.497778
0.68,0.91,0.501391
0.68,0.92,0.50495
0.68,0.93,0.509764
0.68,0.94,0.513101
0.68,0.95,0.516662
0.68,0.96,0.521281
0.68,0.97,0.523631
0.68,0.98,0.527587
0.68,0.99,0.531267
0.69,0,0.536214
0.69,0.01,0.532395
0.69,0.02,0.528552
0.69,0.03,0.525244
0.69,0.04,0.522178
0.69,0.05,0.518939
0.69,0.06,0.514098
0.69,0.07,0.511661
0.69,0.08,0.506606
0.69,0.09,0.502763
0.69,0.1,0.499861
0.69,0.11,0.496115
0.69,0.12,0.491806
0.69,0.13,0.488245
0.69,0.14,0.485439
0.69,0.15,0.481421
0.69,0.16,0.477893
0.69,0.17,0.47499
0.69,0.18,0.470819
0.69,0.19,0.467343
0.69,0.2,0.46312
0.69,0.21,0.462012
0.69,0.22,0.457827
0.69,0.23,0.45399
0.69,0.24,0.45109
0.69,0.25,0.449257
0.69,0.26,0.447489
0.69,0.27,0.44331
0.69,0.28,0.441171
0.69,0.29,0.438393
0.69,0.3,0.436159
0.69,0.31,0.434834
0.69,0.32,0.431857
0.69,0.33,0.429305
0.69,0.34,0.427359
0.69,0.35,0.425979
0.69,0.36,0.423559
0.69,0.37,0.422017
0.69,0.38,0.420302
0.69,0.39,0.420321
0.69,0.4,0.418163
0.69,0.41,0.416553
0.69,0.42,0.414622
0.69,0.43,0.414793
0.69,0.44,0.414138
0.69,0.45,0.413255
0.69,0.46,0.412045
0.69,0.47,0.411795
0.69,0.48,0.412395
0.69,0.49,0.411219
0.69,0.5,0.412018
0.69,0.51,0.411063
0.69,0.52,0.413055
0.69,0.53,0.411813
0.69,0.54,0.413
0.69,0.55,0.413724
0.69,0.56,0.413933
0.69,0.57,0.414258
0.69,0.58,0.416279
0.69,0.59,0.41555
0.69,0.6,0.417895
0.69,0.61,0.418735
0.69,0.62,0.42092
0.69,0.63,0.422697
0.69,0.64,0.424504
0.69,0.65,0.425346
0.69,0.66,0.426852
0.69,0.67,0.429351
0.69,0.68,0.431302
0.69,0.69,0.434152
0.69,0.7,0.435797
0.69,0.71,0.437279
0.69,0.72,0.439658
0.69,0.73,0.443748
0.69,0.74,0.447857
0.69,0.75,0.450131
0.69,0.76,0.451227
0.69,0.77,0.455735
0.69,0.78,0.457849
0.69,0.79,0.460275
0.69,0.8,0.463802
0.69,0.81,0.467586
0.69,0.82,0.470276
0.69,0.83,0.474827
0.69,0.84,0.477546
0.69,0.85,0.482131
0.69,0.86,0.485333
0.69,0.87,0.488414
0.69,0.88,0.491557
0.69,0.89,0.496698
0.69,0.9,0.499367
0.69,0.91,0.503376
0.69,0.92,0.507159
0.69,0.93,0.510485
0.69,0.94,0.514033
0.69,0.95,0.517916
0.69,0.96,0.521345
0.69,0.97,0.526226
0.69,0.98,0.528059
0.69,0.99,0.531453
0.7,0,0.537708
0.7,0.01,0.533675
0.7,0.02,0.529878
0.7,0.03,0.525629
0.7,0.04,0.52306
0.7,0.05,0.519374
0.7,0.06,0.515083
0.7,0.07,0.511904
0.7,0.08,0.509044
0.7,0.09,0.504175
0.7,0.1,0.500421
0.7,0.11,0.497144
0.7,0.12,0.493659
0.7,0.13,0.490349
0.7,0.14,0.485743
0.7,0.15,0.482559
0.7,0.16,0.47938
0.7,0.17,0.475488
0.7,0.18,0.473581
0.7,0.19,0.470202
0.7,0.2,0.465517
0.7,0.21,0.46308
0.7,0.22,0.460341
0.7,0.23,0.457032
0.7,0.24,0.454136
0.7,0.25,0.452015
0.7,0.26,0.44779
0.7,0.27,0.444792
0.7,0.28,0.442945
0.7,0.29,0.441594
0.7,0.3,0.438583
0.7,0.31,0.437029
0.7,0.32,0.4346
0.7,0.33,0.432001
0.7,0.34,0.430187
0.7,0.35,0.428516
0.7,0.36,0.42634
0.7,0.37,0.424602
0.7,0.38,0.423006
0.7,0.39,0.421852
0.7,0.4,0.419893
0.7,0.41,0.419252
0.7,0.42,0.418184
0.7,0.43,0.416835
0.7,0.44,0.416347
0.7,0.45,0.417037
0.7,0.46,0.415636
0.7,0.47,0.415554
0.7,0.48,0.414661
0.7,0.49,0.413887
0.7,0.5,0.413176
0.7,0.51,0.413688
0.7,0.52,0.414781
0.7,0.53,0.415366
0.7,0.54,0.415582
0.7,0.55,0.416075
0.7,0.56,0.4168
0.7,0.57,0.418131
0.7,0.58,0.418899
0.7,0.59,0.417682
0.7,0.6,0.419427
0.7,0.61,0.421075
0.7,0.62,0.423254
0.7,0.63,0.425147
0.7,0.64,0.425478
0.7,0.65,0.427859
0.7,0.66,0.429231
0.7,0.67,0.432777
0.7,0.68,0.43478
0.7,0.69,0.436293
0.7,0.7,0.43845
0.7,0.71,0.440237
0.7,0.72,0.444214
0.7,0.73,0.447035
0.7,0.74,0.449212
0.7,0.75,0.451467
0.7,0.76,0.455262
0.7,0.77,0.457761
0.7,0.78,0.460331
0.7,0.79,0.464068
0.7,0.8,0.467262
0.7,0.81,0.469696
0.7,0.82,0.474085
0.7,0.83,0.476432
0.7,0.84,0.479445
0.7,0.85,0.483407
0.7,0.86,0.486718
0.7,0.87,0.490951
0.7,0.88,0.494366
0.7,0.89,0.496901
0.7,0.9,0.500401
0.7,0.91,0.504455
0.7,0.92,0.507749
0.7,0.93,0.511875
0.7,0.94,0.515257
0.7,0.95,0.518725
0.7,0.96,0.523357
0.7,0.97,0.527173
0.7,0.98,0.528888
0.7,0.99,0.534433
0.71,0,0.538931
0.71,0.01,0.53563
0.71,0.02,0.531186
0.71,0.03,0.52772
0.71,0.04,0.523837
0.71,0.05,0.52107
0.71,0.06,0.517683
0.71,0.07,0.512696
0.71,0.08,0.509715
0.71,0.09,0.505752
0.71,0.1,0.503141
0.71,0.11,0.498939
0.71,0.12,0.495771
0.71,0.13,0.491088
0.71,0.14,0.48955
0.71,0.15,0.484945
0.71,0.16,0.481783
0.71,0.17,0.478502
0.71,0.18,0.474972
0.71,0.19,0.471162
0.71,0.2,0.467857
0.71,0.21,0.46594
0.71,0.22,0.462793
0.71,0.23,0.460053
0.71,0.24,0.457266
0.71,0.25,0.453314
0.71,0.26,0.450621
0.71,0.27,0.447471
0.71,0.28,0.445568
0.71,0.29,0.442832
0.71,0.3,0.440374
0.71,0.31,0.438648
0.71,0.32,0.435465
0.71,0.33,0.434364
0.71,0.34,0.432255
0.71,0.35,0.430672
0.71,0.36,0.429789
0.71,0.37,0.42778
0.71,0.38,0.425749
0.71,0.39,0.423303
0.71,0.4,0.422507
0.71,0.41,0.421637
0.71,0.42,0.421335
0.71,0.43,0.420088
0.71,0.44,0.419615
0.71,0.45,0.417992
0.71,0.46,0.418136
0.71,0.47,0.416812
0.71,0.48,0.417838
0.71,0.49,0.415744
0.71,0.5,0.416753
0.71,0.51,0.416437
0.71,0.52,0.415921
0.71,0.53,0.416962
0.71,0.54,0.417344
0.71,0.55,0.419156
0.71,0.56,0.418067
0.71,0.57,0.42039
0.71,0.58,0.420688
0.71,0.59,0.422389
0.71,0.6,0.423319
0.71,0.61,0.423457
0.71,0.62,0.424705
0.71,0.63,0.427073
0.71,0.64,0.428255
0.71,0.65,0.430449
0.71,0.66,0.432121
0.71,0.67,0.434912
0.71,0.68,0.436599
0.71,0.69,0.438568
0.71,0.7,0.441534
0.71,0.71,0.443025
0.71,0.72,0.445703
0.71,0.73,0.449035
0.71,0.74,0.450384
0.71,0.75,0.455021
0.71,0.76,0.456155
0.71,0.77,0.459795
0.71,0.78,0.462158
0.71,0.79,0.465172
0.71,0.8,0.467743
0.71,0.81,0.471331
0.71,0.82,0.473502
0.71,0.83,0.477434
0.71,0.84,0.481853
0.71,0.85,0.483974
0.71,0.86,0.489295
0.71,0.87,0.491125
0.71,0.88,0.49451
0.71,0.89,0.499169
0.71,0.9,0.501938
0.71,0.91,0.506453
0.71,0.92,0.509974
0.71,0.93,0.513074
0.71,0.94,0.517411
0.71,0.95,0.521591
0.71,0.96,0.524716
0.71,0.97,0.526779
0.71,0.98,0.531873
0.71,0.99,0.534957
0.72,0,0.540576
0.72,0.01,0.536261
0.72,0.02,0.531937
0.72,0.03,0.528793
0.72,0.04,0.524462
0.72,0.05,0.521714
0.72,0.06,0.519077
0.72,0.07,0.514823
0.72,0.08,0.510605
0.72,0.09,0.5076
0.72,0.1,0.503151
0.72,0.11,0.500711
0.72,0.12,0.496985
0.72,0.13,0.493811
0.72,0.14,0.490102
0.72,0.15,0.487264
0.72,0.16,0.483225
0.72,0.17,0.48022
0.72,0.18,0.477193
0.72,0.19,0.472636
0.72,0.2,0.470543
0.72,0.21,0.467921
0.72,0.22,0.465182
0.72,0.23,0.462415
0.72,0.24,0.458955
0.72,0.25,0.454788
0.72,0.26,0.453494
0.72,0.27,0.450628
0.72,0.28,0.447498
0.72,0.29,0.445799
0.72,0.3,0.442478
0.72,0.31,0.441526
0.72,0.32,0.439124
0.72,0.33,0.437864
0.72,0.34,0.434704
0.72,0.35,0.434438
0.72,0.36,0.431296
0.72,0.37,0.429464
0.72,0.38,0.428438
0.72,0.39,0.428913
0.72,0.4,0.425985
0.72,0.41,0.422806
0.72,0.42,0.424241
0.72,0.43,0.422341
0.72,0.44,0.421747
0.72,0.45,0.420365
0.72,0.46,0.420596
0.72,0.47,0.419982
0.72,0.48,0.420485
0.72,0.49,0.420273
0.72,0.5,0.419997
0.72,0.51,0.420782
0.72,0.52,0.420306
0.72,0.53,0.420016
0.72,0.54,0.419997
0.72,0.55,0.421968
0.72,0.56,0.421903
0.72,0.57,0.422467
0.72,0.58,0.425029
0.72,0.59,0.424422
0.72,0.6,0.427494
0.72,0.61,0.426078
0.72,0.62,0.429062
0.72,0.63,0.429792
0.72,0.64,0.432472
0.72,0.65,0.43258
0.72,0.66,0.435875
0.72,0.67,0.4366
0.72,0.68,0.439847
0.72,0.69,0.441847
0.72,0.7,0.442794
0.72,0.71,0.445239
0.72,0.72,0.448215
0.72,0.73,0.451185
0.72,0.74,0.452541
0.72,0.75,0.455229
0.72,0.76,0.459527
0.72,0.77,0.461567
0.72,0.78,0.46462
0.72,0.79,0.467011
0.72,0.8,0.4702
0.72,0.81,0.473177
0.72,0.82,0.475688
0.72,0.83,0.479383
0.72,0.84,0.484016
0.72,0.85,0.487251
0.72,0.86,0.491031
0.72,0.87,0.493128
0.72,0.88,0.496908
0.72,0.89,0.501885
0.72,0.9,0.503436
0.72,0.91,0.507031
0.72,0.92,0.510754
0.72,0.93,0.514942
0.72,0.94,0.518035
0.72,0.95,0.522395
0.72,0.96,0.525182
0.72,0.97,0.530941
0.72,0.98,0.532824
0.72,0.99,0.537264
0.73,0,0.541425
0.73,0.01,0.53743
0.73,0.02,0.534122
0.73,0.03,0.530414
0.73,0.04,0.527607
0.73,0.05,0.522669
0.73,0.06,0.52079
0.73,0.07,0.516563
0.73,0.08,0.512362
0.73,0.09,0.511288
0.73,0.1,0.505651
0.73,0.11,0.502871
0.73,0.12,0.498404
0.73,0.13,0.495801
0.73,0.14,0.492314
0.73,0.15,0.48789
0.73,0.16,0.484615
0.73,0.17,0.481809
0.73,0.18,0.479345
0.73,0.19,0.474308
0.73,0.2,0.472688
0.73,0.21,0.469525
0.73,0.22,0.466588
0.73,0.23,0.464534
0.73,0.24,0.461883
0.73,0.25,0.458306
0.73,0.26,0.455153
0.73,0.27,0.451948
0.73,0.28,0.45001
0.73,0.29,0.447881
0.73,0.3,0.445962
0.73,0.31,0.443404
0.73,0.32,0.439082
0.73,0.33,0.439473
0.73,0.34,0.437209
0.73,0.35,0.435122
0.73,0.36,0.43328
0.73,0.37,0.433155
0.73,0.38,0.431809
0.73,0.39,0.429445
0.73,0.4,0.427859
0.73,0.41,0.426758
0.73,0.42,0.426863
0.73,0.43,0.424937
0.73,0.44,0.424382
0.73,0.45,0.424093
0.73,0.46,0.424514
0.73,0.47,0.422435
0.73,0.48,0.421893
0.73,0.49,0.422029
0.73,0.5,0.422231
0.73,0.51,0.422907
0.73,0.52,0.422914
0.73,0.53,0.423433
0.73,0.54,0.424066
0.73,0.55,0.423198
0.73,0.56,0.424748
0.73,0.57,0.425755
0.73,0.58,0.427708
0.73,0.59,0.427225
0.73,0.6,0.428622
0.73,0.61,0.430144
0.73,0.62,0.431946
0.73,0.63,0.432215
0.73,0.64,0.434943
0.73,0.65,0.436023
0.73,0.66,0.438044
0.73,0.67,0.438852
0.73,0.68,0.441272
0.73,0.69,0.442397
0.73,0.7,0.446289
0.73,0.71,0.448053
0.73,0.72,0.450935
0.73,0.73,0.452702
0.73,0.74,0.456082
0.73,0.75,0.459623
0.73,0.76,0.460049
0.73,0.77,0.463776
0.73,0.78,0.466179
0.73,0.79,0.469324
0.73,0.8,0.473284
0.73,0.81,0.47736
0.73,0.82,0.478519
0.73,0.83,0.48266
0.73,0.84,0.484247
0.73,0.85,0.488285
0.73,0.86,0.492274
0.73,0.87,0.495209
0.73,0.88,0.497904
0.73,0.89,0.502125
0.73,0.9,0.506883
0.73,0.91,0.510355
0.73,0.92,0.51305
0.73,0.93,0.516857
0.73,0.94,0.520396
0.73,0.95,0.523722
0.73,0.96,0.52761
0.73,0.97,0.531873
0.73,0.98,0.533721
0.73,0.99,0.538597
0.74,0,0.542055
0.74,0.01,0.538431
0.74,0.02,0.536065
0.74,0.03,0.531786
0.74,0.04,0.528339
0.74,0.05,0.524747
0.74,0.06,0.521461
0.74,0.07,0.518106
0.74,0.08,0.514339
0.74,0.09,0.511614
0.74,0.1,0.508036
0.74,0.11,0.504571
0.74,0.12,0.501798
0.74,0.13,0.495927
0.74,0.14,0.494649
0.74,0.15,0.491198
0.74,0.16,0.487938
0.74,0.17,0.483743
0.74,0.18,0.481716
0.74,0.19,0.478231
0.74,0.2,0.474855
0.74,0.21,0.472154
0.74,0.22,0.469123
0.74,0.23,0.466195
0.74,0.24,0.46378
0.74,0.25,0.460208
0.74,0.26,0.459035
0.74,0.27,0.455673
0.74,0.28,0.452834
0.74,0.29,0.450338
0.74,0.3,0.448777
0.74,0.31,0.447444
0.74,0.32,0.443577
0.74,0.33,0.442615
0.74,0.34,0.440764
0.74,0.35,0.439826
0.74,0.36,0.43673
0.74,0.37,0.435077
0.74,0.38,0.435115
0.74,0.39,0.432622
0.74,0.4,0.431693
0.74,0.41,0.42943
0.74,0.42,0.4296
0.74,0.43,0.428091
0.74,0.44,0.428081
0.74,0.45,0.427132
0.74,0.46,0.42619
0.74,0.47,0.425932
0.74,0.48,0.425517
0.74,0.49,0.424701
0.74,0.5,0.425847
0.74,0.51,0.425138
0.74,0.52,0.425096
0.74,0.53,0.425375
0.74,0.54,0.427102
0.74,0.55,0.426534
0.74,0.56,0.427771
0.74,0.57,0.4281
0.74,0.58,0.429241
0.74,0.59,0.431265
0.74,0.6,0.431165
0.74,0.61,0.432826
0.74,0.62,0.43437
0.74,0.63,0.435115
0.74,0.64,0.437182
0.74,0.65,0.437719
0.74,0.66,0.440997
0.74,0.67,0.442021
0.74,0.68,0.444975
0.74,0.69,0.446658
0.74,0.7,0.449298
0.74,0.71,0.452689
0.74,0.72,0.453979
0.74,0.73,0.455861
0.74,0.74,0.458815
0.74,0.75,0.460052
0.74,0.76,0.463592
0.74,0.77,0.465841
0.74,0.78,0.468921
0.74,0.79,0.47273
0.74,0.8,0.474047
0.74,0.81,0.477918
0.74,0.82,0.481884
0.74,0.83,0.485287
0.74,0.84,0.487882
0.74,0.85,0.490093
0.74,0.86,0.49414
0.74,0.87,0.498054
0.74,0.88,0.501496
0.74,0.89,0.504381
0.74,0.9,0.50817
0.74,0.91,0.511958
0.74,0.92,0.514286
0.74,0.93,0.518812
0.74,0.94,0.521726
0.74,0.95,0.525284
0.74,0.96,0.529247
0.74,0.97,0.532765
0.74,0.98,0.535618
0.74,0.99,0.539194
0.75,0,0.542987
0.75,0.01,0.539636
0.75,0.02,0.53824
0.75,0.03,0.533739
0.75,0.04,0.529463
0.75,0.05,0.52775
0.75,0.06,0.522866
0.75,0.07,0.521651
0.75,0.08,0.516467
0.75,0.09,0.513958
0.75,0.1,0.508633
0.75,0.11,0.506927
0.75,0.12,0.503066
0.75,0.13,0.500192
0.75,0.14,0.496241
0.75,0.15,0.493018
0.75,0.16,0.489678
0.75,0.17,0.487052
0.75,0.18,0.485099
0.75,0.19,0.480509
0.75,0.2,0.477938
0.75,0.21,0.473247
0.75,0.22,0.472001
0.75,0.23,0.470049
0.75,0.24,0.466557
0.75,0.25,0.46392
0.75,0.26,0.461362
0.75,0.27,0.458158
0.75,0.28,0.455369
0.75,0.29,0.45432
0.75,0.3,0.451251
0.75,0.31,0.449002
0.75,0.32,0.446719
0.75,0.33,0.444752
0.75,0.34,0.442117
0.75,0.35,0.440017
0.75,0.36,0.440012
0.75,0.37,0.439653
0.75,0.38,0.436841
0.75,0.39,0.436332
0.75,0.4,0.434959
0.75,0.41,0.43274
0.75,0.42,0.431551
0.75,0.43,0.43063
0.75,0.44,0.430421
0.75,0.45,0.430979
0.75,0.46,0.430759
0.75,0.47,0.429053
0.75,0.48,0.428755
0.75,0.49,0.429008
0.75,0.5,0.428618
0.75,0.51,0.42832
0.75,0.52,0.428818
0.75,0.53,0.428835
0.75,0.54,0.429412
0.75,0.55,0.430512
0.75,0.56,0.431149
0.75,0.57,0.431024
0.75,0.58,0.432694
0.75,0.59,0.434083
0.75,0.6,0.434443
0.75,0.61,0.436247
0.75,0.62,0.43765
0.75,0.63,0.438057
0.75,0.64,0.439565
0.75,0.65,0.441298
0.75,0.66,0.443749
0.75,0.67,0.445244
0.75,0.68,0.447444
0.75,0.69,0.44759
0.75,0.7,0.451995
0.75,0.71,0.453169
0.75,0.72,0.455087
0.75,0.73,0.458544
0.75,0.74,0.460454
0.75,0.75,0.465056
0.75,0.76,0.466558
0.75,0.77,0.467965
0.75,0.78,0.471239
0.75,0.79,0.474037
0.75,0.8,0.47781
0.75,0.81,0.480047
0.75,0.82,0.483621
0.75,0.83,0.486674
0.75,0.84,0.489904
0.75,0.85,0.493229
0.75,0.86,0.495796
0.75,0.87,0.500179
0.75,0.88,0.503574
0.75,0.89,0.506913
0.75,0.9,0.51046
0.75,0.91,0.512847
0.75,0.92,0.516858
0.75,0.93,0.520821
0.75,0.94,0.523671
0.75,0.95,0.527282
0.75,0.96,0.531164
0.75,0.97,0.53324
0.75,0.98,0.536065
0.75,0.99,0.539672
0.76,0,0.545294
0.76,0.01,0.541587
0.76,0.02,0.538453
0.76,0.03,0.536032
0.76,0.04,0.530791
0.76,0.05,0.528532
0.76,0.06,0.525469
0.76,0.07,0.521972
0.76,0.08,0.518098
0.76,0.09,0.515779
0.76,0.1,0.511452
0.76,0.11,0.508857
0.76,0.12,0.504229
0.76,0.13,0.501618
0.76,0.14,0.499198
0.76,0.15,0.494583
0.76,0.16,0.492364
0.76,0.17,0.488127
0.76,0.18,0.486266
0.76,0.19,0.483431
0.76,0.2,0.479302
0.76,0.21,0.47653
0.76,0.22,0.473356
0.76,0.23,0.471144
0.76,0.24,0.469775
0.76,0.25,0.466757
0.76,0.26,0.462959
0.76,0.27,0.460715
0.76,0.28,0.458542
0.76,0.29,0.455923
0.76,0.3,0.454914
0.76,0.31,0.452184
0.76,0.32,0.450961
0.76,0.33,0.446433
0.76,0.34,0.444314
0.76,0.35,0.444668
0.76,0.36,0.441605
0.76,0.37,0.441352
0.76,0.38,0.439866
0.76,0.39,0.439693
0.76,0.4,0.437817
0.76,0.41,0.436673
0.76,0.42,0.43631
0.76,0.43,0.435904
0.76,0.44,0.434027
0.76,0.45,0.433203
0.76,0.46,0.432892
0.76,0.47,0.431985
0.76,0.48,0.431641
0.76,0.49,0.432309
0.76,0.5,0.431819
0.76,0.51,0.431848
0.76,0.52,0.432206
0.76,0.53,0.432092
0.76,0.54,0.432219
0.76,0.55,0.433696
0.76,0.56,0.433713
0.76,0.57,0.435391
0.76,0.58,0.435808
0.76,0.59,0.437408
0.76,0.6,0.437808
0.76,0.61,0.438276
0.76,0.62,0.440352
0.76,0.63,0.442066
0.76,0.64,0.443153
0.76,0.65,0.444492
0.76,0.66,0.446791
0.76,0.67,0.44794
0.76,0.68,0.449283
0.76,0.69,0.452755
0.76,0.7,0.454176
0.76,0.71,0.456196
0.76,0.72,0.458005
0.76,0.73,0.461467
0.76,0.74,0.463423
0.76,0.75,0.465705
0.76,0.76,0.468083
0.76,0.77,0.472876
0.76,0.78,0.47406
0.76,0.79,0.476521
0.76,0.8,0.480047
0.76,0.81,0.482763
0.76,0.82,0.485552
0.76,0.83,0.488555
0.76,0.84,0.492766
0.76,0.85,0.495807
0.76,0.86,0.498692
0.76,0.87,0.501551
0.76,0.88,0.50488
0.76,0.89,0.508069
0.76,0.9,0.512321
0.76,0.91,0.513877
0.76,0.92,0.519041
0.76,0.93,0.521411
0.76,0.94,0.524638
0.76,0.95,0.528564
0.76,0.96,0.532264
0.76,0.97,0.535509
0.76,0.98,0.537781
0.76,0.99,0.542033
0.77,0,0.545863
0.77,0.01,0.542147
0.77,0.02,0.540334
0.77,0.03,0.536865
0.77,0.04,0.533558
0.77,0.05,0.529396
0.77,0.06,0.526812
0.77,0.07,0.522871
0.77,0.08,0.520685
0.77,0.09,0.517553
0.77,0.1,0.512677
0.77,0.11,0.511069
0.77,0.12,0.50773
0.77,0.13,0.504289
0.77,0.14,0.499911
0.77,0.15,0.497645
0.77,0.16,0.494424
0.77,0.17,0.491062
0.77,0.18,0.488234
0.77,0.19,0.484673
0.77,0.2,0.483689
0.77,0.21,0.479815
0.77,0.22,0.476329
0.77,0.23,0.474032
0.77,0.24,0.471785
0.77,0.25,0.468483
0.77,0.26,0.466785
0.77,0.27,0.464313
0.77,0.28,0.461132
0.77,0.29,0.461052
0.77,0.3,0.457698
0.77,0.31,0.455443
0.77,0.32,0.453077
0.77,0.33,0.450224
0.77,0.34,0.447956
0.77,0.35,0.44837
0.77,0.36,0.446286
0.77,0.37,0.445297
0.77,0.38,0.443578
0.77,0.39,0.44275
0.77,0.4,0.440498
0.77,0.41,0.439198
0.77,0.42,0.438279
0.77,0.43,0.438128
0.77,0.44,0.436681
0.77,0.45,0.436846
0.77,0.46,0.435499
0.77,0.47,0.435349
0.77,0.48,0.434719
0.77,0.49,0.435821
0.77,0.5,0.43508
0.77,0.51,0.435453
0.77,0.52,0.435757
0.77,0.53,0.436427
0.77,0.54,0.435803
0.77,0.55,0.436899
0.77,0.56,0.437558
0.77,0.57,0.43886
0.77,0.58,0.438034
0.77,0.59,0.439871
0.77,0.6,0.440968
0.77,0.61,0.441997
0.77,0.62,0.442731
0.77,0.63,0.445171
0.77,0.64,0.446815
0.77,0.65,0.448572
0.77,0.66,0.449657
0.77,0.67,0.452363
0.77,0.68,0.453086
0.77,0.69,0.45479
0.77,0.7,0.45634
0.77,0.71,0.459949
0.77,0.72,0.460806
0.77,0.73,0.46325
0.77,0.74,0.467108
0.77,0.75,0.469558
0.77,0.76,0.472
0.77,0.77,0.474871
0.77,0.78,0.477173
0.77,0.79,0.480215
0.77,0.8,0.482032
0.77,0.81,0.485558
0.77,0.82,0.48916
0.77,0.83,0.491453
0.77,0.84,0.495697
0.77,0.85,0.498896
0.77,0.86,0.500159
0.77,0.87,0.503612
0.77,0.88,0.506956
0.77,0.89,0.509485
0.77,0.9,0.513984
0.77,0.91,0.516198
0.77,0.92,0.52101
0.77,0.93,0.523862
0.77,0.94,0.526957
0.77,0.95,0.530128
0.77,0.96,0.533322
0.77,0.97,0.536929
0.77,0.98,0.539977
0.77,0.99,0.542627
0.78,0,0.547332
0.78,0.01,0.544487
0.78,0.02,0.541181
0.78,0.03,0.538276
0.78,0.04,0.535664
0.78,0.05,0.532883
0.78,0.06,0.528035
0.78,0.07,0.524428
0.78,0.08,0.521589
0.78,0.09,0.519231
0.78,0.1,0.515574
0.78,0.11,0.511527
0.78,0.12,0.509385
0.78,0.13,0.506938
0.78,0.14,0.504039
0.78,0.15,0.498672
0.78,0.16,0.496082
0.78,0.17,0.492446
0.78,0.18,0.491066
0.78,0.19,0.488016
0.78,0.2,0.484568
0.78,0.21,0.48186
0.78,0.22,0.479224
0.78,0.23,0.476049
0.78,0.24,0.473145
0.78,0.25,0.470757
0.78,0.26,0.469366
0.78,0.27,0.465993
0.78,0.28,0.465052
0.78,0.29,0.462214
0.78,0.3,0.459138
0.78,0.31,0.458403
0.78,0.32,0.455898
0.78,0.33,0.454268
0.78,0.34,0.452258
0.78,0.35,0.451173
0.78,0.36,0.448381
0.78,0.37,0.447753
0.78,0.38,0.446762
0.78,0.39,0.444495
0.78,0.4,0.443526
0.78,0.41,0.443211
0.78,0.42,0.441717
0.78,0.43,0.440778
0.78,0.44,0.44188
0.78,0.45,0.440311
0.78,0.46,0.439872
0.78,0.47,0.438431
0.78,0.48,0.439652
0.78,0.49,0.437744
0.78,0.5,0.439292
0.78,0.51,0.437761
0.78,0.52,0.438659
0.78,0.53,0.439106
0.78,0.54,0.440116
0.78,0.55,0.440598
0.78,0.56,0.441146
0.78,0.57,0.441247
0.78,0.58,0.443231
0.78,0.59,0.442621
0.78,0.6,0.443114
0.78,0.61,0.446079
0.78,0.62,0.446528
0.78,0.63,0.446859
0.78,0.64,0.448253
0.78,0.65,0.450424
0.78,0.66,0.451172
0.78,0.67,0.453597
0.78,0.68,0.455157
0.78,0.69,0.457466
0.78,0.7,0.459839
0.78,0.71,0.462301
0.78,0.72,0.464611
0.78,0.73,0.467831
0.78,0.74,0.46958
0.78,0.75,0.471806
0.78,0.76,0.475106
0.78,0.77,0.476059
0.78,0.78,0.47791
0.78,0.79,0.482723
0.78,0.8,0.483784
0.78,0.81,0.488171
0.78,0.82,0.490066
0.78,0.83,0.49423
0.78,0.84,0.496558
0.78,0.85,0.499646
0.78,0.86,0.502916
0.78,0.87,0.506757
0.78,0.88,0.50882
0.78,0.89,0.511536
0.78,0.9,0.51652
0.78,0.91,0.518455
0.78,0.92,0.523014
0.78,0.93,0.525268
0.78,0.94,0.527451
0.78,0.95,0.531381
0.78,0.96,0.535536
0.78,0.97,0.537007
0.78,0.98,0.542171
0.78,0.99,0.545548
0.79,0,0.54888
0.79,0.01,0.546685
0.79,0.02,0.542758
0.79,0.03,0.539586
0.79,0.04,0.537295
0.79,0.05,0.532256
0.79,0.06,0.530772
0.79,0.07,0.527074
0.79,0.08,0.523869
0.79,0.09,0.521839
0.79,0.1,0.518636
0.79,0.11,0.514635
0.79,0.12,0.512401
0.79,0.13,0.509273
0.79,0.14,0.505461
0.79,0.15,0.50166
0.79,0.16,0.498367
0.79,0.17,0.497382
0.79,0.18,0.49303
0.79,0.19,0.490431
0.79,0.2,0.486987
0.79,0.21,0.484415
0.79,0.22,0.483951
0.79,0.23,0.479877
0.79,0.24,0.476923
0.79,0.25,0.474498
0.79,0.26,0.47153
0.79,0.27,0.469227
0.79,0.28,0.466192
0.79,0.29,0.464868
0.79,0.3,0.463154
0.79,0.31,0.461721
0.79,0.32,0.458518
0.79,0.33,0.457721
0.79,0.34,0.455445
0.79,0.35,0.45381
0.79,0.36,0.452372
0.79,0.37,0.451998
0.79,0.38,0.449788
0.79,0.39,0.44772
0.79,0.4,0.447245
0.79,0.41,0.445625
0.79,0.42,0.444174
0.79,0.43,0.444967
0.79,0.44,0.442884
0.79,0.45,0.443824
0.79,0.46,0.443508
0.79,0.47,0.442218
0.79,0.48,0.441676
0.79,0.49,0.440735
0.79,0.5,0.441772
0.79,0.51,0.442114
0.79,0.52,0.44154
0.79,0.53,0.442739
0.79,0.54,0.443807
0.79,0.55,0.443359
0.79,0.56,0.443841
0.79,0.57,0.444806
0.79,0.58,0.444816
0.79,0.59,0.446152
0.79,0.6,0.44607
0.79,0.61,0.448671
0.79,0.62,0.449774
0.79,0.63,0.450498
0.79,0.64,0.452758
0.79,0.65,0.454365
0.79,0.66,0.455831
0.79,0.67,0.457425
0.79,0.68,0.458434
0.79,0.69,0.461301
0.79,0.7,0.464009
0.79,0.71,0.466567
0.79,0.72,0.466609
0.79,0.73,0.469402
0.79,0.74,0.471641
0.79,0.75,0.474396
0.79,0.76,0.476471
0.79,0.77,0.47923
0.79,0.78,0.482355
0.79,0.79,0.484757
0.79,0.8,0.487478
0.79,0.81,0.489723
0.79,0.82,0.494298
0.79,0.83,0.496412
0.79,0.84,0.49935
0.79,0.85,0.502343
0.79,0.86,0.504261
0.79,0.87,0.509294
0.79,0.88,0.511648
0.79,0.89,0.514732
0.79,0.9,0.517247
0.79,0.91,0.521354
0.79,0.92,0.524234
0.79,0.93,0.527637
0.79,0.94,0.530516
0.79,0.95,0.535263
0.79,0.96,0.535796
0.79,0.97,0.540305
0.79,0.98,0.543407
0.79,0.99,0.546543
0.8,0,0.550647
0.8,0.01,0.548396
0.8,0.02,0.544598
0.8,0.03,0.541324
0.8,0.04,0.538414
0.8,0.05,0.535839
0.8,0.06,0.531884
0.8,0.07,0.529906
0.8,0.08,0.527269
0.8,0.09,0.522719
0.8,0.1,0.520602
0.8,0.11,0.517451
0.8,0.12,0.513881
0.8,0.13,0.510528
0.8,0.14,0.50686
0.8,0.15,0.504256
0.8,0.16,0.501351
0.8,0.17,0.498356
0.8,0.18,0.496916
0.8,0.19,0.492468
0.8,0.2,0.490225
0.8,0.21,0.487475
0.8,0.22,0.486327
0.8,0.23,0.483077
0.8,0.24,0.479989
0.8,0.25,0.477681
0.8,0.26,0.475755
0.8,0.27,0.472813
0.8,0.28,0.470517
0.8,0.29,0.467947
0.8,0.3,0.467391
0.8,0.31,0.46421
0.8,0.32,0.462308
0.8,0.33,0.459796
0.8,0.34,0.459452
0.8,0.35,0.457343
0.8,0.36,0.455938
0.8,0.37,0.454256
0.8,0.38,0.454244
0.8,0.39,0.451685
0.8,0.4,0.452134
0.8,0.41,0.450059
0.8,0.42,0.448791
0.8,0.43,0.447379
0.8,0.44,0.446535
0.8,0.45,0.447656
0.8,0.46,0.446128
0.8,0.47,0.445953
0.8,0.48,0.446593
0.8,0.49,0.445598
0.8,0.5,0.445327
0.8,0.51,0.445931
0.8,0.52,0.446171
0.8,0.53,0.446792
0.8,0.54,0.446755
0.8,0.55,0.446024
0.8,0.56,0.447755
0.8,0.57,0.448771
0.8,0.58,0.448566
0.8,0.59,0.450872
0.8,0.6,0.451522
0.8,0.61,0.45123
0.8,0.62,0.452947
0.8,0.63,0.454066
0.8,0.64,0.456545
0.8,0.65,0.457778
0.8,0.66,0.459321
0.8,0.67,0.461981
0.8,0.68,0.462747
0.8,0.69,0.464208
0.8,0.7,0.468263
0.8,0.71,0.469341
0.8,0.72,0.470746
0.8,0.73,0.473812
0.8,0.74,0.474241
0.8,0.75,0.476709
0.8,0.76,0.479774
0.8,0.77,0.482387
0.8,0.78,0.483234
0.8,0.79,0.487564
0.8,0.8,0.490068
0.8,0.81,0.492918
0.8,0.82,0.495675
0.8,0.83,0.499568
0.8,0.84,0.500611
0.8,0.85,0.505326
0.8,0.86,0.507072
0.8,0.87,0.511924
0.8,0.88,0.513497
0.8,0.89,0.516783
0.8,0.9,0.52043
0.8,0.91,0.523424
0.8,0.92,0.526562
0.8,0.93,0.528901
0.8,0.94,0.532467
0.8,0.95,0.534745
0.8,0.96,0.538393
0.8,0.97,0.541167
0.8,0.98,0.545582
0.8,0.99,0.547661
0.81,0,0.552709
0.81,0.01,0.548851
0.81,0.02,0.546223
0.81,0.03,0.543678
0.81,0.04,0.540103
0.81,0.05,0.53703
0.81,0.06,0.533848
0.81,0.07,0.530268
0.81,0.08,0.527826
0.81,0.09,0.525297
0.81,0.1,0.522977
0.81,0.11,0.518451
0.81,0.12,0.516351
0.81,0.13,0.513836
0.81,0.14,0.509937
0.81,0.15,0.506148
0.81,0.16,0.504653
0.81,0.17,0.500795
0.81,0.18,0.499683
0.81,0.19,0.4956
0.81,0.2,0.493682
0.81,0.21,0.492067
0.81,0.22,0.487078
0.81,0.23,0.484509
0.81,0.24,0.483274
0.81,0.25,0.480481
0.81,0.26,0.478951
0.81,0.27,0.475907
0.81,0.28,0.474077
0.81,0.29,0.473198
0.81,0.3,0.468723
0.81,0.31,0.468098
0.81,0.32,0.466489
0.81,0.33,0.464605
0.81,0.34,0.463401
0.81,0.35,0.461474
0.81,0.36,0.457796
0.81,0.37,0.456767
0.81,0.38,0.456099
0.81,0.39,0.455654
0.81,0.4,0.454492
0.81,0.41,0.45345
0.81,0.42,0.453159
0.81,0.43,0.451501
0.81,0.44,0.451796
0.81,0.45,0.450406
0.81,0.46,0.449416
0.81,0.47,0.44804
0.81,0.48,0.450161
0.81,0.49,0.449463
0.81,0.5,0.4493
0.81,0.51,0.44843
0.81,0.52,0.449036
0.81,0.53,0.449897
0.81,0.54,0.449309
0.81,0.55,0.450746
0.81,0.56,0.452048
0.81,0.57,0.451862
0.81,0.58,0.452723
0.81,0.59,0.453782
0.81,0.6,0.454729
0.81,0.61,0.456633
0.81,0.62,0.45646
0.81,0.63,0.457865
0.81,0.64,0.460593
0.81,0.65,0.460072
0.81,0.66,0.461854
0.81,0.67,0.463408
0.81,0.68,0.466121
0.81,0.69,0.467256
0.81,0.7,0.469531
0.81,0.71,0.471986
0.81,0.72,0.473857
0.81,0.73,0.476147
0.81,0.74,0.476924
0.81,0.75,0.481017
0.81,0.76,0.483036
0.81,0.77,0.483501
0.81,0.78,0.486858
0.81,0.79,0.489519
0.81,0.8,0.492221
0.81,0.81,0.496433
0.81,0.82,0.498379
0.81,0.83,0.500977
0.81,0.84,0.503649
0.81,0.85,0.507728
0.81,0.86,0.508985
0.81,0.87,0.51411
0.81,0.88,0.516114
0.81,0.89,0.519083
0.81,0.9,0.522433
0.81,0.91,0.525211
0.81,0.92,0.527617
0.81,0.93,0.531235
0.81,0.94,0.533697
0.81,0.95,0.537405
0.81,0.96,0.540137
0.81,0.97,0.543617
0.81,0.98,0.546395
0.81,0.99,0.54962
0.82,0,0.554056
0.82,0.01,0.549608
0.82,0.02,0.548991
0.82,0.03,0.544359
0.82,0.04,0.543068
0.82,0.05,0.539021
0.82,0.06,0.535258
0.82,0.07,0.533011
0.82,0.08,0.531452
0.82,0.09,0.5261
0.82,0.1,0.525531
0.82,0.11,0.522326
0.82,0.12,0.518356
0.82,0.13,0.515252
0.82,0.14,0.513774
0.82,0.15,0.509617
0.82,0.16,0.506736
0.82,0.17,0.503734
0.82,0.18,0.501006
0.82,0.19,0.498467
0.82,0.2,0.496368
0.82,0.21,0.492304
0.82,0.22,0.49056
0.82,0.23,0.488491
0.82,0.24,0.486029
0.82,0.25,0.48417
0.82,0.26,0.481403
0.82,0.27,0.47933
0.82,0.28,0.476647
0.82,0.29,0.475177
0.82,0.3,0.472825
0.82,0.31,0.471442
0.82,0.32,0.468734
0.82,0.33,0.46757
0.82,0.34,0.46637
0.82,0.35,0.463954
0.82,0.36,0.463518
0.82,0.37,0.461572
0.82,0.38,0.458885
0.82,0.39,0.460418
0.82,0.4,0.457774
0.82,0.41,0.456855
0.82,0.42,0.456521
0.82,0.43,0.455022
0.82,0.44,0.453858
0.82,0.45,0.454674
0.82,0.46,0.452791
0.82,0.47,0.454544
0.82,0.48,0.451905
0.82,0.49,0.452322
0.82,0.5,0.454546
0.82,0.51,0.452492
0.82,0.52,0.453456
0.82,0.53,0.453487
0.82,0.54,0.455092
0.82,0.55,0.453725
0.82,0.56,0.45436
0.82,0.57,0.454119
0.82,0.58,0.456374
0.82,0.59,0.456517
0.82,0.6,0.458586
0.82,0.61,0.459153
0.82,0.62,0.460018
0.82,0.63,0.460283
0.82,0.64,0.461504
0.82,0.65,0.463435
0.82,0.66,0.464154
0.82,0.67,0.467768
0.82,0.68,0.469017
0.82,0.69,0.470605
0.82,0.7,0.472692
0.82,0.71,0.474799
0.82,0.72,0.477636
0.82,0.73,0.478115
0.82,0.74,0.481941
0.82,0.75,0.484199
0.82,0.76,0.486443
0.82,0.77,0.488206
0.82,0.78,0.488839
0.82,0.79,0.49347
0.82,0.8,0.496381
0.82,0.81,0.498583
0.82,0.82,0.501895
0.82,0.83,0.504189
0.82,0.84,0.507406
0.82,0.85,0.510448
0.82,0.86,0.511303
0.82,0.87,0.5166
0.82,0.88,0.519062
0.82,0.89,0.521412
0.82,0.9,0.524898
0.82,0.91,0.526262
0.82,0.92,0.529275
0.82,0.93,0.534088
0.82,0.94,0.53638
0.82,0.95,0.538772
0.82,0.96,0.542467
0.82,0.97,0.546324
0.82,0.98,0.547954
0.82,0.99,0.551714
0.83,0,0.554886
0.83,0.01,0.551396
0.83,0.02,0.550823
0.83,0.03,0.546497
0.83,0.04,0.543307
0.83,0.05,0.540238
0.83,0.06,0.537801
0.83,0.07,0.534871
0.83,0.08,0.532416
0.83,0.09,0.52935
0.83,0.1,0.527024
0.83,0.11,0.523161
0.83,0.12,0.521131
0.83,0.13,0.517575
0.83,0.14,0.516544
0.83,0.15,0.512113
0.83,0.16,0.509352
0.83,0.17,0.505936
0.83,0.18,0.503008
0.83,0.19,0.501452
0.83,0.2,0.498022
0.83,0.21,0.49568
0.83,0.22,0.493199
0.83,0.23,0.491567
0.83,0.24,0.488515
0.83,0.25,0.486586
0.83,0.26,0.48534
0.83,0.27,0.481557
0.83,0.28,0.479212
0.83,0.29,0.477587
0.83,0.3,0.476582
0.83,0.31,0.474643
0.83,0.32,0.4723
0.83,0.33,0.470765
0.83,0.34,0.469547
0.83,0.35,0.468319
0.83,0.36,0.46581
0.83,0.37,0.46489
0.83,0.38,0.464106
0.83,0.39,0.462928
0.83,0.4,0.461431
0.83,0.41,0.459175
0.83,0.42,0.460333
0.83,0.43,0.458578
0.83,0.44,0.457582
0.83,0.45,0.459068
0.83,0.46,0.457656
0.83,0.47,0.456386
0.83,0.48,0.456158
0.83,0.49,0.456064
0.83,0.5,0.456748
0.83,0.51,0.455916
0.83,0.52,0.457265
0.83,0.53,0.457415
0.83,0.54,0.456525
0.83,0.55,0.457292
0.83,0.56,0.458006
0.83,0.57,0.45804
0.83,0.58,0.459685
0.83,0.59,0.460112
0.83,0.6,0.462346
0.83,0.61,0.462239
0.83,0.62,0.463278
0.83,0.63,0.464543
0.83,0.64,0.465948
0.83,0.65,0.46845
0.83,0.66,0.469471
0.83,0.67,0.470588
0.83,0.68,0.472255
0.83,0.69,0.475311
0.83,0.7,0.477314
0.83,0.71,0.47839
0.83,0.72,0.479605
0.83,0.73,0.481213
0.83,0.74,0.483885
0.83,0.75,0.486181
0.83,0.76,0.488918
0.83,0.77,0.492816
0.83,0.78,0.493255
0.83,0.79,0.496605
0.83,0.8,0.498156
0.83,0.81,0.50101
0.83,0.82,0.503638
0.83,0.83,0.505801
0.83,0.84,0.50915
0.83,0.85,0.511412
0.83,0.86,0.514542
0.83,0.87,0.516868
0.83,0.88,0.520612
0.83,0.89,0.523251
0.83,0.9,0.52711
0.83,0.91,0.530902
0.83,0.92,0.532704
0.83,0.93,0.533815
0.83,0.94,0.538722
0.83,0.95,0.540802
0.83,0.96,0.544279
0.83,0.97,0.546721
0.83,0.98,0.550296
0.83,0.99,0.552084
0.84,0,0.55637
0.84,0.01,0.553975
0.84,0.02,0.550479
0.84,0.03,0.548482
0.84,0.04,0.545865
0.84,0.05,0.542861
0.84,0.06,0.540372
0.84,0.07,0.537816
0.84,0.08,0.534623
0.84,0.09,0.532411
0.84,0.1,0.528662
0.84,0.11,0.526248
0.84,0.12,0.523835
0.84,0.13,0.521188
0.84,0.14,0.517671
0.84,0.15,0.514767
0.84,0.16,0.51232
0.84,0.17,0.510673
0.84,0.18,0.506754
0.84,0.19,0.504233
0.84,0.2,0.500807
0.84,0.21,0.499468
0.84,0.22,0.496414
0.84,0.23,0.494481
0.84,0.24,0.491487
0.84,0.25,0.488944
0.84,0.26,0.486605
0.84,0.27,0.485328
0.84,0.28,0.483933
0.84,0.29,0.481154
0.84,0.3,0.479862
0.84,0.31,0.476883
0.84,0.32,0.475847
0.84,0.33,0.473096
0.84,0.34,0.473035
0.84,0.35,0.471132
0.84,0.36,0.469765
0.84,0.37,0.468574
0.84,0.38,0.46725
0.84,0.39,0.466096
0.84,0.4,0.464542
0.84,0.41,0.464424
0.84,0.42,0.462887
0.84,0.43,0.462145
0.84,0.44,0.46241
0.84,0.45,0.462644
0.84,0.46,0.460893
0.84,0.47,0.461231
0.84,0.48,0.45884
0.84,0.49,0.460636
0.84,0.5,0.459677
0.84,0.51,0.460692
0.84,0.52,0.460027
0.84,0.53,0.460668
0.84,0.54,0.460409
0.84,0.55,0.460972
0.84,0.56,0.46263
0.84,0.57,0.462519
0.84,0.58,0.464411
0.84,0.59,0.464045
0.84,0.6,0.465854
0.84,0.61,0.465154
0.84,0.62,0.467307
0.84,0.63,0.468519
0.84,0.64,0.470515
0.84,0.65,0.471113
0.84,0.66,0.472294
0.84,0.67,0.475174
0.84,0.68,0.475356
0.84,0.69,0.479368
0.84,0.7,0.479873
0.84,0.71,0.482331
0.84,0.72,0.484325
0.84,0.73,0.485627
0.84,0.74,0.487959
0.84,0.75,0.490583
0.84,0.76,0.491679
0.84,0.77,0.494015
0.84,0.78,0.496144
0.84,0.79,0.499617
0.84,0.8,0.501381
0.84,0.81,0.503409
0.84,0.82,0.506117
0.84,0.83,0.510354
0.84,0.84,0.513783
0.84,0.85,0.514028
0.84,0.86,0.516285
0.84,0.87,0.519964
0.84,0.88,0.521875
0.84,0.89,0.526033
0.84,0.9,0.527375
0.84,0.91,0.532124
0.84,0.92,0.534565
0.84,0.93,0.537062
0.84,0.94,0.540308
0.84,0.95,0.542564
0.84,0.96,0.545751
0.84,0.97,0.548802
0.84,0.98,0.550745
0.84,0.99,0.552985
0.85,0,0.557823
0.85,0.01,0.55614
0.85,0.02,0.553876
0.85,0.03,0.55023
0.85,0.04,0.547938
0.85,0.05,0.545258
0.85,0.06,0.542548
0.85,0.07,0.539625
0.85,0.08,0.535455
0.85,0.09,0.533331
0.85,0.1,0.532016
0.85,0.11,0.527146
0.85,0.12,0.525206
0.85,0.13,0.523298
0.85,0.14,0.519522
0.85,0.15,0.517818
0.85,0.16,0.514522
0.85,0.17,0.512021
0.85,0.18,0.510487
0.85,0.19,0.507548
0.85,0.2,0.503434
0.85,0.21,0.501157
0.85,0.22,0.500649
0.85,0.23,0.497856
0.85,0.24,0.495154
0.85,0.25,0.492451
0.85,0.26,0.491149
0.85,0.27,0.488008
0.85,0.28,0.48728
0.85,0.29,0.484175
0.85,0.3,0.483004
0.85,0.31,0.482374
0.85,0.32,0.47948
0.85,0.33,0.476657
0.85,0.34,0.476995
0.85,0.35,0.474958
0.85,0.36,0.473692
0.85,0.37,0.472291
0.85,0.38,0.470222
0.85,0.39,0.469393
0.85,0.4,0.46808
0.85,0.41,0.468084
0.85,0.42,0.467322
0.85,0.43,0.468068
0.85,0.44,0.465289
0.85,0.45,0.465246
0.85,0.46,0.464829
0.85,0.47,0.464272
0.85,0.48,0.463525
0.85,0.49,0.464623
0.85,0.5,0.464742
0.85,0.51,0.463454
0.85,0.52,0.464387
0.85,0.53,0.465037
0.85,0.54,0.464605
0.85,0.55,0.465791
0.85,0.56,0.465596
0.85,0.57,0.466272
0.85,0.58,0.466296
0.85,0.59,0.467014
0.85,0.6,0.468845
0.85,0.61,0.470673
0.85,0.62,0.471849
0.85,0.63,0.472972
0.85,0.64,0.474216
0.85,0.65,0.474721
0.85,0.66,0.47761
0.85,0.67,0.478397
0.85,0.68,0.479343
0.85,0.69,0.481648
0.85,0.7,0.482716
0.85,0.71,0.484083
0.85,0.72,0.487099
0.85,0.73,0.489615
0.85,0.74,0.490612
0.85,0.75,0.493258
0.85,0.76,0.494711
0.85,0.77,0.49791
0.85,0.78,0.500446
0.85,0.79,0.503261
0.85,0.8,0.505743
0.85,0.81,0.506568
0.85,0.82,0.509374
0.85,0.83,0.512761
0.85,0.84,0.515266
0.85,0.85,0.517858
0.85,0.86,0.52004
0.85,0.87,0.52246
0.85,0.88,0.524995
0.85,0.89,0.5282
0.85,0.9,0.531502
0.85,0.91,0.533334
0.85,0.92,0.536223
0.85,0.93,0.539418
0.85,0.94,0.541636
0.85,0.95,0.544812
0.85,0.96,0.548546
0.85,0.97,0.550497
0.85,0.98,0.552663
0.85,0.99,0.555691
0.86,0,0.559174
0.86,0.01,0.557621
0.86,0.02,0.554069
0.86,0.03,0.552837
0.86,0.04,0.550886
0.86,0.05,0.54708
0.86,0.06,0.544151
0.86,0.07,0.541954
0.86,0.08,0.538853
0.86,0.09,0.536579
0.86,0.1,0.534023
0.86,0.11,0.529968
0.86,0.12,0.528515
0.86,0.13,0.525815
0.86,0.14,0.521636
0.86,0.15,0.520162
0.86,0.16,0.517347
0.86,0.17,0.515281
0.86,0.18,0.513268
0.86,0.19,0.510756
0.86,0.2,0.507967
0.86,0.21,0.504947
0.86,0.22,0.503673
0.86,0.23,0.501078
0.86,0.24,0.497465
0.86,0.25,0.496314
0.86,0.26,0.494098
0.86,0.27,0.492602
0.86,0.28,0.490017
0.86,0.29,0.489497
0.86,0.3,0.486787
0.86,0.31,0.484996
0.86,0.32,0.482948
0.86,0.33,0.481288
0.86,0.34,0.480153
0.86,0.35,0.479939
0.86,0.36,0.476822
0.86,0.37,0.47566
0.86,0.38,0.474075
0.86,0.39,0.473256
0.86,0.4,0.471551
0.86,0.41,0.472576
0.86,0.42,0.471229
0.86,0.43,0.471274
0.86,0.44,0.469819
0.86,0.45,0.469916
0.86,0.46,0.468904
0.86,0.47,0.467077
0.86,0.48,0.468687
0.86,0.49,0.467284
0.86,0.5,0.467544
0.86,0.51,0.467548
0.86,0.52,0.467927
0.86,0.53,0.4679
0.86,0.54,0.468588
0.86,0.55,0.469171
0.86,0.56,0.469076
0.86,0.57,0.469153
0.86,0.58,0.471478
0.86,0.59,0.471875
0.86,0.6,0.471451
0.86,0.61,0.47317
0.86,0.62,0.475295
0.86,0.63,0.475854
0.86,0.64,0.47678
0.86,0.65,0.480517
0.86,0.66,0.479587
0.86,0.67,0.481754
0.86,0.68,0.484475
0.86,0.69,0.485226
0.86,0.7,0.486465
0.86,0.71,0.488226
0.86,0.72,0.490387
0.86,0.73,0.492365
0.86,0.74,0.49466
0.86,0.75,0.497103
0.86,0.76,0.49849
0.86,0.77,0.499953
0.86,0.78,0.50321
0.86,0.79,0.505001
0.86,0.8,0.506859
0.86,0.81,0.511014
0.86,0.82,0.511745
0.86,0.83,0.514147
0.86,0.84,0.516785
0.86,0.85,0.521462
0.86,0.86,0.52188
0.86,0.87,0.525335
0.86,0.88,0.52853
0.86,0.89,0.530751
0.86,0.9,0.532368
0.86,0.91,0.536713
0.86,0.92,0.538924
0.86,0.93,0.541794
0.86,0.94,0.544987
0.86,0.95,0.547318
0.86,0.96,0.54885
0.86,0.97,0.551796
0.86,0.98,0.55452
0.86,0.99,0.556947
0.87,0,0.561469
0.87,0.01,0.558683
0.87,0.02,0.558096
0.87,0.03,0.554958
0.87,0.04,0.55109
0.87,0.05,0.548302
0.87,0.06,0.545941
0.87,0.07,0.544095
0.87,0.08,0.541191
0.87,0.09,0.538191
0.87,0.1,0.535395
0.87,0.11,0.532151
0.87,0.12,0.529719
0.87,0.13,0.527546
0.87,0.14,0.525117
0.87,0.15,0.521882
0.87,0.16,0.520537
0.87,0.17,0.518182
0.87,0.18,0.516254
0.87,0.19,0.513301
0.87,0.2,0.511397
0.87,0.21,0.508467
0.87,0.22,0.505547
0.87,0.23,0.504413
0.87,0.24,0.50203
0.87,0.25,0.499728
0.87,0.26,0.497727
0.87,0.27,0.49491
0.87,0.28,0.493666
0.87,0.29,0.492084
0.87,0.3,0.489646
0.87,0.31,0.489742
0.87,0.32,0.487048
0.87,0.33,0.485495
0.87,0.34,0.483224
0.87,0.35,0.482983
0.87,0.36,0.481228
0.87,0.37,0.480595
0.87,0.38,0.479372
0.87,0.39,0.476706
0.87,0.4,0.475921
0.87,0.41,0.475664
0.87,0.42,0.475481
0.87,0.43,0.475043
0.87,0.44,0.473614
0.87,0.45,0.472631
0.87,0.46,0.47335
0.87,0.47,0.472762
0.87,0.48,0.472923
0.87,0.49,0.472251
0.87,0.5,0.471631
0.87,0.51,0.473184
0.87,0.52,0.471687
0.87,0.53,0.472185
0.87,0.54,0.472559
0.87,0.55,0.473186
0.87,0.56,0.47259
0.87,0.57,0.47356
0.87,0.58,0.475375
0.87,0.59,0.475792
0.87,0.6,0.477777
0.87,0.61,0.476661
0.87,0.62,0.478504
0.87,0.63,0.479986
0.87,0.64,0.480674
0.87,0.65,0.481323
0.87,0.66,0.48495
0.87,0.67,0.484975
0.87,0.68,0.486372
0.87,0.69,0.488146
0.87,0.7,0.490604
0.87,0.71,0.491463
0.87,0.72,0.493103
0.87,0.73,0.495075
0.87,0.74,0.497119
0.87,0.75,0.500518
0.87,0.76,0.500986
0.87,0.77,0.503815
0.87,0.78,0.506014
0.87,0.79,0.508258
0.87,0.8,0.510342
0.87,0.81,0.512796
0.87,0.82,0.515786
0.87,0.83,0.517736
0.87,0.84,0.519098
0.87,0.85,0.523667
0.87,0.86,0.525021
0.87,0.87,0.527706
0.87,0.88,0.530376
0.87,0.89,0.532845
0.87,0.9,0.535972
0.87,0.91,0.537172
0.87,0.92,0.541371
0.87,0.93,0.54294
0.87,0.94,0.546071
0.87,0.95,0.548687
0.87,0.96,0.552886
0.87,0.97,0.552933
0.87,0.98,0.555983
0.87,0.99,0.559209
0.88,0,0.562628
0.88,0.01,0.561645
0.88,0.02,0.559219
0.88,0.03,0.556095
0.88,0.04,0.553902
0.88,0.05,0.550513
0.88,0.06,0.548215
0.88,0.07,0.545525
0.88,0.08,0.543981
0.88,0.09,0.539735
0.88,0.1,0.538462
0.88,0.11,0.53558
0.88,0.12,0.532505
0.88,0.13,0.531226
0.88,0.14,0.527874
0.88,0.15,0.525903
0.88,0.16,0.523072
0.88,0.17,0.519547
0.88,0.18,0.518193
0.88,0.19,0.515654
0.88,0.2,0.513418
0.88,0.21,0.511934
0.88,0.22,0.510321
0.88,0.23,0.506499
0.88,0.24,0.504599
0.88,0.25,0.503381
0.88,0.26,0.501839
0.88,0.27,0.499632
0.88,0.28,0.496911
0.88,0.29,0.49596
0.88,0.3,0.493847
0.88,0.31,0.49306
0.88,0.32,0.49111
0.88,0.33,0.488157
0.88,0.34,0.486293
0.88,0.35,0.486071
0.88,0.36,0.48507
0.88,0.37,0.48457
0.88,0.38,0.481863
0.88,0.39,0.48149
0.88,0.4,0.480471
0.88,0.41,0.47908
0.88,0.42,0.47829
0.88,0.43,0.478697
0.88,0.44,0.478332
0.88,0.45,0.477073
0.88,0.46,0.477014
0.88,0.47,0.477377
0.88,0.48,0.475857
0.88,0.49,0.476536
0.88,0.5,0.477113
0.88,0.51,0.476165
0.88,0.52,0.476556
0.88,0.53,0.476363
0.88,0.54,0.476129
0.88,0.55,0.477924
0.88,0.56,0.477747
0.88,0.57,0.477657
0.88,0.58,0.479337
0.88,0.59,0.479799
0.88,0.6,0.480548
0.88,0.61,0.4815
0.88,0.62,0.483376
0.88,0.63,0.483116
0.88,0.64,0.484222
0.88,0.65,0.486026
0.88,0.66,0.486043
0.88,0.67,0.488799
0.88,0.68,0.490698
0.88,0.69,0.492012
0.88,0.7,0.493071
0.88,0.71,0.495042
0.88,0.72,0.496828
0.88,0.73,0.499209
0.88,0.74,0.501238
0.88,0.75,0.503934
0.88,0.76,0.504839
0.88,0.77,0.506446
0.88,0.78,0.508657
0.88,0.79,0.510991
0.88,0.8,0.514024
0.88,0.81,0.517273
0.88,0.82,0.518676
0.88,0.83,0.520821
0.88,0.84,0.524524
0.88,0.85,0.525032
0.88,0.86,0.528601
0.88,0.87,0.531223
0.88,0.88,0.533503
0.88,0.89,0.535518
0.88,0.9,0.537232
0.88,0.91,0.540261
0.88,0.92,0.543003
0.88,0.93,0.545082
0.88,0.94,0.548863
0.88,0.95,0.549923
0.88,0.96,0.552958
0.88,0.97,0.555736
0.88,0.98,0.558496
0.88,0.99,0.5613
0.89,0,0.566002
0.89,0.01,0.56254
0.89,0.02,0.560885
0.89,0.03,0.557826
0.89,0.04,0.555044
0.89,0.05,0.553374
0.89,0.06,0.55048
0.89,0.07,0.548047
0.89,0.08,0.545623
0.89,0.09,0.5436
0.89,0.1,0.541252
0.89,0.11,0.538743
0.89,0.12,0.535656
0.89,0.13,0.533044
0.89,0.14,0.531457
0.89,0.15,0.528108
0.89,0.16,0.52595
0.89,0.17,0.52297
0.89,0.18,0.522124
0.89,0.19,0.518358
0.89,0.2,0.516712
0.89,0.21,0.514503
0.89,0.22,0.512842
0.89,0.23,0.509862
0.89,0.24,0.508146
0.89,0.25,0.505718
0.89,0.26,0.505247
0.89,0.27,0.502278
0.89,0.28,0.500949
0.89,0.29,0.49932
0.89,0.3,0.496941
0.89,0.31,0.494561
0.89,0.32,0.493701
0.89,0.33,0.49174
0.89,0.34,0.491337
0.89,0.35,0.49051
0.89,0.36,0.488939
0.89,0.37,0.487226
0.89,0.38,0.485436
0.89,0.39,0.485618
0.89,0.4,0.485122
0.89,0.41,0.483298
0.89,0.42,0.481741
0.89,0.43,0.481704
0.89,0.44,0.481422
0.89,0.45,0.481515
0.89,0.46,0.480356
0.89,0.47,0.480293
0.89,0.48,0.48021
0.89,0.49,0.479312
0.89,0.5,0.479557
0.89,0.51,0.479688
0.89,0.52,0.479613
0.89,0.53,0.480917
0.89,0.54,0.480536
0.89,0.55,0.481705
0.89,0.56,0.481695
0.89,0.57,0.48181
0.89,0.58,0.483635
0.89,0.59,0.484683
0.89,0.6,0.484737
0.89,0.61,0.484986
0.89,0.62,0.486303
0.89,0.63,0.488434
0.89,0.64,0.488272
0.89,0.65,0.489575
0.89,0.66,0.491201
0.89,0.67,0.49303
0.89,0.68,0.493821
0.89,0.69,0.495292
0.89,0.7,0.497736
0.89,0.71,0.500165
0.89,0.72,0.500496
0.89,0.73,0.50298
0.89,0.74,0.505493
0.89,0.75,0.506502
0.89,0.76,0.50829
0.89,0.77,0.508856
0.89,0.78,0.512477
0.89,0.79,0.515159
0.89,0.8,0.516915
0.89,0.81,0.518105
0.89,0.82,0.520828
0.89,0.83,0.522975
0.89,0.84,0.525305
0.89,0.85,0.528653
0.89,0.86,0.531388
0.89,0.87,0.53275
0.89,0.88,0.535201
0.89,0.89,0.537434
0.89,0.9,0.539519
0.89,0.91,0.542241
0.89,0.92,0.545467
0.89,0.93,0.548749
0.89,0.94,0.55026
0.89,0.95,0.551774
0.89,0.96,0.555275
0.89,0.97,0.557259
0.89,0.98,0.5606
0.89,0.99,0.562869
0.9,0,0.567102
0.9,0.01,0.563461
0.9,0.02,0.561102
0.9,0.03,0.559904
0.9,0.04,0.556993
0.9,0.05,0.555193
0.9,0.06,0.552955
0.9,0.07,0.550059
0.9,0.08,0.547769
0.9,0.09,0.54576
0.9,0.1,0.542806
0.9,0.11,0.541163
0.9,0.12,0.538355
0.9,0.13,0.535842
0.9,0.14,0.534034
0.9,0.15,0.530836
0.9,0.16,0.528253
0.9,0.17,0.525376
0.9,0.18,0.524433
0.9,0.19,0.522564
0.9,0.2,0.52052
0.9,0.21,0.517461
0.9,0.22,0.515249
0.9,0.23,0.514103
0.9,0.24,0.512367
0.9,0.25,0.509971
0.9,0.26,0.50747
0.9,0.27,0.506095
0.9,0.28,0.505049
0.9,0.29,0.501801
0.9,0.3,0.500434
0.9,0.31,0.499836
0.9,0.32,0.497168
0.9,0.33,0.495793
0.9,0.34,0.495199
0.9,0.35,0.494322
0.9,0.36,0.492693
0.9,0.37,0.490193
0.9,0.38,0.490919
0.9,0.39,0.488973
0.9,0.4,0.488651
0.9,0.41,0.488039
0.9,0.42,0.487117
0.9,0.43,0.484883
0.9,0.44,0.485953
0.9,0.45,0.485639
0.9,0.46,0.485609
0.9,0.47,0.485076
0.9,0.48,0.485166
0.9,0.49,0.483858
0.9,0.5,0.483904
0.9,0.51,0.484321
0.9,0.52,0.483429
0.9,0.53,0.484023
0.9,0.54,0.485034
0.9,0.55,0.484724
0.9,0.56,0.486593
0.9,0.57,0.485223
0.9,0.58,0.487098
0.9,0.59,0.487075
0.9,0.6,0.488676
0.9,0.61,0.488358
0.9,0.62,0.489894
0.9,0.63,0.491122
0.9,0.64,0.492056
0.9,0.65,0.4944
0.9,0.66,0.494419
0.9,0.67,0.495974
0.9,0.68,0.497968
0.9,0.69,0.499294
0.9,0.7,0.501375
0.9,0.71,0.502715
0.9,0.72,0.504479
0.9,0.73,0.506509
0.9,0.74,0.509126
0.9,0.75,0.510063
0.9,0.76,0.511612
0.9,0.77,0.513958
0.9,0.78,0.515517
0.9,0.79,0.518019
0.9,0.8,0.519864
0.9,0.81,0.521459
0.9,0.82,0.524597
0.9,0.83,0.527085
0.9,0.84,0.529537
0.9,0.85,0.531278
0.9,0.86,0.533805
0.9,0.87,0.535127
0.9,0.88,0.538941
0.9,0.89,0.5396
0.9,0.9,0.542793
0.9,0.91,0.545298
0.9,0.92,0.548261
0.9,0.93,0.551058
0.9,0.94,0.553456
0.9,0.95,0.554281
0.9,0.96,0.556028
0.9,0.97,0.559159
0.9,0.98,0.561592
0.9,0.99,0.563847
0.91,0,0.568086
0.91,0.01,0.565997
0.91,0.02,0.562906
0.91,0.03,0.561614
0.91,0.04,0.558256
0.91,0.05,0.55706
0.91,0.06,0.554638
0.91,0.07,0.552707
0.91,0.08,0.550104
0.91,0.09,0.547466
0.91,0.1,0.545133
0.91,0.11,0.5414
0.91,0.12,0.540449
0.91,0.13,0.538131
0.91,0.14,0.536701
0.91,0.15,0.533628
0.91,0.16,0.531656
0.91,0.17,0.528749
0.91,0.18,0.527839
0.91,0.19,0.525158
0.91,0.2,0.522054
0.91,0.21,0.520343
0.91,0.22,0.51995
0.91,0.23,0.517501
0.91,0.24,0.515565
0.91,0.25,0.514065
0.91,0.26,0.511742
0.91,0.27,0.507768
0.91,0.28,0.508923
0.91,0.29,0.506306
0.91,0.3,0.504687
0.91,0.31,0.502776
0.91,0.32,0.501403
0.91,0.33,0.500589
0.91,0.34,0.498813
0.91,0.35,0.49733
0.91,0.36,0.49586
0.91,0.37,0.494654
0.91,0.38,0.493253
0.91,0.39,0.493063
0.91,0.4,0.493485
0.91,0.41,0.491675
0.91,0.42,0.491342
0.91,0.43,0.491202
0.91,0.44,0.48935
0.91,0.45,0.488752
0.91,0.46,0.4893
0.91,0.47,0.488328
0.91,0.48,0.487984
0.91,0.49,0.489192
0.91,0.5,0.488936
0.91,0.51,0.487691
0.91,0.52,0.489015
0.91,0.53,0.488784
0.91,0.54,0.488804
0.91,0.55,0.489963
0.91,0.56,0.488909
0.91,0.57,0.489813
0.91,0.58,0.491166
0.91,0.59,0.492111
0.91,0.6,0.492357
0.91,0.61,0.493271
0.91,0.62,0.496079
0.91,0.63,0.4941
0.91,0.64,0.495865
0.91,0.65,0.497101
0.91,0.66,0.49881
0.91,0.67,0.500376
0.91,0.68,0.502887
0.91,0.69,0.504313
0.91,0.7,0.50467
0.91,0.71,0.505878
0.91,0.72,0.507326
0.91,0.73,0.509127
0.91,0.74,0.51161
0.91,0.75,0.513319
0.91,0.76,0.514419
0.91,0.77,0.516769
0.91,0.78,0.518744
0.91,0.79,0.520826
0.91,0.8,0.522739
0.91,0.81,0.525715
0.91,0.82,0.527254
0.91,0.83,0.529921
0.91,0.84,0.531295
0.91,0.85,0.534015
0.91,0.86,0.537325
0.91,0.87,0.538467
0.91,0.88,0.541391
0.91,0.89,0.54225
0.91,0.9,0.545631
0.91,0.91,0.546942
0.91,0.92,0.548806
0.91,0.93,0.552134
0.91,0.94,0.554071
0.91,0.95,0.55712
0.91,0.96,0.559726
0.91,0.97,0.560815
0.91,0.98,0.562767
0.91,0.99,0.566065
0.92,0,0.569931
0.92,0.01,0.566999
0.92,0.02,0.564358
0.92,0.03,0.563562
0.92,0.04,0.561002
0.92,0.05,0.558575
0.92,0.06,0.556221
0.92,0.07,0.553889
0.92,0.08,0.552
0.92,0.09,0.549779
0.92,0.1,0.548702
0.92,0.11,0.545201
0.92,0.12,0.543449
0.92,0.13,0.541158
0.92,0.14,0.53874
0.92,0.15,0.535841
0.92,0.16,0.533626
0.92,0.17,0.532406
0.92,0.18,0.530869
0.92,0.19,0.527467
0.92,0.2,0.526495
0.92,0.21,0.523313
0.92,0.22,0.522205
0.92,0.23,0.520786
0.92,0.24,0.518152
0.92,0.25,0.516017
0.92,0.26,0.51496
0.92,0.27,0.512518
0.92,0.28,0.511131
0.92,0.29,0.510545
0.92,0.3,0.508619
0.92,0.31,0.506172
0.92,0.32,0.504189
0.92,0.33,0.504364
0.92,0.34,0.502867
0.92,0.35,0.500895
0.92,0.36,0.50017
0.92,0.37,0.498844
0.92,0.38,0.497614
0.92,0.39,0.49682
0.92,0.4,0.496531
0.92,0.41,0.496751
0.92,0.42,0.494127
0.92,0.43,0.494341
0.92,0.44,0.492969
0.92,0.45,0.493565
0.92,0.46,0.493255
0.92,0.47,0.492392
0.92,0.48,0.492536
0.92,0.49,0.49125
0.92,0.5,0.491577
0.92,0.51,0.49261
0.92,0.52,0.493003
0.92,0.53,0.492424
0.92,0.54,0.493527
0.92,0.55,0.493593
0.92,0.56,0.494594
0.92,0.57,0.494294
0.92,0.58,0.494688
0.92,0.59,0.496614
0.92,0.6,0.496541
0.92,0.61,0.497363
0.92,0.62,0.497345
0.92,0.63,0.498622
0.92,0.64,0.49991
0.92,0.65,0.501619
0.92,0.66,0.502877
0.92,0.67,0.503762
0.92,0.68,0.504595
0.92,0.69,0.50727
0.92,0.7,0.508057
0.92,0.71,0.509343
0.92,0.72,0.512115
0.92,0.73,0.512751
0.92,0.74,0.515559
0.92,0.75,0.515309
0.92,0.76,0.517309
0.92,0.77,0.520142
0.92,0.78,0.522477
0.92,0.79,0.525121
0.92,0.8,0.526015
0.92,0.81,0.528824
0.92,0.82,0.529551
0.92,0.83,0.532824
0.92,0.84,0.535477
0.92,0.85,0.536345
0.92,0.86,0.53942
0.92,0.87,0.540987
0.92,0.88,0.543166
0.92,0.89,0.545049
0.92,0.9,0.547562
0.92,0.91,0.550656
0.92,0.92,0.5525
0.92,0.93,0.553833
0.92,0.94,0.557526
0.92,0.95,0.557951
0.92,0.96,0.560185
0.92,0.97,0.562683
0.92,0.98,0.565641
0.92,0.99,0.567285
0.93,0,0.570661
0.93,0.01,0.568979
0.93,0.02,0.567437
0.93,0.03,0.56548
0.93,0.04,0.563204
0.93,0.05,0.561155
0.93,0.06,0.557967
0.93,0.07,0.5567
0.93,0.08,0.555042
0.93,0.09,0.552619
0.93,0.1,0.549846
0.93,0.11,0.547371
0.93,0.12,0.545008
0.93,0.13,0.543353
0.93,0.14,0.541861
0.93,0.15,0.539913
0.93,0.16,0.536851
0.93,0.17,0.534726
0.93,0.18,0.53317
0.93,0.19,0.531277
0.93,0.2,0.529116
0.93,0.21,0.52771
0.93,0.22,0.524975
0.93,0.23,0.52345
0.93,0.24,0.521714
0.93,0.25,0.521029
0.93,0.26,0.518602
0.93,0.27,0.515952
0.93,0.28,0.515451
0.93,0.29,0.513486
0.93,0.3,0.512505
0.93,0.31,0.510095
0.93,0.32,0.509028
0.93,0.33,0.508439
0.93,0.34,0.506434
0.93,0.35,0.50596
0.93,0.36,0.504592
0.93,0.37,0.502829
0.93,0.38,0.502307
0.93,0.39,0.500899
0.93,0.4,0.501109
0.93,0.41,0.500182
0.93,0.42,0.498921
0.93,0.43,0.499376
0.93,0.44,0.497332
0.93,0.45,0.496873
0.93,0.46,0.49724
0.93,0.47,0.496581
0.93,0.48,0.496389
0.93,0.49,0.495706
0.93,0.5,0.496598
0.93,0.51,0.49545
0.93,0.52,0.496289
0.93,0.53,0.497233
0.93,0.54,0.497109
0.93,0.55,0.496691
0.93,0.56,0.497823
0.93,0.57,0.498435
0.93,0.58,0.500048
0.93,0.59,0.500255
0.93,0.6,0.499214
0.93,0.61,0.500796
0.93,0.62,0.502875
0.93,0.63,0.504314
0.93,0.64,0.503404
0.93,0.65,0.505404
0.93,0.66,0.50709
0.93,0.67,0.507935
0.93,0.68,0.510133
0.93,0.69,0.509881
0.93,0.7,0.511303
0.93,0.71,0.514679
0.93,0.72,0.515731
0.93,0.73,0.516534
0.93,0.74,0.518156
0.93,0.75,0.520342
0.93,0.76,0.522108
0.93,0.77,0.52298
0.93,0.78,0.52529
0.93,0.79,0.528037
0.93,0.8,0.528963
0.93,0.81,0.531935
0.93,0.82,0.533583
0.93,0.83,0.534726
0.93,0.84,0.536546
0.93,0.85,0.539883
0.93,0.86,0.541474
0.93,0.87,0.543104
0.93,0.88,0.545574
0.93,0.89,0.548082
0.93,0.9,0.550192
0.93,0.91,0.552763
0.93,0.92,0.554521
0.93,0.93,0.55645
0.93,0.94,0.558399
0.93,0.95,0.562137
0.93,0.96,0.562416
0.93,0.97,0.565053
0.93,0.98,0.566168
0.93,0.99,0.569086
0.94,0,0.572917
0.94,0.01,0.570951
0.94,0.02,0.56838
0.94,0.03,0.565817
0.94,0.04,0.565507
0.94,0.05,0.562661
0.94,0.06,0.560889
0.94,0.07,0.55844
0.94,0.08,0.557391
0.94,0.09,0.554502
0.94,0.1,0.552304
0.94,0.11,0.551511
0.94,0.12,0.547065
0.94,0.13,0.546779
0.94,0.14,0.544308
0.94,0.15,0.542125
0.94,0.16,0.541661
0.94,0.17,0.53904
0.94,0.18,0.536479
0.94,0.19,0.535293
0.94,0.2,0.531783
0.94,0.21,0.5293
0.94,0.22,0.527546
0.94,0.23,0.527237
0.94,0.24,0.525384
0.94,0.25,0.523512
0.94,0.26,0.522563
0.94,0.27,0.518478
0.94,0.28,0.518072
0.94,0.29,0.517537
0.94,0.3,0.51621
0.94,0.31,0.513376
0.94,0.32,0.512111
0.94,0.33,0.511345
0.94,0.34,0.510286
0.94,0.35,0.509435
0.94,0.36,0.508169
0.94,0.37,0.506055
0.94,0.38,0.505601
0.94,0.39,0.505198
0.94,0.4,0.505321
0.94,0.41,0.503995
0.94,0.42,0.502907
0.94,0.43,0.502476
0.94,0.44,0.501877
0.94,0.45,0.502496
0.94,0.46,0.500929
0.94,0.47,0.501455
0.94,0.48,0.500578
0.94,0.49,0.500457
0.94,0.5,0.501468
0.94,0.51,0.500771
0.94,0.52,0.500317
0.94,0.53,0.500031
0.94,0.54,0.501345
0.94,0.55,0.50197
0.94,0.56,0.50253
0.94,0.57,0.502867
0.94,0.58,0.503064
0.94,0.59,0.503901
0.94,0.6,0.505337
0.94,0.61,0.505323
0.94,0.62,0.505666
0.94,0.63,0.506822
0.94,0.64,0.50887
0.94,0.65,0.510295
0.94,0.66,0.510546
0.94,0.67,0.511942
0.94,0.68,0.5131
0.94,0.69,0.514118
0.94,0.7,0.516533
0.94,0.71,0.516454
0.94,0.72,0.517334
0.94,0.73,0.520508
0.94,0.74,0.521995
0.94,0.75,0.523015
0.94,0.76,0.524906
0.94,0.77,0.527081
0.94,0.78,0.529061
0.94,0.79,0.530327
0.94,0.8,0.531838
0.94,0.81,0.535312
0.94,0.82,0.535101
0.94,0.83,0.538353
0.94,0.84,0.540268
0.94,0.85,0.543153
0.94,0.86,0.542416
0.94,0.87,0.546714
0.94,0.88,0.548295
0.94,0.89,0.54932
0.94,0.9,0.551668
0.94,0.91,0.553926
0.94,0.92,0.557162
0.94,0.93,0.558825
0.94,0.94,0.560649
0.94,0.95,0.562875
0.94,0.96,0.565106
0.94,0.97,0.566048
0.94,0.98,0.567469
0.94,0.99,0.571791
0.95,0,0.57283
0.95,0.01,0.572106
0.95,0.02,0.571123
0.95,0.03,0.568447
0.95,0.04,0.565826
0.95,0.05,0.564395
0.95,0.06,0.562108
0.95,0.07,0.560861
0.95,0.08,0.559078
0.95,0.09,0.556674
0.95,0.1,0.554486
0.95,0.11,0.553073
0.95,0.12,0.550412
0.95,0.13,0.547935
0.95,0.14,0.546333
0.95,0.15,0.544951
0.95,0.16,0.5422
0.95,0.17,0.540784
0.95,0.18,0.539602
0.95,0.19,0.537794
0.95,0.2,0.535991
0.95,0.21,0.534238
0.95,0.22,0.532256
0.95,0.23,0.530654
0.95,0.24,0.52817
0.95,0.25,0.527089
0.95,0.26,0.524306
0.95,0.27,0.523027
0.95,0.28,0.52096
0.95,0.29,0.52095
0.95,0.3,0.520134
0.95,0.31,0.51912
0.95,0.32,0.516083
0.95,0.33,0.516902
0.95,0.34,0.514149
0.95,0.35,0.5136
0.95,0.36,0.512649
0.95,0.37,0.51056
0.95,0.38,0.510716
0.95,0.39,0.509305
0.95,0.4,0.508736
0.95,0.41,0.507712
0.95,0.42,0.507322
0.95,0.43,0.506776
0.95,0.44,0.505932
0.95,0.45,0.506004
0.95,0.46,0.505096
0.95,0.47,0.50486
0.95,0.48,0.505986
0.95,0.49,0.50435
0.95,0.5,0.505
0.95,0.51,0.504928
0.95,0.52,0.5049
0.95,0.53,0.505195
0.95,0.54,0.506211
0.95,0.55,0.505879
0.95,0.56,0.504687
0.95,0.57,0.506655
0.95,0.58,0.506273
0.95,0.59,0.509105
0.95,0.6,0.508223
0.95,0.61,0.510039
0.95,0.62,0.509462
0.95,0.63,0.510544
0.95,0.64,0.511483
0.95,0.65,0.513949
0.95,0.66,0.5139
0.95,0.67,0.515185
0.95,0.68,0.516845
0.95,0.69,0.518069
0.95,0.7,0.519497
0.95,0.71,0.520855
0.95,0.72,0.522077
0.95,0.73,0.523889
0.95,0.74,0.524913
0.95,0.75,0.527024
0.95,0.76,0.528811
0.95,0.77,0.530144
0.95,0.78,0.531055
0.95,0.79,0.533385
0.95,0.8,0.535172
0.95,0.81,0.537701
0.95,0.82,0.539676
0.95,0.83,0.541184
0.95,0.84,0.543183
0.95,0.85,0.545882
0.95,0.86,0.546131
0.95,0.87,0.548803
0.95,0.88,0.550615
0.95,0.89,0.551997
0.95,0.9,0.554066
0.95,0.91,0.557222
0.95,0.92,0.558518
0.95,0.93,0.560288
0.95,0.94,0.563178
0.95,0.95,0.56399
0.95,0.96,0.566705
0.95,0.97,0.567493
0.95,0.98,0.570447
0.95,0.99,0.571429
0.96,0,0.57523
0.96,0.01,0.574447
0.96,0.02,0.571996
0.96,0.03,0.570146
0.96,0.04,0.568537
0.96,0.05,0.565997
0.96,0.06,0.564747
0.96,0.07,0.563322
0.96,0.08,0.560351
0.96,0.09,0.558713
0.96,0.1,0.55594
0.96,0.11,0.555285
0.96,0.12,0.553405
0.96,0.13,0.551393
0.96,0.14,0.549528
0.96,0.15,0.54572
0.96,0.16,0.545156
0.96,0.17,0.543318
0.96,0.18,0.542023
0.96,0.19,0.54027
0.96,0.2,0.538112
0.96,0.21,0.537388
0.96,0.22,0.534148
0.96,0.23,0.534069
0.96,0.24,0.532469
0.96,0.25,0.530298
0.96,0.26,0.528661
0.96,0.27,0.527108
0.96,0.28,0.525214
0.96,0.29,0.524
0.96,0.3,0.5232
0.96,0.31,0.52086
0.96,0.32,0.519816
0.96,0.33,0.51942
0.96,0.34,0.519401
0.96,0.35,0.515957
0.96,0.36,0.515706
0.96,0.37,0.515144
0.96,0.38,0.513154
0.96,0.39,0.513329
0.96,0.4,0.512163
0.96,0.41,0.512333
0.96,0.42,0.511753
0.96,0.43,0.510756
0.96,0.44,0.510606
0.96,0.45,0.510213
0.96,0.46,0.509841
0.96,0.47,0.509276
0.96,0.48,0.509111
0.96,0.49,0.508596
0.96,0.5,0.509358
0.96,0.51,0.508574
0.96,0.52,0.509579
0.96,0.53,0.508718
0.96,0.54,0.510027
0.96,0.55,0.509893
0.96,0.56,0.510456
0.96,0.57,0.51063
0.96,0.58,0.51063
0.96,0.59,0.512245
0.96,0.6,0.511808
0.96,0.61,0.514012
0.96,0.62,0.514578
0.96,0.63,0.515003
0.96,0.64,0.517072
0.96,0.65,0.518193
0.96,0.66,0.519113
0.96,0.67,0.519684
0.96,0.68,0.518942
0.96,0.69,0.521883
0.96,0.7,0.522884
0.96,0.71,0.524301
0.96,0.72,0.525503
0.96,0.73,0.527758
0.96,0.74,0.53003
0.96,0.75,0.530376
0.96,0.76,0.531953
0.96,0.77,0.53333
0.96,0.78,0.534986
0.96,0.79,0.536795
0.96,0.8,0.537871
0.96,0.81,0.54146
0.96,0.82,0.541733
0.96,0.83,0.543439
0.96,0.84,0.546837
0.96,0.85,0.546885
0.96,0.86,0.549567
0.96,0.87,0.551152
0.96,0.88,0.554223
0.96,0.89,0.555009
0.96,0.9,0.55753
0.96,0.91,0.558987
0.96,0.92,0.561497
0.96,0.93,0.562212
0.96,0.94,0.563775
0.96,0.95,0.566074
0.96,0.96,0.569114
0.96,0.97,0.570737
0.96,0.98,0.571438
0.96,0.99,0.572682
0.97,0,0.576801
0.97,0.01,0.575332
0.97,0.02,0.573269
0.97,0.03,0.571016
0.97,0.04,0.570495
0.97,0.05,0.568954
0.97,0.06,0.565815
0.97,0.07,0.564888
0.97,0.08,0.56323
0.97,0.09,0.560999
0.97,0.1,0.560334
0.97,0.11,0.557653
0.97,0.12,0.55595
0.97,0.13,0.553805
0.97,0.14,0.552145
0.97,0.15,0.550197
0.97,0.16,0.547779
0.97,0.17,0.547292
0.97,0.18,0.545707
0.97,0.19,0.544241
0.97,0.2,0.541301
0.97,0.21,0.541042
0.97,0.22,0.538158
0.97,0.23,0.536452
0.97,0.24,0.53509
0.97,0.25,0.533324
0.97,0.26,0.531574
0.97,0.27,0.529779
0.97,0.28,0.530206
0.97,0.29,0.528721
0.97,0.3,0.526716
0.97,0.31,0.525021
0.97,0.32,0.525117
0.97,0.33,0.522592
0.97,0.34,0.52261
0.97,0.35,0.52145
0.97,0.36,0.520726
0.97,0.37,0.518433
0.97,0.38,0.51842
0.97,0.39,0.518031
0.97,0.4,0.516882
0.97,0.41,0.515386
0.97,0.42,0.515952
0.97,0.43,0.514641
0.97,0.44,0.515294
0.97,0.45,0.513437
0.97,0.46,0.513636
0.97,0.47,0.512974
0.97,0.48,0.513586
0.97,0.49,0.513234
0.97,0.5,0.51389
0.97,0.51,0.513149
0.97,0.52,0.512294
0.97,0.53,0.512541
0.97,0.54,0.513398
0.97,0.55,0.51384
0.97,0.56,0.514259
0.97,0.57,0.514432
0.97,0.58,0.515272
0.97,0.59,0.514587
0.97,0.6,0.517055
0.97,0.61,0.516414
0.97,0.62,0.518188
0.97,0.63,0.518328
0.97,0.64,0.520643
0.97,0.65,0.520438
0.97,0.66,0.521747
0.97,0.67,0.521795
0.97,0.68,0.524177
0.97,0.69,0.525034
0.97,0.7,0.52633
0.97,0.71,0.527705
0.97,0.72,0.528667
0.97,0.73,0.530936
0.97,0.74,0.532531
0.97,0.75,0.533238
0.97,0.76,0.535462
0.97,0.77,0.536097
0.97,0.78,0.538084
0.97,0.79,0.539913
0.97,0.8,0.541242
0.97,0.81,0.542919
0.97,0.82,0.544227
0.97,0.83,0.546624
0.97,0.84,0.548864
0.97,0.85,0.550121
0.97,0.86,0.551106
0.97,0.87,0.554163
0.97,0.88,0.555498
0.97,0.89,0.557938
0.97,0.9,0.559788
0.97,0.91,0.561232
0.97,0.92,0.562083
0.97,0.93,0.565278
0.97,0.94,0.565695
0.97,0.95,0.568336
0.97,0.96,0.5703
0.97,0.97,0.572035
0.97,0.98,0.574286
0.97,0.99,0.574927
0.98,0,0.578805
0.98,0.01,0.576658
0.98,0.02,0.574737
0.98,0.03,0.573681
0.98,0.04,0.572037
0.98,0.05,0.570303
0.98,0.06,0.568834
0.98,0.07,0.566164
0.98,0.08,0.565175
0.98,0.09,0.564039
0.98,0.1,0.562004
0.98,0.11,0.560586
0.98,0.12,0.558381
0.98,0.13,0.555793
0.98,0.14,0.554847
0.98,0.15,0.553381
0.98,0.16,0.551315
0.98,0.17,0.549479
0.98,0.18,0.547697
0.98,0.19,0.546586
0.98,0.2,0.543532
0.98,0.21,0.542913
0.98,0.22,0.541185
0.98,0.23,0.539663
0.98,0.24,0.53833
0.98,0.25,0.537473
0.98,0.26,0.535406
0.98,0.27,0.533938
0.98,0.28,0.531436
0.98,0.29,0.531392
0.98,0.3,0.530602
0.98,0.31,0.529573
0.98,0.32,0.526976
0.98,0.33,0.52607
0.98,0.34,0.524186
0.98,0.35,0.524937
0.98,0.36,0.524476
0.98,0.37,0.521621
0.98,0.38,0.522459
0.98,0.39,0.520969
0.98,0.4,0.52045
0.98,0.41,0.520212
0.98,0.42,0.52021
0.98,0.43,0.519174
0.98,0.44,0.518992
0.98,0.45,0.517789
0.98,0.46,0.518137
0.98,0.47,0.517166
0.98,0.48,0.516225
0.98,0.49,0.516969
0.98,0.5,0.517882
0.98,0.51,0.517475
0.98,0.52,0.516875
0.98,0.53,0.516904
0.98,0.54,0.517946
0.98,0.55,0.518446
0.98,0.56,0.517678
0.98,0.57,0.520077
0.98,0.58,0.519171
0.98,0.59,0.520097
0.98,0.6,0.520893
0.98,0.61,0.522565
0.98,0.62,0.521589
0.98,0.63,0.5238
0.98,0.64,0.5233
0.98,0.65,0.525081
0.98,0.66,0.525551
0.98,0.67,0.526144
0.98,0.68,0.527927
0.98,0.69,0.529206
0.98,0.7,0.528966
0.98,0.71,0.531905
0.98,0.72,0.533373
0.98,0.73,0.534507
0.98,0.74,0.535931
0.98,0.75,0.536163
0.98,0.76,0.537902
0.98,0.77,0.540611
0.98,0.78,0.541476
0.98,0.79,0.54355
0.98,0.8,0.545098
0.98,0.81,0.546207
0.98,0.82,0.548932
0.98,0.83,0.550186
0.98,0.84,0.551509
0.98,0.85,0.552506
0.98,0.86,0.553932
0.98,0.87,0.557315
0.98,0.88,0.557529
0.98,0.89,0.560094
0.98,0.9,0.561477
0.98,0.91,0.563027
0.98,0.92,0.566229
0.98,0.93,0.56715
0.98,0.94,0.568326
0.98,0.95,0.569385
0.98,0.96,0.571776
0.98,0.97,0.573066
0.98,0.98,0.575141
0.98,0.99,0.576847
0.99,0,0.579445
0.99,0.01,0.578145
0.99,0.02,0.576797
0.99,0.03,0.574866
0.99,0.04,0.573873
0.99,0.05,0.570946
0.99,0.06,0.570881
0.99,0.07,0.569047
0.99,0.08,0.567067
0.99,0.09,0.565951
0.99,0.1,0.563773
0.99,0.11,0.562819
0.99,0.12,0.559669
0.99,0.13,0.559639
0.99,0.14,0.55783
0.99,0.15,0.555019
0.99,0.16,0.554323
0.99,0.17,0.553509
0.99,0.18,0.5512
0.99,0.19,0.549008
0.99,0.2,0.547139
0.99,0.21,0.547251
0.99,0.22,0.544806
0.99,0.23,0.543077
0.99,0.24,0.540982
0.99,0.25,0.539934
0.99,0.26,0.539745
0.99,0.27,0.536819
0.99,0.28,0.535595
0.99,0.29,0.535834
0.99,0.3,0.53338
0.99,0.31,0.532781
0.99,0.32,0.531721
0.99,0.33,0.530341
0.99,0.34,0.529417
0.99,0.35,0.527904
0.99,0.36,0.52664
0.99,0.37,0.52677
0.99,0.38,0.525821
0.99,0.39,0.524887
0.99,0.4,0.524535
0.99,0.41,0.525114
0.99,0.42,0.521799
0.99,0.43,0.52342
0.99,0.44,0.52267
0.99,0.45,0.52108
0.99,0.46,0.522105
0.99,0.47,0.521631
0.99,0.48,0.521959
0.99,0.49,0.520758
0.99,0.5,0.521081
0.99,0.51,0.521396
0.99,0.52,0.522152
0.99,0.53,0.522345
0.99,0.54,0.522474
0.99,0.55,0.521551
0.99,0.56,0.522011
0.99,0.57,0.521612
0.99,0.58,0.523279
0.99,0.59,0.524183
0.99,0.6,0.523734
0.99,0.61,0.526175
0.99,0.62,0.525423
0.99,0.63,0.525818
0.99,0.64,0.52775
0.99,0.65,0.527862
0.99,0.66,0.529452
0.99,0.67,0.53012
0.99,0.68,0.531469
0.99,0.69,0.533845
0.99,0.7,0.533292
0.99,0.71,0.535211
0.99,0.72,0.536409
0.99,0.73,0.537943
0.99,0.74,0.539904
0.99,0.75,0.539726
0.99,0.76,0.541896
0.99,0.77,0.542146
0.99,0.78,0.544928
0.99,0.79,0.545851
0.99,0.8,0.547655
0.99,0.81,0.550447
0.99,0.82,0.551393
0.99,0.83,0.552731
0.99,0.84,0.552819
0.99,0.85,0.555962
0.99,0.86,0.557537
0.99,0.87,0.558136
0.99,0.88,0.561275
0.99,0.89,0.562548
0.99,0.9,0.563924
0.99,0.91,0.565821
0.99,0.92,0.568001
0.99,0.93,0.569086
0.99,0.94,0.569691
0.99,0.95,0.572773
0.99,0.96,0.572912
0.99,0.97,0.575776
0.99,0.98,0.57613
0.99,0.99,0.57753
