r,theta,mass
0,0,0.578166
0,0.01,0.578352
0,0.02,0.578576
0,0.03,0.577681
0,0.04,0.578697
0,0.05,0.57765
0,0.06,0.57957
0,0.07,0.578332
0,0.08,0.57805
0,0.09,0.57835
0,0.1,0.578619
0,0.11,0.577864
0,0.12,0.578495
0,0.13,0.578004
0,0.14,0.577521
0,0.15,0.57859
0,0.16,0.578482
0,0.17,0.57735
0,0.18,0.578262
0,0.19,0.577533
0,0.2,0.577614
0,0.21,0.577771
0,0.22,0.578518
0,0.23,0.578053
0,0.24,0.578902
0,0.25,0.578656
0,0.26,0.578628
0,0.27,0.578392
0,0.28,0.578815
0,0.29,0.578625
0,0.3,0.579284
0,0.31,0.577917
0,0.32,0.57811
0,0.33,0.578092
0,0.34,0.578291
0,0.35,0.579183
0,0.36,0.578995
0,0.37,0.578707
0,0.38,0.579412
0,0.39,0.577759
0,0.4,0.578563
0,0.41,0.578349
0,0.42,0.578901
0,0.43,0.578704
0,0.44,0.578819
0,0.45,0.578631
0,0.46,0.578801
0,0.47,0.577759
0,0.48,0.577821
0,0.49,0.578134
0,0.5,0.578274
0,0.51,0.579697
0,0.52,0.577802
0,0.53,0.579205
0,0.54,0.578859
0,0.55,0.578365
0,0.56,0.578953
0,0.57,0.57813
0,0.58,0.578316
0,0.59,0.577627
0,0.6,0.578407
0,0.61,0.578083
0,0.62,0.577585
0,0.63,0.579244
0,0.64,0.578715
0,0.65,0.577653
0,0.66,0.577456
0,0.67,0.578113
0,0.68,0.579105
0,0.69,0.577744
0,0.7,0.577545
0,0.71,0.578105
0,0.72,0.578146
0,0.73,0.578166
0,0.74,0.578645
0,0.75,0.579011
0,0.76,0.577626
0,0.77,0.578009
0,0.78,0.578221
0.01,0,0.574253
0.01,0.01,0.574655
0.01,0.02,0.574985
0.01,0.03,0.573427
0.01,0.04,0.575515
0.01,0.05,0.574554
0.01,0.06,0.574474
0.01,0.07,0.573871
0.01,0.08,0.574341
0.01,0.09,0.574692
0.01,0.1,0.574637
0.01,0.11,0.573696
0.01,0.12,0.57434
0.01,0.13,0.574311
0.01,0.14,0.573782
0.01,0.15,0.574405
0.01,0.16,0.57406
0.01,0.17,0.574135
0.01,0.18,0.574804
0.01,0.19,0.574061
0.01,0.2,0.573669
0.01,0.21,0.572822
0.01,0.22,0.573174
0.01,0.23,0.574244
0.01,0.24,0.573387
0.01,0.25,0.574062
0.01,0.26,0.574996
0.01,0.27,0.574733
0.01,0.28,0.574159
0.01,0.29,0.57399
0.01,0.3,0.574123
0.01,0.31,0.5738
0.01,0.32,0.573887
0.01,0.33,0.575014
0.01,0.34,0.573173
0.01,0.35,0.573927
0.01,0.36,0.574625
0.01,0.37,0.574171
0.01,0.38,0.574353
0.01,0.39,0.574662
0.01,0.4,0.574772
0.01,0.41,0.573809
0.01,0.42,0.573801
0.01,0.43,0.57497
0.01,0.44,0.573446
0.01,0.45,0.57286
0.01,0.46,0.574206
0.01,0.47,0.573787
0.01,0.48,0.574011
0.01,0.49,0.574665
0.01,0.5,0.57406
0.01,0.51,0.573899
0.01,0.52,0.573601
0.01,0.53,0.574508
0.01,0.54,0.574505
0.01,0.55,0.573968
0.01,0.56,0.574491
0.01,0.57,0.574539
0.01,0.58,0.574179
0.01,0.59,0.573797
0.01,0.6,0.574217
0.01,0.61,0.57369
0.01,0.62,0.573498
0.01,0.63,0.574373
0.01,0.64,0.574533
0.01,0.65,0.573922
0.01,0.66,0.574495
0.01,0.67,0.574076
0.01,0.68,0.574013
0.01,0.69,0.574905
0.01,0.7,0.574461
0.01,0.71,0.57473
0.01,0.72,0.574342
0.01,0.73,0.574696
0.01,0.74,0.574023
0.01,0.75,0.574591
0.01,0.76,0.574426
0.01,0.77,0.57519
0.01,0.78,0.574968
0.02,0,0.570681
0.02,0.01,0.57014
0.02,0.02,0.57133
0.02,0.03,0.569926
0.02,0.04,0.569948
0.02,0.05,0.570077
0.02,0.06,0.569049
0.02,0.07,0.569257
0.02,0.08,0.570006
0.02,0.09,0.569407
0.02,0.1,0.569628
0.02,0.11,0.570355
0.02,0.12,0.570337
0.02,0.13,0.569684
0.02,0.14,0.569571
0.02,0.15,0.569374
0.02,0.16,0.569987
0.02,0.17,0.56986
0.02,0.18,0.569882
0.02,0.19,0.570434
0.02,0.2,0.569369
0.02,0.21,0.570032
0.02,0.22,0.569379
0.02,0.23,0.568524
0.02,0.24,0.569777
0.02,0.25,0.570572
0.02,0.26,0.570009
0.02,0.27,0.569127
0.02,0.28,0.567902
0.02,0.29,0.570511
0.02,0.3,0.569762
0.02,0.31,0.569041
0.02,0.32,0.570081
0.02,0.33,0.570027
0.02,0.34,0.570258
0.02,0.35,0.569576
0.02,0.36,0.569906
0.02,0.37,0.569437
0.02,0.38,0.569122
0.02,0.39,0.569922
0.02,0.4,0.568771
0.02,0.41,0.570385
0.02,0.42,0.569576
0.02,0.43,0.569115
0.02,0.44,0.569306
0.02,0.45,0.569625
0.02,0.46,0.569663
0.02,0.47,0.570104
0.02,0.48,0.569517
0.02,0.49,0.569977
0.02,0.5,0.569482
0.02,0.51,0.569112
0.02,0.52,0.569202
0.02,0.53,0.570453
0.02,0.54,0.570391
0.02,0.55,0.570125
0.02,0.56,0.570579
0.02,0.57,0.569746
0.02,0.58,0.568695
0.02,0.59,0.570053
0.02,0.6,0.569507
0.02,0.61,0.570458
0.02,0.62,0.569995
0.02,0.63,0.569639
0.02,0.64,0.569663
0.02,0.65,0.569741
0.02,0.66,0.569435
0.02,0.67,0.570433
0.02,0.68,0.569169
0.02,0.69,0.570205
0.02,0.7,0.569911
0.02,0.71,0.570668
0.02,0.72,0.570869
0.02,0.73,0.569581
0.02,0.74,0.569852
0.02,0.75,0.57018
0.02,0.76,0.5709
0.02,0.77,0.570781
0.02,0.78,0.570613
0.03,0,0.567746
0.03,0.01,0.566818
0.03,0.02,0.566005
0.03,0.03,0.566761
0.03,0.04,0.566069
0.03,0.05,0.565892
0.03,0.06,0.566716
0.03,0.07,0.565406
0.03,0.08,0.565378
0.03,0.09,0.566375
0.03,0.1,0.564823
0.03,0.11,0.564254
0.03,0.12,0.565291
0.03,0.13,0.565493
0.03,0.14,0.566464
0.03,0.15,0.566188
0.03,0.16,0.565583
0.03,0.17,0.565563
0.03,0.18,0.565209
0.03,0.19,0.565102
0.03,0.2,0.566565
0.03,0.21,0.566053
0.03,0.22,0.564722
0.03,0.23,0.564962
0.03,0.24,0.566009
0.03,0.25,0.565653
0.03,0.26,0.565664
0.03,0.27,0.564787
0.03,0.28,0.565316
0.03,0.29,0.564444
0.03,0.3,0.56396
0.03,0.31,0.56453
0.03,0.32,0.566343
0.03,0.33,0.565795
0.03,0.34,0.565545
0.03,0.35,0.564545
0.03,0.36,0.565406
0.03,0.37,0.564979
0.03,0.38,0.566122
0.03,0.39,0.564662
0.03,0.4,0.564374
0.03,0.41,0.565312
0.03,0.42,0.564156
0.03,0.43,0.565216
0.03,0.44,0.565419
0.03,0.45,0.564333
0.03,0.46,0.564873
0.03,0.47,0.565179
0.03,0.48,0.565062
0.03,0.49,0.564849
0.03,0.5,0.565744
0.03,0.51,0.566035
0.03,0.52,0.565194
0.03,0.53,0.565916
0.03,0.54,0.565127
0.03,0.55,0.564999
0.03,0.56,0.563913
0.03,0.57,0.565086
0.03,0.58,0.566008
0.03,0.59,0.565572
0.03,0.6,0.565463
0.03,0.61,0.567042
0.03,0.62,0.564096
0.03,0.63,0.56531
0.03,0.64,0.565046
0.03,0.65,0.564634
0.03,0.66,0.566117
0.03,0.67,0.566185
0.03,0.68,0.565837
0.03,0.69,0.565357
0.03,0.7,0.566447
0.03,0.71,0.566402
0.03,0.72,0.566097
0.03,0.73,0.566321
0.03,0.74,0.56605
0.03,0.75,0.565355
0.03,0.76,0.56645
0.03,0.77,0.566269
0.03,0.78,0.566248
0.04,0,0.562624
0.04,0.01,0.56311
0.04,0.02,0.560764
0.04,0.03,0.562044
0.04,0.04,0.561351
0.04,0.05,0.561289
0.04,0.06,0.561862
0.04,0.07,0.561646
0.04,0.08,0.561634
0.04,0.09,0.561949
0.04,0.1,0.561776
0.04,0.11,0.560794
0.04,0.12,0.560519
0.04,0.13,0.561393
0.04,0.14,0.56075
0.04,0.15,0.560707
0.04,0.16,0.562198
0.04,0.17,0.561457
0.04,0.18,0.560323
0.04,0.19,0.560935
0.04,0.2,0.561732
0.04,0.21,0.560011
0.04,0.22,0.560264
0.04,0.23,0.561075
0.04,0.24,0.5607
0.04,0.25,0.5607
0.04,0.26,0.560403
0.04,0.27,0.561008
0.04,0.28,0.559638
0.04,0.29,0.560175
0.04,0.3,0.559622
0.04,0.31,0.560526
0.04,0.32,0.560345
0.04,0.33,0.560399
0.04,0.34,0.560166
0.04,0.35,0.560537
0.04,0.36,0.55957
0.04,0.37,0.560602
0.04,0.38,0.56081
0.04,0.39,0.560247
0.04,0.4,0.560956
0.04,0.41,0.560058
0.04,0.42,0.560247
0.04,0.43,0.559833
0.04,0.44,0.559916
0.04,0.45,0.560059
0.04,0.46,0.559261
0.04,0.47,0.560906
0.04,0.48,0.55989
0.04,0.49,0.561086
0.04,0.5,0.561601
0.04,0.51,0.56096
0.04,0.52,0.560136
0.04,0.53,0.560795
0.04,0.54,0.559958
0.04,0.55,0.560287
0.04,0.56,0.560069
0.04,0.57,0.559681
0.04,0.58,0.561294
0.04,0.59,0.560864
0.04,0.6,0.561122
0.04,0.61,0.560928
0.04,0.62,0.560894
0.04,0.63,0.561457
0.04,0.64,0.561103
0.04,0.65,0.561929
0.04,0.66,0.56151
0.04,0.67,0.560025
0.04,0.68,0.56089
0.04,0.69,0.560633
0.04,0.7,0.561451
0.04,0.71,0.560929
0.04,0.72,0.561178
0.04,0.73,0.561944
0.04,0.74,0.561776
0.04,0.75,0.561295
0.04,0.76,0.561975
0.04,0.77,0.562538
0.04,0.78,0.562168
0.05,0,0.556768
0.05,0.01,0.557284
0.05,0.02,0.556462
0.05,0.03,0.557329
0.05,0.04,0.557173
0.05,0.05,0.556849
0.05,0.06,0.557299
0.05,0.07,0.556739
0.05,0.08,0.556349
0.05,0.09,0.556813
0.05,0.1,0.556208
0.05,0.11,0.556267
0.05,0.12,0.555824
0.05,0.13,0.55623
0.05,0.14,0.555608
0.05,0.15,0.555897
0.05,0.16,0.557116
0.05,0.17,0.556805
0.05,0.18,0.555245
0.05,0.19,0.556059
0.05,0.2,0.555838
0.05,0.21,0.555909
0.05,0.22,0.556218
0.05,0.23,0.554732
0.05,0.24,0.554893
0.05,0.25,0.554896
0.05,0.26,0.55588
0.05,0.27,0.55657
0.05,0.28,0.555613
0.05,0.29,0.554806
0.05,0.3,0.555571
0.05,0.31,0.555153
0.05,0.32,0.555203
0.05,0.33,0.555267
0.05,0.34,0.556842
0.05,0.35,0.555203
0.05,0.36,0.554494
0.05,0.37,0.556053
0.05,0.38,0.555803
0.05,0.39,0.555816
0.05,0.4,0.555338
0.05,0.41,0.555863
0.05,0.42,0.556226
0.05,0.43,0.555997
0.05,0.44,0.555504
0.05,0.45,0.555635
0.05,0.46,0.555645
0.05,0.47,0.555932
0.05,0.48,0.556343
0.05,0.49,0.555702
0.05,0.5,0.555321
0.05,0.51,0.555233
0.05,0.52,0.555253
0.05,0.53,0.555412
0.05,0.54,0.556737
0.05,0.55,0.555778
0.05,0.56,0.55617
0.05,0.57,0.555571
0.05,0.58,0.556021
0.05,0.59,0.556008
0.05,0.6,0.555181
0.05,0.61,0.556012
0.05,0.62,0.556151
0.05,0.63,0.556491
0.05,0.64,0.556275
0.05,0.65,0.556263
0.05,0.66,0.555793
0.05,0.67,0.555988
0.05,0.68,0.556037
0.05,0.69,0.556522
0.05,0.7,0.556243
0.05,0.71,0.55689
0.05,0.72,0.55545
0.05,0.73,0.557644
0.05,0.74,0.558034
0.05,0.75,0.557683
0.05,0.76,0.557138
0.05,0.77,0.557633
0.05,0.78,0.557378
0.06,0,0.55323
0.06,0.01,0.553234
0.06,0.02,0.552693
0.06,0.03,0.552812
0.06,0.04,0.55215
0.06,0.05,0.552766
0.06,0.06,0.551588
0.06,0.07,0.553612
0.06,0.08,0.552275
0.06,0.09,0.551843
0.06,0.1,0.551748
0.06,0.11,0.550754
0.06,0.12,0.552223
0.06,0.13,0.551516
0.06,0.14,0.552781
0.06,0.15,0.551772
0.06,0.16,0.550599
0.06,0.17,0.551816
0.06,0.18,0.55039
0.06,0.19,0.549927
0.06,0.2,0.550326
0.06,0.21,0.551116
0.06,0.22,0.55045
0.06,0.23,0.549969
0.06,0.24,0.550271
0.06,0.25,0.55099
0.06,0.26,0.550554
0.06,0.27,0.550832
0.06,0.28,0.549856
0.06,0.29,0.55025
0.06,0.3,0.549828
0.06,0.31,0.549389
0.06,0.32,0.550175
0.06,0.33,0.548716
0.06,0.34,0.550689
0.06,0.35,0.550243
0.06,0.36,0.550074
0.06,0.37,0.5491
0.06,0.38,0.550468
0.06,0.39,0.550809
0.06,0.4,0.550618
0.06,0.41,0.55156
0.06,0.42,0.550539
0.06,0.43,0.550745
0.06,0.44,0.549851
0.06,0.45,0.550318
0.06,0.46,0.54969
0.06,0.47,0.55057
0.06,0.48,0.549274
0.06,0.49,0.550914
0.06,0.5,0.550095
0.06,0.51,0.551386
0.06,0.52,0.550833
0.06,0.53,0.550083
0.06,0.54,0.550155
0.06,0.55,0.550127
0.06,0.56,0.551494
0.06,0.57,0.550347
0.06,0.58,0.550725
0.06,0.59,0.551572
0.06,0.6,0.550039
0.06,0.61,0.550888
0.06,0.62,0.550843
0.06,0.63,0.551431
0.06,0.64,0.550527
0.06,0.65,0.550623
0.06,0.66,0.551347
0.06,0.67,0.551172
0.06,0.68,0.551973
0.06,0.69,0.551679
0.06,0.7,0.552345
0.06,0.71,0.551504
0.06,0.72,0.552933
0.06,0.73,0.553485
0.06,0.74,0.552722
0.06,0.75,0.552998
0.06,0.76,0.552619
0.06,0.77,0.552936
0.06,0.78,0.553291
0.07,0,0.548821
0.07,0.01,0.548093
0.07,0.02,0.547502
0.07,0.03,0.546954
0.07,0.04,0.549021
0.07,0.05,0.546219
0.07,0.06,0.546632
0.07,0.07,0.547729
0.07,0.08,0.546655
0.07,0.09,0.546466
0.07,0.1,0.547074
0.07,0.11,0.546468
0.07,0.12,0.546325
0.07,0.13,0.546307
0.07,0.14,0.545672
0.07,0.15,0.546729
0.07,0.16,0.546364
0.07,0.17,0.546264
0.07,0.18,0.546028
0.07,0.19,0.545585
0.07,0.2,0.546221
0.07,0.21,0.545227
0.07,0.22,0.544572
0.07,0.23,0.545422
0.07,0.24,0.545949
0.07,0.25,0.545209
0.07,0.26,0.545516
0.07,0.27,0.545049
0.07,0.28,0.545599
0.07,0.29,0.546394
0.07,0.3,0.544788
0.07,0.31,0.544879
0.07,0.32,0.543796
0.07,0.33,0.547061
0.07,0.34,0.545303
0.07,0.35,0.54385
0.07,0.36,0.545544
0.07,0.37,0.544701
0.07,0.38,0.544327
0.07,0.39,0.544445
0.07,0.4,0.544883
0.07,0.41,0.54499
0.07,0.42,0.5451
0.07,0.43,0.543943
0.07,0.44,0.544662
0.07,0.45,0.545335
0.07,0.46,0.544419
0.07,0.47,0.544752
0.07,0.48,0.544407
0.07,0.49,0.544755
0.07,0.5,0.544709
0.07,0.51,0.545125
0.07,0.52,0.544036
0.07,0.53,0.545713
0.07,0.54,0.545993
0.07,0.55,0.54581
0.07,0.56,0.544708
0.07,0.57,0.54596
0.07,0.58,0.545333
0.07,0.59,0.546406
0.07,0.6,0.544895
0.07,0.61,0.546163
0.07,0.62,0.546413
0.07,0.63,0.545863
0.07,0.64,0.545835
0.07,0.65,0.546344
0.07,0.66,0.546722
0.07,0.67,0.546992
0.07,0.68,0.546686
0.07,0.69,0.546508
0.07,0.7,0.546203
0.07,0.71,0.54721
0.07,0.72,0.547488
0.07,0.73,0.547433
0.07,0.74,0.547718
0.07,0.75,0.547882
0.07,0.76,0.548486
0.07,0.77,0.548753
0.07,0.78,0.548372
0.08,0,0.543211
0.08,0.01,0.543604
0.08,0.02,0.543208
0.08,0.03,0.543614
0.08,0.04,0.543018
0.08,0.05,0.541696
0.08,0.06,0.542838
0.08,0.07,0.542372
0.08,0.08,0.542083
0.08,0.09,0.541895
0.08,0.1,0.542126
0.08,0.11,0.541813
0.08,0.12,0.54189
0.08,0.13,0.539984
0.08,0.14,0.54097
0.08,0.15,0.540864
0.08,0.16,0.541637
0.08,0.17,0.541461
0.08,0.18,0.540614
0.08,0.19,0.539734
0.08,0.2,0.54021
0.08,0.21,0.540069
0.08,0.22,0.540516
0.08,0.23,0.539548
0.08,0.24,0.5404
0.08,0.25,0.540392
0.08,0.26,0.539624
0.08,0.27,0.539833
0.08,0.28,0.539809
0.08,0.29,0.540134
0.08,0.3,0.539611
0.08,0.31,0.539571
0.08,0.32,0.538728
0.08,0.33,0.539878
0.08,0.34,0.540199
0.08,0.35,0.538708
0.08,0.36,0.539673
0.08,0.37,0.540117
0.08,0.38,0.539382
0.08,0.39,0.53875
0.08,0.4,0.538867
0.08,0.41,0.538331
0.08,0.42,0.539504
0.08,0.43,0.540101
0.08,0.44,0.539966
0.08,0.45,0.539769
0.08,0.46,0.539913
0.08,0.47,0.538519
0.08,0.48,0.539785
0.08,0.49,0.539145
0.08,0.5,0.539803
0.08,0.51,0.539691
0.08,0.52,0.539556
0.08,0.53,0.540144
0.08,0.54,0.539852
0.08,0.55,0.54001
0.08,0.56,0.540263
0.08,0.57,0.54119
0.08,0.58,0.540184
0.08,0.59,0.540735
0.08,0.6,0.541448
0.08,0.61,0.54054
0.08,0.62,0.54062
0.08,0.63,0.541334
0.08,0.64,0.54135
0.08,0.65,0.540623
0.08,0.66,0.54114
0.08,0.67,0.54171
0.08,0.68,0.542367
0.08,0.69,0.541633
0.08,0.7,0.541835
0.08,0.71,0.542878
0.08,0.72,0.542005
0.08,0.73,0.542221
0.08,0.74,0.542297
0.08,0.75,0.543571
0.08,0.76,0.542277
0.08,0.77,0.543091
0.08,0.78,0.543101
0.09,0,0.539192
0.09,0.01,0.539064
0.09,0.02,0.538635
0.09,0.03,0.536751
0.09,0.04,0.538819
0.09,0.05,0.536878
0.09,0.06,0.537864
0.09,0.07,0.537273
0.09,0.08,0.5375
0.09,0.09,0.536877
0.09,0.1,0.536756
0.09,0.11,0.536171
0.09,0.12,0.535657
0.09,0.13,0.535269
0.09,0.14,0.536468
0.09,0.15,0.535192
0.09,0.16,0.536037
0.09,0.17,0.535726
0.09,0.18,0.535518
0.09,0.19,0.535108
0.09,0.2,0.534605
0.09,0.21,0.535007
0.09,0.22,0.534431
0.09,0.23,0.535048
0.09,0.24,0.53346
0.09,0.25,0.534327
0.09,0.26,0.533498
0.09,0.27,0.534304
0.09,0.28,0.534334
0.09,0.29,0.533684
0.09,0.3,0.534237
0.09,0.31,0.533398
0.09,0.32,0.534184
0.09,0.33,0.53445
0.09,0.34,0.532795
0.09,0.35,0.534656
0.09,0.36,0.534341
0.09,0.37,0.534144
0.09,0.38,0.53363
0.09,0.39,0.53349
0.09,0.4,0.533079
0.09,0.41,0.534349
0.09,0.42,0.534222
0.09,0.43,0.533243
0.09,0.44,0.534048
0.09,0.45,0.533228
0.09,0.46,0.534187
0.09,0.47,0.534913
0.09,0.48,0.533585
0.09,0.49,0.534048
0.09,0.5,0.534456
0.09,0.51,0.534961
0.09,0.52,0.53372
0.09,0.53,0.534036
0.09,0.54,0.534794
0.09,0.55,0.533914
0.09,0.56,0.534746
0.09,0.57,0.534279
0.09,0.58,0.534796
0.09,0.59,0.535435
0.09,0.6,0.534144
0.09,0.61,0.535171
0.09,0.62,0.535108
0.09,0.63,0.534873
0.09,0.64,0.536475
0.09,0.65,0.535857
0.09,0.66,0.536165
0.09,0.67,0.536793
0.09,0.68,0.536696
0.09,0.69,0.535178
0.09,0.7,0.537054
0.09,0.71,0.537736
0.09,0.72,0.53718
0.09,0.73,0.537415
0.09,0.74,0.537795
0.09,0.75,0.538556
0.09,0.76,0.537189
0.09,0.77,0.538015
0.09,0.78,0.537668
0.1,0,0.533023
0.1,0.01,0.532789
0.1,0.02,0.532532
0.1,0.03,0.532332
0.1,0.04,0.532812
0.1,0.05,0.532596
0.1,0.06,0.532292
0.1,0.07,0.531595
0.1,0.08,0.531804
0.1,0.09,0.531243
0.1,0.1,0.531473
0.1,0.11,0.531736
0.1,0.12,0.530906
0.1,0.13,0.530969
0.1,0.14,0.532397
0.1,0.15,0.529622
0.1,0.16,0.530062
0.1,0.17,0.5306
0.1,0.18,0.530363
0.1,0.19,0.529664
0.1,0.2,0.528841
0.1,0.21,0.528157
0.1,0.22,0.530466
0.1,0.23,0.528954
0.1,0.24,0.527691
0.1,0.25,0.529975
0.1,0.26,0.528282
0.1,0.27,0.529891
0.1,0.28,0.527829
0.1,0.29,0.5294
0.1,0.3,0.527776
0.1,0.31,0.528036
0.1,0.32,0.528632
0.1,0.33,0.528322
0.1,0.34,0.528926
0.1,0.35,0.528313
0.1,0.36,0.527775
0.1,0.37,0.528044
0.1,0.38,0.528591
0.1,0.39,0.527257
0.1,0.4,0.528376
0.1,0.41,0.52761
0.1,0.42,0.526767
0.1,0.43,0.528662
0.1,0.44,0.528551
0.1,0.45,0.528171
0.1,0.46,0.527857
0.1,0.47,0.528019
0.1,0.48,0.529599
0.1,0.49,0.528137
0.1,0.5,0.528302
0.1,0.51,0.529529
0.1,0.52,0.528443
0.1,0.53,0.529181
0.1,0.54,0.52933
0.1,0.55,0.529634
0.1,0.56,0.530377
0.1,0.57,0.527764
0.1,0.58,0.529132
0.1,0.59,0.529044
0.1,0.6,0.52935
0.1,0.61,0.530309
0.1,0.62,0.530534
0.1,0.63,0.529628
0.1,0.64,0.529647
0.1,0.65,0.531709
0.1,0.66,0.530573
0.1,0.67,0.531148
0.1,0.68,0.531568
0.1,0.69,0.531236
0.1,0.7,0.532308
0.1,0.71,0.532778
0.1,0.72,0.53288
0.1,0.73,0.532022
0.1,0.74,0.533621
0.1,0.75,0.532805
0.1,0.76,0.53223
0.1,0.77,0.534603
0.1,0.78,0.532796
0.11,0,0.527963
0.11,0.01,0.527702
0.11,0.02,0.528737
0.11,0.03,0.527704
0.11,0.04,0.526837
0.11,0.05,0.527932
0.11,0.06,0.526935
0.11,0.07,0.526551
0.11,0.08,0.525821
0.11,0.09,0.526333
0.11,0.1,0.526036
0.11,0.11,0.525781
0.11,0.12,0.525532
0.11,0.13,0.526153
0.11,0.14,0.525402
0.11,0.15,0.524032
0.11,0.16,0.524947
0.11,0.17,0.52491
0.11,0.18,0.523777
0.11,0.19,0.523544
0.11,0.2,0.523652
0.11,0.21,0.524578
0.11,0.22,0.524496
0.11,0.23,0.523863
0.11,0.24,0.524472
0.11,0.25,0.522864
0.11,0.26,0.522259
0.11,0.27,0.521578
0.11,0.28,0.522557
0.11,0.29,0.523444
0.11,0.3,0.522186
0.11,0.31,0.522743
0.11,0.32,0.523014
0.11,0.33,0.521809
0.11,0.34,0.522585
0.11,0.35,0.523196
0.11,0.36,0.522456
0.11,0.37,0.522564
0.11,0.38,0.521828
0.11,0.39,0.521361
0.11,0.4,0.521756
0.11,0.41,0.522314
0.11,0.42,0.521453
0.11,0.43,0.522247
0.11,0.44,0.522189
0.11,0.45,0.523278
0.11,0.46,0.523015
0.11,0.47,0.521893
0.11,0.48,0.523082
0.11,0.49,0.521781
0.11,0.5,0.523309
0.11,0.51,0.52234
0.11,0.52,0.522712
0.11,0.53,0.523315
0.11,0.54,0.522639
0.11,0.55,0.522326
0.11,0.56,0.523611
0.11,0.57,0.522863
0.11,0.58,0.52478
0.11,0.59,0.524074
0.11,0.6,0.524249
0.11,0.61,0.524547
0.11,0.62,0.524695
0.11,0.63,0.524549
0.11,0.64,0.523912
0.11,0.65,0.524523
0.11,0.66,0.525653
0.11,0.67,0.524243
0.11,0.68,0.525817
0.11,0.69,0.526754
0.11,0.7,0.526256
0.11,0.71,0.52613
0.11,0.72,0.526072
0.11,0.73,0.528025
0.11,0.74,0.52681
0.11,0.75,0.527661
0.11,0.76,0.52832
0.11,0.77,0.528574
0.11,0.78,0.528819
0.12,0,0.523547
0.12,0.01,0.522479
0.12,0.02,0.522559
0.12,0.03,0.523657
0.12,0.04,0.521871
0.12,0.05,0.521431
0.12,0.06,0.521218
0.12,0.07,0.521938
0.12,0.08,0.520087
0.12,0.09,0.520614
0.12,0.1,0.520173
0.12,0.11,0.519768
0.12,0.12,0.519794
0.12,0.13,0.518754
0.12,0.14,0.519851
0.12,0.15,0.518971
0.12,0.16,0.518528
0.12,0.17,0.516992
0.12,0.18,0.518293
0.12,0.19,0.517425
0.12,0.2,0.517929
0.12,0.21,0.518432
0.12,0.22,0.518915
0.12,0.23,0.517791
0.12,0.24,0.51753
0.12,0.25,0.516769
0.12,0.26,0.516634
0.12,0.27,0.517696
0.12,0.28,0.515648
0.12,0.29,0.515782
0.12,0.3,0.516309
0.12,0.31,0.517656
0.12,0.32,0.515582
0.12,0.33,0.516693
0.12,0.34,0.51608
0.12,0.35,0.516277
0.12,0.36,0.516442
0.12,0.37,0.516579
0.12,0.38,0.51602
0.12,0.39,0.516834
0.12,0.4,0.516209
0.12,0.41,0.516663
0.12,0.42,0.517227
0.12,0.43,0.516563
0.12,0.44,0.516911
0.12,0.45,0.516403
0.12,0.46,0.515707
0.12,0.47,0.516626
0.12,0.48,0.517348
0.12,0.49,0.516352
0.12,0.5,0.517478
0.12,0.51,0.516878
0.12,0.52,0.517997
0.12,0.53,0.515995
0.12,0.54,0.517005
0.12,0.55,0.517588
0.12,0.56,0.516962
0.12,0.57,0.518811
0.12,0.58,0.518851
0.12,0.59,0.517603
0.12,0.6,0.518377
0.12,0.61,0.518266
0.12,0.62,0.517785
0.12,0.63,0.519003
0.12,0.64,0.518668
0.12,0.65,0.519674
0.12,0.66,0.519903
0.12,0.67,0.520328
0.12,0.68,0.5198
0.12,0.69,0.520084
0.12,0.7,0.521135
0.12,0.71,0.522323
0.12,0.72,0.522301
0.12,0.73,0.521504
0.12,0.74,0.524057
0.12,0.75,0.522614
0.12,0.76,0.522284
0.12,0.77,0.523156
0.12,0.78,0.522845
0.13,0,0.518125
0.13,0.01,0.519358
0.13,0.02,0.517154
0.13,0.03,0.517516
0.13,0.04,0.517607
0.13,0.05,0.516369
0.13,0.06,0.515229
0.13,0.07,0.514716
0.13,0.08,0.515182
0.13,0.09,0.515624
0.13,0.1,0.515331
0.13,0.11,0.514494
0.13,0.12,0.514019
0.13,0.13,0.513803
0.13,0.14,0.513909
0.13,0.15,0.512969
0.13,0.16,0.512773
0.13,0.17,0.513905
0.13,0.18,0.511121
0.13,0.19,0.512687
0.13,0.2,0.511749
0.13,0.21,0.512492
0.13,0.22,0.512831
0.13,0.23,0.51222
0.13,0.24,0.512061
0.13,0.25,0.510661
0.13,0.26,0.510554
0.13,0.27,0.511622
0.13,0.28,0.511621
0.13,0.29,0.510586
0.13,0.3,0.510286
0.13,0.31,0.510062
0.13,0.32,0.509666
0.13,0.33,0.509881
0.13,0.34,0.510216
0.13,0.35,0.50979
0.13,0.36,0.509776
0.13,0.37,0.508779
0.13,0.38,0.510216
0.13,0.39,0.508983
0.13,0.4,0.51003
0.13,0.41,0.510781
0.13,0.42,0.510128
0.13,0.43,0.50926
0.13,0.44,0.510165
0.13,0.45,0.510499
0.13,0.46,0.51011
0.13,0.47,0.510147
0.13,0.48,0.510702
0.13,0.49,0.510567
0.13,0.5,0.510888
0.13,0.51,0.510656
0.13,0.52,0.511834
0.13,0.53,0.510767
0.13,0.54,0.512127
0.13,0.55,0.511457
0.13,0.56,0.510874
0.13,0.57,0.511464
0.13,0.58,0.511645
0.13,0.59,0.511567
0.13,0.6,0.512341
0.13,0.61,0.511743
0.13,0.62,0.513139
0.13,0.63,0.512507
0.13,0.64,0.513881
0.13,0.65,0.514498
0.13,0.66,0.515317
0.13,0.67,0.51446
0.13,0.68,0.514337
0.13,0.69,0.51337
0.13,0.7,0.514955
0.13,0.71,0.516672
0.13,0.72,0.516805
0.13,0.73,0.517704
0.13,0.74,0.516511
0.13,0.75,0.51721
0.13,0.76,0.516903
0.13,0.77,0.516886
0.13,0.78,0.518921
0.14,0,0.513034
0.14,0.01,0.51315
0.14,0.02,0.512114
0.14,0.03,0.511857
0.14,0.04,0.511203
0.14,0.05,0.510933
0.14,0.06,0.509634
0.14,0.07,0.510341
0.14,0.08,0.509377
0.14,0.09,0.508823
0.14,0.1,0.508749
0.14,0.11,0.508553
0.14,0.12,0.508416
0.14,0.13,0.508257
0.14,0.14,0.507301
0.14,0.15,0.507258
0.14,0.16,0.507811
0.14,0.17,0.505894
0.14,0.18,0.506052
0.14,0.19,0.506096
0.14,0.2,0.507154
0.14,0.21,0.504004
0.14,0.22,0.50541
0.14,0.23,0.504519
0.14,0.24,0.504416
0.14,0.25,0.505076
0.14,0.26,0.504762
0.14,0.27,0.505729
0.14,0.28,0.504658
0.14,0.29,0.503462
0.14,0.3,0.504179
0.14,0.31,0.504488
0.14,0.32,0.505202
0.14,0.33,0.503614
0.14,0.34,0.504204
0.14,0.35,0.503485
0.14,0.36,0.502691
0.14,0.37,0.50299
0.14,0.38,0.503533
0.14,0.39,0.504336
0.14,0.4,0.503857
0.14,0.41,0.503656
0.14,0.42,0.503947
0.14,0.43,0.504775
0.14,0.44,0.503264
0.14,0.45,0.503883
0.14,0.46,0.504025
0.14,0.47,0.504038
0.14,0.48,0.504377
0.14,0.49,0.504188
0.14,0.5,0.504517
0.14,0.51,0.50459
0.14,0.52,0.504002
0.14,0.53,0.505128
0.14,0.54,0.504822
0.14,0.55,0.5043
0.14,0.56,0.505513
0.14,0.57,0.505674
0.14,0.58,0.507867
0.14,0.59,0.507021
0.14,0.6,0.506843
0.14,0.61,0.506837
0.14,0.62,0.506902
0.14,0.63,0.507271
0.14,0.64,0.507061
0.14,0.65,0.509044
0.14,0.66,0.507831
0.14,0.67,0.509584
0.14,0.68,0.509462
0.14,0.69,0.508929
0.14,0.7,0.509582
0.14,0.71,0.509469
0.14,0.72,0.509538
0.14,0.73,0.511052
0.14,0.74,0.511311
0.14,0.75,0.511864
0.14,0.76,0.511954
0.14,0.77,0.513117
0.14,0.78,0.514148
0.15,0,0.508183
0.15,0.01,0.507305
0.15,0.02,0.507835
0.15,0.03,0.506221
0.15,0.04,0.506423
0.15,0.05,0.505448
0.15,0.06,0.505456
0.15,0.07,0.504197
0.15,0.08,0.504224
0.15,0.09,0.503918
0.15,0.1,0.503221
0.15,0.11,0.503168
0.15,0.12,0.502797
0.15,0.13,0.503276
0.15,0.14,0.502084
0.15,0.15,0.501695
0.15,0.16,0.501071
0.15,0.17,0.500698
0.15,0.18,0.500243
0.15,0.19,0.501185
0.15,0.2,0.500043
0.15,0.21,0.500594
0.15,0.22,0.499921
0.15,0.23,0.499015
0.15,0.24,0.498398
0.15,0.25,0.498597
0.15,0.26,0.498895
0.15,0.27,0.500283
0.15,0.28,0.498867
0.15,0.29,0.499116
0.15,0.3,0.49809
0.15,0.31,0.498001
0.15,0.32,0.496891
0.15,0.33,0.498455
0.15,0.34,0.497227
0.15,0.35,0.497677
0.15,0.36,0.498196
0.15,0.37,0.496524
0.15,0.38,0.496782
0.15,0.39,0.496031
0.15,0.4,0.497642
0.15,0.41,0.497066
0.15,0.42,0.497892
0.15,0.43,0.498943
0.15,0.44,0.496297
0.15,0.45,0.495973
0.15,0.46,0.496988
0.15,0.47,0.497151
0.15,0.48,0.498757
0.15,0.49,0.499415
0.15,0.5,0.497634
0.15,0.51,0.498139
0.15,0.52,0.498673
0.15,0.53,0.498241
0.15,0.54,0.499871
0.15,0.55,0.498942
0.15,0.56,0.499682
0.15,0.57,0.499843
0.15,0.58,0.499458
0.15,0.59,0.499624
0.15,0.6,0.49935
0.15,0.61,0.498961
0.15,0.62,0.500803
0.15,0.63,0.501935
0.15,0.64,0.502003
0.15,0.65,0.501807
0.15,0.66,0.5028
0.15,0.67,0.503016
0.15,0.68,0.502264
0.15,0.69,0.503641
0.15,0.7,0.505207
0.15,0.71,0.504116
0.15,0.72,0.504674
0.15,0.73,0.50483
0.15,0.74,0.505097
0.15,0.75,0.50486
0.15,0.76,0.507036
0.15,0.77,0.507539
0.15,0.78,0.508183
0.16,0,0.50299
0.16,0.01,0.502815
0.16,0.02,0.501213
0.16,0.03,0.501411
0.16,0.04,0.500061
0.16,0.05,0.499754
0.16,0.06,0.499315
0.16,0.07,0.498858
0.16,0.08,0.498307
0.16,0.09,0.497493
0.16,0.1,0.49776
0.16,0.11,0.496591
0.16,0.12,0.496887
0.16,0.13,0.496136
0.16,0.14,0.496634
0.16,0.15,0.494051
0.16,0.16,0.495297
0.16,0.17,0.495734
0.16,0.18,0.494029
0.16,0.19,0.492945
0.16,0.2,0.493849
0.16,0.21,0.493291
0.16,0.22,0.493683
0.16,0.23,0.494043
0.16,0.24,0.492798
0.16,0.25,0.492117
0.16,0.26,0.492448
0.16,0.27,0.492585
0.16,0.28,0.490422
0.16,0.29,0.491696
0.16,0.3,0.492141
0.16,0.31,0.491204
0.16,0.32,0.491197
0.16,0.33,0.490028
0.16,0.34,0.490929
0.16,0.35,0.491179
0.16,0.36,0.492211
0.16,0.37,0.490096
0.16,0.38,0.49166
0.16,0.39,0.490931
0.16,0.4,0.491229
0.16,0.41,0.489776
0.16,0.42,0.48977
0.16,0.43,0.490641
0.16,0.44,0.490775
0.16,0.45,0.491778
0.16,0.46,0.492259
0.16,0.47,0.491373
0.16,0.48,0.492748
0.16,0.49,0.491969
0.16,0.5,0.492142
0.16,0.51,0.490966
0.16,0.52,0.492496
0.16,0.53,0.493395
0.16,0.54,0.492887
0.16,0.55,0.493844
0.16,0.56,0.492904
0.16,0.57,0.493931
0.16,0.58,0.494699
0.16,0.59,0.494291
0.16,0.6,0.495135
0.16,0.61,0.49428
0.16,0.62,0.496316
0.16,0.63,0.49543
0.16,0.64,0.49658
0.16,0.65,0.495817
0.16,0.66,0.496101
0.16,0.67,0.497593
0.16,0.68,0.497535
0.16,0.69,0.497963
0.16,0.7,0.497592
0.16,0.71,0.499176
0.16,0.72,0.500639
0.16,0.73,0.499581
0.16,0.74,0.500149
0.16,0.75,0.501744
0.16,0.76,0.501578
0.16,0.77,0.502193
0.16,0.78,0.502806
0.17,0,0.497466
0.17,0.01,0.496441
0.17,0.02,0.495857
0.17,0.03,0.495132
0.17,0.04,0.496
0.17,0.05,0.493423
0.17,0.06,0.493993
0.17,0.07,0.494119
0.17,0.08,0.492304
0.17,0.09,0.492748
0.17,0.1,0.491481
0.17,0.11,0.49146
0.17,0.12,0.490678
0.17,0.13,0.491239
0.17,0.14,0.490391
0.17,0.15,0.489292
0.17,0.16,0.49002
0.17,0.17,0.4894
0.17,0.18,0.488094
0.17,0.19,0.487597
0.17,0.2,0.488065
0.17,0.21,0.48816
0.17,0.22,0.486377
0.17,0.23,0.486985
0.17,0.24,0.484853
0.17,0.25,0.48616
0.17,0.26,0.486511
0.17,0.27,0.484867
0.17,0.28,0.485574
0.17,0.29,0.484555
0.17,0.3,0.484812
0.17,0.31,0.484838
0.17,0.32,0.48657
0.17,0.33,0.484276
0.17,0.34,0.485016
0.17,0.35,0.486157
0.17,0.36,0.485301
0.17,0.37,0.483423
0.17,0.38,0.483281
0.17,0.39,0.485544
0.17,0.4,0.485246
0.17,0.41,0.485229
0.17,0.42,0.485224
0.17,0.43,0.484681
0.17,0.44,0.485201
0.17,0.45,0.484436
0.17,0.46,0.486263
0.17,0.47,0.484884
0.17,0.48,0.485446
0.17,0.49,0.485281
0.17,0.5,0.485655
0.17,0.51,0.486101
0.17,0.52,0.484453
0.17,0.53,0.486465
0.17,0.54,0.485865
0.17,0.55,0.486886
0.17,0.56,0.48698
0.17,0.57,0.487635
0.17,0.58,0.488061
0.17,0.59,0.487972
0.17,0.6,0.487422
0.17,0.61,0.488947
0.17,0.62,0.488639
0.17,0.63,0.4901
0.17,0.64,0.488453
0.17,0.65,0.491788
0.17,0.66,0.490501
0.17,0.67,0.49031
0.17,0.68,0.492326
0.17,0.69,0.492796
0.17,0.7,0.493054
0.17,0.71,0.492234
0.17,0.72,0.494038
0.17,0.73,0.493483
0.17,0.74,0.49433
0.17,0.75,0.494345
0.17,0.76,0.496187
0.17,0.77,0.496678
0.17,0.78,0.497897
0.18,0,0.49178
0.18,0.01,0.491836
0.18,0.02,0.491878
0.18,0.03,0.489572
0.18,0.04,0.489876
0.18,0.05,0.488167
0.18,0.06,0.487517
0.18,0.07,0.48765
0.18,0.08,0.486713
0.18,0.09,0.485875
0.18,0.1,0.48533
0.18,0.11,0.485646
0.18,0.12,0.485122
0.18,0.13,0.485859
0.18,0.14,0.485278
0.18,0.15,0.483393
0.18,0.16,0.483334
0.18,0.17,0.482302
0.18,0.18,0.481779
0.18,0.19,0.480578
0.18,0.2,0.481525
0.18,0.21,0.482288
0.18,0.22,0.481212
0.18,0.23,0.479489
0.18,0.24,0.479155
0.18,0.25,0.479657
0.18,0.26,0.479303
0.18,0.27,0.478766
0.18,0.28,0.47749
0.18,0.29,0.47933
0.18,0.3,0.479702
0.18,0.31,0.478471
0.18,0.32,0.4777
0.18,0.33,0.477912
0.18,0.34,0.477153
0.18,0.35,0.478114
0.18,0.36,0.476724
0.18,0.37,0.478251
0.18,0.38,0.475928
0.18,0.39,0.478608
0.18,0.4,0.47823
0.18,0.41,0.477752
0.18,0.42,0.476741
0.18,0.43,0.478225
0.18,0.44,0.479002
0.18,0.45,0.476514
0.18,0.46,0.478191
0.18,0.47,0.479285
0.18,0.48,0.4785
0.18,0.49,0.479649
0.18,0.5,0.480043
0.18,0.51,0.479515
0.18,0.52,0.478695
0.18,0.53,0.478919
0.18,0.54,0.479826
0.18,0.55,0.479188
0.18,0.56,0.480357
0.18,0.57,0.482085
0.18,0.58,0.48122
0.18,0.59,0.481678
0.18,0.6,0.480055
0.18,0.61,0.482591
0.18,0.62,0.482679
0.18,0.63,0.484341
0.18,0.64,0.484549
0.18,0.65,0.484074
0.18,0.66,0.48474
0.18,0.67,0.485903
0.18,0.68,0.484451
0.18,0.69,0.486421
0.18,0.7,0.486293
0.18,0.71,0.487618
0.18,0.72,0.487314
0.18,0.73,0.487355
0.18,0.74,0.488778
0.18,0.75,0.489012
0.18,0.76,0.49105
0.18,0.77,0.490752
0.18,0.78,0.491143
0.19,0,0.487139
0.19,0.01,0.486048
0.19,0.02,0.485331
0.19,0.03,0.485232
0.19,0.04,0.483253
0.19,0.05,0.483563
0.19,0.06,0.48109
0.19,0.07,0.481936
0.19,0.08,0.481248
0.19,0.09,0.480429
0.19,0.1,0.479517
0.19,0.11,0.479084
0.19,0.12,0.478142
0.19,0.13,0.478282
0.19,0.14,0.47588
0.19,0.15,0.477028
0.19,0.16,0.476741
0.19,0.17,0.475481
0.19,0.18,0.477203
0.19,0.19,0.476578
0.19,0.2,0.475678
0.19,0.21,0.475633
0.19,0.22,0.473778
0.19,0.23,0.473351
0.19,0.24,0.472685
0.19,0.25,0.473402
0.19,0.26,0.47302
0.19,0.27,0.473031
0.19,0.28,0.472733
0.19,0.29,0.472687
0.19,0.3,0.471251
0.19,0.31,0.473737
0.19,0.32,0.472135
0.19,0.33,0.472076
0.19,0.34,0.470889
0.19,0.35,0.471388
0.19,0.36,0.470938
0.19,0.37,0.471685
0.19,0.38,0.469713
0.19,0.39,0.47008
0.19,0.4,0.470841
0.19,0.41,0.471038
0.19,0.42,0.470915
0.19,0.43,0.471637
0.19,0.44,0.471747
0.19,0.45,0.472012
0.19,0.46,0.471316
0.19,0.47,0.472882
0.19,0.48,0.472258
0.19,0.49,0.47185
0.19,0.5,0.47231
0.19,0.51,0.472165
0.19,0.52,0.47252
0.19,0.53,0.473504
0.19,0.54,0.473069
0.19,0.55,0.473724
0.19,0.56,0.474644
0.19,0.57,0.475512
0.19,0.58,0.475672
0.19,0.59,0.47618
0.19,0.6,0.47689
0.19,0.61,0.475382
0.19,0.62,0.476678
0.19,0.63,0.476633
0.19,0.64,0.477358
0.19,0.65,0.477374
0.19,0.66,0.477807
0.19,0.67,0.479484
0.19,0.68,0.479984
0.19,0.69,0.480157
0.19,0.7,0.480766
0.19,0.71,0.482095
0.19,0.72,0.481025
0.19,0.73,0.483386
0.19,0.74,0.483499
0.19,0.75,0.48306
0.19,0.76,0.485906
0.19,0.77,0.486225
0.19,0.78,0.48636
0.2,0,0.481462
0.2,0.01,0.480521
0.2,0.02,0.478765
0.2,0.03,0.479837
0.2,0.04,0.479124
0.2,0.05,0.47782
0.2,0.06,0.477492
0.2,0.07,0.476145
0.2,0.08,0.47509
0.2,0.09,0.474695
0.2,0.1,0.473413
0.2,0.11,0.4737
0.2,0.12,0.471931
0.2,0.13,0.472146
0.2,0.14,0.471955
0.2,0.15,0.471918
0.2,0.16,0.470001
0.2,0.17,0.470578
0.2,0.18,0.469829
0.2,0.19,0.469517
0.2,0.2,0.469356
0.2,0.21,0.46883
0.2,0.22,0.467453
0.2,0.23,0.467332
0.2,0.24,0.467441
0.2,0.25,0.466074
0.2,0.26,0.466161
0.2,0.27,0.465615
0.2,0.28,0.466705
0.2,0.29,0.464433
0.2,0.3,0.465451
0.2,0.31,0.465232
0.2,0.32,0.46486
0.2,0.33,0.464269
0.2,0.34,0.464235
0.2,0.35,0.463898
0.2,0.36,0.464229
0.2,0.37,0.465007
0.2,0.38,0.465395
0.2,0.39,0.465021
0.2,0.4,0.464194
0.2,0.41,0.463924
0.2,0.42,0.464186
0.2,0.43,0.465208
0.2,0.44,0.4661
0.2,0.45,0.465566
0.2,0.46,0.464805
0.2,0.47,0.465341
0.2,0.48,0.464657
0.2,0.49,0.464685
0.2,0.5,0.465759
0.2,0.51,0.46592
0.2,0.52,0.466849
0.2,0.53,0.465688
0.2,0.54,0.466994
0.2,0.55,0.466911
0.2,0.56,0.467448
0.2,0.57,0.467101
0.2,0.58,0.468782
0.2,0.59,0.468462
0.2,0.6,0.469221
0.2,0.61,0.469612
0.2,0.62,0.469882
0.2,0.63,0.470731
0.2,0.64,0.471135
0.2,0.65,0.470725
0.2,0.66,0.471863
0.2,0.67,0.473355
0.2,0.68,0.47367
0.2,0.69,0.47496
0.2,0.7,0.47474
0.2,0.71,0.47475
0.2,0.72,0.475641
0.2,0.73,0.477585
0.2,0.74,0.479662
0.2,0.75,0.478278
0.2,0.76,0.479955
0.2,0.77,0.479977
0.2,0.78,0.481848
0.21,0,0.476363
0.21,0.01,0.475377
0.21,0.02,0.475373
0.21,0.03,0.472126
0.21,0.04,0.473121
0.21,0.05,0.471196
0.21,0.06,0.471818
0.21,0.07,0.469768
0.21,0.08,0.469127
0.21,0.09,0.468032
0.21,0.1,0.467375
0.21,0.11,0.467507
0.21,0.12,0.465978
0.21,0.13,0.466638
0.21,0.14,0.465803
0.21,0.15,0.464989
0.21,0.16,0.464673
0.21,0.17,0.463878
0.21,0.18,0.46337
0.21,0.19,0.461407
0.21,0.2,0.46124
0.21,0.21,0.46179
0.21,0.22,0.46217
0.21,0.23,0.461001
0.21,0.24,0.460772
0.21,0.25,0.458747
0.21,0.26,0.45889
0.21,0.27,0.458998
0.21,0.28,0.459088
0.21,0.29,0.460196
0.21,0.3,0.460477
0.21,0.31,0.458955
0.21,0.32,0.458886
0.21,0.33,0.458964
0.21,0.34,0.458636
0.21,0.35,0.457657
0.21,0.36,0.458784
0.21,0.37,0.457769
0.21,0.38,0.458216
0.21,0.39,0.458058
0.21,0.4,0.457554
0.21,0.41,0.456517
0.21,0.42,0.459559
0.21,0.43,0.457138
0.21,0.44,0.457854
0.21,0.45,0.458985
0.21,0.46,0.456822
0.21,0.47,0.458788
0.21,0.48,0.457341
0.21,0.49,0.458412
0.21,0.5,0.458922
0.21,0.51,0.458913
0.21,0.52,0.459573
0.21,0.53,0.460408
0.21,0.54,0.45971
0.21,0.55,0.46203
0.21,0.56,0.460573
0.21,0.57,0.462238
0.21,0.58,0.461894
0.21,0.59,0.462615
0.21,0.6,0.46245
0.21,0.61,0.462661
0.21,0.62,0.464126
0.21,0.63,0.464291
0.21,0.64,0.464008
0.21,0.65,0.465481
0.21,0.66,0.465978
0.21,0.67,0.466259
0.21,0.68,0.466932
0.21,0.69,0.468376
0.21,0.7,0.469991
0.21,0.71,0.470688
0.21,0.72,0.470034
0.21,0.73,0.471561
0.21,0.74,0.473672
0.21,0.75,0.472257
0.21,0.76,0.474872
0.21,0.77,0.473657
0.21,0.78,0.47571
0.22,0,0.470192
0.22,0.01,0.470035
0.22,0.02,0.469147
0.22,0.03,0.467852
0.22,0.04,0.46668
0.22,0.05,0.465578
0.22,0.06,0.465757
0.22,0.07,0.465364
0.22,0.08,0.46325
0.22,0.09,0.463763
0.22,0.1,0.461344
0.22,0.11,0.461864
0.22,0.12,0.460725
0.22,0.13,0.459195
0.22,0.14,0.458356
0.22,0.15,0.458444
0.22,0.16,0.458611
0.22,0.17,0.45857
0.22,0.18,0.457525
0.22,0.19,0.454254
0.22,0.2,0.455873
0.22,0.21,0.45467
0.22,0.22,0.454333
0.22,0.23,0.454263
0.22,0.24,0.454544
0.22,0.25,0.453329
0.22,0.26,0.452779
0.22,0.27,0.45258
0.22,0.28,0.452578
0.22,0.29,0.451681
0.22,0.3,0.451102
0.22,0.31,0.452282
0.22,0.32,0.451106
0.22,0.33,0.451886
0.22,0.34,0.451259
0.22,0.35,0.450875
0.22,0.36,0.450043
0.22,0.37,0.450617
0.22,0.38,0.4518
0.22,0.39,0.450612
0.22,0.4,0.450524
0.22,0.41,0.45097
0.22,0.42,0.451331
0.22,0.43,0.451231
0.22,0.44,0.452021
0.22,0.45,0.451821
0.22,0.46,0.451028
0.22,0.47,0.451373
0.22,0.48,0.451628
0.22,0.49,0.45126
0.22,0.5,0.451356
0.22,0.51,0.45173
0.22,0.52,0.452925
0.22,0.53,0.453414
0.22,0.54,0.454064
0.22,0.55,0.454138
0.22,0.56,0.454745
0.22,0.57,0.456389
0.22,0.58,0.454622
0.22,0.59,0.455493
0.22,0.6,0.456327
0.22,0.61,0.457131
0.22,0.62,0.457895
0.22,0.63,0.458382
0.22,0.64,0.458585
0.22,0.65,0.459641
0.22,0.66,0.460115
0.22,0.67,0.46014
0.22,0.68,0.461002
0.22,0.69,0.462696
0.22,0.7,0.462721
0.22,0.71,0.464509
0.22,0.72,0.465103
0.22,0.73,0.465848
0.22,0.74,0.466308
0.22,0.75,0.467795
0.22,0.76,0.468337
0.22,0.77,0.468413
0.22,0.78,0.470909
0.23,0,0.465096
0.23,0.01,0.464156
0.23,0.02,0.464172
0.23,0.03,0.462681
0.23,0.04,0.46139
0.23,0.05,0.459308
0.23,0.06,0.459665
0.23,0.07,0.458814
0.23,0.08,0.459242
0.23,0.09,0.456226
0.23,0.1,0.456396
0.23,0.11,0.45585
0.23,0.12,0.455077
0.23,0.13,0.454112
0.23,0.14,0.453853
0.23,0.15,0.451651
0.23,0.16,0.451092
0.23,0.17,0.450854
0.23,0.18,0.45074
0.23,0.19,0.448456
0.23,0.2,0.447882
0.23,0.21,0.448413
0.23,0.22,0.44924
0.23,0.23,0.448759
0.23,0.24,0.446235
0.23,0.25,0.446791
0.23,0.26,0.445903
0.23,0.27,0.446254
0.23,0.28,0.445423
0.23,0.29,0.445202
0.23,0.3,0.445812
0.23,0.31,0.444694
0.23,0.32,0.444789
0.23,0.33,0.444212
0.23,0.34,0.44484
0.23,0.35,0.44439
0.23,0.36,0.443534
0.23,0.37,0.444477
0.23,0.38,0.444947
0.23,0.39,0.444787
0.23,0.4,0.443821
0.23,0.41,0.444384
0.23,0.42,0.44335
0.23,0.43,0.443994
0.23,0.44,0.443468
0.23,0.45,0.444182
0.23,0.46,0.444629
0.23,0.47,0.44506
0.23,0.48,0.445037
0.23,0.49,0.446081
0.23,0.5,0.444582
0.23,0.51,0.446662
0.23,0.52,0.445806
0.23,0.53,0.447064
0.23,0.54,0.4456
0.23,0.55,0.448548
0.23,0.56,0.447365
0.23,0.57,0.448475
0.23,0.58,0.4489
0.23,0.59,0.449072
0.23,0.6,0.450001
0.23,0.61,0.450987
0.23,0.62,0.451298
0.23,0.63,0.452702
0.23,0.64,0.453211
0.23,0.65,0.453497
0.23,0.66,0.45389
0.23,0.67,0.454355
0.23,0.68,0.45671
0.23,0.69,0.456246
0.23,0.7,0.456733
0.23,0.71,0.457202
0.23,0.72,0.458716
0.23,0.73,0.46018
0.23,0.74,0.461336
0.23,0.75,0.462494
0.23,0.76,0.462533
0.23,0.77,0.463113
0.23,0.78,0.463491
0.24,0,0.459362
0.24,0.01,0.459185
0.24,0.02,0.458783
0.24,0.03,0.455948
0.24,0.04,0.454885
0.24,0.05,0.453073
0.24,0.06,0.454141
0.24,0.07,0.453975
0.24,0.08,0.4515
0.24,0.09,0.450164
0.24,0.1,0.450316
0.24,0.11,0.448409
0.24,0.12,0.449008
0.24,0.13,0.448332
0.24,0.14,0.446936
0.24,0.15,0.445286
0.24,0.16,0.446062
0.24,0.17,0.445542
0.24,0.18,0.442429
0.24,0.19,0.44474
0.24,0.2,0.443145
0.24,0.21,0.442524
0.24,0.22,0.440577
0.24,0.23,0.442176
0.24,0.24,0.439747
0.24,0.25,0.439383
0.24,0.26,0.439162
0.24,0.27,0.439783
0.24,0.28,0.438507
0.24,0.29,0.437954
0.24,0.3,0.437699
0.24,0.31,0.437529
0.24,0.32,0.437672
0.24,0.33,0.437591
0.24,0.34,0.436347
0.24,0.35,0.437323
0.24,0.36,0.438401
0.24,0.37,0.438494
0.24,0.38,0.437059
0.24,0.39,0.435841
0.24,0.4,0.436849
0.24,0.41,0.437007
0.24,0.42,0.436692
0.24,0.43,0.436884
0.24,0.44,0.437424
0.24,0.45,0.438456
0.24,0.46,0.439657
0.24,0.47,0.437892
0.24,0.48,0.437909
0.24,0.49,0.43774
0.24,0.5,0.438014
0.24,0.51,0.440915
0.24,0.52,0.440442
0.24,0.53,0.439784
0.24,0.54,0.439593
0.24,0.55,0.441765
0.24,0.56,0.440528
0.24,0.57,0.441404
0.24,0.58,0.442178
0.24,0.59,0.443387
0.24,0.6,0.44329
0.24,0.61,0.444417
0.24,0.62,0.44384
0.24,0.63,0.445906
0.24,0.64,0.447174
0.24,0.65,0.445715
0.24,0.66,0.446884
0.24,0.67,0.448192
0.24,0.68,0.448421
0.24,0.69,0.451679
0.24,0.7,0.452287
0.24,0.71,0.452851
0.24,0.72,0.453861
0.24,0.73,0.455552
0.24,0.74,0.454895
0.24,0.75,0.456471
0.24,0.76,0.45861
0.24,0.77,0.458913
0.24,0.78,0.460574
0.25,0,0.453453
0.25,0.01,0.454798
0.25,0.02,0.450946
0.25,0.03,0.450271
0.25,0.04,0.450255
0.25,0.05,0.448028
0.25,0.06,0.44892
0.25,0.07,0.447935
0.25,0.08,0.445385
0.25,0.09,0.444138
0.25,0.1,0.44264
0.25,0.11,0.4428
0.25,0.12,0.442205
0.25,0.13,0.442713
0.25,0.14,0.440228
0.25,0.15,0.439837
0.25,0.16,0.438811
0.25,0.17,0.438442
0.25,0.18,0.436886
0.25,0.19,0.436473
0.25,0.2,0.435498
0.25,0.21,0.434894
0.25,0.22,0.435318
0.25,0.23,0.433921
0.25,0.24,0.433669
0.25,0.25,0.432461
0.25,0.26,0.431677
0.25,0.27,0.431308
0.25,0.28,0.431171
0.25,0.29,0.43052
0.25,0.3,0.432069
0.25,0.31,0.431143
0.25,0.32,0.431472
0.25,0.33,0.430387
0.25,0.34,0.430828
0.25,0.35,0.430084
0.25,0.36,0.430657
0.25,0.37,0.430834
0.25,0.38,0.42971
0.25,0.39,0.429695
0.25,0.4,0.430405
0.25,0.41,0.430142
0.25,0.42,0.429673
0.25,0.43,0.429457
0.25,0.44,0.431167
0.25,0.45,0.430098
0.25,0.46,0.429654
0.25,0.47,0.430354
0.25,0.48,0.431941
0.25,0.49,0.431155
0.25,0.5,0.432543
0.25,0.51,0.431807
0.25,0.52,0.432113
0.25,0.53,0.431551
0.25,0.54,0.433121
0.25,0.55,0.433992
0.25,0.56,0.434461
0.25,0.57,0.43496
0.25,0.58,0.437038
0.25,0.59,0.435624
0.25,0.6,0.436734
0.25,0.61,0.438077
0.25,0.62,0.43784
0.25,0.63,0.438946
0.25,0.64,0.440079
0.25,0.65,0.441255
0.25,0.66,0.442259
0.25,0.67,0.44386
0.25,0.68,0.443801
0.25,0.69,0.443887
0.25,0.7,0.446084
0.25,0.71,0.447058
0.25,0.72,0.448368
0.25,0.73,0.44913
0.25,0.74,0.450786
0.25,0.75,0.450019
0.25,0.76,0.451967
0.25,0.77,0.453156
0.25,0.78,0.456169
0.26,0,0.449186
0.26,0.01,0.449257
0.26,0.02,0.448277
0.26,0.03,0.446865
0.26,0.04,0.445192
0.26,0.05,0.443105
0.26,0.06,0.444761
0.26,0.07,0.441063
0.26,0.08,0.439061
0.26,0.09,0.440018
0.26,0.1,0.438115
0.26,0.11,0.437473
0.26,0.12,0.435796
0.26,0.13,0.43485
0.26,0.14,0.434431
0.26,0.15,0.431626
0.26,0.16,0.432813
0.26,0.17,0.431433
0.26,0.18,0.430951
0.26,0.19,0.430841
0.26,0.2,0.429594
0.26,0.21,0.430664
0.26,0.22,0.427369
0.26,0.23,0.427752
0.26,0.24,0.427418
0.26,0.25,0.426182
0.26,0.26,0.427908
0.26,0.27,0.424935
0.26,0.28,0.42564
0.26,0.29,0.424767
0.26,0.3,0.424917
0.26,0.31,0.424309
0.26,0.32,0.424249
0.26,0.33,0.424763
0.26,0.34,0.424257
0.26,0.35,0.423956
0.26,0.36,0.423549
0.26,0.37,0.423617
0.26,0.38,0.423747
0.26,0.39,0.423395
0.26,0.4,0.422066
0.26,0.41,0.422717
0.26,0.42,0.422642
0.26,0.43,0.42315
0.26,0.44,0.423555
0.26,0.45,0.42361
0.26,0.46,0.424186
0.26,0.47,0.424571
0.26,0.48,0.425476
0.26,0.49,0.42398
0.26,0.5,0.424963
0.26,0.51,0.426001
0.26,0.52,0.426049
0.26,0.53,0.426798
0.26,0.54,0.427586
0.26,0.55,0.426858
0.26,0.56,0.428933
0.26,0.57,0.429701
0.26,0.58,0.42824
0.26,0.59,0.430042
0.26,0.6,0.430267
0.26,0.61,0.430667
0.26,0.62,0.431881
0.26,0.63,0.432348
0.26,0.64,0.434009
0.26,0.65,0.434483
0.26,0.66,0.435376
0.26,0.67,0.436618
0.26,0.68,0.437077
0.26,0.69,0.43859
0.26,0.7,0.440225
0.26,0.71,0.440776
0.26,0.72,0.442525
0.26,0.73,0.444221
0.26,0.74,0.443844
0.26,0.75,0.444966
0.26,0.76,0.446086
0.26,0.77,0.447548
0.26,0.78,0.448349
0.27,0,0.445624
0.27,0.01,0.442898
0.27,0.02,0.442609
0.27,0.03,0.439366
0.27,0.04,0.439097
0.27,0.05,0.438677
0.27,0.06,0.436678
0.27,0.07,0.435754
0.27,0.08,0.434012
0.27,0.09,0.433533
0.27,0.1,0.432705
0.27,0.11,0.431363
0.27,0.12,0.43087
0.27,0.13,0.429817
0.27,0.14,0.428783
0.27,0.15,0.427148
0.27,0.16,0.427799
0.27,0.17,0.4265
0.27,0.18,0.424238
0.27,0.19,0.423146
0.27,0.2,0.422876
0.27,0.21,0.421256
0.27,0.22,0.42182
0.27,0.23,0.421513
0.27,0.24,0.420469
0.27,0.25,0.420631
0.27,0.26,0.42006
0.27,0.27,0.420194
0.27,0.28,0.417464
0.27,0.29,0.418571
0.27,0.3,0.417701
0.27,0.31,0.416961
0.27,0.32,0.416161
0.27,0.33,0.415663
0.27,0.34,0.415519
0.27,0.35,0.415959
0.27,0.36,0.415803
0.27,0.37,0.417198
0.27,0.38,0.416258
0.27,0.39,0.416014
0.27,0.4,0.415346
0.27,0.41,0.415507
0.27,0.42,0.41524
0.27,0.43,0.415491
0.27,0.44,0.415187
0.27,0.45,0.416157
0.27,0.46,0.417781
0.27,0.47,0.417454
0.27,0.48,0.417559
0.27,0.49,0.418219
0.27,0.5,0.418698
0.27,0.51,0.419117
0.27,0.52,0.417222
0.27,0.53,0.420223
0.27,0.54,0.421033
0.27,0.55,0.420877
0.27,0.56,0.421774
0.27,0.57,0.421177
0.27,0.58,0.422495
0.27,0.59,0.423303
0.27,0.6,0.424194
0.27,0.61,0.424773
0.27,0.62,0.426263
0.27,0.63,0.427375
0.27,0.64,0.427937
0.27,0.65,0.427789
0.27,0.66,0.429464
0.27,0.67,0.43141
0.27,0.68,0.43068
0.27,0.69,0.432769
0.27,0.7,0.434841
0.27,0.71,0.434101
0.27,0.72,0.436287
0.27,0.73,0.437958
0.27,0.74,0.43931
0.27,0.75,0.440125
0.27,0.76,0.440563
0.27,0.77,0.441897
0.27,0.78,0.443001
0.28,0,0.437887
0.28,0.01,0.436644
0.28,0.02,0.437553
0.28,0.03,0.434907
0.28,0.04,0.434663
0.28,0.05,0.433039
0.28,0.06,0.431289
0.28,0.07,0.430172
0.28,0.08,0.429383
0.28,0.09,0.427267
0.28,0.1,0.425808
0.28,0.11,0.42499
0.28,0.12,0.423788
0.28,0.13,0.42347
0.28,0.14,0.423072
0.28,0.15,0.420817
0.28,0.16,0.420076
0.28,0.17,0.420205
0.28,0.18,0.418605
0.28,0.19,0.416349
0.28,0.2,0.415887
0.28,0.21,0.417008
0.28,0.22,0.415555
0.28,0.23,0.415079
0.28,0.24,0.414998
0.28,0.25,0.413808
0.28,0.26,0.412666
0.28,0.27,0.412404
0.28,0.28,0.411237
0.28,0.29,0.411382
0.28,0.3,0.411556
0.28,0.31,0.409691
0.28,0.32,0.409622
0.28,0.33,0.410296
0.28,0.34,0.40978
0.28,0.35,0.409377
0.28,0.36,0.409608
0.28,0.37,0.410357
0.28,0.38,0.410028
0.28,0.39,0.407171
0.28,0.4,0.407547
0.28,0.41,0.409716
0.28,0.42,0.409328
0.28,0.43,0.409534
0.28,0.44,0.408406
0.28,0.45,0.409802
0.28,0.46,0.410164
0.28,0.47,0.410349
0.28,0.48,0.411602
0.28,0.49,0.411818
0.28,0.5,0.412584
0.28,0.51,0.411341
0.28,0.52,0.41263
0.28,0.53,0.413346
0.28,0.54,0.413703
0.28,0.55,0.413926
0.28,0.56,0.415347
0.28,0.57,0.415823
0.28,0.58,0.417099
0.28,0.59,0.417596
0.28,0.6,0.419554
0.28,0.61,0.419383
0.28,0.62,0.418569
0.28,0.63,0.420396
0.28,0.64,0.422474
0.28,0.65,0.423129
0.28,0.66,0.423675
0.28,0.67,0.424955
0.28,0.68,0.425814
0.28,0.69,0.428036
0.28,0.7,0.42789
0.28,0.71,0.42852
0.28,0.72,0.431399
0.28,0.73,0.43109
0.28,0.74,0.432561
0.28,0.75,0.435048
0.28,0.76,0.435396
0.28,0.77,0.437546
0.28,0.78,0.438928
0.29,0,0.434069
0.29,0.01,0.433145
0.29,0.02,0.431556
0.29,0.03,0.43019
0.29,0.04,0.427945
0.29,0.05,0.426786
0.29,0.06,0.424748
0.29,0.07,0.42341
0.29,0.08,0.422909
0.29,0.09,0.420966
0.29,0.1,0.421399
0.29,0.11,0.418864
0.29,0.12,0.41695
0.29,0.13,0.417096
0.29,0.14,0.41556
0.29,0.15,0.415692
0.29,0.16,0.413628
0.29,0.17,0.413095
0.29,0.18,0.411002
0.29,0.19,0.412227
0.29,0.2,0.409064
0.29,0.21,0.409177
0.29,0.22,0.408642
0.29,0.23,0.408307
0.29,0.24,0.407817
0.29,0.25,0.407197
0.29,0.26,0.406518
0.29,0.27,0.405349
0.29,0.28,0.404858
0.29,0.29,0.405309
0.29,0.3,0.403764
0.29,0.31,0.403086
0.29,0.32,0.402643
0.29,0.33,0.402855
0.29,0.34,0.402596
0.29,0.35,0.402965
0.29,0.36,0.401479
0.29,0.37,0.401689
0.29,0.38,0.400812
0.29,0.39,0.403573
0.29,0.4,0.402659
0.29,0.41,0.402507
0.29,0.42,0.402298
0.29,0.43,0.402273
0.29,0.44,0.401766
0.29,0.45,0.402487
0.29,0.46,0.402987
0.29,0.47,0.402957
0.29,0.48,0.403289
0.29,0.49,0.404031
0.29,0.5,0.403895
0.29,0.51,0.404959
0.29,0.52,0.406444
0.29,0.53,0.406211
0.29,0.54,0.408254
0.29,0.55,0.407839
0.29,0.56,0.409363
0.29,0.57,0.409135
0.29,0.58,0.409422
0.29,0.59,0.40999
0.29,0.6,0.411552
0.29,0.61,0.411935
0.29,0.62,0.414513
0.29,0.63,0.414318
0.29,0.64,0.41611
0.29,0.65,0.415621
0.29,0.66,0.418728
0.29,0.67,0.418457
0.29,0.68,0.420553
0.29,0.69,0.421119
0.29,0.7,0.422285
0.29,0.71,0.423781
0.29,0.72,0.425986
0.29,0.73,0.426436
0.29,0.74,0.428279
0.29,0.75,0.429584
0.29,0.76,0.431107
0.29,0.77,0.43273
0.29,0.78,0.435022
0.3,0,0.42955
0.3,0.01,0.428283
0.3,0.02,0.424674
0.3,0.03,0.423771
0.3,0.04,0.423351
0.3,0.05,0.420662
0.3,0.06,0.420889
0.3,0.07,0.417809
0.3,0.08,0.417169
0.3,0.09,0.416198
0.3,0.1,0.41449
0.3,0.11,0.412389
0.3,0.12,0.411849
0.3,0.13,0.412304
0.3,0.14,0.409399
0.3,0.15,0.408762
0.3,0.16,0.408275
0.3,0.17,0.406628
0.3,0.18,0.404456
0.3,0.19,0.405117
0.3,0.2,0.404113
0.3,0.21,0.403678
0.3,0.22,0.401536
0.3,0.23,0.402112
0.3,0.24,0.4016
0.3,0.25,0.40019
0.3,0.26,0.398849
0.3,0.27,0.398438
0.3,0.28,0.398864
0.3,0.29,0.39826
0.3,0.3,0.395879
0.3,0.31,0.396807
0.3,0.32,0.396493
0.3,0.33,0.396615
0.3,0.34,0.3953
0.3,0.35,0.396347
0.3,0.36,0.395169
0.3,0.37,0.395853
0.3,0.38,0.394449
0.3,0.39,0.395234
0.3,0.4,0.395019
0.3,0.41,0.394447
0.3,0.42,0.395118
0.3,0.43,0.395131
0.3,0.44,0.393928
0.3,0.45,0.396314
0.3,0.46,0.39653
0.3,0.47,0.396861
0.3,0.48,0.397174
0.3,0.49,0.397684
0.3,0.5,0.396619
0.3,0.51,0.397936
0.3,0.52,0.399299
0.3,0.53,0.399527
0.3,0.54,0.401236
0.3,0.55,0.401761
0.3,0.56,0.403375
0.3,0.57,0.40202
0.3,0.58,0.403426
0.3,0.59,0.40388
0.3,0.6,0.406421
0.3,0.61,0.405729
0.3,0.62,0.407284
0.3,0.63,0.40879
0.3,0.64,0.408362
0.3,0.65,0.410398
0.3,0.66,0.412559
0.3,0.67,0.413852
0.3,0.68,0.412706
0.3,0.69,0.414855
0.3,0.7,0.416733
0.3,0.71,0.418493
0.3,0.72,0.41987
0.3,0.73,0.420825
0.3,0.74,0.422954
0.3,0.75,0.424675
0.3,0.76,0.425757
0.3,0.77,0.426255
0.3,0.78,0.429095
0.31,0,0.423244
0.31,0.01,0.422894
0.31,0.02,0.42147
0.31,0.03,0.41932
0.31,0.04,0.41796
0.31,0.05,0.415862
0.31,0.06,0.414368
0.31,0.07,0.411834
0.31,0.08,0.411392
0.31,0.09,0.410187
0.31,0.1,0.408409
0.31,0.11,0.406314
0.31,0.12,0.405118
0.31,0.13,0.404496
0.31,0.14,0.403972
0.31,0.15,0.402219
0.31,0.16,0.401766
0.31,0.17,0.399315
0.31,0.18,0.398608
0.31,0.19,0.397861
0.31,0.2,0.396748
0.31,0.21,0.39731
0.31,0.22,0.395896
0.31,0.23,0.394638
0.31,0.24,0.394342
0.31,0.25,0.394385
0.31,0.26,0.39247
0.31,0.27,0.392337
0.31,0.28,0.390581
0.31,0.29,0.391874
0.31,0.3,0.390197
0.31,0.31,0.389138
0.31,0.32,0.389142
0.31,0.33,0.388722
0.31,0.34,0.389185
0.31,0.35,0.389137
0.31,0.36,0.389219
0.31,0.37,0.388294
0.31,0.38,0.386461
0.31,0.39,0.388807
0.31,0.4,0.388929
0.31,0.41,0.389478
0.31,0.42,0.387844
0.31,0.43,0.3889
0.31,0.44,0.389051
0.31,0.45,0.389187
0.31,0.46,0.38894
0.31,0.47,0.389478
0.31,0.48,0.390286
0.31,0.49,0.391698
0.31,0.5,0.391758
0.31,0.51,0.39117
0.31,0.52,0.393321
0.31,0.53,0.393368
0.31,0.54,0.393297
0.31,0.55,0.395134
0.31,0.56,0.395771
0.31,0.57,0.396711
0.31,0.58,0.396668
0.31,0.59,0.397885
0.31,0.6,0.400198
0.31,0.61,0.399846
0.31,0.62,0.401272
0.31,0.63,0.403048
0.31,0.64,0.403219
0.31,0.65,0.404523
0.31,0.66,0.406974
0.31,0.67,0.407894
0.31,0.68,0.409375
0.31,0.69,0.407743
0.31,0.7,0.412196
0.31,0.71,0.413565
0.31,0.72,0.414147
0.31,0.73,0.41566
0.31,0.74,0.417454
0.31,0.75,0.419489
0.31,0.76,0.420726
0.31,0.77,0.421971
0.31,0.78,0.423819
0.32,0,0.418593
0.32,0.01,0.417038
0.32,0.02,0.416005
0.32,0.03,0.413375
0.32,0.04,0.411942
0.32,0.05,0.410556
0.32,0.06,0.409295
0.32,0.07,0.40857
0.32,0.08,0.405554
0.32,0.09,0.405628
0.32,0.1,0.402486
0.32,0.11,0.401678
0.32,0.12,0.399386
0.32,0.13,0.398784
0.32,0.14,0.398254
0.32,0.15,0.39624
0.32,0.16,0.395655
0.32,0.17,0.393906
0.32,0.18,0.393619
0.32,0.19,0.392209
0.32,0.2,0.390439
0.32,0.21,0.389912
0.32,0.22,0.389421
0.32,0.23,0.389818
0.32,0.24,0.387217
0.32,0.25,0.387049
0.32,0.26,0.384946
0.32,0.27,0.386044
0.32,0.28,0.385347
0.32,0.29,0.38351
0.32,0.3,0.38358
0.32,0.31,0.383123
0.32,0.32,0.382334
0.32,0.33,0.381465
0.32,0.34,0.382359
0.32,0.35,0.382097
0.32,0.36,0.382309
0.32,0.37,0.381299
0.32,0.38,0.38149
0.32,0.39,0.382572
0.32,0.4,0.38219
0.32,0.41,0.381429
0.32,0.42,0.380464
0.32,0.43,0.382329
0.32,0.44,0.381772
0.32,0.45,0.383679
0.32,0.46,0.382908
0.32,0.47,0.38313
0.32,0.48,0.38326
0.32,0.49,0.383858
0.32,0.5,0.38461
0.32,0.51,0.384667
0.32,0.52,0.386023
0.32,0.53,0.386415
0.32,0.54,0.388484
0.32,0.55,0.388102
0.32,0.56,0.389406
0.32,0.57,0.390533
0.32,0.58,0.390467
0.32,0.59,0.392558
0.32,0.6,0.393431
0.32,0.61,0.393437
0.32,0.62,0.394642
0.32,0.63,0.395466
0.32,0.64,0.396952
0.32,0.65,0.398468
0.32,0.66,0.40012
0.32,0.67,0.400949
0.32,0.68,0.403125
0.32,0.69,0.404462
0.32,0.7,0.405774
0.32,0.71,0.408687
0.32,0.72,0.409757
0.32,0.73,0.410072
0.32,0.74,0.412139
0.32,0.75,0.414121
0.32,0.76,0.415083
0.32,0.77,0.416551
0.32,0.78,0.418131
0.33,0,0.415097
0.33,0.01,0.413806
0.33,0.02,0.41093
0.33,0.03,0.409317
0.33,0.04,0.407396
0.33,0.05,0.405894
0.33,0.06,0.404013
0.33,0.07,0.402813
0.33,0.08,0.399817
0.33,0.09,0.398548
0.33,0.1,0.396497
0.33,0.11,0.396147
0.33,0.12,0.394228
0.33,0.13,0.394335
0.33,0.14,0.391856
0.33,0.15,0.3916
0.33,0.16,0.388873
0.33,0.17,0.387717
0.33,0.18,0.386427
0.33,0.19,0.386242
0.33,0.2,0.384578
0.33,0.21,0.384274
0.33,0.22,0.382429
0.33,0.23,0.381319
0.33,0.24,0.380871
0.33,0.25,0.379679
0.33,0.26,0.38074
0.33,0.27,0.378592
0.33,0.28,0.379288
0.33,0.29,0.377797
0.33,0.3,0.378086
0.33,0.31,0.376115
0.33,0.32,0.376686
0.33,0.33,0.374598
0.33,0.34,0.375765
0.33,0.35,0.374614
0.33,0.36,0.375222
0.33,0.37,0.374313
0.33,0.38,0.374388
0.33,0.39,0.374675
0.33,0.4,0.374313
0.33,0.41,0.375935
0.33,0.42,0.375368
0.33,0.43,0.374401
0.33,0.44,0.375374
0.33,0.45,0.375814
0.33,0.46,0.37521
0.33,0.47,0.375981
0.33,0.48,0.376686
0.33,0.49,0.37747
0.33,0.5,0.377017
0.33,0.51,0.37838
0.33,0.52,0.378235
0.33,0.53,0.379656
0.33,0.54,0.380187
0.33,0.55,0.381842
0.33,0.56,0.383539
0.33,0.57,0.383176
0.33,0.58,0.384183
0.33,0.59,0.385951
0.33,0.6,0.385233
0.33,0.61,0.388622
0.33,0.62,0.389544
0.33,0.63,0.391257
0.33,0.64,0.39235
0.33,0.65,0.3934
0.33,0.66,0.3952
0.33,0.67,0.396287
0.33,0.68,0.397175
0.33,0.69,0.398487
0.33,0.7,0.400121
0.33,0.71,0.401793
0.33,0.72,0.404189
0.33,0.73,0.406214
0.33,0.74,0.406554
0.33,0.75,0.40851
0.33,0.76,0.410362
0.33,0.77,0.412871
0.33,0.78,0.414105
0.34,0,0.410899
0.34,0.01,0.408465
0.34,0.02,0.405542
0.34,0.03,0.404295
0.34,0.04,0.402221
0.34,0.05,0.401386
0.34,0.06,0.398213
0.34,0.07,0.396939
0.34,0.08,0.395552
0.34,0.09,0.393702
0.34,0.1,0.391948
0.34,0.11,0.390911
0.34,0.12,0.389247
0.34,0.13,0.387618
0.34,0.14,0.386719
0.34,0.15,0.385492
0.34,0.16,0.383827
0.34,0.17,0.382501
0.34,0.18,0.381202
0.34,0.19,0.379905
0.34,0.2,0.378402
0.34,0.21,0.377458
0.34,0.22,0.376692
0.34,0.23,0.375537
0.34,0.24,0.374495
0.34,0.25,0.375653
0.34,0.26,0.373658
0.34,0.27,0.37296
0.34,0.28,0.371206
0.34,0.29,0.372006
0.34,0.3,0.37041
0.34,0.31,0.37014
0.34,0.32,0.369405
0.34,0.33,0.369449
0.34,0.34,0.368122
0.34,0.35,0.368948
0.34,0.36,0.367884
0.34,0.37,0.367752
0.34,0.38,0.368329
0.34,0.39,0.367866
0.34,0.4,0.368407
0.34,0.41,0.369283
0.34,0.42,0.36841
0.34,0.43,0.369017
0.34,0.44,0.369553
0.34,0.45,0.369167
0.34,0.46,0.370049
0.34,0.47,0.371107
0.34,0.48,0.371107
0.34,0.49,0.370842
0.34,0.5,0.370769
0.34,0.51,0.371693
0.34,0.52,0.373358
0.34,0.53,0.374883
0.34,0.54,0.373929
0.34,0.55,0.375386
0.34,0.56,0.376425
0.34,0.57,0.376796
0.34,0.58,0.377629
0.34,0.59,0.381239
0.34,0.6,0.379908
0.34,0.61,0.38263
0.34,0.62,0.3821
0.34,0.63,0.383531
0.34,0.64,0.385708
0.34,0.65,0.387338
0.34,0.66,0.388697
0.34,0.67,0.390113
0.34,0.68,0.392385
0.34,0.69,0.392451
0.34,0.7,0.394409
0.34,0.71,0.397403
0.34,0.72,0.398665
0.34,0.73,0.398777
0.34,0.74,0.402369
0.34,0.75,0.404925
0.34,0.76,0.405674
0.34,0.77,0.407475
0.34,0.78,0.410301
0.35,0,0.406233
0.35,0.01,0.403973
0.35,0.02,0.402005
0.35,0.03,0.399234
0.35,0.04,0.39731
0.35,0.05,0.395229
0.35,0.06,0.394191
0.35,0.07,0.391251
0.35,0.08,0.389645
0.35,0.09,0.38923
0.35,0.1,0.386099
0.35,0.11,0.386631
0.35,0.12,0.384208
0.35,0.13,0.382096
0.35,0.14,0.382238
0.35,0.15,0.378734
0.35,0.16,0.377716
0.35,0.17,0.377547
0.35,0.18,0.374466
0.35,0.19,0.372677
0.35,0.2,0.372901
0.35,0.21,0.370892
0.35,0.22,0.370853
0.35,0.23,0.3706
0.35,0.24,0.368181
0.35,0.25,0.366638
0.35,0.26,0.36587
0.35,0.27,0.365906
0.35,0.28,0.363529
0.35,0.29,0.364976
0.35,0.3,0.363985
0.35,0.31,0.36327
0.35,0.32,0.363892
0.35,0.33,0.362546
0.35,0.34,0.361798
0.35,0.35,0.363563
0.35,0.36,0.362646
0.35,0.37,0.362083
0.35,0.38,0.362411
0.35,0.39,0.361296
0.35,0.4,0.361179
0.35,0.41,0.361746
0.35,0.42,0.361691
0.35,0.43,0.36168
0.35,0.44,0.362678
0.35,0.45,0.363305
0.35,0.46,0.363167
0.35,0.47,0.363068
0.35,0.48,0.363303
0.35,0.49,0.364118
0.35,0.5,0.365617
0.35,0.51,0.365567
0.35,0.52,0.366237
0.35,0.53,0.366847
0.35,0.54,0.368755
0.35,0.55,0.368865
0.35,0.56,0.370567
0.35,0.57,0.370555
0.35,0.58,0.372976
0.35,0.59,0.373556
0.35,0.6,0.374799
0.35,0.61,0.376825
0.35,0.62,0.376782
0.35,0.63,0.379554
0.35,0.64,0.380735
0.35,0.65,0.380908
0.35,0.66,0.382389
0.35,0.67,0.38533
0.35,0.68,0.387388
0.35,0.69,0.388569
0.35,0.7,0.390228
0.35,0.71,0.391918
0.35,0.72,0.392847
0.35,0.73,0.394672
0.35,0.74,0.397827
0.35,0.75,0.400463
0.35,0.76,0.402003
0.35,0.77,0.402629
0.35,0.78,0.405381
0.36,0,0.401434
0.36,0.01,0.399258
0.36,0.02,0.397108
0.36,0.03,0.395908
0.36,0.04,0.392934
0.36,0.05,0.390909
0.36,0.06,0.389194
0.36,0.07,0.387599
0.36,0.08,0.384472
0.36,0.09,0.38367
0.36,0.1,0.380589
0.36,0.11,0.380727
0.36,0.12,0.378725
0.36,0.13,0.376063
0.36,0.14,0.375304
0.36,0.15,0.373963
0.36,0.16,0.371471
0.36,0.17,0.369753
0.36,0.18,0.369227
0.36,0.19,0.368167
0.36,0.2,0.366492
0.36,0.21,0.365043
0.36,0.22,0.363972
0.36,0.23,0.363752
0.36,0.24,0.363063
0.36,0.25,0.361505
0.36,0.26,0.360062
0.36,0.27,0.3594
0.36,0.28,0.360193
0.36,0.29,0.359459
0.36,0.3,0.357213
0.36,0.31,0.357949
0.36,0.32,0.355775
0.36,0.33,0.357229
0.36,0.34,0.35654
0.36,0.35,0.355707
0.36,0.36,0.354741
0.36,0.37,0.356228
0.36,0.38,0.355024
0.36,0.39,0.35518
0.36,0.4,0.355672
0.36,0.41,0.355347
0.36,0.42,0.355595
0.36,0.43,0.355579
0.36,0.44,0.355148
0.36,0.45,0.355976
0.36,0.46,0.355313
0.36,0.47,0.357084
0.36,0.48,0.358052
0.36,0.49,0.358263
0.36,0.5,0.35886
0.36,0.51,0.358932
0.36,0.52,0.360431
0.36,0.53,0.361439
0.36,0.54,0.362682
0.36,0.55,0.363253
0.36,0.56,0.363535
0.36,0.57,0.364802
0.36,0.58,0.365424
0.36,0.59,0.367618
0.36,0.6,0.36865
0.36,0.61,0.369976
0.36,0.62,0.371775
0.36,0.63,0.372749
0.36,0.64,0.374672
0.36,0.65,0.376883
0.36,0.66,0.377487
0.36,0.67,0.37861
0.36,0.68,0.381166
0.36,0.69,0.382061
0.36,0.7,0.385379
0.36,0.71,0.38639
0.36,0.72,0.388442
0.36,0.73,0.390933
0.36,0.74,0.392555
0.36,0.75,0.394065
0.36,0.76,0.396322
0.36,0.77,0.397566
0.36,0.78,0.401108
0.37,0,0.398381
0.37,0.01,0.39524
0.37,0.02,0.392435
0.37,0.03,0.390757
0.37,0.04,0.387892
0.37,0.05,0.386463
0.37,0.06,0.384284
0.37,0.07,0.382122
0.37,0.08,0.379939
0.37,0.09,0.377448
0.37,0.1,0.376634
0.37,0.11,0.374144
0.37,0.12,0.372659
0.37,0.13,0.371364
0.37,0.14,0.369804
0.37,0.15,0.368389
0.37,0.16,0.366212
0.37,0.17,0.364909
0.37,0.18,0.364287
0.37,0.19,0.361399
0.37,0.2,0.3619
0.37,0.21,0.359192
0.37,0.22,0.358566
0.37,0.23,0.356413
0.37,0.24,0.356598
0.37,0.25,0.35461
0.37,0.26,0.353434
0.37,0.27,0.354676
0.37,0.28,0.352848
0.37,0.29,0.352014
0.37,0.3,0.35184
0.37,0.31,0.351332
0.37,0.32,0.350732
0.37,0.33,0.350134
0.37,0.34,0.349424
0.37,0.35,0.348384
0.37,0.36,0.348598
0.37,0.37,0.349172
0.37,0.38,0.348466
0.37,0.39,0.348188
0.37,0.4,0.347109
0.37,0.41,0.348416
0.37,0.42,0.347461
0.37,0.43,0.350077
0.37,0.44,0.349354
0.37,0.45,0.349306
0.37,0.46,0.349112
0.37,0.47,0.351546
0.37,0.48,0.350784
0.37,0.49,0.351543
0.37,0.5,0.352223
0.37,0.51,0.353386
0.37,0.52,0.352759
0.37,0.53,0.355562
0.37,0.54,0.355238
0.37,0.55,0.356894
0.37,0.56,0.358859
0.37,0.57,0.35908
0.37,0.58,0.361436
0.37,0.59,0.361258
0.37,0.6,0.363355
0.37,0.61,0.364332
0.37,0.62,0.36653
0.37,0.63,0.367129
0.37,0.64,0.369468
0.37,0.65,0.371695
0.37,0.66,0.372761
0.37,0.67,0.373297
0.37,0.68,0.376657
0.37,0.69,0.377931
0.37,0.7,0.378434
0.37,0.71,0.381992
0.37,0.72,0.383318
0.37,0.73,0.38631
0.37,0.74,0.387478
0.37,0.75,0.389944
0.37,0.76,0.391608
0.37,0.77,0.3933
0.37,0.78,0.395972
0.38,0,0.392776
0.38,0.01,0.389037
0.38,0.02,0.38844
0.38,0.03,0.384969
0.38,0.04,0.383777
0.38,0.05,0.382894
0.38,0.06,0.37908
0.38,0.07,0.377996
0.38,0.08,0.375231
0.38,0.09,0.373037
0.38,0.1,0.371133
0.38,0.11,0.36893
0.38,0.12,0.367597
0.38,0.13,0.366044
0.38,0.14,0.364603
0.38,0.15,0.362506
0.38,0.16,0.360876
0.38,0.17,0.360668
0.38,0.18,0.358883
0.38,0.19,0.357337
0.38,0.2,0.354199
0.38,0.21,0.35454
0.38,0.22,0.352584
0.38,0.23,0.351771
0.38,0.24,0.35061
0.38,0.25,0.349105
0.38,0.26,0.348674
0.38,0.27,0.347233
0.38,0.28,0.346561
0.38,0.29,0.346121
0.38,0.3,0.343964
0.38,0.31,0.345582
0.38,0.32,0.344011
0.38,0.33,0.34352
0.38,0.34,0.343052
0.38,0.35,0.34153
0.38,0.36,0.342589
0.38,0.37,0.343091
0.38,0.38,0.34218
0.38,0.39,0.341941
0.38,0.4,0.341338
0.38,0.41,0.340898
0.38,0.42,0.34203
0.38,0.43,0.341895
0.38,0.44,0.343965
0.38,0.45,0.343313
0.38,0.46,0.343576
0.38,0.47,0.343758
0.38,0.48,0.344606
0.38,0.49,0.346052
0.38,0.5,0.345667
0.38,0.51,0.345785
0.38,0.52,0.346963
0.38,0.53,0.348633
0.38,0.54,0.349192
0.38,0.55,0.351333
0.38,0.56,0.353051
0.38,0.57,0.352245
0.38,0.58,0.3533
0.38,0.59,0.357228
0.38,0.6,0.358009
0.38,0.61,0.357703
0.38,0.62,0.35964
0.38,0.63,0.362552
0.38,0.64,0.363573
0.38,0.65,0.365702
0.38,0.66,0.367008
0.38,0.67,0.36971
0.38,0.68,0.370383
0.38,0.69,0.371897
0.38,0.7,0.374304
0.38,0.71,0.376835
0.38,0.72,0.378497
0.38,0.73,0.380514
0.38,0.74,0.382387
0.38,0.75,0.384711
0.38,0.76,0.386963
0.38,0.77,0.390463
0.38,0.78,0.392141
0.39,0,0.389253
0.39,0.01,0.387389
0.39,0.02,0.384704
0.39,0.03,0.383237
0.39,0.04,0.379129
0.39,0.05,0.377468
0.39,0.06,0.375594
0.39,0.07,0.372302
0.39,0.08,0.371783
0.39,0.09,0.36826
0.39,0.1,0.366084
0.39,0.11,0.365134
0.39,0.12,0.362487
0.39,0.13,0.36141
0.39,0.14,0.358238
0.39,0.15,0.358111
0.39,0.16,0.355247
0.39,0.17,0.353149
0.39,0.18,0.351694
0.39,0.19,0.350476
0.39,0.2,0.348768
0.39,0.21,0.348315
0.39,0.22,0.348046
0.39,0.23,0.346333
0.39,0.24,0.344566
0.39,0.25,0.343256
0.39,0.26,0.34314
0.39,0.27,0.34116
0.39,0.28,0.340779
0.39,0.29,0.339946
0.39,0.3,0.339596
0.39,0.31,0.338337
0.39,0.32,0.338276
0.39,0.33,0.336349
0.39,0.34,0.336312
0.39,0.35,0.33537
0.39,0.36,0.336164
0.39,0.37,0.33583
0.39,0.38,0.336551
0.39,0.39,0.336258
0.39,0.4,0.334931
0.39,0.41,0.33512
0.39,0.42,0.335434
0.39,0.43,0.335977
0.39,0.44,0.336817
0.39,0.45,0.336578
0.39,0.46,0.33761
0.39,0.47,0.336937
0.39,0.48,0.338942
0.39,0.49,0.339701
0.39,0.5,0.339868
0.39,0.51,0.342328
0.39,0.52,0.343122
0.39,0.53,0.343362
0.39,0.54,0.344951
0.39,0.55,0.344868
0.39,0.56,0.346497
0.39,0.57,0.347216
0.39,0.58,0.34853
0.39,0.59,0.349596
0.39,0.6,0.351258
0.39,0.61,0.353218
0.39,0.62,0.354669
0.39,0.63,0.357022
0.39,0.64,0.35838
0.39,0.65,0.360099
0.39,0.66,0.362659
0.39,0.67,0.364229
0.39,0.68,0.365847
0.39,0.69,0.368621
0.39,0.7,0.369902
0.39,0.71,0.371612
0.39,0.72,0.374661
0.39,0.73,0.376457
0.39,0.74,0.379373
0.39,0.75,0.380686
0.39,0.76,0.383774
0.39,0.77,0.385596
0.39,0.78,0.387974
0.4,0,0.385686
0.4,0.01,0.382117
0.4,0.02,0.380489
0.4,0.03,0.377161
0.4,0.04,0.373811
0.4,0.05,0.372466
0.4,0.06,0.370368
0.4,0.07,0.36872
0.4,0.08,0.366619
0.4,0.09,0.363587
0.4,0.1,0.361632
0.4,0.11,0.360071
0.4,0.12,0.357746
0.4,0.13,0.355662
0.4,0.14,0.354386
0.4,0.15,0.352073
0.4,0.16,0.350224
0.4,0.17,0.348136
0.4,0.18,0.347877
0.4,0.19,0.345595
0.4,0.2,0.344972
0.4,0.21,0.343872
0.4,0.22,0.341096
0.4,0.23,0.339166
0.4,0.24,0.33881
0.4,0.25,0.337467
0.4,0.26,0.336758
0.4,0.27,0.335306
0.4,0.28,0.335052
0.4,0.29,0.332746
0.4,0.3,0.332889
0.4,0.31,0.332574
0.4,0.32,0.331472
0.4,0.33,0.331787
0.4,0.34,0.330576
0.4,0.35,0.330694
0.4,0.36,0.330362
0.4,0.37,0.330169
0.4,0.38,0.329398
0.4,0.39,0.330739
0.4,0.4,0.329459
0.4,0.41,0.329383
0.4,0.42,0.330311
0.4,0.43,0.330513
0.4,0.44,0.331894
0.4,0.45,0.330426
0.4,0.46,0.331195
0.4,0.47,0.33222
0.4,0.48,0.33203
0.4,0.49,0.334048
0.4,0.5,0.334589
0.4,0.51,0.334524
0.4,0.52,0.33678
0.4,0.53,0.338024
0.4,0.54,0.337448
0.4,0.55,0.339591
0.4,0.56,0.340952
0.4,0.57,0.343445
0.4,0.58,0.343835
0.4,0.59,0.344243
0.4,0.6,0.346123
0.4,0.61,0.347332
0.4,0.62,0.348708
0.4,0.63,0.351938
0.4,0.64,0.352472
0.4,0.65,0.355079
0.4,0.66,0.357154
0.4,0.67,0.359712
0.4,0.68,0.361663
0.4,0.69,0.362967
0.4,0.7,0.365584
0.4,0.71,0.367022
0.4,0.72,0.369955
0.4,0.73,0.371587
0.4,0.74,0.375977
0.4,0.75,0.377617
0.4,0.76,0.379915
0.4,0.77,0.381804
0.4,0.78,0.384145
0.41,0,0.381255
0.41,0.01,0.379084
0.41,0.02,0.377202
0.41,0.03,0.372844
0.41,0.04,0.370151
0.41,0.05,0.368752
0.41,0.06,0.365203
0.41,0.07,0.364536
0.41,0.08,0.361125
0.41,0.09,0.358856
0.41,0.1,0.356859
0.41,0.11,0.355119
0.41,0.12,0.353151
0.41,0.13,0.351046
0.41,0.14,0.349111
0.41,0.15,0.346159
0.41,0.16,0.345239
0.41,0.17,0.343769
0.41,0.18,0.341455
0.41,0.19,0.339043
0.41,0.2,0.337441
0.41,0.21,0.336518
0.41,0.22,0.336742
0.41,0.23,0.335087
0.41,0.24,0.332927
0.41,0.25,0.33192
0.41,0.26,0.331169
0.41,0.27,0.330408
0.41,0.28,0.328581
0.41,0.29,0.327238
0.41,0.3,0.328287
0.41,0.31,0.327165
0.41,0.32,0.32461
0.41,0.33,0.325248
0.41,0.34,0.324946
0.41,0.35,0.326134
0.41,0.36,0.324652
0.41,0.37,0.324376
0.41,0.38,0.323234
0.41,0.39,0.323471
0.41,0.4,0.324009
0.41,0.41,0.323863
0.41,0.42,0.324575
0.41,0.43,0.323905
0.41,0.44,0.325276
0.41,0.45,0.326073
0.41,0.46,0.325093
0.41,0.47,0.326633
0.41,0.48,0.3268
0.41,0.49,0.326717
0.41,0.5,0.329354
0.41,0.51,0.330172
0.41,0.52,0.331375
0.41,0.53,0.332145
0.41,0.54,0.333266
0.41,0.55,0.334302
0.41,0.56,0.335021
0.41,0.57,0.336966
0.41,0.58,0.337559
0.41,0.59,0.33893
0.41,0.6,0.342577
0.41,0.61,0.34237
0.41,0.62,0.344264
0.41,0.63,0.347048
0.41,0.64,0.34911
0.41,0.65,0.350518
0.41,0.66,0.352896
0.41,0.67,0.354655
0.41,0.68,0.356798
0.41,0.69,0.357393
0.41,0.7,0.361216
0.41,0.71,0.362698
0.41,0.72,0.365394
0.41,0.73,0.368146
0.41,0.74,0.370827
0.41,0.75,0.373332
0.41,0.76,0.375697
0.41,0.77,0.378272
0.41,0.78,0.3805
0.42,0,0.377791
0.42,0.01,0.375234
0.42,0.02,0.373013
0.42,0.03,0.368985
0.42,0.04,0.367321
0.42,0.05,0.364838
0.42,0.06,0.362251
0.42,0.07,0.358945
0.42,0.08,0.358445
0.42,0.09,0.354661
0.42,0.1,0.35223
0.42,0.11,0.350567
0.42,0.12,0.348029
0.42,0.13,0.345953
0.42,0.14,0.343557
0.42,0.15,0.342149
0.42,0.16,0.340834
0.42,0.17,0.338785
0.42,0.18,0.336636
0.42,0.19,0.335256
0.42,0.2,0.332001
0.42,0.21,0.331684
0.42,0.22,0.328673
0.42,0.23,0.328952
0.42,0.24,0.327319
0.42,0.25,0.32747
0.42,0.26,0.325596
0.42,0.27,0.325039
0.42,0.28,0.32331
0.42,0.29,0.321522
0.42,0.3,0.321475
0.42,0.31,0.320388
0.42,0.32,0.318967
0.42,0.33,0.31901
0.42,0.34,0.319032
0.42,0.35,0.319196
0.42,0.36,0.318987
0.42,0.37,0.317759
0.42,0.38,0.318099
0.42,0.39,0.317854
0.42,0.4,0.318057
0.42,0.41,0.31807
0.42,0.42,0.317755
0.42,0.43,0.318424
0.42,0.44,0.317781
0.42,0.45,0.319127
0.42,0.46,0.319401
0.42,0.47,0.32066
0.42,0.48,0.321799
0.42,0.49,0.321335
0.42,0.5,0.323533
0.42,0.51,0.32284
0.42,0.52,0.325072
0.42,0.53,0.325939
0.42,0.54,0.327494
0.42,0.55,0.327983
0.42,0.56,0.330396
0.42,0.57,0.331163
0.42,0.58,0.332927
0.42,0.59,0.333758
0.42,0.6,0.336429
0.42,0.61,0.337385
0.42,0.62,0.340117
0.42,0.63,0.342131
0.42,0.64,0.343972
0.42,0.65,0.3464
0.42,0.66,0.347924
0.42,0.67,0.350029
0.42,0.68,0.352011
0.42,0.69,0.354496
0.42,0.7,0.356097
0.42,0.71,0.35909
0.42,0.72,0.360263
0.42,0.73,0.364316
0.42,0.74,0.366047
0.42,0.75,0.369465
0.42,0.76,0.371414
0.42,0.77,0.375079
0.42,0.78,0.376819
0.43,0,0.373911
0.43,0.01,0.37287
0.43,0.02,0.369551
0.43,0.03,0.36564
0.43,0.04,0.3631
0.43,0.05,0.360515
0.43,0.06,0.35802
0.43,0.07,0.35516
0.43,0.08,0.353462
0.43,0.09,0.349647
0.43,0.1,0.34785
0.43,0.11,0.347164
0.43,0.12,0.344164
0.43,0.13,0.341547
0.43,0.14,0.338888
0.43,0.15,0.336847
0.43,0.16,0.3351
0.43,0.17,0.334239
0.43,0.18,0.332387
0.43,0.19,0.330523
0.43,0.2,0.327377
0.43,0.21,0.326129
0.43,0.22,0.325224
0.43,0.23,0.323769
0.43,0.24,0.321813
0.43,0.25,0.320913
0.43,0.26,0.319181
0.43,0.27,0.317716
0.43,0.28,0.317197
0.43,0.29,0.317369
0.43,0.3,0.31636
0.43,0.31,0.315079
0.43,0.32,0.314238
0.43,0.33,0.31442
0.43,0.34,0.312281
0.43,0.35,0.31279
0.43,0.36,0.312434
0.43,0.37,0.31236
0.43,0.38,0.31221
0.43,0.39,0.311285
0.43,0.4,0.311783
0.43,0.41,0.31266
0.43,0.42,0.312308
0.43,0.43,0.312399
0.43,0.44,0.313491
0.43,0.45,0.313935
0.43,0.46,0.315084
0.43,0.47,0.314443
0.43,0.48,0.315009
0.43,0.49,0.31644
0.43,0.5,0.318582
0.43,0.51,0.318543
0.43,0.52,0.318527
0.43,0.53,0.319895
0.43,0.54,0.322909
0.43,0.55,0.323402
0.43,0.56,0.324129
0.43,0.57,0.326059
0.43,0.58,0.327871
0.43,0.59,0.329621
0.43,0.6,0.332072
0.43,0.61,0.333227
0.43,0.62,0.334377
0.43,0.63,0.338166
0.43,0.64,0.338556
0.43,0.65,0.340677
0.43,0.66,0.343507
0.43,0.67,0.344732
0.43,0.68,0.347289
0.43,0.69,0.350101
0.43,0.7,0.352243
0.43,0.71,0.354985
0.43,0.72,0.356634
0.43,0.73,0.360563
0.43,0.74,0.363503
0.43,0.75,0.365985
0.43,0.76,0.367837
0.43,0.77,0.370716
0.43,0.78,0.374005
0.44,0,0.372399
0.44,0.01,0.369028
0.44,0.02,0.367143
0.44,0.03,0.36261
0.44,0.04,0.360582
0.44,0.05,0.35802
0.44,0.06,0.353796
0.44,0.07,0.351683
0.44,0.08,0.34969
0.44,0.09,0.346498
0.44,0.1,0.343921
0.44,0.11,0.342191
0.44,0.12,0.340005
0.44,0.13,0.337116
0.44,0.14,0.334811
0.44,0.15,0.33247
0.44,0.16,0.330461
0.44,0.17,0.328838
0.44,0.18,0.326792
0.44,0.19,0.324974
0.44,0.2,0.323481
0.44,0.21,0.322107
0.44,0.22,0.320406
0.44,0.23,0.318566
0.44,0.24,0.317017
0.44,0.25,0.31575
0.44,0.26,0.314507
0.44,0.27,0.313952
0.44,0.28,0.312055
0.44,0.29,0.309997
0.44,0.3,0.310851
0.44,0.31,0.308654
0.44,0.32,0.309747
0.44,0.33,0.308461
0.44,0.34,0.308047
0.44,0.35,0.30745
0.44,0.36,0.307381
0.44,0.37,0.306359
0.44,0.38,0.306352
0.44,0.39,0.306801
0.44,0.4,0.306941
0.44,0.41,0.306395
0.44,0.42,0.30676
0.44,0.43,0.307538
0.44,0.44,0.307524
0.44,0.45,0.307656
0.44,0.46,0.309002
0.44,0.47,0.309958
0.44,0.48,0.311017
0.44,0.49,0.310858
0.44,0.5,0.313029
0.44,0.51,0.31396
0.44,0.52,0.31351
0.44,0.53,0.314752
0.44,0.54,0.316859
0.44,0.55,0.318638
0.44,0.56,0.319849
0.44,0.57,0.32003
0.44,0.58,0.323781
0.44,0.59,0.324371
0.44,0.6,0.324582
0.44,0.61,0.328459
0.44,0.62,0.329966
0.44,0.63,0.331696
0.44,0.64,0.334517
0.44,0.65,0.335919
0.44,0.66,0.339375
0.44,0.67,0.340895
0.44,0.68,0.343378
0.44,0.69,0.346624
0.44,0.7,0.348692
0.44,0.71,0.351648
0.44,0.72,0.353752
0.44,0.73,0.356915
0.44,0.74,0.358065
0.44,0.75,0.361549
0.44,0.76,0.365116
0.44,0.77,0.367932
0.44,0.78,0.370737
0.45,0,0.367721
0.45,0.01,0.366611
0.45,0.02,0.362293
0.45,0.03,0.35927
0.45,0.04,0.355826
0.45,0.05,0.353376
0.45,0.06,0.350803
0.45,0.07,0.348443
0.45,0.08,0.344764
0.45,0.09,0.342163
0.45,0.1,0.339834
0.45,0.11,0.336644
0.45,0.12,0.334804
0.45,0.13,0.332354
0.45,0.14,0.330464
0.45,0.15,0.328404
0.45,0.16,0.326127
0.45,0.17,0.324287
0.45,0.18,0.321983
0.45,0.19,0.319941
0.45,0.2,0.317912
0.45,0.21,0.316476
0.45,0.22,0.315155
0.45,0.23,0.313031
0.45,0.24,0.312272
0.45,0.25,0.310599
0.45,0.26,0.309819
0.45,0.27,0.308948
0.45,0.28,0.306299
0.45,0.29,0.306365
0.45,0.3,0.305419
0.45,0.31,0.303805
0.45,0.32,0.303497
0.45,0.33,0.303521
0.45,0.34,0.302367
0.45,0.35,0.302401
0.45,0.36,0.301671
0.45,0.37,0.302209
0.45,0.38,0.300596
0.45,0.39,0.301605
0.45,0.4,0.301358
0.45,0.41,0.300315
0.45,0.42,0.3015
0.45,0.43,0.301252
0.45,0.44,0.302292
0.45,0.45,0.303687
0.45,0.46,0.302789
0.45,0.47,0.304174
0.45,0.48,0.306064
0.45,0.49,0.307253
0.45,0.5,0.306868
0.45,0.51,0.307516
0.45,0.52,0.30862
0.45,0.53,0.309983
0.45,0.54,0.31116
0.45,0.55,0.312485
0.45,0.56,0.313816
0.45,0.57,0.316683
0.45,0.58,0.317757
0.45,0.59,0.319552
0.45,0.6,0.321324
0.45,0.61,0.323433
0.45,0.62,0.326038
0.45,0.63,0.32775
0.45,0.64,0.32921
0.45,0.65,0.331958
0.45,0.66,0.333612
0.45,0.67,0.337096
0.45,0.68,0.338627
0.45,0.69,0.342685
0.45,0.7,0.344648
0.45,0.71,0.347259
0.45,0.72,0.349632
0.45,0.73,0.352904
0.45,0.74,0.355142
0.45,0.75,0.357703
0.45,0.76,0.362056
0.45,0.77,0.364369
0.45,0.78,0.367923
0.46,0,0.366005
0.46,0.01,0.362831
0.46,0.02,0.358768
0.46,0.03,0.355806
0.46,0.04,0.35294
0.46,0.05,0.35124
0.46,0.06,0.347539
0.46,0.07,0.345213
0.46,0.08,0.34299
0.46,0.09,0.339084
0.46,0.1,0.336432
0.46,0.11,0.333366
0.46,0.12,0.332027
0.46,0.13,0.328408
0.46,0.14,0.325612
0.46,0.15,0.325257
0.46,0.16,0.321214
0.46,0.17,0.31949
0.46,0.18,0.31832
0.46,0.19,0.314941
0.46,0.2,0.314261
0.46,0.21,0.311787
0.46,0.22,0.309293
0.46,0.23,0.308757
0.46,0.24,0.306889
0.46,0.25,0.304907
0.46,0.26,0.304355
0.46,0.27,0.302479
0.46,0.28,0.301329
0.46,0.29,0.300524
0.46,0.3,0.300677
0.46,0.31,0.300415
0.46,0.32,0.298706
0.46,0.33,0.297846
0.46,0.34,0.297266
0.46,0.35,0.296516
0.46,0.36,0.295491
0.46,0.37,0.296297
0.46,0.38,0.296078
0.46,0.39,0.295794
0.46,0.4,0.296447
0.46,0.41,0.29669
0.46,0.42,0.295982
0.46,0.43,0.296674
0.46,0.44,0.297999
0.46,0.45,0.298912
0.46,0.46,0.299134
0.46,0.47,0.298917
0.46,0.48,0.300188
0.46,0.49,0.301654
0.46,0.5,0.302453
0.46,0.51,0.302677
0.46,0.52,0.30363
0.46,0.53,0.305694
0.46,0.54,0.306534
0.46,0.55,0.308526
0.46,0.56,0.310238
0.46,0.57,0.312465
0.46,0.58,0.313087
0.46,0.59,0.315123
0.46,0.6,0.316945
0.46,0.61,0.319718
0.46,0.62,0.321877
0.46,0.63,0.323129
0.46,0.64,0.325389
0.46,0.65,0.328471
0.46,0.66,0.330485
0.46,0.67,0.332831
0.46,0.68,0.335264
0.46,0.69,0.338244
0.46,0.7,0.340914
0.46,0.71,0.343549
0.46,0.72,0.346232
0.46,0.73,0.348832
0.46,0.74,0.352318
0.46,0.75,0.354696
0.46,0.76,0.358288
0.46,0.77,0.360827
0.46,0.78,0.364514
0.47,0,0.362945
0.47,0.01,0.359362
0.47,0.02,0.355952
0.47,0.03,0.352966
0.47,0.04,0.350124
0.47,0.05,0.348279
0.47,0.06,0.34439
0.47,0.07,0.340995
0.47,0.08,0.337963
0.47,0.09,0.335944
0.47,0.1,0.332351
0.47,0.11,0.330244
0.47,0.12,0.327574
0.47,0.13,0.325314
0.47,0.14,0.322437
0.47,0.15,0.319998
0.47,0.16,0.318461
0.47,0.17,0.31466
0.47,0.18,0.313592
0.47,0.19,0.311579
0.47,0.2,0.309351
0.47,0.21,0.307669
0.47,0.22,0.305837
0.47,0.23,0.304697
0.47,0.24,0.302879
0.47,0.25,0.30127
0.47,0.26,0.300024
0.47,0.27,0.298789
0.47,0.28,0.297232
0.47,0.29,0.29594
0.47,0.3,0.295693
0.47,0.31,0.2945
0.47,0.32,0.294239
0.47,0.33,0.293237
0.47,0.34,0.292344
0.47,0.35,0.292235
0.47,0.36,0.291552
0.47,0.37,0.291841
0.47,0.38,0.291348
0.47,0.39,0.290495
0.47,0.4,0.291139
0.47,0.41,0.291329
0.47,0.42,0.290446
0.47,0.43,0.291559
0.47,0.44,0.292711
0.47,0.45,0.292968
0.47,0.46,0.293999
0.47,0.47,0.294203
0.47,0.48,0.295374
0.47,0.49,0.29494
0.47,0.5,0.296766
0.47,0.51,0.297131
0.47,0.52,0.298732
0.47,0.53,0.301438
0.47,0.54,0.3024
0.47,0.55,0.304751
0.47,0.56,0.305095
0.47,0.57,0.307454
0.47,0.58,0.309209
0.47,0.59,0.311305
0.47,0.6,0.313326
0.47,0.61,0.315813
0.47,0.62,0.316475
0.47,0.63,0.319414
0.47,0.64,0.321368
0.47,0.65,0.323496
0.47,0.66,0.327094
0.47,0.67,0.328885
0.47,0.68,0.331122
0.47,0.69,0.33586
0.47,0.7,0.33729
0.47,0.71,0.338821
0.47,0.72,0.344127
0.47,0.73,0.346111
0.47,0.74,0.348977
0.47,0.75,0.35137
0.47,0.76,0.355712
0.47,0.77,0.358899
0.47,0.78,0.361426
0.48,0,0.360112
0.48,0.01,0.356874
0.48,0.02,0.351376
0.48,0.03,0.349988
0.48,0.04,0.347888
0.48,0.05,0.344329
0.48,0.06,0.340119
0.48,0.07,0.337679
0.48,0.08,0.334645
0.48,0.09,0.331322
0.48,0.1,0.328971
0.48,0.11,0.326197
0.48,0.12,0.322965
0.48,0.13,0.321149
0.48,0.14,0.319494
0.48,0.15,0.3157
0.48,0.16,0.313188
0.48,0.17,0.311742
0.48,0.18,0.309906
0.48,0.19,0.30727
0.48,0.2,0.305345
0.48,0.21,0.302448
0.48,0.22,0.301812
0.48,0.23,0.300841
0.48,0.24,0.298717
0.48,0.25,0.297609
0.48,0.26,0.294669
0.48,0.27,0.294089
0.48,0.28,0.29305
0.48,0.29,0.291439
0.48,0.3,0.289964
0.48,0.31,0.289783
0.48,0.32,0.288423
0.48,0.33,0.288035
0.48,0.34,0.288338
0.48,0.35,0.286792
0.48,0.36,0.285891
0.48,0.37,0.286262
0.48,0.38,0.287052
0.48,0.39,0.287115
0.48,0.4,0.285983
0.48,0.41,0.286017
0.48,0.42,0.285605
0.48,0.43,0.286666
0.48,0.44,0.28753
0.48,0.45,0.288333
0.48,0.46,0.287876
0.48,0.47,0.289436
0.48,0.48,0.289872
0.48,0.49,0.291473
0.48,0.5,0.292559
0.48,0.51,0.292916
0.48,0.52,0.294268
0.48,0.53,0.296586
0.48,0.54,0.297708
0.48,0.55,0.298827
0.48,0.56,0.300626
0.48,0.57,0.302877
0.48,0.58,0.305101
0.48,0.59,0.307575
0.48,0.6,0.308881
0.48,0.61,0.310878
0.48,0.62,0.312476
0.48,0.63,0.315948
0.48,0.64,0.318137
0.48,0.65,0.319302
0.48,0.66,0.323138
0.48,0.67,0.325114
0.48,0.68,0.328015
0.48,0.69,0.330649
0.48,0.7,0.333234
0.48,0.71,0.336702
0.48,0.72,0.340263
0.48,0.73,0.343452
0.48,0.74,0.344575
0.48,0.75,0.348883
0.48,0.76,0.35286
0.48,0.77,0.356898
0.48,0.78,0.35862
0.49,0,0.357219
0.49,0.01,0.355446
0.49,0.02,0.35021
0.49,0.03,0.34766
0.49,0.04,0.344452
0.49,0.05,0.340526
0.49,0.06,0.339607
0.49,0.07,0.334119
0.49,0.08,0.332161
0.49,0.09,0.328331
0.49,0.1,0.325368
0.49,0.11,0.324072
0.49,0.12,0.320417
0.49,0.13,0.317556
0.49,0.14,0.31393
0.49,0.15,0.313451
0.49,0.16,0.309127
0.49,0.17,0.308712
0.49,0.18,0.30574
0.49,0.19,0.303522
0.49,0.2,0.301818
0.49,0.21,0.299501
0.49,0.22,0.297796
0.49,0.23,0.294499
0.49,0.24,0.294452
0.49,0.25,0.291829
0.49,0.26,0.291292
0.49,0.27,0.289336
0.49,0.28,0.288353
0.49,0.29,0.286476
0.49,0.3,0.286353
0.49,0.31,0.285069
0.49,0.32,0.284327
0.49,0.33,0.283317
0.49,0.34,0.283158
0.49,0.35,0.283571
0.49,0.36,0.282079
0.49,0.37,0.282396
0.49,0.38,0.282101
0.49,0.39,0.281662
0.49,0.4,0.281069
0.49,0.41,0.281957
0.49,0.42,0.281654
0.49,0.43,0.281647
0.49,0.44,0.283247
0.49,0.45,0.282882
0.49,0.46,0.284425
0.49,0.47,0.284589
0.49,0.48,0.285849
0.49,0.49,0.287262
0.49,0.5,0.286785
0.49,0.51,0.288486
0.49,0.52,0.290815
0.49,0.53,0.292259
0.49,0.54,0.294075
0.49,0.55,0.295474
0.49,0.56,0.29704
0.49,0.57,0.298086
0.49,0.58,0.300537
0.49,0.59,0.302665
0.49,0.6,0.305328
0.49,0.61,0.30698
0.49,0.62,0.309726
0.49,0.63,0.311353
0.49,0.64,0.314064
0.49,0.65,0.317431
0.49,0.66,0.31835
0.49,0.67,0.32182
0.49,0.68,0.325407
0.49,0.69,0.328345
0.49,0.7,0.330868
0.49,0.71,0.334326
0.49,0.72,0.336553
0.49,0.73,0.340708
0.49,0.74,0.343297
0.49,0.75,0.346322
0.49,0.76,0.351119
0.49,0.77,0.353455
0.49,0.78,0.356512
0.5,0,0.355831
0.5,0.01,0.352338
0.5,0.02,0.34841
0.5,0.03,0.345876
0.5,0.04,0.34175
0.5,0.05,0.339033
0.5,0.06,0.335244
0.5,0.07,0.331685
0.5,0.08,0.329176
0.5,0.09,0.326239
0.5,0.1,0.322365
0.5,0.11,0.319708
0.5,0.12,0.317082
0.5,0.13,0.31469
0.5,0.14,0.312229
0.5,0.15,0.30874
0.5,0.16,0.305966
0.5,0.17,0.304086
0.5,0.18,0.300249
0.5,0.19,0.29983
0.5,0.2,0.297047
0.5,0.21,0.295763
0.5,0.22,0.294025
0.5,0.23,0.291437
0.5,0.24,0.289752
0.5,0.25,0.289055
0.5,0.26,0.286839
0.5,0.27,0.285024
0.5,0.28,0.282953
0.5,0.29,0.283123
0.5,0.3,0.282817
0.5,0.31,0.280677
0.5,0.32,0.279439
0.5,0.33,0.279081
0.5,0.34,0.277896
0.5,0.35,0.278558
0.5,0.36,0.277765
0.5,0.37,0.276921
0.5,0.38,0.276969
0.5,0.39,0.276816
0.5,0.4,0.277004
0.5,0.41,0.277254
0.5,0.42,0.277103
0.5,0.43,0.277695
0.5,0.44,0.278774
0.5,0.45,0.278557
0.5,0.46,0.280208
0.5,0.47,0.280346
0.5,0.48,0.282112
0.5,0.49,0.282516
0.5,0.5,0.283367
0.5,0.51,0.285362
0.5,0.52,0.286306
0.5,0.53,0.287639
0.5,0.54,0.289431
0.5,0.55,0.290493
0.5,0.56,0.292557
0.5,0.57,0.295382
0.5,0.58,0.297133
0.5,0.59,0.298799
0.5,0.6,0.301344
0.5,0.61,0.303463
0.5,0.62,0.306059
0.5,0.63,0.30757
0.5,0.64,0.310277
0.5,0.65,0.314291
0.5,0.66,0.31572
0.5,0.67,0.31895
0.5,0.68,0.322242
0.5,0.69,0.324803
0.5,0.7,0.327553
0.5,0.71,0.33052
0.5,0.72,0.335271
0.5,0.73,0.337357
0.5,0.74,0.340378
0.5,0.75,0.344342
0.5,0.76,0.34783
0.5,0.77,0.351413
0.5,0.78,0.355171
0.51,0,0.354087
0.51,0.01,0.351121
0.51,0.02,0.346914
0.51,0.03,0.34237
0.51,0.04,0.33942
0.51,0.05,0.336493
0.51,0.06,0.331862
0.51,0.07,0.329212
0.51,0.08,0.32563
0.51,0.09,0.322537
0.51,0.1,0.320435
0.51,0.11,0.317542
0.51,0.12,0.313979
0.51,0.13,0.310799
0.51,0.14,0.307828
0.51,0.15,0.305141
0.51,0.16,0.303044
0.51,0.17,0.300568
0.51,0.18,0.298675
0.51,0.19,0.296845
0.51,0.2,0.293827
0.51,0.21,0.292498
0.51,0.22,0.29044
0.51,0.23,0.287551
0.51,0.24,0.286249
0.51,0.25,0.284239
0.51,0.26,0.283182
0.51,0.27,0.281135
0.51,0.28,0.280446
0.51,0.29,0.278869
0.51,0.3,0.277645
0.51,0.31,0.277239
0.51,0.32,0.275989
0.51,0.33,0.27466
0.51,0.34,0.274572
0.51,0.35,0.272951
0.51,0.36,0.274049
0.51,0.37,0.273223
0.51,0.38,0.273016
0.51,0.39,0.272863
0.51,0.4,0.273543
0.51,0.41,0.272461
0.51,0.42,0.27344
0.51,0.43,0.274147
0.51,0.44,0.274164
0.51,0.45,0.275163
0.51,0.46,0.27517
0.51,0.47,0.275593
0.51,0.48,0.277098
0.51,0.49,0.278792
0.51,0.5,0.280041
0.51,0.51,0.281235
0.51,0.52,0.282592
0.51,0.53,0.284017
0.51,0.54,0.284827
0.51,0.55,0.287254
0.51,0.56,0.28891
0.51,0.57,0.290629
0.51,0.58,0.293192
0.51,0.59,0.295117
0.51,0.6,0.298246
0.51,0.61,0.300201
0.51,0.62,0.30205
0.51,0.63,0.305494
0.51,0.64,0.307795
0.51,0.65,0.310377
0.51,0.66,0.312731
0.51,0.67,0.315591
0.51,0.68,0.317652
0.51,0.69,0.322102
0.51,0.7,0.325209
0.51,0.71,0.329555
0.51,0.72,0.331929
0.51,0.73,0.335675
0.51,0.74,0.338298
0.51,0.75,0.34264
0.51,0.76,0.345056
0.51,0.77,0.349247
0.51,0.78,0.353483
0.52,0,0.35143
0.52,0.01,0.348914
0.52,0.02,0.344319
0.52,0.03,0.342415
0.52,0.04,0.337297
0.52,0.05,0.333781
0.52,0.06,0.330652
0.52,0.07,0.325649
0.52,0.08,0.324137
0.52,0.09,0.32057
0.52,0.1,0.317938
0.52,0.11,0.315134
0.52,0.12,0.31113
0.52,0.13,0.307999
0.52,0.14,0.306017
0.52,0.15,0.302537
0.52,0.16,0.299974
0.52,0.17,0.296961
0.52,0.18,0.294492
0.52,0.19,0.29202
0.52,0.2,0.290458
0.52,0.21,0.288312
0.52,0.22,0.286506
0.52,0.23,0.283869
0.52,0.24,0.281836
0.52,0.25,0.280816
0.52,0.26,0.279153
0.52,0.27,0.277934
0.52,0.28,0.275028
0.52,0.29,0.27455
0.52,0.3,0.273055
0.52,0.31,0.272808
0.52,0.32,0.272262
0.52,0.33,0.270775
0.52,0.34,0.269714
0.52,0.35,0.26972
0.52,0.36,0.26914
0.52,0.37,0.268819
0.52,0.38,0.268494
0.52,0.39,0.269932
0.52,0.4,0.268389
0.52,0.41,0.269359
0.52,0.42,0.26865
0.52,0.43,0.269783
0.52,0.44,0.270758
0.52,0.45,0.270342
0.52,0.46,0.271103
0.52,0.47,0.273068
0.52,0.48,0.273912
0.52,0.49,0.274383
0.52,0.5,0.275956
0.52,0.51,0.2775
0.52,0.52,0.277944
0.52,0.53,0.27994
0.52,0.54,0.281805
0.52,0.55,0.283336
0.52,0.56,0.285491
0.52,0.57,0.288833
0.52,0.58,0.28968
0.52,0.59,0.292175
0.52,0.6,0.294292
0.52,0.61,0.297459
0.52,0.62,0.298957
0.52,0.63,0.301537
0.52,0.64,0.303222
0.52,0.65,0.307778
0.52,0.66,0.310391
0.52,0.67,0.312555
0.52,0.68,0.316762
0.52,0.69,0.320073
0.52,0.7,0.322965
0.52,0.71,0.325498
0.52,0.72,0.329369
0.52,0.73,0.332859
0.52,0.74,0.336462
0.52,0.75,0.340269
0.52,0.76,0.343705
0.52,0.77,0.347168
0.52,0.78,0.351211
0.53,0,0.351181
0.53,0.01,0.346614
0.53,0.02,0.343341
0.53,0.03,0.339599
0.53,0.04,0.335503
0.53,0.05,0.332088
0.53,0.06,0.328904
0.53,0.07,0.325236
0.53,0.08,0.321588
0.53,0.09,0.318472
0.53,0.1,0.314908
0.53,0.11,0.310633
0.53,0.12,0.309111
0.53,0.13,0.305475
0.53,0.14,0.30299
0.53,0.15,0.298648
0.53,0.16,0.297646
0.53,0.17,0.294989
0.53,0.18,0.292
0.53,0.19,0.289961
0.53,0.2,0.287445
0.53,0.21,0.285239
0.53,0.22,0.28229
0.53,0.23,0.280429
0.53,0.24,0.279625
0.53,0.25,0.278013
0.53,0.26,0.274411
0.53,0.27,0.273456
0.53,0.28,0.272851
0.53,0.29,0.27147
0.53,0.3,0.26953
0.53,0.31,0.269725
0.53,0.32,0.267905
0.53,0.33,0.267583
0.53,0.34,0.265946
0.53,0.35,0.266984
0.53,0.36,0.265313
0.53,0.37,0.264795
0.53,0.38,0.264624
0.53,0.39,0.26461
0.53,0.4,0.265486
0.53,0.41,0.265374
0.53,0.42,0.265441
0.53,0.43,0.267186
0.53,0.44,0.266537
0.53,0.45,0.266863
0.53,0.46,0.268685
0.53,0.47,0.267935
0.53,0.48,0.269748
0.53,0.49,0.271101
0.53,0.5,0.272291
0.53,0.51,0.273478
0.53,0.52,0.274645
0.53,0.53,0.27695
0.53,0.54,0.278554
0.53,0.55,0.279286
0.53,0.56,0.28215
0.53,0.57,0.285322
0.53,0.58,0.287406
0.53,0.59,0.289057
0.53,0.6,0.291247
0.53,0.61,0.293229
0.53,0.62,0.296801
0.53,0.63,0.29889
0.53,0.64,0.302548
0.53,0.65,0.304821
0.53,0.66,0.307724
0.53,0.67,0.310919
0.53,0.68,0.31407
0.53,0.69,0.317396
0.53,0.7,0.321403
0.53,0.71,0.323736
0.53,0.72,0.327413
0.53,0.73,0.330336
0.53,0.74,0.334943
0.53,0.75,0.338182
0.53,0.76,0.342552
0.53,0.77,0.344982
0.53,0.78,0.349858
0.54,0,0.349642
0.54,0.01,0.345224
0.54,0.02,0.342132
0.54,0.03,0.337802
0.54,0.04,0.334731
0.54,0.05,0.330668
0.54,0.06,0.326708
0.54,0.07,0.323115
0.54,0.08,0.320238
0.54,0.09,0.316024
0.54,0.1,0.31222
0.54,0.11,0.309506
0.54,0.12,0.306126
0.54,0.13,0.302785
0.54,0.14,0.299989
0.54,0.15,0.297799
0.54,0.16,0.294155
0.54,0.17,0.292936
0.54,0.18,0.289696
0.54,0.19,0.28712
0.54,0.2,0.284535
0.54,0.21,0.28232
0.54,0.22,0.279727
0.54,0.23,0.277865
0.54,0.24,0.275946
0.54,0.25,0.274208
0.54,0.26,0.271973
0.54,0.27,0.271098
0.54,0.28,0.269233
0.54,0.29,0.266925
0.54,0.3,0.266505
0.54,0.31,0.265458
0.54,0.32,0.264129
0.54,0.33,0.262878
0.54,0.34,0.262376
0.54,0.35,0.262226
0.54,0.36,0.262042
0.54,0.37,0.262567
0.54,0.38,0.261065
0.54,0.39,0.261702
0.54,0.4,0.261202
0.54,0.41,0.261256
0.54,0.42,0.261993
0.54,0.43,0.262688
0.54,0.44,0.262113
0.54,0.45,0.263239
0.54,0.46,0.263763
0.54,0.47,0.265662
0.54,0.48,0.266559
0.54,0.49,0.267535
0.54,0.5,0.269078
0.54,0.51,0.270353
0.54,0.52,0.272766
0.54,0.53,0.272891
0.54,0.54,0.276092
0.54,0.55,0.277383
0.54,0.56,0.279054
0.54,0.57,0.281032
0.54,0.58,0.283664
0.54,0.59,0.285259
0.54,0.6,0.288251
0.54,0.61,0.29161
0.54,0.62,0.294037
0.54,0.63,0.296233
0.54,0.64,0.299388
0.54,0.65,0.302132
0.54,0.66,0.305293
0.54,0.67,0.308474
0.54,0.68,0.311757
0.54,0.69,0.314799
0.54,0.7,0.318825
0.54,0.71,0.322283
0.54,0.72,0.325509
0.54,0.73,0.329359
0.54,0.74,0.333324
0.54,0.75,0.336698
0.54,0.76,0.340559
0.54,0.77,0.344505
0.54,0.78,0.348606
0.55,0,0.349097
0.55,0.01,0.344217
0.55,0.02,0.339878
0.55,0.03,0.335472
0.55,0.04,0.332612
0.55,0.05,0.327983
0.55,0.06,0.325225
0.55,0.07,0.320862
0.55,0.08,0.317749
0.55,0.09,0.313754
0.55,0.1,0.310167
0.55,0.11,0.307473
0.55,0.12,0.304744
0.55,0.13,0.300452
0.55,0.14,0.297742
0.55,0.15,0.294495
0.55,0.16,0.292079
0.55,0.17,0.289118
0.55,0.18,0.286126
0.55,0.19,0.28435
0.55,0.2,0.28076
0.55,0.21,0.279112
0.55,0.22,0.277018
0.55,0.23,0.275227
0.55,0.24,0.272291
0.55,0.25,0.270132
0.55,0.26,0.269131
0.55,0.27,0.267754
0.55,0.28,0.265244
0.55,0.29,0.265393
0.55,0.3,0.264347
0.55,0.31,0.262341
0.55,0.32,0.261076
0.55,0.33,0.260379
0.55,0.34,0.259506
0.55,0.35,0.258909
0.55,0.36,0.258861
0.55,0.37,0.258
0.55,0.38,0.258157
0.55,0.39,0.258276
0.55,0.4,0.258816
0.55,0.41,0.258086
0.55,0.42,0.259007
0.55,0.43,0.258439
0.55,0.44,0.259668
0.55,0.45,0.260107
0.55,0.46,0.260762
0.55,0.47,0.262075
0.55,0.48,0.263138
0.55,0.49,0.263421
0.55,0.5,0.266153
0.55,0.51,0.267156
0.55,0.52,0.268441
0.55,0.53,0.270182
0.55,0.54,0.272352
0.55,0.55,0.274025
0.55,0.56,0.276677
0.55,0.57,0.278124
0.55,0.58,0.281048
0.55,0.59,0.283361
0.55,0.6,0.285991
0.55,0.61,0.287662
0.55,0.62,0.292327
0.55,0.63,0.293746
0.55,0.64,0.297655
0.55,0.65,0.300339
0.55,0.66,0.303752
0.55,0.67,0.306961
0.55,0.68,0.309659
0.55,0.69,0.313101
0.55,0.7,0.31662
0.55,0.71,0.320906
0.55,0.72,0.324101
0.55,0.73,0.328325
0.55,0.74,0.331334
0.55,0.75,0.334921
0.55,0.76,0.33936
0.55,0.77,0.344021
0.55,0.78,0.347385
0.56,0,0.34839
0.56,0.01,0.344294
0.56,0.02,0.339592
0.56,0.03,0.335363
0.56,0.04,0.330882
0.56,0.05,0.327241
0.56,0.06,0.32367
0.56,0.07,0.320723
0.56,0.08,0.31609
0.56,0.09,0.311857
0.56,0.1,0.309705
0.56,0.11,0.305048
0.56,0.12,0.301985
0.56,0.13,0.297869
0.56,0.14,0.296033
0.56,0.15,0.292316
0.56,0.16,0.29018
0.56,0.17,0.287733
0.56,0.18,0.284983
0.56,0.19,0.281067
0.56,0.2,0.278605
0.56,0.21,0.277677
0.56,0.22,0.274461
0.56,0.23,0.271788
0.56,0.24,0.269808
0.56,0.25,0.268069
0.56,0.26,0.266443
0.56,0.27,0.264309
0.56,0.28,0.263747
0.56,0.29,0.261693
0.56,0.3,0.261149
0.56,0.31,0.261056
0.56,0.32,0.258874
0.56,0.33,0.25806
0.56,0.34,0.256748
0.56,0.35,0.255892
0.56,0.36,0.255844
0.56,0.37,0.255563
0.56,0.38,0.253825
0.56,0.39,0.25466
0.56,0.4,0.255631
0.56,0.41,0.255168
0.56,0.42,0.25557
0.56,0.43,0.255944
0.56,0.44,0.257079
0.56,0.45,0.256868
0.56,0.46,0.258045
0.56,0.47,0.259625
0.56,0.48,0.259732
0.56,0.49,0.262001
0.56,0.5,0.262495
0.56,0.51,0.264739
0.56,0.52,0.265963
0.56,0.53,0.268471
0.56,0.54,0.268763
0.56,0.55,0.271682
0.56,0.56,0.272551
0.56,0.57,0.276505
0.56,0.58,0.27798
0.56,0.59,0.281133
0.56,0.6,0.282168
0.56,0.61,0.285962
0.56,0.62,0.289521
0.56,0.63,0.291979
0.56,0.64,0.294974
0.56,0.65,0.297978
0.56,0.66,0.301676
0.56,0.67,0.304935
0.56,0.68,0.308124
0.56,0.69,0.311342
0.56,0.7,0.314906
0.56,0.71,0.318748
0.56,0.72,0.322719
0.56,0.73,0.327041
0.56,0.74,0.330916
0.56,0.75,0.33431
0.56,0.76,0.339225
0.56,0.77,0.341552
0.56,0.78,0.346263
0.57,0,0.346973
0.57,0.01,0.342392
0.57,0.02,0.338381
0.57,0.03,0.334144
0.57,0.04,0.330582
0.57,0.05,0.326168
0.57,0.06,0.323014
0.57,0.07,0.318445
0.57,0.08,0.31466
0.57,0.09,0.311782
0.57,0.1,0.307631
0.57,0.11,0.303875
0.57,0.12,0.300548
0.57,0.13,0.297569
0.57,0.14,0.293921
0.57,0.15,0.291255
0.57,0.16,0.287765
0.57,0.17,0.284984
0.57,0.18,0.282154
0.57,0.19,0.279371
0.57,0.2,0.276568
0.57,0.21,0.274693
0.57,0.22,0.271472
0.57,0.23,0.270255
0.57,0.24,0.267775
0.57,0.25,0.265983
0.57,0.26,0.263493
0.57,0.27,0.262637
0.57,0.28,0.261164
0.57,0.29,0.259322
0.57,0.3,0.258549
0.57,0.31,0.256578
0.57,0.32,0.254688
0.57,0.33,0.254806
0.57,0.34,0.253332
0.57,0.35,0.253359
0.57,0.36,0.253837
0.57,0.37,0.252172
0.57,0.38,0.252662
0.57,0.39,0.251815
0.57,0.4,0.252493
0.57,0.41,0.252025
0.57,0.42,0.25175
0.57,0.43,0.252565
0.57,0.44,0.253833
0.57,0.45,0.254578
0.57,0.46,0.254873
0.57,0.47,0.256838
0.57,0.48,0.257429
0.57,0.49,0.258863
0.57,0.5,0.260054
0.57,0.51,0.262097
0.57,0.52,0.264166
0.57,0.53,0.264816
0.57,0.54,0.267272
0.57,0.55,0.269112
0.57,0.56,0.271079
0.57,0.57,0.273451
0.57,0.58,0.275372
0.57,0.59,0.27911
0.57,0.6,0.28135
0.57,0.61,0.283798
0.57,0.62,0.286287
0.57,0.63,0.290444
0.57,0.64,0.292756
0.57,0.65,0.296432
0.57,0.66,0.299877
0.57,0.67,0.303077
0.57,0.68,0.30619
0.57,0.69,0.309767
0.57,0.7,0.313377
0.57,0.71,0.317007
0.57,0.72,0.320743
0.57,0.73,0.325133
0.57,0.74,0.329472
0.57,0.75,0.332616
0.57,0.76,0.338086
0.57,0.77,0.340478
0.57,0.78,0.34585
0.58,0,0.346856
0.58,0.01,0.343055
0.58,0.02,0.338335
0.58,0.03,0.333332
0.58,0.04,0.329141
0.58,0.05,0.324937
0.58,0.06,0.321403
0.58,0.07,0.317182
0.58,0.08,0.313313
0.58,0.09,0.309803
0.58,0.1,0.306432
0.58,0.11,0.302817
0.58,0.12,0.298819
0.58,0.13,0.295224
0.58,0.14,0.292618
0.58,0.15,0.289028
0.58,0.16,0.285665
0.58,0.17,0.283167
0.58,0.18,0.280062
0.58,0.19,0.277044
0.58,0.2,0.274552
0.58,0.21,0.272011
0.58,0.22,0.269562
0.58,0.23,0.268373
0.58,0.24,0.265859
0.58,0.25,0.264217
0.58,0.26,0.26137
0.58,0.27,0.259933
0.58,0.28,0.258303
0.58,0.29,0.256638
0.58,0.3,0.255336
0.58,0.31,0.254854
0.58,0.32,0.253422
0.58,0.33,0.253341
0.58,0.34,0.251574
0.58,0.35,0.25118
0.58,0.36,0.25105
0.58,0.37,0.249727
0.58,0.38,0.249295
0.58,0.39,0.249742
0.58,0.4,0.248892
0.58,0.41,0.250319
0.58,0.42,0.251131
0.58,0.43,0.25071
0.58,0.44,0.251417
0.58,0.45,0.251931
0.58,0.46,0.253158
0.58,0.47,0.254238
0.58,0.48,0.255023
0.58,0.49,0.256148
0.58,0.5,0.257571
0.58,0.51,0.259401
0.58,0.52,0.260885
0.58,0.53,0.262819
0.58,0.54,0.26408
0.58,0.55,0.267681
0.58,0.56,0.269546
0.58,0.57,0.271057
0.58,0.58,0.273252
0.58,0.59,0.276539
0.58,0.6,0.279225
0.58,0.61,0.282491
0.58,0.62,0.285616
0.58,0.63,0.28824
0.58,0.64,0.291794
0.58,0.65,0.294138
0.58,0.66,0.297768
0.58,0.67,0.302115
0.58,0.68,0.305368
0.58,0.69,0.309432
0.58,0.7,0.312869
0.58,0.71,0.316802
0.58,0.72,0.32008
0.58,0.73,0.323561
0.58,0.74,0.327658
0.58,0.75,0.332072
0.58,0.76,0.336547
0.58,0.77,0.340182
0.58,0.78,0.346166
0.59,0,0.346213
0.59,0.01,0.341924
0.59,0.02,0.33718
0.59,0.03,0.334292
0.59,0.04,0.328636
0.59,0.05,0.325228
0.59,0.06,0.319588
0.59,0.07,0.316945
0.59,0.08,0.313111
0.59,0.09,0.309199
0.59,0.1,0.30503
0.59,0.11,0.30138
0.59,0.12,0.297209
0.59,0.13,0.294892
0.59,0.14,0.291188
0.59,0.15,0.287643
0.59,0.16,0.283679
0.59,0.17,0.281896
0.59,0.18,0.278366
0.59,0.19,0.275747
0.59,0.2,0.272842
0.59,0.21,0.269756
0.59,0.22,0.267646
0.59,0.23,0.26492
0.59,0.24,0.263527
0.59,0.25,0.261586
0.59,0.26,0.259582
0.59,0.27,0.257495
0.59,0.28,0.256768
0.59,0.29,0.254407
0.59,0.3,0.25324
0.59,0.31,0.251944
0.59,0.32,0.250051
0.59,0.33,0.249721
0.59,0.34,0.248171
0.59,0.35,0.248066
0.59,0.36,0.247496
0.59,0.37,0.247902
0.59,0.38,0.247295
0.59,0.39,0.247272
0.59,0.4,0.247172
0.59,0.41,0.247205
0.59,0.42,0.247938
0.59,0.43,0.248716
0.59,0.44,0.248796
0.59,0.45,0.250038
0.59,0.46,0.250257
0.59,0.47,0.251619
0.59,0.48,0.252229
0.59,0.49,0.254341
0.59,0.5,0.255614
0.59,0.51,0.256331
0.59,0.52,0.257873
0.59,0.53,0.260164
0.59,0.54,0.262739
0.59,0.55,0.265554
0.59,0.56,0.267602
0.59,0.57,0.269702
0.59,0.58,0.272123
0.59,0.59,0.274549
0.59,0.6,0.277607
0.59,0.61,0.280991
0.59,0.62,0.283207
0.59,0.63,0.28723
0.59,0.64,0.289742
0.59,0.65,0.293634
0.59,0.66,0.296108
0.59,0.67,0.299415
0.59,0.68,0.304741
0.59,0.69,0.307317
0.59,0.7,0.311355
0.59,0.71,0.315257
0.59,0.72,0.319203
0.59,0.73,0.323463
0.59,0.74,0.328371
0.59,0.75,0.331693
0.59,0.76,0.33665
0.59,0.77,0.339793
0.59,0.78,0.34366
0.6,0,0.345783
0.6,0.01,0.341457
0.6,0.02,0.337351
0.6,0.03,0.332644
0.6,0.04,0.328523
0.6,0.05,0.323936
0.6,0.06,0.320014
0.6,0.07,0.316003
0.6,0.08,0.310782
0.6,0.09,0.307903
0.6,0.1,0.30408
0.6,0.11,0.300655
0.6,0.12,0.296783
0.6,0.13,0.293903
0.6,0.14,0.290283
0.6,0.15,0.286675
0.6,0.16,0.282966
0.6,0.17,0.280516
0.6,0.18,0.277544
0.6,0.19,0.274072
0.6,0.2,0.271285
0.6,0.21,0.27005
0.6,0.22,0.265913
0.6,0.23,0.263745
0.6,0.24,0.261704
0.6,0.25,0.259889
0.6,0.26,0.258507
0.6,0.27,0.255541
0.6,0.28,0.254143
0.6,0.29,0.252961
0.6,0.3,0.251962
0.6,0.31,0.250394
0.6,0.32,0.249321
0.6,0.33,0.247477
0.6,0.34,0.246414
0.6,0.35,0.246411
0.6,0.36,0.246577
0.6,0.37,0.24507
0.6,0.38,0.245607
0.6,0.39,0.24619
0.6,0.4,0.245119
0.6,0.41,0.24617
0.6,0.42,0.24555
0.6,0.43,0.245538
0.6,0.44,0.246852
0.6,0.45,0.248072
0.6,0.46,0.2487
0.6,0.47,0.25012
0.6,0.48,0.251056
0.6,0.49,0.251159
0.6,0.5,0.254203
0.6,0.51,0.255488
0.6,0.52,0.257208
0.6,0.53,0.259042
0.6,0.54,0.261201
0.6,0.55,0.264021
0.6,0.56,0.266337
0.6,0.57,0.267888
0.6,0.58,0.270399
0.6,0.59,0.273129
0.6,0.6,0.277135
0.6,0.61,0.280168
0.6,0.62,0.28161
0.6,0.63,0.284559
0.6,0.64,0.288813
0.6,0.65,0.292256
0.6,0.66,0.29525
0.6,0.67,0.299522
0.6,0.68,0.302648
0.6,0.69,0.307318
0.6,0.7,0.310647
0.6,0.71,0.315435
0.6,0.72,0.318688
0.6,0.73,0.323179
0.6,0.74,0.326691
0.6,0.75,0.331735
0.6,0.76,0.335295
0.6,0.77,0.34026
0.6,0.78,0.344924
0.61,0,0.346728
0.61,0.01,0.341561
0.61,0.02,0.336246
0.61,0.03,0.333662
0.61,0.04,0.328731
0.61,0.05,0.324028
0.61,0.06,0.320235
0.61,0.07,0.31567
0.61,0.08,0.311134
0.61,0.09,0.307564
0.61,0.1,0.303813
0.61,0.11,0.298446
0.61,0.12,0.296205
0.61,0.13,0.292706
0.61,0.14,0.289298
0.61,0.15,0.285487
0.61,0.16,0.282889
0.61,0.17,0.278632
0.61,0.18,0.275877
0.61,0.19,0.271609
0.61,0.2,0.271007
0.61,0.21,0.267396
0.61,0.22,0.265125
0.61,0.23,0.263612
0.61,0.24,0.261009
0.61,0.25,0.258272
0.61,0.26,0.255953
0.61,0.27,0.25412
0.61,0.28,0.252941
0.61,0.29,0.250911
0.61,0.3,0.249771
0.61,0.31,0.247892
0.61,0.32,0.247528
0.61,0.33,0.245983
0.61,0.34,0.245036
0.61,0.35,0.244818
0.61,0.36,0.24432
0.61,0.37,0.243251
0.61,0.38,0.243508
0.61,0.39,0.242953
0.61,0.4,0.243178
0.61,0.41,0.243451
0.61,0.42,0.243501
0.61,0.43,0.243886
0.61,0.44,0.244751
0.61,0.45,0.245483
0.61,0.46,0.246074
0.61,0.47,0.248402
0.61,0.48,0.249469
0.61,0.49,0.250128
0.61,0.5,0.252408
0.61,0.51,0.25444
0.61,0.52,0.255941
0.61,0.53,0.257489
0.61,0.54,0.260228
0.61,0.55,0.261779
0.61,0.56,0.26462
0.61,0.57,0.266433
0.61,0.58,0.268493
0.61,0.59,0.272696
0.61,0.6,0.275253
0.61,0.61,0.278636
0.61,0.62,0.281962
0.61,0.63,0.284288
0.61,0.64,0.287694
0.61,0.65,0.292018
0.61,0.66,0.294754
0.61,0.67,0.298319
0.61,0.68,0.302093
0.61,0.69,0.306091
0.61,0.7,0.311325
0.61,0.71,0.313694
0.61,0.72,0.319558
0.61,0.73,0.322788
0.61,0.74,0.327168
0.61,0.75,0.332168
0.61,0.76,0.336363
0.61,0.77,0.340708
0.61,0.78,0.345078
0.62,0,0.346575
0.62,0.01,0.341689
0.62,0.02,0.337051
0.62,0.03,0.333404
0.62,0.04,0.329006
0.62,0.05,0.324473
0.62,0.06,0.320174
0.62,0.07,0.316201
0.62,0.08,0.311557
0.62,0.09,0.307751
0.62,0.1,0.30361
0.62,0.11,0.299712
0.62,0.12,0.295057
0.62,0.13,0.29132
0.62,0.14,0.288578
0.62,0.15,0.28477
0.62,0.16,0.281047
0.62,0.17,0.278729
0.62,0.18,0.276134
0.62,0.19,0.272892
0.62,0.2,0.269762
0.62,0.21,0.266745
0.62,0.22,0.263698
0.62,0.23,0.262534
0.62,0.24,0.258873
0.62,0.25,0.257575
0.62,0.26,0.25505
0.62,0.27,0.253576
0.62,0.28,0.251094
0.62,0.29,0.249425
0.62,0.3,0.248177
0.62,0.31,0.246016
0.62,0.32,0.245305
0.62,0.33,0.244463
0.62,0.34,0.243947
0.62,0.35,0.242905
0.62,0.36,0.242748
0.62,0.37,0.241728
0.62,0.38,0.241241
0.62,0.39,0.242588
0.62,0.4,0.242114
0.62,0.41,0.242394
0.62,0.42,0.242337
0.62,0.43,0.242329
0.62,0.44,0.244228
0.62,0.45,0.244673
0.62,0.46,0.245799
0.62,0.47,0.246793
0.62,0.48,0.247843
0.62,0.49,0.249648
0.62,0.5,0.251487
0.62,0.51,0.252538
0.62,0.52,0.254314
0.62,0.53,0.256717
0.62,0.54,0.257819
0.62,0.55,0.261088
0.62,0.56,0.262516
0.62,0.57,0.266099
0.62,0.58,0.268466
0.62,0.59,0.270633
0.62,0.6,0.274683
0.62,0.61,0.277527
0.62,0.62,0.28033
0.62,0.63,0.28313
0.62,0.64,0.287794
0.62,0.65,0.29093
0.62,0.66,0.294719
0.62,0.67,0.299483
0.62,0.68,0.301794
0.62,0.69,0.305693
0.62,0.7,0.309573
0.62,0.71,0.314771
0.62,0.72,0.318427
0.62,0.73,0.323338
0.62,0.74,0.326812
0.62,0.75,0.331327
0.62,0.76,0.336044
0.62,0.77,0.341909
0.62,0.78,0.345479
0.63,0,0.34659
0.63,0.01,0.343496
0.63,0.02,0.337568
0.63,0.03,0.332887
0.63,0.04,0.328792
0.63,0.05,0.324655
0.63,0.06,0.319724
0.63,0.07,0.315503
0.63,0.08,0.31111
0.63,0.09,0.307356
0.63,0.1,0.301622
0.63,0.11,0.298403
0.63,0.12,0.295295
0.63,0.13,0.292044
0.63,0.14,0.287216
0.63,0.15,0.284188
0.63,0.16,0.280745
0.63,0.17,0.277736
0.63,0.18,0.274136
0.63,0.19,0.271463
0.63,0.2,0.268566
0.63,0.21,0.266037
0.63,0.22,0.263027
0.63,0.23,0.260834
0.63,0.24,0.258337
0.63,0.25,0.255328
0.63,0.26,0.253764
0.63,0.27,0.251848
0.63,0.28,0.250251
0.63,0.29,0.248386
0.63,0.3,0.246685
0.63,0.31,0.245599
0.63,0.32,0.24492
0.63,0.33,0.244722
0.63,0.34,0.242647
0.63,0.35,0.241656
0.63,0.36,0.241325
0.63,0.37,0.241049
0.63,0.38,0.240514
0.63,0.39,0.241453
0.63,0.4,0.240526
0.63,0.41,0.240857
0.63,0.42,0.241783
0.63,0.43,0.241869
0.63,0.44,0.242452
0.63,0.45,0.24346
0.63,0.46,0.243746
0.63,0.47,0.245876
0.63,0.48,0.24706
0.63,0.49,0.247961
0.63,0.5,0.249009
0.63,0.51,0.25177
0.63,0.52,0.253204
0.63,0.53,0.255591
0.63,0.54,0.257749
0.63,0.55,0.259941
0.63,0.56,0.262451
0.63,0.57,0.26505
0.63,0.58,0.267032
0.63,0.59,0.271
0.63,0.6,0.273948
0.63,0.61,0.27762
0.63,0.62,0.279092
0.63,0.63,0.283745
0.63,0.64,0.287346
0.63,0.65,0.29029
0.63,0.66,0.293695
0.63,0.67,0.298279
0.63,0.68,0.301298
0.63,0.69,0.305321
0.63,0.7,0.310479
0.63,0.71,0.314301
0.63,0.72,0.318567
0.63,0.73,0.322818
0.63,0.74,0.328348
0.63,0.75,0.332615
0.63,0.76,0.336142
0.63,0.77,0.341444
0.63,0.78,0.345053
0.64,0,0.348394
0.64,0.01,0.344585
0.64,0.02,0.337791
0.64,0.03,0.333459
0.64,0.04,0.328228
0.64,0.05,0.324568
0.64,0.06,0.320381
0.64,0.07,0.316139
0.64,0.08,0.311678
0.64,0.09,0.3072
0.64,0.1,0.303571
0.64,0.11,0.298714
0.64,0.12,0.294873
0.64,0.13,0.291385
0.64,0.14,0.288259
0.64,0.15,0.284149
0.64,0.16,0.280257
0.64,0.17,0.278051
0.64,0.18,0.274453
0.64,0.19,0.27118
0.64,0.2,0.268029
0.64,0.21,0.265348
0.64,0.22,0.262351
0.64,0.23,0.260912
0.64,0.24,0.257524
0.64,0.25,0.255622
0.64,0.26,0.252928
0.64,0.27,0.250817
0.64,0.28,0.249883
0.64,0.29,0.247942
0.64,0.3,0.246651
0.64,0.31,0.245758
0.64,0.32,0.243264
0.64,0.33,0.243018
0.64,0.34,0.241955
0.64,0.35,0.240573
0.64,0.36,0.240635
0.64,0.37,0.239873
0.64,0.38,0.239919
0.64,0.39,0.240104
0.64,0.4,0.239721
0.64,0.41,0.239722
0.64,0.42,0.240881
0.64,0.43,0.241161
0.64,0.44,0.241716
0.64,0.45,0.242041
0.64,0.46,0.243993
0.64,0.47,0.244516
0.64,0.48,0.245565
0.64,0.49,0.24709
0.64,0.5,0.248838
0.64,0.51,0.250572
0.64,0.52,0.252773
0.64,0.53,0.255141
0.64,0.54,0.256537
0.64,0.55,0.259857
0.64,0.56,0.260975
0.64,0.57,0.263977
0.64,0.58,0.266868
0.64,0.59,0.270824
0.64,0.6,0.272957
0.64,0.61,0.276218
0.64,0.62,0.278549
0.64,0.63,0.28391
0.64,0.64,0.287013
0.64,0.65,0.290046
0.64,0.66,0.294902
0.64,0.67,0.298612
0.64,0.68,0.302178
0.64,0.69,0.306429
0.64,0.7,0.309756
0.64,0.71,0.315104
0.64,0.72,0.319138
0.64,0.73,0.323495
0.64,0.74,0.327824
0.64,0.75,0.332767
0.64,0.76,0.336628
0.64,0.77,0.342368
0.64,0.78,0.347427
0.65,0,0.350164
0.65,0.01,0.344492
0.65,0.02,0.339979
0.65,0.03,0.335165
0.65,0.04,0.330148
0.65,0.05,0.325884
0.65,0.06,0.320552
0.65,0.07,0.317105
0.65,0.08,0.312743
0.65,0.09,0.307769
0.65,0.1,0.303259
0.65,0.11,0.299105
0.65,0.12,0.294652
0.65,0.13,0.291626
0.65,0.14,0.288535
0.65,0.15,0.284154
0.65,0.16,0.281254
0.65,0.17,0.277227
0.65,0.18,0.274448
0.65,0.19,0.271261
0.65,0.2,0.268409
0.65,0.21,0.265102
0.65,0.22,0.262204
0.65,0.23,0.25996
0.65,0.24,0.257639
0.65,0.25,0.254894
0.65,0.26,0.252862
0.65,0.27,0.251154
0.65,0.28,0.249745
0.65,0.29,0.246935
0.65,0.3,0.245955
0.65,0.31,0.244041
0.65,0.32,0.243207
0.65,0.33,0.242906
0.65,0.34,0.241164
0.65,0.35,0.24066
0.65,0.36,0.239969
0.65,0.37,0.238879
0.65,0.38,0.239131
0.65,0.39,0.239495
0.65,0.4,0.23945
0.65,0.41,0.240194
0.65,0.42,0.239545
0.65,0.43,0.240226
0.65,0.44,0.241164
0.65,0.45,0.242322
0.65,0.46,0.243374
0.65,0.47,0.243634
0.65,0.48,0.244971
0.65,0.49,0.247204
0.65,0.5,0.249276
0.65,0.51,0.25023
0.65,0.52,0.252357
0.65,0.53,0.254214
0.65,0.54,0.256457
0.65,0.55,0.258493
0.65,0.56,0.261973
0.65,0.57,0.264452
0.65,0.58,0.2675
0.65,0.59,0.2701
0.65,0.6,0.273497
0.65,0.61,0.275707
0.65,0.62,0.279941
0.65,0.63,0.283072
0.65,0.64,0.287647
0.65,0.65,0.290767
0.65,0.66,0.294293
0.65,0.67,0.298302
0.65,0.68,0.302446
0.65,0.69,0.306582
0.65,0.7,0.310956
0.65,0.71,0.315839
0.65,0.72,0.320238
0.65,0.73,0.324359
0.65,0.74,0.329304
0.65,0.75,0.333503
0.65,0.76,0.337881
0.65,0.77,0.343138
0.65,0.78,0.347787
0.66,0,0.351404
0.66,0.01,0.346161
0.66,0.02,0.340538
0.66,0.03,0.335525
0.66,0.04,0.331222
0.66,0.05,0.326711
0.66,0.06,0.321707
0.66,0.07,0.316974
0.66,0.08,0.31142
0.66,0.09,0.308652
0.66,0.1,0.30422
0.66,0.11,0.299679
0.66,0.12,0.295951
0.66,0.13,0.292538
0.66,0.14,0.287824
0.66,0.15,0.284671
0.66,0.16,0.281668
0.66,0.17,0.276839
0.66,0.18,0.274906
0.66,0.19,0.271054
0.66,0.2,0.269041
0.66,0.21,0.264677
0.66,0.22,0.26255
0.66,0.23,0.258899
0.66,0.24,0.256726
0.66,0.25,0.255
0.66,0.26,0.252085
0.66,0.27,0.250573
0.66,0.28,0.248489
0.66,0.29,0.24669
0.66,0.3,0.246022
0.66,0.31,0.244092
0.66,0.32,0.243151
0.66,0.33,0.241947
0.66,0.34,0.241131
0.66,0.35,0.239168
0.66,0.36,0.239869
0.66,0.37,0.23825
0.66,0.38,0.239756
0.66,0.39,0.239117
0.66,0.4,0.238267
0.66,0.41,0.239064
0.66,0.42,0.239713
0.66,0.43,0.238876
0.66,0.44,0.241172
0.66,0.45,0.241607
0.66,0.46,0.243095
0.66,0.47,0.243891
0.66,0.48,0.244899
0.66,0.49,0.246648
0.66,0.5,0.248462
0.66,0.51,0.249901
0.66,0.52,0.251976
0.66,0.53,0.254548
0.66,0.54,0.256636
0.66,0.55,0.259756
0.66,0.56,0.261299
0.66,0.57,0.263564
0.66,0.58,0.266929
0.66,0.59,0.270548
0.66,0.6,0.272877
0.66,0.61,0.276341
0.66,0.62,0.279887
0.66,0.63,0.283975
0.66,0.64,0.287572
0.66,0.65,0.290905
0.66,0.66,0.295136
0.66,0.67,0.298686
0.66,0.68,0.302143
0.66,0.69,0.30724
0.66,0.7,0.310916
0.66,0.71,0.31662
0.66,0.72,0.320123
0.66,0.73,0.325189
0.66,0.74,0.329804
0.66,0.75,0.335485
0.66,0.76,0.34005
0.66,0.77,0.344936
0.66,0.78,0.34882
0.67,0,0.352242
0.67,0.01,0.347757
0.67,0.02,0.341403
0.67,0.03,0.337284
0.67,0.04,0.332908
0.67,0.05,0.327159
0.67,0.06,0.322784
0.67,0.07,0.318254
0.67,0.08,0.31404
0.67,0.09,0.309145
0.67,0.1,0.305602
0.67,0.11,0.3009
0.67,0.12,0.296854
0.67,0.13,0.293685
0.67,0.14,0.289041
0.67,0.15,0.285116
0.67,0.16,0.28229
0.67,0.17,0.277556
0.67,0.18,0.275412
0.67,0.19,0.272002
0.67,0.2,0.267695
0.67,0.21,0.265326
0.67,0.22,0.262225
0.67,0.23,0.260049
0.67,0.24,0.256724
0.67,0.25,0.254953
0.67,0.26,0.252431
0.67,0.27,0.251213
0.67,0.28,0.24905
0.67,0.29,0.247225
0.67,0.3,0.245488
0.67,0.31,0.244118
0.67,0.32,0.242489
0.67,0.33,0.241767
0.67,0.34,0.240491
0.67,0.35,0.240062
0.67,0.36,0.239359
0.67,0.37,0.238808
0.67,0.38,0.23921
0.67,0.39,0.238103
0.67,0.4,0.238423
0.67,0.41,0.239209
0.67,0.42,0.23937
0.67,0.43,0.240137
0.67,0.44,0.24076
0.67,0.45,0.242009
0.67,0.46,0.242376
0.67,0.47,0.24331
0.67,0.48,0.24591
0.67,0.49,0.24703
0.67,0.5,0.248149
0.67,0.51,0.25031
0.67,0.52,0.25194
0.67,0.53,0.253812
0.67,0.54,0.256839
0.67,0.55,0.260491
0.67,0.56,0.261639
0.67,0.57,0.264679
0.67,0.58,0.268145
0.67,0.59,0.270665
0.67,0.6,0.274358
0.67,0.61,0.276676
0.67,0.62,0.279792
0.67,0.63,0.283732
0.67,0.64,0.287906
0.67,0.65,0.29132
0.67,0.66,0.295427
0.67,0.67,0.299511
0.67,0.68,0.303752
0.67,0.69,0.308467
0.67,0.7,0.312276
0.67,0.71,0.316767
0.67,0.72,0.322219
0.67,0.73,0.326011
0.67,0.74,0.332152
0.67,0.75,0.335891
0.67,0.76,0.340424
0.67,0.77,0.345041
0.67,0.78,0.351582
0.68,0,0.354182
0.68,0.01,0.347705
0.68,0.02,0.343466
0.68,0.03,0.338047
0.68,0.04,0.333727
0.68,0.05,0.327907
0.68,0.06,0.324409
0.68,0.07,0.319669
0.68,0.08,0.315396
0.68,0.09,0.310522
0.68,0.1,0.306496
0.68,0.11,0.301163
0.68,0.12,0.297239
0.68,0.13,0.293105
0.68,0.14,0.290515
0.68,0.15,0.285757
0.68,0.16,0.28296
0.68,0.17,0.278697
0.68,0.18,0.274691
0.68,0.19,0.272347
0.68,0.2,0.268679
0.68,0.21,0.266594
0.68,0.22,0.263311
0.68,0.23,0.260454
0.68,0.24,0.257848
0.68,0.25,0.255415
0.68,0.26,0.253286
0.68,0.27,0.251792
0.68,0.28,0.248806
0.68,0.29,0.247217
0.68,0.3,0.246375
0.68,0.31,0.244671
0.68,0.32,0.243182
0.68,0.33,0.242535
0.68,0.34,0.241207
0.68,0.35,0.239969
0.68,0.36,0.239681
0.68,0.37,0.239409
0.68,0.38,0.238801
0.68,0.39,0.239332
0.68,0.4,0.238668
0.68,0.41,0.238925
0.68,0.42,0.239365
0.68,0.43,0.240356
0.68,0.44,0.241064
0.68,0.45,0.241691
0.68,0.46,0.243914
0.68,0.47,0.243954
0.68,0.48,0.246106
0.68,0.49,0.246361
0.68,0.5,0.248831
0.68,0.51,0.250609
0.68,0.52,0.253484
0.68,0.53,0.254401
0.68,0.54,0.25597
0.68,0.55,0.259631
0.68,0.56,0.262986
0.68,0.57,0.265255
0.68,0.58,0.268176
0.68,0.59,0.270839
0.68,0.6,0.27467
0.68,0.61,0.277428
0.68,0.62,0.281166
0.68,0.63,0.284976
0.68,0.64,0.288347
0.68,0.65,0.292144
0.68,0.66,0.296235
0.68,0.67,0.300481
0.68,0.68,0.304915
0.68,0.69,0.309333
0.68,0.7,0.3133
0.68,0.71,0.317197
0.68,0.72,0.322237
0.68,0.73,0.327118
0.68,0.74,0.331977
0.68,0.75,0.337277
0.68,0.76,0.343057
0.68,0.77,0.34609
0.68,0.78,0.352664
0.69,0,0.356243
0.69,0.01,0.350682
0.69,0.02,0.345583
0.69,0.03,0.340027
0.69,0.04,0.334997
0.69,0.05,0.330931
0.69,0.06,0.325045
0.69,0.07,0.322091
0.69,0.08,0.317109
0.69,0.09,0.311555
0.69,0.1,0.307909
0.69,0.11,0.301979
0.69,0.12,0.299794
0.69,0.13,0.296858
0.69,0.14,0.291002
0.69,0.15,0.286535
0.69,0.16,0.283568
0.69,0.17,0.280697
0.69,0.18,0.276052
0.69,0.19,0.272543
0.69,0.2,0.270202
0.69,0.21,0.267128
0.69,0.22,0.263256
0.69,0.23,0.261096
0.69,0.24,0.257959
0.69,0.25,0.257149
0.69,0.26,0.254613
0.69,0.27,0.251819
0.69,0.28,0.248979
0.69,0.29,0.247578
0.69,0.3,0.246786
0.69,0.31,0.243899
0.69,0.32,0.243843
0.69,0.33,0.24336
0.69,0.34,0.241933
0.69,0.35,0.240901
0.69,0.36,0.239412
0.69,0.37,0.239369
0.69,0.38,0.239244
0.69,0.39,0.239834
0.69,0.4,0.239382
0.69,0.41,0.239907
0.69,0.42,0.239778
0.69,0.43,0.240199
0.69,0.44,0.241578
0.69,0.45,0.240925
0.69,0.46,0.243314
0.69,0.47,0.244208
0.69,0.48,0.245907
0.69,0.49,0.247184
0.69,0.5,0.249011
0.69,0.51,0.251557
0.69,0.52,0.254218
0.69,0.53,0.256454
0.69,0.54,0.257815
0.69,0.55,0.260322
0.69,0.56,0.263339
0.69,0.57,0.265693
0.69,0.58,0.268789
0.69,0.59,0.271473
0.69,0.6,0.274792
0.69,0.61,0.277977
0.69,0.62,0.281252
0.69,0.63,0.285924
0.69,0.64,0.290007
0.69,0.65,0.293509
0.69,0.66,0.298255
0.69,0.67,0.302477
0.69,0.68,0.305994
0.69,0.69,0.310485
0.69,0.7,0.315793
0.69,0.71,0.318952
0.69,0.72,0.324735
0.69,0.73,0.329402
0.69,0.74,0.333508
0.69,0.75,0.338412
0.69,0.76,0.343371
0.69,0.77,0.348787
0.69,0.78,0.354974
0.7,0,0.359089
0.7,0.01,0.352761
0.7,0.02,0.346464
0.7,0.03,0.342947
0.7,0.04,0.337173
0.7,0.05,0.332981
0.7,0.06,0.328265
0.7,0.07,0.322734
0.7,0.08,0.317702
0.7,0.09,0.314634
0.7,0.1,0.308281
0.7,0.11,0.304927
0.7,0.12,0.300963
0.7,0.13,0.296836
0.7,0.14,0.292694
0.7,0.15,0.287875
0.7,0.16,0.285101
0.7,0.17,0.280941
0.7,0.18,0.276631
0.7,0.19,0.274121
0.7,0.2,0.271065
0.7,0.21,0.267806
0.7,0.22,0.264414
0.7,0.23,0.262189
0.7,0.24,0.260166
0.7,0.25,0.257536
0.7,0.26,0.255079
0.7,0.27,0.252333
0.7,0.28,0.250552
0.7,0.29,0.249536
0.7,0.3,0.247001
0.7,0.31,0.245325
0.7,0.32,0.244948
0.7,0.33,0.243437
0.7,0.34,0.243234
0.7,0.35,0.240943
0.7,0.36,0.240543
0.7,0.37,0.240413
0.7,0.38,0.239922
0.7,0.39,0.24077
0.7,0.4,0.240925
0.7,0.41,0.241088
0.7,0.42,0.240029
0.7,0.43,0.241586
0.7,0.44,0.242589
0.7,0.45,0.242846
0.7,0.46,0.244632
0.7,0.47,0.244508
0.7,0.48,0.247209
0.7,0.49,0.248536
0.7,0.5,0.250709
0.7,0.51,0.252451
0.7,0.52,0.254763
0.7,0.53,0.256916
0.7,0.54,0.258295
0.7,0.55,0.261553
0.7,0.56,0.264616
0.7,0.57,0.266794
0.7,0.58,0.269778
0.7,0.59,0.273249
0.7,0.6,0.276897
0.7,0.61,0.279776
0.7,0.62,0.284047
0.7,0.63,0.288123
0.7,0.64,0.292126
0.7,0.65,0.294928
0.7,0.66,0.298889
0.7,0.67,0.304082
0.7,0.68,0.308541
0.7,0.69,0.312307
0.7,0.7,0.316473
0.7,0.71,0.322597
0.7,0.72,0.326606
0.7,0.73,0.33095
0.7,0.74,0.335959
0.7,0.75,0.340884
0.7,0.76,0.345756
0.7,0.77,0.349998
0.7,0.78,0.35613
0.71,0,0.360654
0.71,0.01,0.354563
0.71,0.02,0.349676
0.71,0.03,0.345184
0.71,0.04,0.339847
0.71,0.05,0.335748
0.71,0.06,0.330447
0.71,0.07,0.325
0.71,0.08,0.320202
0.71,0.09,0.31523
0.71,0.1,0.311156
0.71,0.11,0.306128
0.71,0.12,0.301753
0.71,0.13,0.298863
0.71,0.14,0.293554
0.71,0.15,0.289698
0.71,0.16,0.28685
0.71,0.17,0.281405
0.71,0.18,0.27877
0.71,0.19,0.275203
0.71,0.2,0.27268
0.71,0.21,0.269293
0.71,0.22,0.267077
0.71,0.23,0.263851
0.71,0.24,0.260709
0.71,0.25,0.257554
0.71,0.26,0.255353
0.71,0.27,0.253311
0.71,0.28,0.251787
0.71,0.29,0.250643
0.71,0.3,0.248575
0.71,0.31,0.247273
0.71,0.32,0.246261
0.71,0.33,0.244779
0.71,0.34,0.243196
0.71,0.35,0.242412
0.71,0.36,0.242324
0.71,0.37,0.241807
0.71,0.38,0.241385
0.71,0.39,0.241185
0.71,0.4,0.241399
0.71,0.41,0.241641
0.71,0.42,0.242212
0.71,0.43,0.242613
0.71,0.44,0.243126
0.71,0.45,0.244808
0.71,0.46,0.245394
0.71,0.47,0.247233
0.71,0.48,0.247215
0.71,0.49,0.249394
0.71,0.5,0.251329
0.71,0.51,0.253155
0.71,0.52,0.255446
0.71,0.53,0.257145
0.71,0.54,0.26057
0.71,0.55,0.263476
0.71,0.56,0.26528
0.71,0.57,0.268481
0.71,0.58,0.271134
0.71,0.59,0.274333
0.71,0.6,0.277915
0.71,0.61,0.280939
0.71,0.62,0.284689
0.71,0.63,0.289237
0.71,0.64,0.292625
0.71,0.65,0.297099
0.71,0.66,0.301701
0.71,0.67,0.305247
0.71,0.68,0.308917
0.71,0.69,0.314237
0.71,0.7,0.318292
0.71,0.71,0.323327
0.71,0.72,0.327249
0.71,0.73,0.333457
0.71,0.74,0.33765
0.71,0.75,0.343197
0.71,0.76,0.348098
0.71,0.77,0.353178
0.71,0.78,0.358229
0.72,0,0.362667
0.72,0.01,0.35703
0.72,0.02,0.352099
0.72,0.03,0.347685
0.72,0.04,0.342353
0.72,0.05,0.336342
0.72,0.06,0.33236
0.72,0.07,0.326717
0.72,0.08,0.322976
0.72,0.09,0.318042
0.72,0.1,0.312831
0.72,0.11,0.308302
0.72,0.12,0.303824
0.72,0.13,0.30106
0.72,0.14,0.295965
0.72,0.15,0.291517
0.72,0.16,0.288768
0.72,0.17,0.284847
0.72,0.18,0.279998
0.72,0.19,0.276656
0.72,0.2,0.273744
0.72,0.21,0.270192
0.72,0.22,0.268427
0.72,0.23,0.265486
0.72,0.24,0.263008
0.72,0.25,0.260447
0.72,0.26,0.25779
0.72,0.27,0.254687
0.72,0.28,0.254178
0.72,0.29,0.25134
0.72,0.3,0.250285
0.72,0.31,0.247969
0.72,0.32,0.247407
0.72,0.33,0.246119
0.72,0.34,0.24499
0.72,0.35,0.24448
0.72,0.36,0.243789
0.72,0.37,0.242835
0.72,0.38,0.242648
0.72,0.39,0.242747
0.72,0.4,0.243178
0.72,0.41,0.242314
0.72,0.42,0.244088
0.72,0.43,0.244035
0.72,0.44,0.245827
0.72,0.45,0.245395
0.72,0.46,0.24734
0.72,0.47,0.248327
0.72,0.48,0.249665
0.72,0.49,0.251057
0.72,0.5,0.253405
0.72,0.51,0.255238
0.72,0.52,0.257432
0.72,0.53,0.259389
0.72,0.54,0.261808
0.72,0.55,0.265006
0.72,0.56,0.267083
0.72,0.57,0.270306
0.72,0.58,0.273417
0.72,0.59,0.276181
0.72,0.6,0.279579
0.72,0.61,0.283889
0.72,0.62,0.287281
0.72,0.63,0.292194
0.72,0.64,0.2946
0.72,0.65,0.298614
0.72,0.66,0.302768
0.72,0.67,0.307917
0.72,0.68,0.311561
0.72,0.69,0.316332
0.72,0.7,0.320931
0.72,0.71,0.326292
0.72,0.72,0.329925
0.72,0.73,0.335474
0.72,0.74,0.340692
0.72,0.75,0.345142
0.72,0.76,0.34997
0.72,0.77,0.356275
0.72,0.78,0.360466
0.73,0,0.365896
0.73,0.01,0.360647
0.73,0.02,0.354896
0.73,0.03,0.350156
0.73,0.04,0.344649
0.73,0.05,0.340849
0.73,0.06,0.33559
0.73,0.07,0.329558
0.73,0.08,0.324694
0.73,0.09,0.31953
0.73,0.1,0.314906
0.73,0.11,0.31073
0.73,0.12,0.305723
0.73,0.13,0.302704
0.73,0.14,0.297442
0.73,0.15,0.294411
0.73,0.16,0.290678
0.73,0.17,0.286849
0.73,0.18,0.282534
0.73,0.19,0.280222
0.73,0.2,0.274894
0.73,0.21,0.27357
0.73,0.22,0.270547
0.73,0.23,0.267094
0.73,0.24,0.265204
0.73,0.25,0.261799
0.73,0.26,0.259808
0.73,0.27,0.256516
0.73,0.28,0.255785
0.73,0.29,0.25318
0.73,0.3,0.25151
0.73,0.31,0.250445
0.73,0.32,0.248191
0.73,0.33,0.248279
0.73,0.34,0.246663
0.73,0.35,0.245648
0.73,0.36,0.245037
0.73,0.37,0.244417
0.73,0.38,0.244566
0.73,0.39,0.244194
0.73,0.4,0.244254
0.73,0.41,0.244898
0.73,0.42,0.244961
0.73,0.43,0.245525
0.73,0.44,0.245585
0.73,0.45,0.247752
0.73,0.46,0.247951
0.73,0.47,0.249994
0.73,0.48,0.251178
0.73,0.49,0.251815
0.73,0.5,0.254712
0.73,0.51,0.256726
0.73,0.52,0.259223
0.73,0.53,0.260805
0.73,0.54,0.263773
0.73,0.55,0.266025
0.73,0.56,0.269375
0.73,0.57,0.271407
0.73,0.58,0.274628
0.73,0.59,0.27844
0.73,0.6,0.28144
0.73,0.61,0.285394
0.73,0.62,0.289315
0.73,0.63,0.293032
0.73,0.64,0.296635
0.73,0.65,0.301465
0.73,0.66,0.305529
0.73,0.67,0.31007
0.73,0.68,0.31342
0.73,0.69,0.318485
0.73,0.7,0.323183
0.73,0.71,0.327292
0.73,0.72,0.333405
0.73,0.73,0.338284
0.73,0.74,0.343774
0.73,0.75,0.347772
0.73,0.76,0.352428
0.73,0.77,0.359367
0.73,0.78,0.363688
0.74,0,0.368763
0.74,0.01,0.363208
0.74,0.02,0.357145
0.74,0.03,0.353074
0.74,0.04,0.347361
0.74,0.05,0.342276
0.74,0.06,0.337197
0.74,0.07,0.331236
0.74,0.08,0.327519
0.74,0.09,0.322552
0.74,0.1,0.317902
0.74,0.11,0.313175
0.74,0.12,0.309334
0.74,0.13,0.304955
0.74,0.14,0.300611
0.74,0.15,0.296808
0.74,0.16,0.292113
0.74,0.17,0.288207
0.74,0.18,0.284583
0.74,0.19,0.28203
0.74,0.2,0.277446
0.74,0.21,0.274937
0.74,0.22,0.272891
0.74,0.23,0.269439
0.74,0.24,0.266638
0.74,0.25,0.264191
0.74,0.26,0.262189
0.74,0.27,0.259646
0.74,0.28,0.256812
0.74,0.29,0.25592
0.74,0.3,0.253475
0.74,0.31,0.252118
0.74,0.32,0.249868
0.74,0.33,0.249413
0.74,0.34,0.248499
0.74,0.35,0.248495
0.74,0.36,0.2471
0.74,0.37,0.246412
0.74,0.38,0.246855
0.74,0.39,0.246547
0.74,0.4,0.246818
0.74,0.41,0.247066
0.74,0.42,0.247276
0.74,0.43,0.247192
0.74,0.44,0.24788
0.74,0.45,0.249488
0.74,0.46,0.250282
0.74,0.47,0.252545
0.74,0.48,0.254052
0.74,0.49,0.25534
0.74,0.5,0.257424
0.74,0.51,0.259401
0.74,0.52,0.260115
0.74,0.53,0.26341
0.74,0.54,0.265022
0.74,0.55,0.269073
0.74,0.56,0.271086
0.74,0.57,0.274441
0.74,0.58,0.276706
0.74,0.59,0.28104
0.74,0.6,0.283889
0.74,0.61,0.28731
0.74,0.62,0.290983
0.74,0.63,0.295893
0.74,0.64,0.299063
0.74,0.65,0.303446
0.74,0.66,0.30853
0.74,0.67,0.312441
0.74,0.68,0.317602
0.74,0.69,0.320831
0.74,0.7,0.326017
0.74,0.71,0.3309
0.74,0.72,0.334934
0.74,0.73,0.341569
0.74,0.74,0.345917
0.74,0.75,0.350574
0.74,0.76,0.356485
0.74,0.77,0.361618
0.74,0.78,0.367887
0.75,0,0.371809
0.75,0.01,0.365935
0.75,0.02,0.361772
0.75,0.03,0.355483
0.75,0.04,0.351557
0.75,0.05,0.34533
0.75,0.06,0.339786
0.75,0.07,0.335384
0.75,0.08,0.329832
0.75,0.09,0.326259
0.75,0.1,0.320941
0.75,0.11,0.315906
0.75,0.12,0.311576
0.75,0.13,0.308095
0.75,0.14,0.302413
0.75,0.15,0.298896
0.75,0.16,0.294727
0.75,0.17,0.291617
0.75,0.18,0.288524
0.75,0.19,0.284638
0.75,0.2,0.280234
0.75,0.21,0.277913
0.75,0.22,0.274762
0.75,0.23,0.271511
0.75,0.24,0.268802
0.75,0.25,0.265653
0.75,0.26,0.264135
0.75,0.27,0.262093
0.75,0.28,0.259834
0.75,0.29,0.25732
0.75,0.3,0.256122
0.75,0.31,0.254907
0.75,0.32,0.252592
0.75,0.33,0.251586
0.75,0.34,0.251554
0.75,0.35,0.249969
0.75,0.36,0.249337
0.75,0.37,0.248579
0.75,0.38,0.248411
0.75,0.39,0.248036
0.75,0.4,0.248926
0.75,0.41,0.249163
0.75,0.42,0.249003
0.75,0.43,0.24979
0.75,0.44,0.251009
0.75,0.45,0.252165
0.75,0.46,0.252754
0.75,0.47,0.254908
0.75,0.48,0.255477
0.75,0.49,0.257457
0.75,0.5,0.259345
0.75,0.51,0.260824
0.75,0.52,0.263367
0.75,0.53,0.265788
0.75,0.54,0.267721
0.75,0.55,0.27145
0.75,0.56,0.274225
0.75,0.57,0.276621
0.75,0.58,0.279896
0.75,0.59,0.283609
0.75,0.6,0.287519
0.75,0.61,0.290467
0.75,0.62,0.294233
0.75,0.63,0.298824
0.75,0.64,0.30173
0.75,0.65,0.304886
0.75,0.66,0.310353
0.75,0.67,0.314963
0.75,0.68,0.318788
0.75,0.69,0.324026
0.75,0.7,0.329429
0.75,0.71,0.333785
0.75,0.72,0.339498
0.75,0.73,0.34354
0.75,0.74,0.34886
0.75,0.75,0.354636
0.75,0.76,0.360052
0.75,0.77,0.363973
0.75,0.78,0.370028
0.76,0,0.374729
0.76,0.01,0.368808
0.76,0.02,0.364208
0.76,0.03,0.3581
0.76,0.04,0.353952
0.76,0.05,0.34879
0.76,0.06,0.34367
0.76,0.07,0.338356
0.76,0.08,0.333226
0.76,0.09,0.328778
0.76,0.1,0.323833
0.76,0.11,0.318893
0.76,0.12,0.315578
0.76,0.13,0.309848
0.76,0.14,0.306462
0.76,0.15,0.30295
0.76,0.16,0.297637
0.76,0.17,0.294528
0.76,0.18,0.290592
0.76,0.19,0.286922
0.76,0.2,0.283147
0.76,0.21,0.280828
0.76,0.22,0.277026
0.76,0.23,0.273793
0.76,0.24,0.272022
0.76,0.25,0.269663
0.76,0.26,0.265945
0.76,0.27,0.265408
0.76,0.28,0.262371
0.76,0.29,0.259497
0.76,0.3,0.258669
0.76,0.31,0.257562
0.76,0.32,0.256346
0.76,0.33,0.254244
0.76,0.34,0.253417
0.76,0.35,0.253418
0.76,0.36,0.251097
0.76,0.37,0.251284
0.76,0.38,0.25159
0.76,0.39,0.250916
0.76,0.4,0.251169
0.76,0.41,0.250598
0.76,0.42,0.252256
0.76,0.43,0.252493
0.76,0.44,0.253523
0.76,0.45,0.254367
0.76,0.46,0.255445
0.76,0.47,0.257093
0.76,0.48,0.258399
0.76,0.49,0.260112
0.76,0.5,0.261471
0.76,0.51,0.263562
0.76,0.52,0.265932
0.76,0.53,0.268908
0.76,0.54,0.271332
0.76,0.55,0.273732
0.76,0.56,0.276073
0.76,0.57,0.27959
0.76,0.58,0.283177
0.76,0.59,0.286145
0.76,0.6,0.289564
0.76,0.61,0.293558
0.76,0.62,0.296861
0.76,0.63,0.300272
0.76,0.64,0.304256
0.76,0.65,0.309817
0.76,0.66,0.313964
0.76,0.67,0.317963
0.76,0.68,0.323294
0.76,0.69,0.327746
0.76,0.7,0.331713
0.76,0.71,0.336429
0.76,0.72,0.342405
0.76,0.73,0.346743
0.76,0.74,0.351479
0.76,0.75,0.356602
0.76,0.76,0.363224
0.76,0.77,0.366696
0.76,0.78,0.373328
0.77,0,0.379162
0.77,0.01,0.372404
0.77,0.02,0.36848
0.77,0.03,0.362381
0.77,0.04,0.357202
0.77,0.05,0.351781
0.77,0.06,0.347136
0.77,0.07,0.340899
0.77,0.08,0.337598
0.77,0.09,0.331655
0.77,0.1,0.327076
0.77,0.11,0.322373
0.77,0.12,0.317131
0.77,0.13,0.313897
0.77,0.14,0.310121
0.77,0.15,0.305978
0.77,0.16,0.301009
0.77,0.17,0.297267
0.77,0.18,0.293473
0.77,0.19,0.289976
0.77,0.2,0.287243
0.77,0.21,0.283135
0.77,0.22,0.279694
0.77,0.23,0.276702
0.77,0.24,0.27466
0.77,0.25,0.271854
0.77,0.26,0.268506
0.77,0.27,0.267206
0.77,0.28,0.266076
0.77,0.29,0.263208
0.77,0.3,0.261095
0.77,0.31,0.261253
0.77,0.32,0.258702
0.77,0.33,0.256801
0.77,0.34,0.256257
0.77,0.35,0.255973
0.77,0.36,0.25599
0.77,0.37,0.254255
0.77,0.38,0.253908
0.77,0.39,0.25347
0.77,0.4,0.254854
0.77,0.41,0.254687
0.77,0.42,0.254629
0.77,0.43,0.256096
0.77,0.44,0.256362
0.77,0.45,0.257294
0.77,0.46,0.258557
0.77,0.47,0.259496
0.77,0.48,0.260885
0.77,0.49,0.262715
0.77,0.5,0.264606
0.77,0.51,0.266837
0.77,0.52,0.26885
0.77,0.53,0.27158
0.77,0.54,0.274336
0.77,0.55,0.275855
0.77,0.56,0.278635
0.77,0.57,0.282222
0.77,0.58,0.285916
0.77,0.59,0.288644
0.77,0.6,0.293134
0.77,0.61,0.297634
0.77,0.62,0.299664
0.77,0.63,0.303877
0.77,0.64,0.307911
0.77,0.65,0.312692
0.77,0.66,0.316657
0.77,0.67,0.320504
0.77,0.68,0.325238
0.77,0.69,0.328784
0.77,0.7,0.335523
0.77,0.71,0.340159
0.77,0.72,0.344807
0.77,0.73,0.350713
0.77,0.74,0.356137
0.77,0.75,0.361924
0.77,0.76,0.366261
0.77,0.77,0.371229
0.77,0.78,0.377208
0.78,0,0.38311
0.78,0.01,0.377145
0.78,0.02,0.372411
0.78,0.03,0.365654
0.78,0.04,0.360592
0.78,0.05,0.3553
0.78,0.06,0.350638
0.78,0.07,0.345697
0.78,0.08,0.339857
0.78,0.09,0.334936
0.78,0.1,0.331616
0.78,0.11,0.325655
0.78,0.12,0.320986
0.78,0.13,0.316503
0.78,0.14,0.311726
0.78,0.15,0.309084
0.78,0.16,0.304202
0.78,0.17,0.30048
0.78,0.18,0.297265
0.78,0.19,0.29288
0.78,0.2,0.289554
0.78,0.21,0.285977
0.78,0.22,0.28345
0.78,0.23,0.281356
0.78,0.24,0.278123
0.78,0.25,0.27514
0.78,0.26,0.273155
0.78,0.27,0.270257
0.78,0.28,0.268982
0.78,0.29,0.266562
0.78,0.3,0.263878
0.78,0.31,0.263117
0.78,0.32,0.261965
0.78,0.33,0.260372
0.78,0.34,0.259514
0.78,0.35,0.259006
0.78,0.36,0.257923
0.78,0.37,0.257081
0.78,0.38,0.25774
0.78,0.39,0.256688
0.78,0.4,0.257203
0.78,0.41,0.257606
0.78,0.42,0.257765
0.78,0.43,0.259807
0.78,0.44,0.260158
0.78,0.45,0.259496
0.78,0.46,0.261739
0.78,0.47,0.262303
0.78,0.48,0.264993
0.78,0.49,0.266183
0.78,0.5,0.267325
0.78,0.51,0.26923
0.78,0.52,0.27118
0.78,0.53,0.275178
0.78,0.54,0.277685
0.78,0.55,0.280104
0.78,0.56,0.282714
0.78,0.57,0.285071
0.78,0.58,0.288818
0.78,0.59,0.291814
0.78,0.6,0.294801
0.78,0.61,0.299203
0.78,0.62,0.303012
0.78,0.63,0.308226
0.78,0.64,0.312225
0.78,0.65,0.316358
0.78,0.66,0.319968
0.78,0.67,0.324465
0.78,0.68,0.329748
0.78,0.69,0.334432
0.78,0.7,0.338395
0.78,0.71,0.344413
0.78,0.72,0.349337
0.78,0.73,0.353981
0.78,0.74,0.359934
0.78,0.75,0.36521
0.78,0.76,0.369599
0.78,0.77,0.375356
0.78,0.78,0.380988
0.79,0,0.38646
0.79,0.01,0.381071
0.79,0.02,0.375893
0.79,0.03,0.369702
0.79,0.04,0.364507
0.79,0.05,0.359135
0.79,0.06,0.354869
0.79,0.07,0.349304
0.79,0.08,0.343433
0.79,0.09,0.338844
0.79,0.1,0.334521
0.79,0.11,0.331211
0.79,0.12,0.324347
0.79,0.13,0.320857
0.79,0.14,0.316481
0.79,0.15,0.313456
0.79,0.16,0.307902
0.79,0.17,0.30389
0.79,0.18,0.299721
0.79,0.19,0.297311
0.79,0.2,0.293469
0.79,0.21,0.290983
0.79,0.22,0.286912
0.79,0.23,0.28479
0.79,0.24,0.281378
0.79,0.25,0.278682
0.79,0.26,0.27744
0.79,0.27,0.273848
0.79,0.28,0.272277
0.79,0.29,0.269347
0.79,0.3,0.268938
0.79,0.31,0.267339
0.79,0.32,0.265413
0.79,0.33,0.264221
0.79,0.34,0.262712
0.79,0.35,0.261571
0.79,0.36,0.262067
0.79,0.37,0.260638
0.79,0.38,0.260854
0.79,0.39,0.260215
0.79,0.4,0.260253
0.79,0.41,0.261616
0.79,0.42,0.262038
0.79,0.43,0.261952
0.79,0.44,0.262291
0.79,0.45,0.263733
0.79,0.46,0.26532
0.79,0.47,0.266034
0.79,0.48,0.267671
0.79,0.49,0.26944
0.79,0.5,0.271632
0.79,0.51,0.274322
0.79,0.52,0.275253
0.79,0.53,0.278136
0.79,0.54,0.281427
0.79,0.55,0.283354
0.79,0.56,0.286319
0.79,0.57,0.289278
0.79,0.58,0.291272
0.79,0.59,0.29619
0.79,0.6,0.299419
0.79,0.61,0.303038
0.79,0.62,0.306857
0.79,0.63,0.310829
0.79,0.64,0.315449
0.79,0.65,0.319681
0.79,0.66,0.323765
0.79,0.67,0.326889
0.79,0.68,0.333033
0.79,0.69,0.3385
0.79,0.7,0.341922
0.79,0.71,0.349597
0.79,0.72,0.352325
0.79,0.73,0.358321
0.79,0.74,0.362898
0.79,0.75,0.368083
0.79,0.76,0.373707
0.79,0.77,0.379529
0.79,0.78,0.384429
0.8,0,0.390363
0.8,0.01,0.385327
0.8,0.02,0.378857
0.8,0.03,0.373502
0.8,0.04,0.369579
0.8,0.05,0.363087
0.8,0.06,0.358414
0.8,0.07,0.353423
0.8,0.08,0.347895
0.8,0.09,0.344081
0.8,0.1,0.338727
0.8,0.11,0.334781
0.8,0.12,0.328535
0.8,0.13,0.324683
0.8,0.14,0.322043
0.8,0.15,0.316582
0.8,0.16,0.312405
0.8,0.17,0.307853
0.8,0.18,0.3062
0.8,0.19,0.300954
0.8,0.2,0.29607
0.8,0.21,0.293877
0.8,0.22,0.29179
0.8,0.23,0.28815
0.8,0.24,0.285575
0.8,0.25,0.283362
0.8,0.26,0.279902
0.8,0.27,0.278133
0.8,0.28,0.274939
0.8,0.29,0.274185
0.8,0.3,0.2716
0.8,0.31,0.270453
0.8,0.32,0.268355
0.8,0.33,0.268606
0.8,0.34,0.266669
0.8,0.35,0.266047
0.8,0.36,0.265269
0.8,0.37,0.265545
0.8,0.38,0.264477
0.8,0.39,0.264223
0.8,0.4,0.263697
0.8,0.41,0.265516
0.8,0.42,0.265106
0.8,0.43,0.265162
0.8,0.44,0.2675
0.8,0.45,0.266872
0.8,0.46,0.26795
0.8,0.47,0.27059
0.8,0.48,0.270703
0.8,0.49,0.273366
0.8,0.5,0.275759
0.8,0.51,0.278332
0.8,0.52,0.279962
0.8,0.53,0.281017
0.8,0.54,0.284205
0.8,0.55,0.287883
0.8,0.56,0.289829
0.8,0.57,0.293159
0.8,0.58,0.29594
0.8,0.59,0.301015
0.8,0.6,0.304034
0.8,0.61,0.307206
0.8,0.62,0.311697
0.8,0.63,0.314541
0.8,0.64,0.319533
0.8,0.65,0.322702
0.8,0.66,0.328094
0.8,0.67,0.331616
0.8,0.68,0.336299
0.8,0.69,0.342351
0.8,0.7,0.346674
0.8,0.71,0.351485
0.8,0.72,0.356517
0.8,0.73,0.362126
0.8,0.74,0.367498
0.8,0.75,0.37223
0.8,0.76,0.377428
0.8,0.77,0.382555
0.8,0.78,0.388883
0.81,0,0.394521
0.81,0.01,0.388959
0.81,0.02,0.383383
0.81,0.03,0.378387
0.81,0.04,0.372602
0.81,0.05,0.367122
0.81,0.06,0.362334
0.81,0.07,0.357559
0.81,0.08,0.352953
0.81,0.09,0.347476
0.81,0.1,0.342671
0.81,0.11,0.338026
0.81,0.12,0.333437
0.81,0.13,0.328606
0.81,0.14,0.324572
0.81,0.15,0.320387
0.81,0.16,0.316813
0.81,0.17,0.312734
0.81,0.18,0.308575
0.81,0.19,0.305218
0.81,0.2,0.301809
0.81,0.21,0.298352
0.81,0.22,0.294574
0.81,0.23,0.292176
0.81,0.24,0.289614
0.81,0.25,0.285738
0.81,0.26,0.284838
0.81,0.27,0.28227
0.81,0.28,0.278663
0.81,0.29,0.278151
0.81,0.3,0.276073
0.81,0.31,0.275808
0.81,0.32,0.273973
0.81,0.33,0.271951
0.81,0.34,0.271192
0.81,0.35,0.269437
0.81,0.36,0.268774
0.81,0.37,0.268557
0.81,0.38,0.268329
0.81,0.39,0.269057
0.81,0.4,0.268562
0.81,0.41,0.268908
0.81,0.42,0.269758
0.81,0.43,0.269179
0.81,0.44,0.270182
0.81,0.45,0.271758
0.81,0.46,0.27281
0.81,0.47,0.273647
0.81,0.48,0.27538
0.81,0.49,0.277926
0.81,0.5,0.279167
0.81,0.51,0.282135
0.81,0.52,0.283925
0.81,0.53,0.285699
0.81,0.54,0.288325
0.81,0.55,0.291631
0.81,0.56,0.29381
0.81,0.57,0.296286
0.81,0.58,0.301185
0.81,0.59,0.304409
0.81,0.6,0.307615
0.81,0.61,0.31103
0.81,0.62,0.315702
0.81,0.63,0.318411
0.81,0.64,0.323756
0.81,0.65,0.327339
0.81,0.66,0.331992
0.81,0.67,0.336627
0.81,0.68,0.34036
0.81,0.69,0.344978
0.81,0.7,0.350006
0.81,0.71,0.355087
0.81,0.72,0.361119
0.81,0.73,0.365669
0.81,0.74,0.370663
0.81,0.75,0.37706
0.81,0.76,0.381696
0.81,0.77,0.386954
0.81,0.78,0.393479
0.82,0,0.399509
0.82,0.01,0.393279
0.82,0.02,0.388135
0.82,0.03,0.38182
0.82,0.04,0.376762
0.82,0.05,0.372612
0.82,0.06,0.366339
0.82,0.07,0.361813
0.82,0.08,0.356242
0.82,0.09,0.351394
0.82,0.1,0.346638
0.82,0.11,0.342333
0.82,0.12,0.33843
0.82,0.13,0.332604
0.82,0.14,0.32861
0.82,0.15,0.325394
0.82,0.16,0.320228
0.82,0.17,0.316308
0.82,0.18,0.313216
0.82,0.19,0.308203
0.82,0.2,0.305822
0.82,0.21,0.302511
0.82,0.22,0.299272
0.82,0.23,0.295612
0.82,0.24,0.292736
0.82,0.25,0.290991
0.82,0.26,0.288909
0.82,0.27,0.285844
0.82,0.28,0.284791
0.82,0.29,0.282258
0.82,0.3,0.278782
0.82,0.31,0.278789
0.82,0.32,0.277048
0.82,0.33,0.276666
0.82,0.34,0.273698
0.82,0.35,0.273559
0.82,0.36,0.273136
0.82,0.37,0.273129
0.82,0.38,0.273077
0.82,0.39,0.272661
0.82,0.4,0.272683
0.82,0.41,0.273167
0.82,0.42,0.273426
0.82,0.43,0.27315
0.82,0.44,0.27394
0.82,0.45,0.275729
0.82,0.46,0.276954
0.82,0.47,0.279119
0.82,0.48,0.278696
0.82,0.49,0.282001
0.82,0.5,0.2838
0.82,0.51,0.286956
0.82,0.52,0.287081
0.82,0.53,0.290497
0.82,0.54,0.292698
0.82,0.55,0.294983
0.82,0.56,0.298892
0.82,0.57,0.301958
0.82,0.58,0.305506
0.82,0.59,0.307344
0.82,0.6,0.312049
0.82,0.61,0.316002
0.82,0.62,0.320812
0.82,0.63,0.323315
0.82,0.64,0.32728
0.82,0.65,0.332174
0.82,0.66,0.335897
0.82,0.67,0.340691
0.82,0.68,0.346034
0.82,0.69,0.350715
0.82,0.7,0.355316
0.82,0.71,0.359955
0.82,0.72,0.364701
0.82,0.73,0.370401
0.82,0.74,0.375385
0.82,0.75,0.381109
0.82,0.76,0.385815
0.82,0.77,0.391571
0.82,0.78,0.397846
0.83,0,0.403639
0.83,0.01,0.397857
0.83,0.02,0.393606
0.83,0.03,0.386921
0.83,0.04,0.383215
0.83,0.05,0.376039
0.83,0.06,0.372171
0.83,0.07,0.366229
0.83,0.08,0.361424
0.83,0.09,0.355977
0.83,0.1,0.351939
0.83,0.11,0.346366
0.83,0.12,0.341508
0.83,0.13,0.337256
0.83,0.14,0.333226
0.83,0.15,0.328606
0.83,0.16,0.324819
0.83,0.17,0.320445
0.83,0.18,0.317812
0.83,0.19,0.3136
0.83,0.2,0.311138
0.83,0.21,0.307281
0.83,0.22,0.304111
0.83,0.23,0.300475
0.83,0.24,0.298122
0.83,0.25,0.294719
0.83,0.26,0.293075
0.83,0.27,0.290846
0.83,0.28,0.289322
0.83,0.29,0.286168
0.83,0.3,0.285813
0.83,0.31,0.283675
0.83,0.32,0.282043
0.83,0.33,0.281032
0.83,0.34,0.279264
0.83,0.35,0.279863
0.83,0.36,0.278688
0.83,0.37,0.278592
0.83,0.38,0.277482
0.83,0.39,0.27652
0.83,0.4,0.277363
0.83,0.41,0.277282
0.83,0.42,0.278042
0.83,0.43,0.278065
0.83,0.44,0.279993
0.83,0.45,0.280472
0.83,0.46,0.281388
0.83,0.47,0.283027
0.83,0.48,0.285453
0.83,0.49,0.28685
0.83,0.5,0.28813
0.83,0.51,0.29018
0.83,0.52,0.292245
0.83,0.53,0.293791
0.83,0.54,0.298493
0.83,0.55,0.300813
0.83,0.56,0.304065
0.83,0.57,0.306572
0.83,0.58,0.310004
0.83,0.59,0.313098
0.83,0.6,0.315786
0.83,0.61,0.319999
0.83,0.62,0.323952
0.83,0.63,0.326962
0.83,0.64,0.331972
0.83,0.65,0.336172
0.83,0.66,0.34151
0.83,0.67,0.345
0.83,0.68,0.350584
0.83,0.69,0.355126
0.83,0.7,0.359688
0.83,0.71,0.364883
0.83,0.72,0.369189
0.83,0.73,0.375514
0.83,0.74,0.380323
0.83,0.75,0.386011
0.83,0.76,0.3905
0.83,0.77,0.396827
0.83,0.78,0.401416
0.84,0,0.408595
0.84,0.01,0.403822
0.84,0.02,0.397699
0.84,0.03,0.390662
0.84,0.04,0.386805
0.84,0.05,0.381659
0.84,0.06,0.376558
0.84,0.07,0.370215
0.84,0.08,0.365571
0.84,0.09,0.360195
0.84,0.1,0.356435
0.84,0.11,0.3523
0.84,0.12,0.345755
0.84,0.13,0.34188
0.84,0.14,0.33804
0.84,0.15,0.333781
0.84,0.16,0.329647
0.84,0.17,0.325903
0.84,0.18,0.322367
0.84,0.19,0.319299
0.84,0.2,0.315056
0.84,0.21,0.312138
0.84,0.22,0.30766
0.84,0.23,0.307072
0.84,0.24,0.303145
0.84,0.25,0.299794
0.84,0.26,0.296841
0.84,0.27,0.295366
0.84,0.28,0.293602
0.84,0.29,0.290513
0.84,0.3,0.28814
0.84,0.31,0.288941
0.84,0.32,0.28742
0.84,0.33,0.285878
0.84,0.34,0.284463
0.84,0.35,0.283647
0.84,0.36,0.283501
0.84,0.37,0.282412
0.84,0.38,0.283475
0.84,0.39,0.281844
0.84,0.4,0.281992
0.84,0.41,0.283042
0.84,0.42,0.282327
0.84,0.43,0.283858
0.84,0.44,0.28356
0.84,0.45,0.284838
0.84,0.46,0.285901
0.84,0.47,0.288655
0.84,0.48,0.289125
0.84,0.49,0.289801
0.84,0.5,0.292886
0.84,0.51,0.295626
0.84,0.52,0.296871
0.84,0.53,0.299349
0.84,0.54,0.30241
0.84,0.55,0.305373
0.84,0.56,0.307188
0.84,0.57,0.311256
0.84,0.58,0.314524
0.84,0.59,0.316966
0.84,0.6,0.320614
0.84,0.61,0.324553
0.84,0.62,0.329717
0.84,0.63,0.332063
0.84,0.64,0.336213
0.84,0.65,0.34123
0.84,0.66,0.345117
0.84,0.67,0.350588
0.84,0.68,0.354789
0.84,0.69,0.360114
0.84,0.7,0.364519
0.84,0.71,0.369776
0.84,0.72,0.373899
0.84,0.73,0.380356
0.84,0.74,0.385092
0.84,0.75,0.389288
0.84,0.76,0.394834
0.84,0.77,0.401621
0.84,0.78,0.405499
0.85,0,0.41289
0.85,0.01,0.407595
0.85,0.02,0.402478
0.85,0.03,0.396582
0.85,0.04,0.39047
0.85,0.05,0.385382
0.85,0.06,0.381065
0.85,0.07,0.374987
0.85,0.08,0.369918
0.85,0.09,0.365309
0.85,0.1,0.361209
0.85,0.11,0.356526
0.85,0.12,0.353104
0.85,0.13,0.347335
0.85,0.14,0.343483
0.85,0.15,0.338726
0.85,0.16,0.335371
0.85,0.17,0.330379
0.85,0.18,0.327913
0.85,0.19,0.323198
0.85,0.2,0.319271
0.85,0.21,0.317231
0.85,0.22,0.312841
0.85,0.23,0.310501
0.85,0.24,0.307695
0.85,0.25,0.305649
0.85,0.26,0.302925
0.85,0.27,0.299983
0.85,0.28,0.298188
0.85,0.29,0.296467
0.85,0.3,0.294341
0.85,0.31,0.292941
0.85,0.32,0.291717
0.85,0.33,0.290775
0.85,0.34,0.288639
0.85,0.35,0.289358
0.85,0.36,0.288517
0.85,0.37,0.287121
0.85,0.38,0.287075
0.85,0.39,0.286973
0.85,0.4,0.286602
0.85,0.41,0.287238
0.85,0.42,0.287181
0.85,0.43,0.28827
0.85,0.44,0.28963
0.85,0.45,0.289687
0.85,0.46,0.291478
0.85,0.47,0.292329
0.85,0.48,0.293966
0.85,0.49,0.29595
0.85,0.5,0.298101
0.85,0.51,0.299819
0.85,0.52,0.30104
0.85,0.53,0.303909
0.85,0.54,0.306717
0.85,0.55,0.30943
0.85,0.56,0.313637
0.85,0.57,0.316174
0.85,0.58,0.318528
0.85,0.59,0.322448
0.85,0.6,0.32631
0.85,0.61,0.330663
0.85,0.62,0.334004
0.85,0.63,0.338073
0.85,0.64,0.342377
0.85,0.65,0.346904
0.85,0.66,0.3507
0.85,0.67,0.355621
0.85,0.68,0.359612
0.85,0.69,0.364645
0.85,0.7,0.368891
0.85,0.71,0.374407
0.85,0.72,0.378373
0.85,0.73,0.384544
0.85,0.74,0.389864
0.85,0.75,0.394956
0.85,0.76,0.400609
0.85,0.77,0.406624
0.85,0.78,0.410741
0.86,0,0.418851
0.86,0.01,0.412179
0.86,0.02,0.406749
0.86,0.03,0.400594
0.86,0.04,0.395886
0.86,0.05,0.390903
0.86,0.06,0.385658
0.86,0.07,0.381152
0.86,0.08,0.37669
0.86,0.09,0.370639
0.86,0.1,0.365623
0.86,0.11,0.361689
0.86,0.12,0.356556
0.86,0.13,0.352246
0.86,0.14,0.348221
0.86,0.15,0.344328
0.86,0.16,0.341062
0.86,0.17,0.336281
0.86,0.18,0.332996
0.86,0.19,0.329128
0.86,0.2,0.32693
0.86,0.21,0.322328
0.86,0.22,0.320571
0.86,0.23,0.316467
0.86,0.24,0.313389
0.86,0.25,0.311224
0.86,0.26,0.308369
0.86,0.27,0.305597
0.86,0.28,0.302777
0.86,0.29,0.301894
0.86,0.3,0.300934
0.86,0.31,0.299324
0.86,0.32,0.296601
0.86,0.33,0.295406
0.86,0.34,0.294608
0.86,0.35,0.293635
0.86,0.36,0.291189
0.86,0.37,0.292888
0.86,0.38,0.292594
0.86,0.39,0.2922
0.86,0.4,0.293336
0.86,0.41,0.292129
0.86,0.42,0.29226
0.86,0.43,0.293992
0.86,0.44,0.295406
0.86,0.45,0.294633
0.86,0.46,0.296445
0.86,0.47,0.297525
0.86,0.48,0.299397
0.86,0.49,0.300891
0.86,0.5,0.303511
0.86,0.51,0.304542
0.86,0.52,0.306096
0.86,0.53,0.31031
0.86,0.54,0.312787
0.86,0.55,0.316219
0.86,0.56,0.318792
0.86,0.57,0.321287
0.86,0.58,0.323399
0.86,0.59,0.327805
0.86,0.6,0.331011
0.86,0.61,0.335706
0.86,0.62,0.340262
0.86,0.63,0.343555
0.86,0.64,0.346525
0.86,0.65,0.351462
0.86,0.66,0.356005
0.86,0.67,0.360413
0.86,0.68,0.364162
0.86,0.69,0.369907
0.86,0.7,0.374067
0.86,0.71,0.379011
0.86,0.72,0.384835
0.86,0.73,0.388964
0.86,0.74,0.39579
0.86,0.75,0.400536
0.86,0.76,0.405644
0.86,0.77,0.410962
0.86,0.78,0.416247
0.87,0,0.42375
0.87,0.01,0.416498
0.87,0.02,0.411299
0.87,0.03,0.40756
0.87,0.04,0.402315
0.87,0.05,0.396322
0.87,0.06,0.390329
0.87,0.07,0.386121
0.87,0.08,0.38082
0.87,0.09,0.376232
0.87,0.1,0.371213
0.87,0.11,0.366568
0.87,0.12,0.363185
0.87,0.13,0.35774
0.87,0.14,0.351887
0.87,0.15,0.349227
0.87,0.16,0.345258
0.87,0.17,0.342218
0.87,0.18,0.337833
0.87,0.19,0.33468
0.87,0.2,0.330241
0.87,0.21,0.327314
0.87,0.22,0.324598
0.87,0.23,0.321196
0.87,0.24,0.318955
0.87,0.25,0.315114
0.87,0.26,0.314314
0.87,0.27,0.311799
0.87,0.28,0.309665
0.87,0.29,0.306964
0.87,0.3,0.304779
0.87,0.31,0.304119
0.87,0.32,0.302709
0.87,0.33,0.300868
0.87,0.34,0.30079
0.87,0.35,0.300326
0.87,0.36,0.299318
0.87,0.37,0.297901
0.87,0.38,0.297322
0.87,0.39,0.297839
0.87,0.4,0.29869
0.87,0.41,0.298636
0.87,0.42,0.298995
0.87,0.43,0.299377
0.87,0.44,0.299165
0.87,0.45,0.300372
0.87,0.46,0.302974
0.87,0.47,0.303697
0.87,0.48,0.306372
0.87,0.49,0.305897
0.87,0.5,0.307999
0.87,0.51,0.310805
0.87,0.52,0.312722
0.87,0.53,0.316889
0.87,0.54,0.31719
0.87,0.55,0.320426
0.87,0.56,0.32274
0.87,0.57,0.326208
0.87,0.58,0.329942
0.87,0.59,0.333098
0.87,0.6,0.33671
0.87,0.61,0.340704
0.87,0.62,0.34438
0.87,0.63,0.347701
0.87,0.64,0.351477
0.87,0.65,0.35736
0.87,0.66,0.360958
0.87,0.67,0.366554
0.87,0.68,0.369887
0.87,0.69,0.37416
0.87,0.7,0.37851
0.87,0.71,0.385329
0.87,0.72,0.389384
0.87,0.73,0.395246
0.87,0.74,0.400071
0.87,0.75,0.405088
0.87,0.76,0.409661
0.87,0.77,0.415423
0.87,0.78,0.420735
0.88,0,0.428114
0.88,0.01,0.422679
0.88,0.02,0.416907
0.88,0.03,0.41162
0.88,0.04,0.407779
0.88,0.05,0.401851
0.88,0.06,0.396272
0.88,0.07,0.390687
0.88,0.08,0.385412
0.88,0.09,0.3813
0.88,0.1,0.377868
0.88,0.11,0.372525
0.88,0.12,0.367149
0.88,0.13,0.363401
0.88,0.14,0.359165
0.88,0.15,0.354814
0.88,0.16,0.351566
0.88,0.17,0.347064
0.88,0.18,0.343465
0.88,0.19,0.33994
0.88,0.2,0.336728
0.88,0.21,0.331897
0.88,0.22,0.330741
0.88,0.23,0.326978
0.88,0.24,0.324555
0.88,0.25,0.321519
0.88,0.26,0.318279
0.88,0.27,0.316036
0.88,0.28,0.315637
0.88,0.29,0.313281
0.88,0.3,0.309939
0.88,0.31,0.310282
0.88,0.32,0.307639
0.88,0.33,0.306063
0.88,0.34,0.306606
0.88,0.35,0.304763
0.88,0.36,0.30533
0.88,0.37,0.305293
0.88,0.38,0.304375
0.88,0.39,0.302783
0.88,0.4,0.305145
0.88,0.41,0.30443
0.88,0.42,0.304237
0.88,0.43,0.305087
0.88,0.44,0.306733
0.88,0.45,0.306939
0.88,0.46,0.307514
0.88,0.47,0.309011
0.88,0.48,0.311354
0.88,0.49,0.313258
0.88,0.5,0.314904
0.88,0.51,0.316107
0.88,0.52,0.318831
0.88,0.53,0.320682
0.88,0.54,0.323573
0.88,0.55,0.327117
0.88,0.56,0.329066
0.88,0.57,0.331744
0.88,0.58,0.335853
0.88,0.59,0.337789
0.88,0.6,0.342875
0.88,0.61,0.345465
0.88,0.62,0.350499
0.88,0.63,0.353804
0.88,0.64,0.357593
0.88,0.65,0.362192
0.88,0.66,0.366893
0.88,0.67,0.371268
0.88,0.68,0.375132
0.88,0.69,0.381399
0.88,0.7,0.385967
0.88,0.71,0.389674
0.88,0.72,0.393802
0.88,0.73,0.400187
0.88,0.74,0.406339
0.88,0.75,0.409548
0.88,0.76,0.415628
0.88,0.77,0.420267
0.88,0.78,0.426854
0.89,0,0.433156
0.89,0.01,0.427435
0.89,0.02,0.423518
0.89,0.03,0.417747
0.89,0.04,0.411997
0.89,0.05,0.407316
0.89,0.06,0.401502
0.89,0.07,0.397482
0.89,0.08,0.391191
0.89,0.09,0.387092
0.89,0.1,0.382045
0.89,0.11,0.378202
0.89,0.12,0.372754
0.89,0.13,0.370396
0.89,0.14,0.364071
0.89,0.15,0.360471
0.89,0.16,0.356833
0.89,0.17,0.352931
0.89,0.18,0.349539
0.89,0.19,0.34618
0.89,0.2,0.341701
0.89,0.21,0.339262
0.89,0.22,0.336128
0.89,0.23,0.333804
0.89,0.24,0.330152
0.89,0.25,0.326669
0.89,0.26,0.325898
0.89,0.27,0.322118
0.89,0.28,0.321277
0.89,0.29,0.319345
0.89,0.3,0.316934
0.89,0.31,0.316462
0.89,0.32,0.314252
0.89,0.33,0.31347
0.89,0.34,0.312922
0.89,0.35,0.311672
0.89,0.36,0.309359
0.89,0.37,0.31027
0.89,0.38,0.309356
0.89,0.39,0.309902
0.89,0.4,0.309938
0.89,0.41,0.309775
0.89,0.42,0.311379
0.89,0.43,0.310977
0.89,0.44,0.311295
0.89,0.45,0.312478
0.89,0.46,0.314757
0.89,0.47,0.31651
0.89,0.48,0.3165
0.89,0.49,0.317876
0.89,0.5,0.319774
0.89,0.51,0.321992
0.89,0.52,0.32533
0.89,0.53,0.32752
0.89,0.54,0.329106
0.89,0.55,0.332508
0.89,0.56,0.335817
0.89,0.57,0.337528
0.89,0.58,0.341489
0.89,0.59,0.344538
0.89,0.6,0.347864
0.89,0.61,0.350725
0.89,0.62,0.354086
0.89,0.63,0.359489
0.89,0.64,0.363564
0.89,0.65,0.36826
0.89,0.66,0.372287
0.89,0.67,0.37705
0.89,0.68,0.38083
0.89,0.69,0.385032
0.89,0.7,0.390881
0.89,0.71,0.395509
0.89,0.72,0.400228
0.89,0.73,0.405285
0.89,0.74,0.410686
0.89,0.75,0.416656
0.89,0.76,0.42042
0.89,0.77,0.426061
0.89,0.78,0.431117
0.9,0,0.438514
0.9,0.01,0.433619
0.9,0.02,0.428376
0.9,0.03,0.423633
0.9,0.04,0.418069
0.9,0.05,0.412206
0.9,0.06,0.40806
0.9,0.07,0.402458
0.9,0.08,0.39804
0.9,0.09,0.393304
0.9,0.1,0.388267
0.9,0.11,0.383934
0.9,0.12,0.378887
0.9,0.13,0.374418
0.9,0.14,0.371377
0.9,0.15,0.365958
0.9,0.16,0.362813
0.9,0.17,0.358489
0.9,0.18,0.35551
0.9,0.19,0.35255
0.9,0.2,0.348635
0.9,0.21,0.344504
0.9,0.22,0.340897
0.9,0.23,0.339137
0.9,0.24,0.336646
0.9,0.25,0.334791
0.9,0.26,0.331395
0.9,0.27,0.329152
0.9,0.28,0.326358
0.9,0.29,0.324319
0.9,0.3,0.323904
0.9,0.31,0.321951
0.9,0.32,0.319936
0.9,0.33,0.319065
0.9,0.34,0.318843
0.9,0.35,0.317208
0.9,0.36,0.316647
0.9,0.37,0.317257
0.9,0.38,0.316411
0.9,0.39,0.31556
0.9,0.4,0.316792
0.9,0.41,0.31613
0.9,0.42,0.316545
0.9,0.43,0.316252
0.9,0.44,0.318884
0.9,0.45,0.319509
0.9,0.46,0.319934
0.9,0.47,0.321473
0.9,0.48,0.322325
0.9,0.49,0.324733
0.9,0.5,0.326954
0.9,0.51,0.328273
0.9,0.52,0.330848
0.9,0.53,0.33393
0.9,0.54,0.33635
0.9,0.55,0.337977
0.9,0.56,0.341104
0.9,0.57,0.34394
0.9,0.58,0.347117
0.9,0.59,0.350569
0.9,0.6,0.353656
0.9,0.61,0.357893
0.9,0.62,0.360507
0.9,0.63,0.366214
0.9,0.64,0.36848
0.9,0.65,0.374276
0.9,0.66,0.376673
0.9,0.67,0.382689
0.9,0.68,0.386756
0.9,0.69,0.391319
0.9,0.7,0.396596
0.9,0.71,0.401309
0.9,0.72,0.406949
0.9,0.73,0.411532
0.9,0.74,0.416202
0.9,0.75,0.421452
0.9,0.76,0.426348
0.9,0.77,0.43134
0.9,0.78,0.437752
0.91,0,0.44494
0.91,0.01,0.440077
0.91,0.02,0.433088
0.91,0.03,0.42877
0.91,0.04,0.423349
0.91,0.05,0.419994
0.91,0.06,0.414689
0.91,0.07,0.408043
0.91,0.08,0.403474
0.91,0.09,0.399362
0.91,0.1,0.394359
0.91,0.11,0.389485
0.91,0.12,0.38497
0.91,0.13,0.381289
0.91,0.14,0.377939
0.91,0.15,0.370565
0.91,0.16,0.368799
0.91,0.17,0.365691
0.91,0.18,0.362797
0.91,0.19,0.357546
0.91,0.2,0.354913
0.91,0.21,0.350943
0.91,0.22,0.347526
0.91,0.23,0.346211
0.91,0.24,0.342202
0.91,0.25,0.339654
0.91,0.26,0.338462
0.91,0.27,0.33595
0.91,0.28,0.332396
0.91,0.29,0.33188
0.91,0.3,0.328077
0.91,0.31,0.328995
0.91,0.32,0.326868
0.91,0.33,0.325473
0.91,0.34,0.324872
0.91,0.35,0.32339
0.91,0.36,0.323536
0.91,0.37,0.322876
0.91,0.38,0.322091
0.91,0.39,0.322198
0.91,0.4,0.322147
0.91,0.41,0.322563
0.91,0.42,0.322408
0.91,0.43,0.323421
0.91,0.44,0.324671
0.91,0.45,0.324227
0.91,0.46,0.326372
0.91,0.47,0.327763
0.91,0.48,0.328994
0.91,0.49,0.331298
0.91,0.5,0.332489
0.91,0.51,0.334521
0.91,0.52,0.336109
0.91,0.53,0.338626
0.91,0.54,0.342511
0.91,0.55,0.344464
0.91,0.56,0.348278
0.91,0.57,0.351351
0.91,0.58,0.352636
0.91,0.59,0.356088
0.91,0.6,0.360531
0.91,0.61,0.364302
0.91,0.62,0.367028
0.91,0.63,0.371237
0.91,0.64,0.375758
0.91,0.65,0.379675
0.91,0.66,0.383641
0.91,0.67,0.38737
0.91,0.68,0.393304
0.91,0.69,0.397776
0.91,0.7,0.402516
0.91,0.71,0.408182
0.91,0.72,0.412085
0.91,0.73,0.41617
0.91,0.74,0.422383
0.91,0.75,0.427646
0.91,0.76,0.432038
0.91,0.77,0.437358
0.91,0.78,0.442389
0.92,0,0.450012
0.92,0.01,0.44422
0.92,0.02,0.439002
0.92,0.03,0.434311
0.92,0.04,0.428871
0.92,0.05,0.423757
0.92,0.06,0.419473
0.92,0.07,0.41427
0.92,0.08,0.409999
0.92,0.09,0.405044
0.92,0.1,0.399576
0.92,0.11,0.395812
0.92,0.12,0.391518
0.92,0.13,0.386628
0.92,0.14,0.382669
0.92,0.15,0.378967
0.92,0.16,0.375898
0.92,0.17,0.371494
0.92,0.18,0.368159
0.92,0.19,0.36446
0.92,0.2,0.360262
0.92,0.21,0.357437
0.92,0.22,0.354792
0.92,0.23,0.351201
0.92,0.24,0.349551
0.92,0.25,0.345455
0.92,0.26,0.343359
0.92,0.27,0.342647
0.92,0.28,0.340446
0.92,0.29,0.338346
0.92,0.3,0.336765
0.92,0.31,0.334892
0.92,0.32,0.333063
0.92,0.33,0.332136
0.92,0.34,0.330862
0.92,0.35,0.330495
0.92,0.36,0.32997
0.92,0.37,0.328964
0.92,0.38,0.329162
0.92,0.39,0.328675
0.92,0.4,0.328448
0.92,0.41,0.329413
0.92,0.42,0.329934
0.92,0.43,0.330645
0.92,0.44,0.330967
0.92,0.45,0.331436
0.92,0.46,0.33352
0.92,0.47,0.334641
0.92,0.48,0.335466
0.92,0.49,0.337723
0.92,0.5,0.339371
0.92,0.51,0.34103
0.92,0.52,0.343522
0.92,0.53,0.345805
0.92,0.54,0.348278
0.92,0.55,0.350669
0.92,0.56,0.353971
0.92,0.57,0.356584
0.92,0.58,0.360211
0.92,0.59,0.362594
0.92,0.6,0.367301
0.92,0.61,0.370797
0.92,0.62,0.372965
0.92,0.63,0.377453
0.92,0.64,0.381658
0.92,0.65,0.386106
0.92,0.66,0.391047
0.92,0.67,0.394855
0.92,0.68,0.399288
0.92,0.69,0.401971
0.92,0.7,0.407974
0.92,0.71,0.413542
0.92,0.72,0.416946
0.92,0.73,0.422386
0.92,0.74,0.427089
0.92,0.75,0.433042
0.92,0.76,0.438999
0.92,0.77,0.442752
0.92,0.78,0.448369
0.93,0,0.453994
0.93,0.01,0.450111
0.93,0.02,0.445009
0.93,0.03,0.440352
0.93,0.04,0.434043
0.93,0.05,0.429884
0.93,0.06,0.425747
0.93,0.07,0.421549
0.93,0.08,0.415615
0.93,0.09,0.410404
0.93,0.1,0.406532
0.93,0.11,0.402384
0.93,0.12,0.399077
0.93,0.13,0.393453
0.93,0.14,0.389198
0.93,0.15,0.384976
0.93,0.16,0.38042
0.93,0.17,0.377684
0.93,0.18,0.374814
0.93,0.19,0.370707
0.93,0.2,0.368146
0.93,0.21,0.363065
0.93,0.22,0.361563
0.93,0.23,0.357808
0.93,0.24,0.355804
0.93,0.25,0.354243
0.93,0.26,0.350896
0.93,0.27,0.348832
0.93,0.28,0.346565
0.93,0.29,0.344281
0.93,0.3,0.342568
0.93,0.31,0.34168
0.93,0.32,0.340387
0.93,0.33,0.339082
0.93,0.34,0.33801
0.93,0.35,0.336705
0.93,0.36,0.336957
0.93,0.37,0.33598
0.93,0.38,0.335252
0.93,0.39,0.335719
0.93,0.4,0.336342
0.93,0.41,0.33479
0.93,0.42,0.335866
0.93,0.43,0.337266
0.93,0.44,0.336639
0.93,0.45,0.33978
0.93,0.46,0.34005
0.93,0.47,0.340946
0.93,0.48,0.341688
0.93,0.49,0.344565
0.93,0.5,0.345987
0.93,0.51,0.348141
0.93,0.52,0.350166
0.93,0.53,0.353124
0.93,0.54,0.354822
0.93,0.55,0.359437
0.93,0.56,0.359849
0.93,0.57,0.363043
0.93,0.58,0.364238
0.93,0.59,0.369189
0.93,0.6,0.372631
0.93,0.61,0.377541
0.93,0.62,0.380834
0.93,0.63,0.384228
0.93,0.64,0.388366
0.93,0.65,0.392117
0.93,0.66,0.39659
0.93,0.67,0.400323
0.93,0.68,0.404829
0.93,0.69,0.409497
0.93,0.7,0.413985
0.93,0.71,0.417414
0.93,0.72,0.422843
0.93,0.73,0.429508
0.93,0.74,0.433164
0.93,0.75,0.438465
0.93,0.76,0.442228
0.93,0.77,0.448428
0.93,0.78,0.45356
0.94,0,0.461103
0.94,0.01,0.454361
0.94,0.02,0.451586
0.94,0.03,0.445026
0.94,0.04,0.441257
0.94,0.05,0.437554
0.94,0.06,0.430642
0.94,0.07,0.426277
0.94,0.08,0.42181
0.94,0.09,0.418037
0.94,0.1,0.412294
0.94,0.11,0.408011
0.94,0.12,0.404344
0.94,0.13,0.400597
0.94,0.14,0.396254
0.94,0.15,0.391022
0.94,0.16,0.388291
0.94,0.17,0.383462
0.94,0.18,0.381107
0.94,0.19,0.376983
0.94,0.2,0.373838
0.94,0.21,0.371594
0.94,0.22,0.368585
0.94,0.23,0.365417
0.94,0.24,0.361999
0.94,0.25,0.359995
0.94,0.26,0.357154
0.94,0.27,0.355586
0.94,0.28,0.353122
0.94,0.29,0.351536
0.94,0.3,0.350654
0.94,0.31,0.348569
0.94,0.32,0.345783
0.94,0.33,0.345141
0.94,0.34,0.344672
0.94,0.35,0.34384
0.94,0.36,0.344178
0.94,0.37,0.342889
0.94,0.38,0.342157
0.94,0.39,0.342022
0.94,0.4,0.343038
0.94,0.41,0.34397
0.94,0.42,0.343362
0.94,0.43,0.344701
0.94,0.44,0.345072
0.94,0.45,0.344451
0.94,0.46,0.347106
0.94,0.47,0.347596
0.94,0.48,0.34859
0.94,0.49,0.350685
0.94,0.5,0.352613
0.94,0.51,0.355146
0.94,0.52,0.357017
0.94,0.53,0.358746
0.94,0.54,0.362291
0.94,0.55,0.364661
0.94,0.56,0.366203
0.94,0.57,0.369272
0.94,0.58,0.374348
0.94,0.59,0.375168
0.94,0.6,0.379174
0.94,0.61,0.383344
0.94,0.62,0.388297
0.94,0.63,0.391223
0.94,0.64,0.396819
0.94,0.65,0.398297
0.94,0.66,0.401865
0.94,0.67,0.406113
0.94,0.68,0.410399
0.94,0.69,0.415634
0.94,0.7,0.419704
0.94,0.71,0.425655
0.94,0.72,0.431251
0.94,0.73,0.433409
0.94,0.74,0.44036
0.94,0.75,0.444479
0.94,0.76,0.44907
0.94,0.77,0.454025
0.94,0.78,0.45949
0.95,0,0.468227
0.95,0.01,0.461837
0.95,0.02,0.456081
0.95,0.03,0.450182
0.95,0.04,0.445788
0.95,0.05,0.442419
0.95,0.06,0.436482
0.95,0.07,0.43276
0.95,0.08,0.427852
0.95,0.09,0.42229
0.95,0.1,0.418666
0.95,0.11,0.41429
0.95,0.12,0.410402
0.95,0.13,0.406318
0.95,0.14,0.4026
0.95,0.15,0.397602
0.95,0.16,0.394562
0.95,0.17,0.392132
0.95,0.18,0.386676
0.95,0.19,0.384265
0.95,0.2,0.38147
0.95,0.21,0.378036
0.95,0.22,0.376128
0.95,0.23,0.37236
0.95,0.24,0.369905
0.95,0.25,0.36772
0.95,0.26,0.364369
0.95,0.27,0.363358
0.95,0.28,0.359986
0.95,0.29,0.358445
0.95,0.3,0.357276
0.95,0.31,0.356102
0.95,0.32,0.354408
0.95,0.33,0.353219
0.95,0.34,0.350557
0.95,0.35,0.351248
0.95,0.36,0.350752
0.95,0.37,0.35152
0.95,0.38,0.350235
0.95,0.39,0.349696
0.95,0.4,0.349558
0.95,0.41,0.349618
0.95,0.42,0.350274
0.95,0.43,0.350112
0.95,0.44,0.352422
0.95,0.45,0.352123
0.95,0.46,0.352694
0.95,0.47,0.355035
0.95,0.48,0.356664
0.95,0.49,0.357353
0.95,0.5,0.360805
0.95,0.51,0.361104
0.95,0.52,0.36314
0.95,0.53,0.366387
0.95,0.54,0.367469
0.95,0.55,0.371238
0.95,0.56,0.373705
0.95,0.57,0.376744
0.95,0.58,0.380012
0.95,0.59,0.383571
0.95,0.6,0.385819
0.95,0.61,0.390949
0.95,0.62,0.394344
0.95,0.63,0.397409
0.95,0.64,0.40118
0.95,0.65,0.406288
0.95,0.66,0.409556
0.95,0.67,0.41339
0.95,0.68,0.417643
0.95,0.69,0.421438
0.95,0.7,0.42647
0.95,0.71,0.430685
0.95,0.72,0.436206
0.95,0.73,0.440932
0.95,0.74,0.445134
0.95,0.75,0.45015
0.95,0.76,0.455192
0.95,0.77,0.460048
0.95,0.78,0.464595
0.96,0,0.472828
0.96,0.01,0.467885
0.96,0.02,0.46112
0.96,0.03,0.458371
0.96,0.04,0.452705
0.96,0.05,0.448824
0.96,0.06,0.443553
0.96,0.07,0.438706
0.96,0.08,0.434185
0.96,0.09,0.428995
0.96,0.1,0.425854
0.96,0.11,0.421503
0.96,0.12,0.417347
0.96,0.13,0.412031
0.96,0.14,0.407756
0.96,0.15,0.404955
0.96,0.16,0.401265
0.96,0.17,0.397193
0.96,0.18,0.394037
0.96,0.19,0.391631
0.96,0.2,0.3882
0.96,0.21,0.384545
0.96,0.22,0.382009
0.96,0.23,0.379279
0.96,0.24,0.376535
0.96,0.25,0.373831
0.96,0.26,0.370781
0.96,0.27,0.370857
0.96,0.28,0.367592
0.96,0.29,0.367199
0.96,0.3,0.363283
0.96,0.31,0.362507
0.96,0.32,0.359872
0.96,0.33,0.359929
0.96,0.34,0.359712
0.96,0.35,0.357977
0.96,0.36,0.358982
0.96,0.37,0.357082
0.96,0.38,0.356691
0.96,0.39,0.35653
0.96,0.4,0.35796
0.96,0.41,0.356992
0.96,0.42,0.357943
0.96,0.43,0.359465
0.96,0.44,0.358391
0.96,0.45,0.359679
0.96,0.46,0.360142
0.96,0.47,0.36097
0.96,0.48,0.364214
0.96,0.49,0.36548
0.96,0.5,0.366117
0.96,0.51,0.367582
0.96,0.52,0.370935
0.96,0.53,0.373196
0.96,0.54,0.376531
0.96,0.55,0.37805
0.96,0.56,0.379904
0.96,0.57,0.384644
0.96,0.58,0.387409
0.96,0.59,0.388942
0.96,0.6,0.392781
0.96,0.61,0.397288
0.96,0.62,0.400248
0.96,0.63,0.403921
0.96,0.64,0.408435
0.96,0.65,0.411622
0.96,0.66,0.415667
0.96,0.67,0.420171
0.96,0.68,0.423807
0.96,0.69,0.42837
0.96,0.7,0.432588
0.96,0.71,0.437401
0.96,0.72,0.442611
0.96,0.73,0.447203
0.96,0.74,0.451447
0.96,0.75,0.454306
0.96,0.76,0.461561
0.96,0.77,0.466382
0.96,0.78,0.471122
0.97,0,0.4784
0.97,0.01,0.473436
0.97,0.02,0.469044
0.97,0.03,0.462702
0.97,0.04,0.458852
0.97,0.05,0.454083
0.97,0.06,0.449428
0.97,0.07,0.444175
0.97,0.08,0.440649
0.97,0.09,0.436138
0.97,0.1,0.431625
0.97,0.11,0.427208
0.97,0.12,0.423983
0.97,0.13,0.419149
0.97,0.14,0.414582
0.97,0.15,0.411259
0.97,0.16,0.4087
0.97,0.17,0.404628
0.97,0.18,0.402352
0.97,0.19,0.39787
0.97,0.2,0.394534
0.97,0.21,0.392094
0.97,0.22,0.388506
0.97,0.23,0.386024
0.97,0.24,0.383786
0.97,0.25,0.381067
0.97,0.26,0.379311
0.97,0.27,0.375987
0.97,0.28,0.375567
0.97,0.29,0.373107
0.97,0.3,0.372411
0.97,0.31,0.370725
0.97,0.32,0.368281
0.97,0.33,0.367602
0.97,0.34,0.366227
0.97,0.35,0.36635
0.97,0.36,0.364138
0.97,0.37,0.36369
0.97,0.38,0.364393
0.97,0.39,0.364784
0.97,0.4,0.364597
0.97,0.41,0.364155
0.97,0.42,0.364891
0.97,0.43,0.364975
0.97,0.44,0.367169
0.97,0.45,0.366327
0.97,0.46,0.367189
0.97,0.47,0.36982
0.97,0.48,0.370729
0.97,0.49,0.372474
0.97,0.5,0.373972
0.97,0.51,0.375558
0.97,0.52,0.378451
0.97,0.53,0.380111
0.97,0.54,0.382684
0.97,0.55,0.385685
0.97,0.56,0.387828
0.97,0.57,0.391682
0.97,0.58,0.393534
0.97,0.59,0.396999
0.97,0.6,0.399791
0.97,0.61,0.403442
0.97,0.62,0.407764
0.97,0.63,0.409692
0.97,0.64,0.41455
0.97,0.65,0.418569
0.97,0.66,0.422421
0.97,0.67,0.427075
0.97,0.68,0.430819
0.97,0.69,0.435293
0.97,0.7,0.439079
0.97,0.71,0.444389
0.97,0.72,0.448437
0.97,0.73,0.452593
0.97,0.74,0.458264
0.97,0.75,0.462201
0.97,0.76,0.466921
0.97,0.77,0.472446
0.97,0.78,0.476984
0.98,0,0.48387
0.98,0.01,0.479971
0.98,0.02,0.475765
0.98,0.03,0.469631
0.98,0.04,0.46506
0.98,0.05,0.461578
0.98,0.06,0.456618
0.98,0.07,0.451154
0.98,0.08,0.447191
0.98,0.09,0.443491
0.98,0.1,0.43827
0.98,0.11,0.433717
0.98,0.12,0.431129
0.98,0.13,0.426242
0.98,0.14,0.422138
0.98,0.15,0.417676
0.98,0.16,0.415451
0.98,0.17,0.410942
0.98,0.18,0.406983
0.98,0.19,0.405041
0.98,0.2,0.399897
0.98,0.21,0.399807
0.98,0.22,0.39623
0.98,0.23,0.391927
0.98,0.24,0.390862
0.98,0.25,0.388487
0.98,0.26,0.385924
0.98,0.27,0.382893
0.98,0.28,0.381335
0.98,0.29,0.380165
0.98,0.3,0.379465
0.98,0.31,0.376211
0.98,0.32,0.375054
0.98,0.33,0.375683
0.98,0.34,0.373854
0.98,0.35,0.373754
0.98,0.36,0.372911
0.98,0.37,0.371399
0.98,0.38,0.372398
0.98,0.39,0.371342
0.98,0.4,0.372706
0.98,0.41,0.372174
0.98,0.42,0.371704
0.98,0.43,0.373475
0.98,0.44,0.373125
0.98,0.45,0.374114
0.98,0.46,0.374884
0.98,0.47,0.376714
0.98,0.48,0.377042
0.98,0.49,0.379075
0.98,0.5,0.38119
0.98,0.51,0.382789
0.98,0.52,0.385579
0.98,0.53,0.388288
0.98,0.54,0.390239
0.98,0.55,0.392432
0.98,0.56,0.394945
0.98,0.57,0.397618
0.98,0.58,0.400867
0.98,0.59,0.40447
0.98,0.6,0.406832
0.98,0.61,0.409583
0.98,0.62,0.414363
0.98,0.63,0.417124
0.98,0.64,0.42138
0.98,0.65,0.425535
0.98,0.66,0.428395
0.98,0.67,0.433309
0.98,0.68,0.437448
0.98,0.69,0.441642
0.98,0.7,0.445984
0.98,0.71,0.45019
0.98,0.72,0.454533
0.98,0.73,0.458633
0.98,0.74,0.463991
0.98,0.75,0.468143
0.98,0.76,0.473156
0.98,0.77,0.477497
0.98,0.78,0.482864
0.99,0,0.490531
0.99,0.01,0.486188
0.99,0.02,0.480682
0.99,0.03,0.474735
0.99,0.04,0.471162
0.99,0.05,0.466373
0.99,0.06,0.461867
0.99,0.07,0.458108
0.99,0.08,0.453337
0.99,0.09,0.449985
0.99,0.1,0.444972
0.99,0.11,0.441119
0.99,0.12,0.436615
0.99,0.13,0.434151
0.99,0.14,0.428769
0.99,0.15,0.424948
0.99,0.16,0.422463
0.99,0.17,0.418767
0.99,0.18,0.415092
0.99,0.19,0.413034
0.99,0.2,0.407606
0.99,0.21,0.406209
0.99,0.22,0.401921
0.99,0.23,0.400236
0.99,0.24,0.397668
0.99,0.25,0.395822
0.99,0.26,0.393725
0.99,0.27,0.390931
0.99,0.28,0.389701
0.99,0.29,0.3877
0.99,0.3,0.386485
0.99,0.31,0.38426
0.99,0.32,0.38358
0.99,0.33,0.382422
0.99,0.34,0.38281
0.99,0.35,0.381534
0.99,0.36,0.378994
0.99,0.37,0.379178
0.99,0.38,0.378589
0.99,0.39,0.378337
0.99,0.4,0.378609
0.99,0.41,0.379404
0.99,0.42,0.378941
0.99,0.43,0.380782
0.99,0.44,0.38122
0.99,0.45,0.382276
0.99,0.46,0.382501
0.99,0.47,0.385159
0.99,0.48,0.385404
0.99,0.49,0.386343
0.99,0.5,0.389634
0.99,0.51,0.391418
0.99,0.52,0.393492
0.99,0.53,0.395519
0.99,0.54,0.39722
0.99,0.55,0.40026
0.99,0.56,0.404126
0.99,0.57,0.405016
0.99,0.58,0.408112
0.99,0.59,0.411392
0.99,0.6,0.41404
0.99,0.61,0.416515
0.99,0.62,0.420777
0.99,0.63,0.424053
0.99,0.64,0.428058
0.99,0.65,0.431448
0.99,0.66,0.436676
0.99,0.67,0.440837
0.99,0.68,0.443125
0.99,0.69,0.448648
0.99,0.7,0.450595
0.99,0.71,0.457471
0.99,0.72,0.461583
0.99,0.73,0.466612
0.99,0.74,0.469206
0.99,0.75,0.475263
0.99,0.76,0.478935
0.99,0.77,0.483767
0.99,0.78,0.488782
